season,reception,passing_yards,pass_touchdown,rush_touchdown,interception,fumble_lost,rushing_yards,two_pt,receiving_yards,receive_touchdown,id,fantasy_pts
1999,0,1276.0,7.0,0.0,9.0,6.0,33.0,0.0,0.0,0.0,00-0012726,52.33999999999999
2000,0,1047.0,2.0,0.0,8.0,0.0,68.0,0.0,0.0,0.0,00-0012726,40.68000000000001
2001,0,0.0,0.0,0.0,0.0,0.0,-1.0,0.0,0.0,0.0,00-0012726,-0.1
2002,0,134.0,1.0,0.0,0.0,0.0,-1.0,0.0,0.0,0.0,00-0012726,9.26
2003,0,16.0,0.0,0.0,0.0,0.0,-7.0,0.0,0.0,0.0,00-0012726,-0.06000000000000005
2004,0,120.0,0.0,0.0,2.0,0.0,15.0,0.0,0.0,0.0,00-0012726,2.3
1999,41,0.0,0.0,4.0,0.0,4.0,1273.0,0.0,294.0,2.0,00-0015523,225.70000000000002
2000,25,0.0,0.0,1.0,0.0,2.0,344.0,0.0,201.0,0.0,00-0015523,81.5
2001,63,0.0,0.0,2.0,0.0,1.0,604.0,0.0,626.0,2.0,00-0015523,208.0
2002,51,0.0,0.0,5.0,0.0,0.0,1029.0,1.0,541.0,3.0,00-0015523,258.0
2003,36,0.0,0.0,5.0,0.0,2.0,457.0,0.0,382.0,2.0,00-0015523,157.9
2004,6,0.0,0.0,1.0,0.0,2.0,830.0,0.0,55.0,0.0,00-0015523,96.5
2005,6,0.0,0.0,1.0,0.0,0.0,148.0,0.0,34.0,0.0,00-0015523,30.200000000000003
1999,49,0.0,0.0,0.0,0.0,2.0,553.0,0.0,335.0,0.0,00-0011869,133.8
2000,16,0.0,0.0,0.0,0.0,0.0,50.0,0.0,93.0,0.0,00-0011869,30.3
2003,4,0.0,0.0,0.0,0.0,0.0,107.0,0.0,32.0,0.0,00-0011869,17.900000000000002
1999,0,2111.0,9.0,2.0,24.0,1.0,121.0,0.0,0.0,0.0,00-0013042,94.53999999999999
2000,0,2946.0,13.0,0.0,21.0,4.0,183.0,0.0,0.0,0.0,00-0013042,138.14000000000001
2001,0,3653.0,18.0,0.0,14.0,3.0,163.0,1.0,0.0,0.0,00-0013042,202.42000000000002
2002,1,2972.0,18.0,2.0,20.0,6.0,283.0,1.0,2.0,0.0,00-0013042,182.38
2003,0,2183.0,15.0,3.0,7.0,2.0,205.0,0.0,0.0,0.0,00-0013042,167.82
2004,0,4089.0,27.0,1.0,20.0,1.0,215.0,0.0,0.0,0.0,00-0013042,257.06
2005,0,3366.0,18.0,2.0,7.0,2.0,156.0,1.0,0.0,0.0,00-0013042,218.24
2006,0,1994.0,11.0,1.0,13.0,2.0,112.0,0.0,0.0,0.0,00-0013042,110.96000000000001
1999,9,0.0,0.0,0.0,0.0,0.0,15.0,0.0,46.0,0.0,00-0016723,15.100000000000001
1999,10,0.0,0.0,0.0,0.0,1.0,7.0,0.0,70.0,1.0,00-0010292,21.7
2000,6,0.0,0.0,0.0,0.0,0.0,8.0,0.0,18.0,0.0,00-0010292,8.6
2001,16,0.0,0.0,0.0,0.0,1.0,19.0,0.0,95.0,1.0,00-0010292,31.4
2002,15,0.0,0.0,0.0,0.0,0.0,54.0,0.0,81.0,3.0,00-0010292,46.5
1999,5,0.0,0.0,9.0,0.0,0.0,202.0,0.0,34.0,0.0,00-0000871,82.60000000000001
2000,15,0.0,0.0,2.0,0.0,0.0,127.0,0.0,109.0,0.0,00-0000871,50.6
1999,40,0.0,0.0,0.0,0.0,1.0,0.0,0.0,473.0,2.0,00-0001532,97.30000000000001
2000,71,0.0,0.0,0.0,0.0,1.0,9.0,0.0,1156.0,7.0,00-0001532,227.5
2001,98,0.0,0.0,0.0,0.0,1.0,35.0,0.0,1598.0,8.0,00-0001532,307.3
2002,32,0.0,0.0,0.0,0.0,0.0,29.0,0.0,512.0,1.0,00-0001532,92.1
2003,70,0.0,0.0,0.0,0.0,2.0,18.0,1.0,880.0,7.0,00-0001532,199.8
2005,4,0.0,0.0,0.0,0.0,0.0,0.0,0.0,80.0,0.0,00-0001532,12.0
1999,16,26.0,0.0,2.0,0.0,1.0,289.0,0.0,196.0,0.0,00-0013013,75.53999999999999
2000,73,0.0,0.0,4.0,0.0,3.0,719.0,0.0,579.0,2.0,00-0013013,232.8
2001,42,0.0,0.0,5.0,0.0,2.0,846.0,0.0,264.0,0.0,00-0013013,179.00000000000003
2002,59,0.0,0.0,1.0,0.0,2.0,718.0,0.0,477.0,0.0,00-0013013,180.5
2003,75,0.0,0.0,0.0,0.0,1.0,751.0,0.0,596.0,2.0,00-0013013,219.70000000000002
2004,41,0.0,0.0,7.0,0.0,6.0,926.0,0.0,391.0,3.0,00-0013013,220.70000000000002
2005,36,0.0,0.0,1.0,0.0,0.0,436.0,0.0,300.0,1.0,00-0013013,121.6
2006,47,0.0,0.0,1.0,0.0,0.0,245.0,0.0,405.0,0.0,00-0013013,118.0
2007,26,0.0,0.0,0.0,0.0,1.0,288.0,0.0,191.0,0.0,00-0013013,71.9
2008,10,0.0,0.0,4.0,0.0,0.0,321.0,0.0,112.0,0.0,00-0013013,77.3
1999,0,3171.0,19.0,1.0,16.0,4.0,476.0,0.0,0.0,0.0,00-0005363,216.44
2000,0,1656.0,8.0,1.0,2.0,2.0,161.0,0.0,0.0,0.0,00-0005363,112.34
2001,0,3464.0,15.0,1.0,18.0,2.0,192.0,0.0,0.0,0.0,00-0005363,183.76
2002,0,64.0,0.0,0.0,0.0,0.0,6.0,0.0,0.0,0.0,00-0005363,3.16
2003,0,1097.0,9.0,2.0,4.0,5.0,168.0,1.0,0.0,0.0,00-0005363,92.67999999999999
2004,0,276.0,1.0,2.0,0.0,0.0,39.0,0.0,0.0,0.0,00-0005363,30.94
2005,0,29.0,0.0,0.0,0.0,1.0,-1.0,0.0,0.0,0.0,00-0005363,-0.9400000000000001
1999,2,0.0,0.0,6.0,0.0,2.0,614.0,0.0,32.0,0.0,00-0015091,98.60000000000001
2000,3,0.0,0.0,4.0,0.0,1.0,354.0,0.0,20.0,0.0,00-0015091,62.4
2001,19,0.0,0.0,12.0,0.0,4.0,1157.0,0.0,192.0,1.0,00-0015091,223.89999999999998
2002,31,0.0,0.0,6.0,0.0,1.0,982.0,1.0,243.0,2.0,00-0015091,201.5
2003,14,0.0,0.0,3.0,0.0,1.0,642.0,0.0,92.0,0.0,00-0015091,103.4
2004,22,0.0,0.0,4.0,0.0,1.0,509.0,0.0,169.0,0.0,00-0015091,111.80000000000001
2005,12,0.0,0.0,3.0,0.0,2.0,659.0,0.0,46.0,0.0,00-0015091,96.5
1999,62,0.0,0.0,13.0,0.0,4.0,1553.0,0.0,586.0,4.0,00-0008241,369.90000000000003
2000,63,0.0,0.0,13.0,0.0,5.0,1709.0,1.0,594.0,5.0,00-0008241,393.29999999999995
2001,24,0.0,0.0,3.0,0.0,2.0,662.0,1.0,193.0,0.0,00-0008241,125.5
2002,61,0.0,0.0,2.0,0.0,2.0,989.0,1.0,354.0,1.0,00-0008241,211.3
2003,51,0.0,0.0,11.0,0.0,3.0,1257.0,0.0,292.0,0.0,00-0008241,265.9
2004,51,0.0,0.0,9.0,0.0,2.0,1548.0,1.0,483.0,0.0,00-0008241,306.1
2005,44,0.0,0.0,13.0,0.0,1.0,1506.0,0.0,337.0,1.0,00-0008241,310.3
2006,38,0.0,0.0,6.0,0.0,3.0,1159.0,0.0,217.0,0.0,00-0008241,205.60000000000002
2007,25,0.0,0.0,7.0,0.0,0.0,1232.0,0.0,196.0,0.0,00-0008241,209.79999999999998
2008,12,0.0,0.0,3.0,0.0,2.0,514.0,1.0,85.0,0.0,00-0008241,87.9
2009,3,0.0,0.0,0.0,0.0,0.0,125.0,0.0,19.0,0.0,00-0008241,17.4
1999,0,4135.0,26.0,2.0,15.0,3.0,73.0,1.0,0.0,0.0,00-0010346,254.7
2000,0,4413.0,33.0,1.0,15.0,2.0,116.0,1.0,0.0,0.0,00-0010346,294.12
2001,0,4131.0,26.0,4.0,23.0,3.0,157.0,2.0,0.0,0.0,00-0010346,260.94
2002,0,4200.0,27.0,2.0,19.0,2.0,148.0,2.0,0.0,0.0,00-0010346,264.8
2003,1,4267.0,29.0,0.0,10.0,1.0,29.0,1.0,-2.0,0.0,00-0010346,270.38
2004,0,4557.0,49.0,0.0,10.0,1.0,38.0,0.0,0.0,0.0,00-0010346,360.08
2005,0,3747.0,28.0,0.0,10.0,2.0,45.0,0.0,0.0,0.0,00-0010346,242.38
2006,0,4397.0,31.0,4.0,9.0,1.0,36.0,1.0,0.0,0.0,00-0010346,309.48
2007,0,4040.0,31.0,3.0,14.0,1.0,-5.0,1.0,0.0,0.0,00-0010346,275.1
2008,0,4002.0,27.0,1.0,12.0,0.0,21.0,1.0,0.0,0.0,00-0010346,254.18000000000004
2009,0,4500.0,33.0,0.0,16.0,0.0,-13.0,0.0,0.0,0.0,00-0010346,278.7
2010,0,4700.0,33.0,0.0,17.0,1.0,18.0,0.0,0.0,0.0,00-0010346,285.8
2012,0,4659.0,37.0,0.0,11.0,2.0,6.0,1.0,0.0,0.0,00-0010346,310.96000000000004
2013,0,5477.0,55.0,1.0,10.0,6.0,-31.0,0.0,0.0,0.0,00-0010346,409.98
2014,0,4727.0,39.0,0.0,15.0,2.0,-24.0,2.0,0.0,0.0,00-0010346,312.68000000000006
2015,0,2249.0,9.0,0.0,17.0,0.0,-6.0,0.0,0.0,0.0,00-0010346,91.36000000000001
1999,29,0.0,0.0,5.0,0.0,3.0,695.0,1.0,228.0,1.0,00-0009960,153.3
2000,2,0.0,0.0,0.0,0.0,1.0,101.0,0.0,7.0,1.0,00-0009960,16.8
1999,1,0.0,0.0,0.0,0.0,1.0,12.0,0.0,2.0,0.0,00-0000872,0.4000000000000002
2000,5,0.0,0.0,0.0,0.0,2.0,13.0,0.0,38.0,0.0,00-0000872,6.1
2001,0,0.0,0.0,0.0,0.0,1.0,0.0,0.0,0.0,0.0,00-0000872,-2.0
1999,0,4436.0,36.0,2.0,15.0,9.0,124.0,0.0,0.0,0.0,00-0001218,297.84
2000,0,3730.0,19.0,1.0,18.0,8.0,106.0,1.0,0.0,0.0,00-0001218,191.8
2002,0,925.0,6.0,1.0,5.0,1.0,9.0,0.0,0.0,0.0,00-0001218,55.9
2003,0,389.0,2.0,0.0,5.0,0.0,13.0,0.0,0.0,0.0,00-0001218,14.860000000000003
1999,23,0.0,0.0,6.0,0.0,1.0,718.0,0.0,189.0,0.0,00-0001224,147.70000000000002
2000,34,0.0,0.0,2.0,0.0,3.0,627.0,0.0,341.0,2.0,00-0001224,148.8
2001,12,0.0,0.0,1.0,0.0,2.0,230.0,0.0,121.0,0.0,00-0001224,49.1
1999,28,0.0,0.0,2.0,0.0,3.0,884.0,0.0,172.0,0.0,00-0017915,139.6
2000,44,34.0,0.0,8.0,0.0,3.0,1000.0,0.0,409.0,1.0,00-0017915,234.26000000000002
2001,60,0.0,0.0,6.0,0.0,6.0,1245.0,0.0,511.0,1.0,00-0017915,265.6
2002,47,0.0,0.0,16.0,0.0,5.0,1853.0,0.0,363.0,1.0,00-0017915,360.6
2003,50,0.0,0.0,9.0,0.0,5.0,1372.0,0.0,351.0,1.0,00-0017915,272.3
2005,17,0.0,0.0,6.0,0.0,1.0,743.0,0.0,93.0,0.0,00-0017915,134.6
2007,0,0.0,0.0,0.0,0.0,1.0,15.0,0.0,0.0,0.0,00-0017915,-0.5
2008,29,0.0,0.0,4.0,0.0,2.0,659.0,0.0,219.0,1.0,00-0017915,142.8
2009,35,0.0,0.0,11.0,1.0,2.0,1121.0,1.0,264.0,2.0,00-0017915,247.50000000000003
2010,19,0.0,0.0,2.0,0.0,2.0,673.0,0.0,141.0,1.0,00-0017915,114.4
2011,13,0.0,0.0,2.0,0.0,2.0,444.0,0.0,83.0,0.0,00-0017915,73.7
1999,0,970.0,6.0,1.0,6.0,1.0,47.0,0.0,0.0,0.0,00-0007530,59.50000000000001
1999,19,0.0,0.0,0.0,0.0,1.0,40.0,0.0,154.0,0.0,00-0003610,36.4
1999,7,0.0,0.0,0.0,0.0,1.0,32.0,0.0,53.0,0.0,00-0004060,13.5
1999,23,0.0,0.0,1.0,0.0,1.0,475.0,0.0,163.0,0.0,00-0009599,90.8
1999,61,0.0,0.0,0.0,0.0,0.0,20.0,1.0,835.0,4.0,00-0009163,172.5
2000,55,0.0,0.0,0.0,0.0,0.0,72.0,0.0,549.0,2.0,00-0009163,129.10000000000002
2001,31,0.0,0.0,0.0,0.0,0.0,22.0,1.0,491.0,1.0,00-0009163,90.30000000000001
2002,53,0.0,0.0,0.0,0.0,0.0,58.0,0.0,906.0,2.0,00-0009163,161.4
2003,56,0.0,0.0,0.0,0.0,1.0,9.0,0.0,854.0,5.0,00-0009163,170.3
2004,62,0.0,0.0,0.0,0.0,1.0,15.0,1.0,1086.0,8.0,00-0009163,220.10000000000002
2005,68,0.0,0.0,0.0,0.0,1.0,43.0,0.0,1102.0,5.0,00-0009163,210.5
2006,53,0.0,0.0,0.0,0.0,0.0,16.0,0.0,860.0,5.0,00-0009163,170.6
2007,13,0.0,0.0,0.0,0.0,1.0,5.0,0.0,101.0,0.0,00-0009163,21.6
1999,20,0.0,0.0,0.0,0.0,0.0,205.0,0.0,151.0,1.0,00-0015242,61.6
2000,29,0.0,0.0,14.0,0.0,3.0,1077.0,0.0,192.0,2.0,00-0015242,245.89999999999998
2001,30,0.0,0.0,6.0,0.0,5.0,968.0,0.0,234.0,2.0,00-0015242,188.20000000000002
2002,20,0.0,0.0,7.0,0.0,2.0,737.0,0.0,167.0,0.0,00-0015242,148.39999999999998
2003,1,0.0,0.0,0.0,0.0,0.0,61.0,0.0,2.0,0.0,00-0015242,7.300000000000001
1999,21,0.0,0.0,3.0,0.0,1.0,78.0,0.0,179.0,0.0,00-0005361,62.7
2000,17,0.0,0.0,1.0,0.0,0.0,33.0,0.0,114.0,1.0,00-0005361,43.699999999999996
1999,0,2179.0,12.0,8.0,8.0,1.0,337.0,1.0,0.0,0.0,00-0011024,200.86
2000,0,2847.0,15.0,0.0,13.0,6.0,403.0,0.0,0.0,0.0,00-0011024,176.18
2001,0,3350.0,21.0,5.0,12.0,3.0,414.0,3.0,0.0,0.0,00-0011024,265.4
2002,0,3387.0,22.0,3.0,15.0,2.0,440.0,1.0,0.0,0.0,00-0011024,253.48
2003,1,3246.0,24.0,4.0,7.0,6.0,138.0,2.0,4.0,0.0,00-0011024,243.04000000000002
2004,0,1343.0,8.0,1.0,9.0,3.0,128.0,1.0,0.0,0.0,00-0011024,82.52
2005,0,3161.0,16.0,1.0,11.0,4.0,139.0,0.0,0.0,0.0,00-0011024,180.34
2006,0,3050.0,16.0,1.0,12.0,1.0,119.0,0.0,0.0,0.0,00-0011024,177.9
2007,0,1113.0,2.0,0.0,4.0,7.0,32.0,0.0,0.0,0.0,00-0011024,33.720000000000006
1999,31,0.0,0.0,5.0,0.0,2.0,1200.0,0.0,290.0,1.0,00-0004304,212.0
2000,18,0.0,0.0,7.0,0.0,3.0,1435.0,0.0,158.0,0.0,00-0004304,213.3
2001,34,0.0,0.0,10.0,1.0,3.0,1315.0,0.0,228.0,3.0,00-0004304,258.3
2002,43,0.0,0.0,7.0,0.0,2.0,1311.0,0.0,298.0,0.0,00-0004304,241.9
2003,11,0.0,0.0,2.0,0.0,0.0,541.0,0.0,71.0,0.0,00-0004304,84.19999999999999
2004,15,0.0,0.0,12.0,0.0,4.0,1635.0,1.0,103.0,1.0,00-0004304,260.8
2005,22,0.0,0.0,12.0,0.0,1.0,733.0,0.0,181.0,1.0,00-0004304,189.4
2006,15,0.0,0.0,13.0,0.0,2.0,812.0,0.0,147.0,0.0,00-0004304,184.89999999999998
1999,0,2670.0,16.0,2.0,12.0,5.0,332.0,2.0,0.0,0.0,00-0001335,186.0
2000,0,2025.0,13.0,1.0,9.0,3.0,243.0,0.0,0.0,0.0,00-0001335,139.3
2001,0,0.0,0.0,0.0,0.0,0.0,-1.0,0.0,0.0,0.0,00-0001335,-0.1
2002,0,2084.0,13.0,1.0,11.0,4.0,106.0,1.0,0.0,0.0,00-0001335,123.96000000000001
2003,0,2252.0,13.0,2.0,15.0,4.0,177.0,1.0,0.0,0.0,00-0001335,135.77999999999997
2004,0,126.0,1.0,0.0,1.0,1.0,6.0,0.0,0.0,0.0,00-0001335,5.639999999999999
2005,0,55.0,1.0,0.0,0.0,0.0,-1.0,0.0,0.0,0.0,00-0001335,6.1000000000000005
1999,47,0.0,0.0,9.0,0.0,4.0,1304.0,0.0,436.0,4.0,00-0005883,291.0
2000,50,0.0,0.0,14.0,0.0,3.0,1509.0,0.0,453.0,2.0,00-0005883,336.2
2001,37,0.0,0.0,5.0,0.0,6.0,939.0,0.0,268.0,0.0,00-0005883,175.70000000000002
2002,36,0.0,0.0,12.0,0.0,1.0,1165.0,1.0,255.0,2.0,00-0005883,262.0
2003,22,0.0,0.0,5.0,0.0,0.0,1031.0,0.0,163.0,0.0,00-0005883,171.40000000000003
2004,9,0.0,0.0,4.0,0.0,1.0,432.0,0.0,83.0,0.0,00-0005883,82.5
1999,0,0.0,0.0,0.0,0.0,0.0,30.0,1.0,0.0,0.0,00-0011341,5.0
2000,5,0.0,0.0,0.0,0.0,0.0,1.0,0.0,33.0,1.0,00-0011341,14.4
1999,3,0.0,0.0,1.0,0.0,0.0,15.0,0.0,24.0,0.0,00-0002743,12.9
2001,13,0.0,0.0,3.0,0.0,0.0,308.0,0.0,83.0,0.0,00-0002743,70.1
2003,1,0.0,0.0,1.0,0.0,0.0,72.0,0.0,11.0,0.0,00-0002743,15.299999999999999
2004,0,0.0,0.0,0.0,0.0,0.0,17.0,0.0,0.0,0.0,00-0002743,1.7000000000000002
1999,1,805.0,2.0,1.0,6.0,0.0,114.0,0.0,6.0,0.0,00-0015082,47.2
2000,0,1253.0,3.0,0.0,6.0,8.0,219.0,0.0,0.0,0.0,00-0015082,56.02000000000001
2001,0,37.0,0.0,0.0,0.0,0.0,20.0,0.0,0.0,0.0,00-0015082,3.48
2002,0,117.0,0.0,0.0,1.0,1.0,5.0,0.0,0.0,0.0,00-0015082,1.1799999999999997
1999,0,23.0,0.0,0.0,0.0,0.0,-4.0,0.0,0.0,0.0,00-0003557,0.52
2002,0,7.0,0.0,0.0,0.0,0.0,0.0,0.0,0.0,0.0,00-0003557,0.28
1999,23,0.0,0.0,17.0,0.0,1.0,1405.0,1.0,111.0,0.0,00-0004052,276.6
2000,33,0.0,0.0,11.0,0.0,4.0,1318.0,0.0,313.0,0.0,00-0004052,254.10000000000002
2001,28,0.0,0.0,5.0,0.0,3.0,1432.0,1.0,205.0,0.0,00-0004052,217.70000000000002
2002,23,0.0,0.0,7.0,0.0,4.0,820.0,0.0,142.0,1.0,00-0004052,159.2
2003,14,0.0,0.0,8.0,0.0,3.0,1444.0,0.0,159.0,0.0,00-0004052,216.3
2004,2,0.0,0.0,0.0,0.0,0.0,92.0,0.0,32.0,0.0,00-0004052,14.400000000000002
2005,5,0.0,0.0,12.0,0.0,0.0,546.0,0.0,45.0,0.0,00-0004052,136.1
2006,12,0.0,0.0,0.0,0.0,1.0,177.0,0.0,90.0,1.0,00-0004052,42.7
1999,0,4005.0,24.0,2.0,13.0,6.0,31.0,1.0,0.0,0.0,00-0008442,235.30000000000004
2000,0,2505.0,11.0,1.0,15.0,3.0,58.0,0.0,0.0,0.0,00-0008442,119.99999999999999
2001,0,3406.0,13.0,3.0,11.0,2.0,120.0,2.0,0.0,0.0,00-0008442,196.24
2002,0,3049.0,22.0,0.0,6.0,2.0,30.0,2.0,0.0,0.0,00-0008442,200.96
2003,0,3821.0,26.0,0.0,21.0,2.0,33.0,1.0,0.0,0.0,00-0008442,216.14000000000004
2004,0,674.0,3.0,0.0,3.0,1.0,23.0,1.0,0.0,0.0,00-0008442,35.26
2005,0,1885.0,12.0,0.0,4.0,3.0,53.0,0.0,0.0,0.0,00-0008442,114.7
2006,0,2750.0,9.0,1.0,15.0,4.0,82.0,0.0,0.0,0.0,00-0008442,122.2
2007,0,79.0,0.0,0.0,0.0,0.0,-5.0,0.0,0.0,0.0,00-0008442,2.66
2008,0,427.0,2.0,0.0,5.0,0.0,-1.0,0.0,0.0,0.0,00-0008442,14.980000000000002
1999,0,2964.0,17.0,1.0,12.0,1.0,10.0,0.0,0.0,0.0,00-0000104,167.56
2000,0,1632.0,7.0,0.0,14.0,2.0,13.0,1.0,0.0,0.0,00-0000104,64.58
1999,27,0.0,0.0,11.0,0.0,3.0,1397.0,0.0,119.0,2.0,00-0015165,250.60000000000002
2000,11,0.0,0.0,9.0,0.0,5.0,1203.0,0.0,79.0,0.0,00-0015165,183.20000000000002
2001,17,0.0,0.0,3.0,0.0,1.0,1021.0,0.0,116.0,0.0,00-0015165,146.70000000000002
2002,16,0.0,0.0,5.0,0.0,1.0,975.0,0.0,89.0,0.0,00-0015165,150.4
2003,14,0.0,0.0,2.0,0.0,0.0,256.0,0.0,107.0,0.0,00-0015165,62.300000000000004
2004,15,21.0,1.0,9.0,0.0,1.0,937.0,0.0,105.0,0.0,00-0015165,176.04000000000002
1999,34,0.0,0.0,2.0,0.0,3.0,403.0,0.0,224.0,0.0,00-0017209,102.70000000000002
2000,32,0.0,0.0,2.0,0.0,2.0,296.0,0.0,303.0,1.0,00-0017209,105.89999999999999
1999,80,0.0,0.0,1.0,0.0,1.0,110.0,0.0,1097.0,6.0,00-0008060,240.7
2000,25,0.0,0.0,0.0,0.0,1.0,73.0,1.0,350.0,1.0,00-0008060,73.3
2001,53,0.0,0.0,0.0,0.0,0.0,31.0,0.0,834.0,2.0,00-0008060,151.5
1999,31,0.0,0.0,1.0,0.0,1.0,220.0,0.0,305.0,0.0,00-0011399,87.5
2000,13,21.0,0.0,2.0,0.0,1.0,187.0,0.0,89.0,1.0,00-0011399,57.44
2001,6,0.0,0.0,0.0,0.0,2.0,9.0,0.0,122.0,0.0,00-0011399,15.100000000000001
2002,0,57.0,1.0,0.0,0.0,0.0,0.0,0.0,0.0,0.0,00-0011399,6.28
2003,4,0.0,0.0,1.0,0.0,1.0,20.0,0.0,38.0,0.0,00-0011399,13.8
1999,62,0.0,0.0,0.0,0.0,1.0,8.0,0.0,1132.0,7.0,00-0003378,216.0
2000,39,0.0,0.0,0.0,0.0,0.0,0.0,0.0,762.0,3.0,00-0003378,133.2
2001,12,0.0,0.0,0.0,0.0,0.0,6.0,0.0,191.0,2.0,00-0003378,43.7
1999,69,0.0,0.0,0.0,0.0,0.0,51.0,0.0,544.0,3.0,00-0002846,146.5
2000,81,0.0,0.0,0.0,0.0,0.0,103.0,0.0,600.0,3.0,00-0002846,169.3
2001,80,0.0,0.0,2.0,0.0,1.0,160.0,0.0,620.0,2.0,00-0002846,180.0
2002,43,0.0,0.0,2.0,0.0,0.0,56.0,0.0,388.0,0.0,00-0002846,99.4
2003,19,0.0,0.0,0.0,0.0,0.0,82.0,0.0,106.0,1.0,00-0002846,43.800000000000004
1999,8,0.0,0.0,3.0,0.0,0.0,257.0,0.0,72.0,0.0,00-0007389,58.900000000000006
2000,5,0.0,0.0,1.0,0.0,0.0,78.0,0.0,43.0,0.0,00-0007389,23.1
2001,5,0.0,0.0,1.0,0.0,0.0,341.0,0.0,22.0,0.0,00-0007389,47.300000000000004
1999,0,0.0,0.0,0.0,0.0,0.0,0.0,0.0,0.0,0.0,00-0003395,0.0
1999,0,3346.0,23.0,0.0,16.0,5.0,56.0,0.0,0.0,0.0,00-0009311,189.44
2000,0,2658.0,18.0,1.0,19.0,7.0,127.0,0.0,0.0,0.0,00-0009311,145.01999999999998
2001,0,3216.0,12.0,1.0,22.0,4.0,73.0,1.0,0.0,0.0,00-0009311,139.94000000000003
2002,0,3178.0,16.0,4.0,16.0,6.0,57.0,0.0,0.0,0.0,00-0009311,176.82
2003,0,3605.0,26.0,0.0,15.0,4.0,117.0,0.0,0.0,0.0,00-0009311,221.9
2004,0,623.0,5.0,0.0,4.0,1.0,42.0,0.0,0.0,0.0,00-0009311,39.120000000000005
2005,0,99.0,0.0,0.0,2.0,0.0,14.0,0.0,0.0,0.0,00-0009311,1.36
2006,0,4208.0,21.0,2.0,22.0,9.0,156.0,0.0,0.0,0.0,00-0009311,217.92
2007,1,4066.0,18.0,0.0,21.0,5.0,63.0,0.0,9.0,0.0,00-0009311,190.84000000000003
2008,0,758.0,5.0,0.0,5.0,1.0,26.0,0.0,0.0,0.0,00-0009311,40.92
2010,0,2365.0,16.0,1.0,12.0,1.0,147.0,2.0,0.0,0.0,00-0009311,157.3
2011,0,87.0,1.0,0.0,2.0,0.0,-2.0,0.0,0.0,0.0,00-0009311,3.2800000000000002
1999,40,0.0,0.0,5.0,0.0,4.0,1210.0,0.0,387.0,2.0,00-0017322,233.7
2000,63,0.0,0.0,7.0,0.0,2.0,1242.0,0.0,613.0,2.0,00-0017322,298.5
2001,11,0.0,0.0,1.0,0.0,0.0,318.0,0.0,107.0,0.0,00-0017322,59.5
1999,22,0.0,0.0,0.0,0.0,0.0,295.0,0.0,173.0,1.0,00-0013785,74.8
2000,0,0.0,0.0,0.0,0.0,0.0,27.0,0.0,0.0,0.0,00-0013785,2.7
1999,0,1957.0,13.0,2.0,7.0,1.0,87.0,1.0,0.0,0.0,00-0000865,136.98000000000002
2000,0,2489.0,13.0,2.0,15.0,3.0,199.0,0.0,0.0,0.0,00-0000865,147.46
2001,0,2392.0,12.0,0.0,12.0,4.0,45.0,1.0,0.0,0.0,00-0000865,118.18
2003,0,47.0,0.0,0.0,0.0,1.0,11.0,0.0,0.0,0.0,00-0000865,0.9800000000000002
2005,0,246.0,1.0,1.0,1.0,0.0,30.0,0.0,0.0,0.0,00-0000865,20.84
2006,0,477.0,5.0,0.0,0.0,1.0,12.0,0.0,0.0,0.0,00-0000865,38.28
2007,0,232.0,2.0,0.0,3.0,0.0,-7.0,0.0,0.0,0.0,00-0000865,10.580000000000002
2009,0,17.0,0.0,0.0,0.0,0.0,0.0,0.0,0.0,0.0,00-0000865,0.68
2010,0,352.0,3.0,0.0,3.0,0.0,30.0,0.0,0.0,0.0,00-0000865,23.08
2011,0,208.0,0.0,0.0,1.0,0.0,-2.0,0.0,0.0,0.0,00-0000865,6.12
2012,0,475.0,1.0,0.0,4.0,0.0,0.0,0.0,0.0,0.0,00-0000865,15.0
1999,13,0.0,0.0,2.0,0.0,1.0,542.0,0.0,77.0,0.0,00-0007436,84.9
1999,34,0.0,0.0,0.0,0.0,1.0,38.0,0.0,228.0,1.0,00-0002027,64.6
2000,2,0.0,0.0,0.0,0.0,0.0,6.0,0.0,9.0,0.0,00-0002027,3.5
1999,21,0.0,0.0,0.0,0.0,1.0,124.0,0.0,151.0,1.0,00-0014450,52.5
2000,12,0.0,0.0,0.0,0.0,0.0,3.0,0.0,73.0,0.0,00-0014450,19.6
2001,60,0.0,0.0,3.0,0.0,1.0,154.0,0.0,466.0,0.0,00-0014450,138.0
2002,35,0.0,0.0,2.0,0.0,2.0,139.0,0.0,263.0,0.0,00-0014450,83.2
2003,34,0.0,0.0,0.0,0.0,0.0,16.0,0.0,247.0,2.0,00-0014450,72.30000000000001
2004,10,0.0,0.0,0.0,0.0,0.0,7.0,0.0,91.0,3.0,00-0014450,37.8
2005,8,0.0,0.0,0.0,0.0,0.0,1.0,0.0,31.0,1.0,00-0014450,17.2
2006,8,0.0,0.0,0.0,0.0,0.0,0.0,0.0,36.0,0.0,00-0014450,11.6
1999,0,0.0,0.0,0.0,0.0,2.0,0.0,0.0,0.0,0.0,00-0013958,-4.0
2000,0,0.0,0.0,0.0,0.0,4.0,0.0,0.0,0.0,0.0,00-0013958,-8.0
2001,1,0.0,0.0,0.0,0.0,2.0,0.0,0.0,7.0,0.0,00-0013958,-2.3
2002,0,0.0,0.0,0.0,0.0,1.0,0.0,0.0,0.0,0.0,00-0013958,-2.0
2003,0,0.0,0.0,0.0,0.0,0.0,0.0,0.0,0.0,0.0,00-0013958,0.0
1999,0,0.0,0.0,0.0,0.0,1.0,0.0,0.0,0.0,0.0,00-0005113,-2.0
2000,0,0.0,0.0,0.0,0.0,0.0,0.0,0.0,0.0,0.0,00-0005113,0.0
2001,0,0.0,0.0,0.0,0.0,0.0,0.0,0.0,0.0,0.0,00-0005113,0.0
2002,0,0.0,0.0,0.0,0.0,1.0,-23.0,0.0,0.0,0.0,00-0005113,-4.300000000000001
2004,0,0.0,0.0,0.0,0.0,0.0,0.0,0.0,0.0,0.0,00-0005113,0.0
2006,0,0.0,0.0,0.0,0.0,0.0,0.0,0.0,0.0,0.0,00-0005113,0.0
2009,0,0.0,0.0,0.0,0.0,1.0,-8.0,0.0,0.0,0.0,00-0005113,-2.8
1999,2,0.0,0.0,0.0,0.0,0.0,181.0,0.0,14.0,0.0,00-0000279,21.5
2000,15,0.0,0.0,2.0,0.0,1.0,331.0,0.0,76.0,0.0,00-0000279,65.7
1999,0,3389.0,22.0,0.0,15.0,3.0,10.0,0.0,0.0,0.0,00-0006300,188.56
2000,0,3934.0,23.0,1.0,13.0,3.0,112.0,0.0,0.0,0.0,00-0006300,234.56
2001,0,3033.0,15.0,1.0,18.0,5.0,18.0,0.0,0.0,0.0,00-0006300,143.12
1999,18,0.0,0.0,1.0,0.0,1.0,238.0,0.0,136.0,0.0,00-0014759,59.4
1999,0,1645.0,10.0,0.0,6.0,3.0,31.0,0.0,0.0,0.0,00-0010560,90.89999999999999
2000,0,964.0,3.0,0.0,6.0,1.0,35.0,0.0,0.0,0.0,00-0010560,40.06
2001,0,694.0,5.0,0.0,6.0,1.0,5.0,0.0,0.0,0.0,00-0010560,34.260000000000005
2002,1,1251.0,11.0,0.0,6.0,0.0,31.0,0.0,-13.0,0.0,00-0010560,84.83999999999999
2004,0,44.0,1.0,0.0,0.0,0.0,-3.0,0.0,0.0,0.0,00-0010560,5.46
1999,45,0.0,0.0,3.0,0.0,4.0,916.0,0.0,340.0,2.0,00-0004916,192.60000000000002
2000,8,0.0,0.0,1.0,0.0,0.0,84.0,0.0,68.0,0.0,00-0004916,29.2
1999,20,0.0,0.0,1.0,0.0,1.0,102.0,0.0,151.0,0.0,00-0011213,49.300000000000004
2000,1,0.0,0.0,0.0,0.0,1.0,6.0,0.0,8.0,0.0,00-0011213,0.40000000000000013
2001,3,0.0,0.0,0.0,0.0,1.0,3.0,0.0,9.0,0.0,00-0011213,2.2
1999,24,0.0,0.0,1.0,0.0,1.0,387.0,0.0,141.0,0.0,00-0013694,80.80000000000001
2000,54,0.0,0.0,3.0,0.0,2.0,657.0,0.0,440.0,2.0,00-0013694,189.7
2001,30,0.0,0.0,7.0,0.0,0.0,191.0,0.0,265.0,0.0,00-0013694,117.6
2002,18,0.0,0.0,2.0,0.0,0.0,81.0,0.0,125.0,1.0,00-0013694,56.6
2003,12,0.0,0.0,0.0,0.0,0.0,59.0,0.0,76.0,0.0,00-0013694,25.5
2004,19,0.0,0.0,0.0,0.0,0.0,56.0,0.0,118.0,0.0,00-0013694,36.400000000000006
2005,9,0.0,0.0,0.0,0.0,0.0,20.0,0.0,68.0,1.0,00-0013694,23.8
2006,13,0.0,0.0,0.0,0.0,0.0,12.0,0.0,111.0,0.0,00-0013694,25.3
2007,11,0.0,0.0,0.0,0.0,0.0,13.0,0.0,89.0,0.0,00-0013694,21.200000000000003
2008,1,0.0,0.0,0.0,0.0,0.0,65.0,0.0,4.0,0.0,00-0013694,7.9
2009,3,0.0,0.0,0.0,0.0,0.0,48.0,0.0,10.0,0.0,00-0013694,8.8
2010,5,0.0,0.0,0.0,0.0,0.0,13.0,0.0,31.0,0.0,00-0013694,9.4
1999,0,1465.0,8.0,0.0,10.0,3.0,160.0,1.0,0.0,0.0,00-0011044,82.6
2000,0,1646.0,8.0,3.0,9.0,3.0,326.0,0.0,0.0,0.0,00-0011044,124.44
1999,88,0.0,0.0,0.0,0.0,0.0,11.0,0.0,947.0,4.0,00-0004915,207.8
2000,16,0.0,0.0,0.0,0.0,0.0,1.0,0.0,109.0,0.0,00-0004915,27.0
2001,29,0.0,0.0,0.0,0.0,0.0,0.0,0.0,400.0,0.0,00-0004915,69.0
2002,50,0.0,0.0,0.0,0.0,1.0,0.0,0.0,619.0,0.0,00-0004915,109.9
2003,52,0.0,0.0,0.0,0.0,1.0,0.0,0.0,631.0,6.0,00-0004915,149.1
2004,36,0.0,0.0,0.0,0.0,1.0,0.0,0.0,499.0,2.0,00-0004915,95.9
2005,67,0.0,0.0,0.0,0.0,2.0,0.0,0.0,774.0,3.0,00-0004915,158.4
2006,24,0.0,0.0,0.0,0.0,0.0,4.0,0.0,290.0,1.0,00-0004915,59.4
2007,94,0.0,0.0,0.0,0.0,1.0,0.0,0.0,1147.0,6.0,00-0004915,242.7
2008,47,0.0,0.0,0.0,0.0,0.0,0.0,0.0,489.0,0.0,00-0004915,95.9
2009,5,0.0,0.0,0.0,0.0,0.0,0.0,0.0,61.0,0.0,00-0004915,11.100000000000001
1999,0,3032.0,14.0,2.0,14.0,5.0,138.0,0.0,0.0,0.0,00-0006423,165.08
2000,0,2694.0,19.0,1.0,4.0,3.0,102.0,1.0,0.0,0.0,00-0006423,187.95999999999998
2001,1,2827.0,23.0,1.0,19.0,1.0,173.0,2.0,-6.0,0.0,00-0006423,192.78
2002,0,3214.0,15.0,1.0,15.0,0.0,107.0,0.0,0.0,0.0,00-0006423,175.26
2003,0,813.0,5.0,0.0,6.0,4.0,15.0,0.0,0.0,0.0,00-0006423,34.02
2004,1,2632.0,20.0,0.0,12.0,2.0,17.0,0.0,-4.0,0.0,00-0006423,159.57999999999998
2005,0,1136.0,7.0,0.0,7.0,1.0,12.0,0.0,0.0,0.0,00-0006423,58.64
2006,0,220.0,1.0,0.0,2.0,1.0,-5.0,0.0,0.0,0.0,00-0006423,6.300000000000001
2007,0,1803.0,10.0,0.0,12.0,1.0,28.0,0.0,0.0,0.0,00-0006423,88.92
2008,0,1073.0,5.0,0.0,7.0,1.0,-1.0,0.0,0.0,0.0,00-0006423,46.82
1999,3,0.0,0.0,2.0,0.0,1.0,211.0,0.0,26.0,0.0,00-0004054,36.7
2000,2,0.0,0.0,2.0,0.0,0.0,279.0,0.0,4.0,0.0,00-0004054,42.300000000000004
2001,12,0.0,0.0,0.0,0.0,0.0,701.0,0.0,69.0,0.0,00-0004054,89.00000000000001
1999,17,0.0,0.0,1.0,0.0,0.0,445.0,0.0,84.0,1.0,00-0000003,81.9
2000,0,0.0,0.0,0.0,0.0,0.0,-2.0,0.0,0.0,0.0,00-0000003,-0.2
1999,0,2448.0,12.0,0.0,17.0,3.0,-6.0,0.0,0.0,0.0,00-0010379,105.32000000000002
1999,0,0.0,0.0,0.0,0.0,0.0,0.0,0.0,0.0,0.0,00-0002185,0.0
2001,0,0.0,0.0,0.0,0.0,0.0,0.0,0.0,0.0,0.0,00-0002185,0.0
2002,0,0.0,0.0,0.0,0.0,1.0,0.0,0.0,0.0,0.0,00-0002185,-2.0
1999,15,0.0,0.0,4.0,0.0,1.0,558.0,0.0,100.0,0.0,00-0008529,102.80000000000001
2000,10,0.0,0.0,1.0,0.0,0.0,168.0,0.0,61.0,0.0,00-0008529,38.9
2001,4,0.0,0.0,0.0,0.0,0.0,22.0,0.0,21.0,0.0,00-0008529,8.3
1999,34,0.0,0.0,0.0,0.0,1.0,16.0,0.0,251.0,1.0,00-0009417,64.7
2000,14,0.0,0.0,0.0,0.0,0.0,39.0,0.0,83.0,0.0,00-0009417,26.2
2001,5,0.0,0.0,1.0,0.0,0.0,22.0,0.0,52.0,1.0,00-0009417,24.4
2002,34,0.0,0.0,0.0,0.0,1.0,2.0,0.0,233.0,3.0,00-0009417,73.5
2003,16,0.0,0.0,0.0,0.0,0.0,17.0,0.0,166.0,0.0,00-0009417,34.3
2004,8,0.0,0.0,0.0,0.0,0.0,18.0,0.0,69.0,1.0,00-0009417,22.700000000000003
1999,11,0.0,0.0,1.0,0.0,0.0,203.0,0.0,50.0,0.0,00-0010107,42.3
1999,2,0.0,0.0,0.0,0.0,0.0,59.0,0.0,34.0,0.0,00-0000316,11.3
2000,42,0.0,0.0,6.0,0.0,4.0,1024.0,1.0,382.0,0.0,00-0000316,212.60000000000002
2001,3,0.0,0.0,1.0,0.0,1.0,190.0,0.0,111.0,1.0,00-0000316,43.1
1999,0,2339.0,16.0,1.0,11.0,2.0,57.0,0.0,0.0,0.0,00-0002876,143.26
2000,1,2236.0,10.0,0.0,12.0,1.0,60.0,0.0,-4.0,0.0,00-0002876,110.03999999999999
2001,0,2847.0,16.0,0.0,14.0,1.0,84.0,1.0,0.0,0.0,00-0002876,158.28
2002,0,1023.0,4.0,0.0,4.0,3.0,32.0,0.0,0.0,0.0,00-0002876,46.120000000000005
2003,0,1050.0,3.0,0.0,7.0,0.0,35.0,1.0,0.0,0.0,00-0002876,45.5
2004,0,460.0,2.0,0.0,8.0,1.0,2.0,0.0,0.0,0.0,00-0002876,8.600000000000001
1999,0,1475.0,8.0,0.0,9.0,2.0,58.0,0.0,0.0,0.0,00-0003761,74.8
2000,0,849.0,6.0,1.0,4.0,1.0,89.0,1.0,0.0,0.0,00-0003761,64.86
2001,0,573.0,3.0,1.0,2.0,0.0,40.0,1.0,0.0,0.0,00-0003761,42.92
1999,24,0.0,0.0,2.0,0.0,1.0,1015.0,0.0,166.0,0.0,00-0015286,152.1
2000,36,0.0,0.0,7.0,0.0,1.0,1521.0,0.0,348.0,3.0,00-0015286,280.9
1999,17,0.0,0.0,10.0,0.0,3.0,555.0,0.0,166.0,0.0,00-0007520,143.1
1999,10,0.0,0.0,1.0,0.0,1.0,383.0,0.0,93.0,0.0,00-0006803,61.60000000000001
1999,32,0.0,0.0,1.0,0.0,2.0,28.0,0.0,669.0,7.0,00-0004673,145.7
2000,26,0.0,0.0,0.0,0.0,2.0,8.0,0.0,406.0,3.0,00-0004673,81.4
2001,25,0.0,0.0,1.0,0.0,0.0,24.0,0.0,406.0,0.0,00-0004673,74.0
2002,50,0.0,0.0,1.0,0.0,0.0,108.0,0.0,623.0,2.0,00-0004673,141.1
2003,14,0.0,0.0,0.0,0.0,1.0,88.0,0.0,193.0,0.0,00-0004673,40.1
2004,2,0.0,0.0,0.0,0.0,0.0,54.0,0.0,31.0,1.0,00-0004673,16.5
2005,19,0.0,0.0,0.0,0.0,0.0,11.0,0.0,332.0,3.0,00-0004673,71.30000000000001
2006,16,0.0,0.0,0.0,0.0,0.0,28.0,0.0,112.0,0.0,00-0004673,30.0
2007,6,0.0,0.0,0.0,0.0,1.0,12.0,0.0,98.0,2.0,00-0004673,27.0
1999,40,0.0,0.0,5.0,0.0,1.0,174.0,0.0,354.0,2.0,00-0002970,132.8
2000,44,0.0,0.0,0.0,0.0,0.0,19.0,0.0,315.0,0.0,00-0002970,77.4
2001,45,0.0,0.0,2.0,0.0,0.0,284.0,0.0,392.0,2.0,00-0002970,136.60000000000002
2002,13,0.0,0.0,3.0,0.0,1.0,119.0,0.0,174.0,0.0,00-0002970,58.3
1999,80,27.0,1.0,0.0,0.0,3.0,43.0,0.0,1413.0,11.0,00-0011754,290.68
2000,77,0.0,0.0,0.0,0.0,0.0,5.0,1.0,1437.0,15.0,00-0011754,313.20000000000005
2001,82,29.0,0.0,0.0,0.0,0.0,38.0,0.0,1229.0,10.0,00-0011754,269.86
2002,106,13.0,1.0,0.0,0.0,1.0,51.0,0.0,1347.0,7.0,00-0011754,290.32000000000005
2003,111,0.0,0.0,0.0,0.0,1.0,18.0,0.0,1632.0,18.0,00-0011754,382.0
2004,49,37.0,0.0,0.0,1.0,1.0,0.0,0.0,767.0,13.0,00-0011754,201.18
2005,60,0.0,0.0,0.0,0.0,0.0,0.0,0.0,1005.0,8.0,00-0011754,208.5
2006,42,0.0,0.0,0.0,0.0,0.0,0.0,0.0,553.0,3.0,00-0011754,115.30000000000001
2007,98,0.0,0.0,0.0,0.0,0.0,0.0,0.0,1482.0,23.0,00-0011754,384.20000000000005
2008,69,0.0,0.0,0.0,0.0,2.0,0.0,0.0,1008.0,11.0,00-0011754,231.8
2009,83,0.0,0.0,0.0,0.0,1.0,0.0,1.0,1264.0,13.0,00-0011754,287.4
2010,28,0.0,0.0,0.0,0.0,0.0,0.0,0.0,393.0,5.0,00-0011754,97.30000000000001
2012,28,0.0,0.0,0.0,0.0,0.0,0.0,0.0,434.0,3.0,00-0011754,89.4
1999,0,759.0,2.0,0.0,4.0,3.0,11.0,0.0,0.0,0.0,00-0006299,25.46
1999,0,3985.0,19.0,0.0,21.0,2.0,101.0,0.0,0.0,0.0,00-0001361,199.5
2000,0,3291.0,17.0,2.0,13.0,4.0,158.0,0.0,0.0,0.0,00-0001361,193.44000000000003
2001,0,400.0,2.0,0.0,2.0,0.0,18.0,0.0,0.0,0.0,00-0001361,21.8
2002,0,4359.0,24.0,2.0,15.0,4.0,67.0,0.0,0.0,0.0,00-0001361,251.06
2003,0,2860.0,11.0,2.0,12.0,9.0,29.0,0.0,0.0,0.0,00-0001361,131.3
2004,0,2932.0,20.0,0.0,16.0,5.0,52.0,0.0,0.0,0.0,00-0001361,160.48
2005,0,3639.0,23.0,2.0,17.0,8.0,50.0,1.0,0.0,0.0,00-0001361,206.56
2006,0,1164.0,7.0,2.0,8.0,1.0,28.0,0.0,0.0,0.0,00-0001361,71.36
1999,12,0.0,0.0,1.0,0.0,2.0,227.0,0.0,98.0,1.0,00-0005091,52.5
2000,51,0.0,0.0,4.0,0.0,4.0,570.0,1.0,465.0,1.0,00-0005091,178.5
2001,30,23.0,0.0,1.0,0.0,1.0,169.0,0.0,189.0,2.0,00-0005091,82.72
2002,37,0.0,0.0,2.0,0.0,1.0,271.0,0.0,379.0,3.0,00-0005091,130.0
2003,48,0.0,0.0,0.0,0.0,4.0,638.0,0.0,434.0,0.0,00-0005091,147.20000000000002
2004,26,0.0,0.0,2.0,0.0,1.0,255.0,0.0,248.0,1.0,00-0005091,92.3
2005,29,0.0,0.0,0.0,0.0,2.0,144.0,0.0,260.0,0.0,00-0005091,65.4
2006,43,0.0,0.0,1.0,0.0,1.0,123.0,0.0,356.0,2.0,00-0005091,106.9
2007,47,0.0,0.0,0.0,0.0,0.0,268.0,0.0,383.0,1.0,00-0005091,118.1
2008,58,-2.0,0.0,3.0,0.0,0.0,507.0,0.0,486.0,3.0,00-0005091,193.22
2009,37,0.0,0.0,2.0,0.0,0.0,335.0,0.0,301.0,1.0,00-0005091,118.6
2010,6,0.0,0.0,0.0,0.0,0.0,45.0,0.0,62.0,0.0,00-0005091,16.7
2011,7,0.0,0.0,0.0,0.0,0.0,57.0,0.0,34.0,0.0,00-0005091,16.1
1999,45,0.0,0.0,5.0,0.0,0.0,1464.0,0.0,259.0,0.0,00-0010442,247.3
2000,70,18.0,1.0,9.0,0.0,2.0,1204.0,0.0,508.0,2.0,00-0010442,307.92
2001,53,18.0,1.0,10.0,0.0,2.0,1502.0,0.0,320.0,0.0,00-0010442,295.92
2002,49,0.0,0.0,7.0,0.0,0.0,1094.0,1.0,362.0,0.0,00-0010442,238.60000000000002
2003,42,0.0,0.0,2.0,0.0,2.0,1308.0,0.0,262.0,0.0,00-0010442,207.0
2004,41,0.0,0.0,12.0,0.0,0.0,1697.0,0.0,245.0,2.0,00-0010442,319.20000000000005
2005,24,0.0,0.0,5.0,0.0,1.0,735.0,0.0,118.0,0.0,00-0010442,137.3
1999,0,96.0,1.0,0.0,1.0,0.0,0.0,0.0,0.0,0.0,00-0016193,5.84
2000,0,3732.0,21.0,0.0,25.0,4.0,32.0,2.0,0.0,0.0,00-0016193,182.48
2001,0,2752.0,15.0,0.0,14.0,2.0,25.0,0.0,0.0,0.0,00-0016193,140.57999999999998
2002,0,499.0,3.0,0.0,3.0,2.0,23.0,1.0,0.0,0.0,00-0016193,26.26
2003,0,1385.0,7.0,0.0,2.0,0.0,13.0,0.0,0.0,0.0,00-0016193,80.7
2004,0,3518.0,17.0,1.0,20.0,4.0,42.0,1.0,0.0,0.0,00-0016193,172.92
2005,0,777.0,1.0,2.0,6.0,6.0,4.0,0.0,0.0,0.0,00-0016193,23.479999999999997
2006,0,29.0,1.0,0.0,0.0,0.0,-8.0,0.0,0.0,0.0,00-0016193,4.36
2007,0,936.0,5.0,0.0,6.0,1.0,22.0,0.0,0.0,0.0,00-0016193,45.64
1999,0,0.0,0.0,0.0,0.0,0.0,2.0,0.0,0.0,0.0,00-0008568,0.2
2001,1,18.0,0.0,4.0,0.0,0.0,99.0,0.0,0.0,0.0,00-0008568,35.620000000000005
2002,16,27.0,0.0,1.0,0.0,2.0,329.0,0.0,125.0,0.0,00-0008568,64.47999999999999
2003,0,0.0,0.0,0.0,0.0,0.0,26.0,0.0,0.0,0.0,00-0008568,2.6
1999,14,0.0,0.0,8.0,0.0,4.0,896.0,0.0,125.0,1.0,00-0000232,162.10000000000002
2000,1,0.0,0.0,2.0,0.0,0.0,179.0,1.0,7.0,0.0,00-0000232,33.6
2001,17,0.0,0.0,3.0,0.0,1.0,658.0,0.0,68.0,0.0,00-0000232,105.6
1999,0,165.0,2.0,0.0,0.0,1.0,8.0,0.0,0.0,0.0,00-0016683,13.400000000000002
2001,0,9.0,0.0,0.0,0.0,0.0,0.0,0.0,0.0,0.0,00-0016683,0.36
2002,0,0.0,0.0,0.0,1.0,0.0,-9.0,0.0,0.0,0.0,00-0016683,-2.9
1999,89,0.0,0.0,0.0,0.0,0.0,6.0,0.0,1170.0,8.0,00-0008561,254.6
2000,71,0.0,0.0,0.0,0.0,2.0,5.0,0.0,874.0,8.0,00-0008561,202.9
2001,106,0.0,0.0,0.0,0.0,1.0,0.0,0.0,1266.0,1.0,00-0008561,236.60000000000002
2002,76,0.0,0.0,0.0,0.0,0.0,0.0,2.0,1088.0,5.0,00-0008561,218.8
2003,45,0.0,0.0,0.0,0.0,0.0,0.0,0.0,601.0,3.0,00-0008561,123.1
2004,70,14.0,0.0,0.0,1.0,1.0,13.0,0.0,976.0,6.0,00-0008561,201.46
2005,71,0.0,0.0,0.0,0.0,3.0,3.0,1.0,839.0,6.0,00-0008561,187.2
2006,70,0.0,0.0,1.0,1.0,1.0,4.0,0.0,815.0,4.0,00-0008561,177.9
1999,0,0.0,0.0,0.0,0.0,0.0,13.0,0.0,0.0,0.0,00-0008566,1.3
2000,0,18.0,0.0,0.0,0.0,0.0,-1.0,0.0,0.0,0.0,00-0008566,0.62
2001,0,0.0,0.0,0.0,0.0,1.0,-19.0,0.0,0.0,0.0,00-0008566,-3.9000000000000004
1999,0,1062.0,5.0,1.0,9.0,1.0,89.0,0.0,0.0,0.0,00-0011378,57.38
2000,0,126.0,1.0,0.0,0.0,0.0,0.0,1.0,0.0,0.0,00-0011378,11.04
2003,0,1267.0,3.0,1.0,5.0,2.0,83.0,0.0,0.0,0.0,00-0011378,62.980000000000004
1999,29,0.0,0.0,0.0,0.0,0.0,84.0,0.0,302.0,3.0,00-0000339,85.6
2000,88,0.0,0.0,0.0,0.0,2.0,63.0,0.0,853.0,2.0,00-0000339,187.60000000000002
2001,40,0.0,0.0,0.0,0.0,1.0,102.0,0.0,252.0,2.0,00-0000339,85.4
2002,45,0.0,0.0,0.0,0.0,0.0,27.0,0.0,257.0,1.0,00-0000339,79.4
2003,69,0.0,0.0,1.0,0.0,0.0,306.0,0.0,493.0,4.0,00-0000339,178.9
2004,26,26.0,1.0,1.0,0.0,1.0,246.0,0.0,207.0,0.0,00-0000339,80.34
1999,4,0.0,0.0,1.0,0.0,0.0,126.0,0.0,27.0,0.0,00-0001112,25.3
2002,5,0.0,0.0,0.0,0.0,0.0,0.0,0.0,37.0,0.0,00-0001112,8.7
1999,0,1619.0,11.0,0.0,11.0,5.0,144.0,0.0,0.0,0.0,00-0004293,91.16000000000001
2000,1,1502.0,12.0,0.0,11.0,2.0,75.0,0.0,-1.0,0.0,00-0004293,90.48
2001,1,1014.0,7.0,0.0,4.0,0.0,17.0,1.0,-5.0,0.0,00-0004293,64.76
2002,0,1182.0,4.0,0.0,6.0,1.0,27.0,0.0,0.0,0.0,00-0004293,51.980000000000004
2003,0,31.0,1.0,0.0,1.0,1.0,-1.0,0.0,0.0,0.0,00-0004293,1.1400000000000001
2004,0,333.0,1.0,0.0,3.0,0.0,14.0,0.0,0.0,0.0,00-0004293,12.72
2005,0,2321.0,11.0,0.0,12.0,7.0,46.0,0.0,0.0,0.0,00-0004293,103.44
2007,0,1166.0,7.0,0.0,12.0,2.0,25.0,0.0,0.0,0.0,00-0004293,49.14
1999,27,0.0,0.0,7.0,0.0,6.0,949.0,0.0,239.0,2.0,00-0000251,187.8
2000,13,0.0,0.0,5.0,0.0,2.0,465.0,0.0,93.0,0.0,00-0000251,94.8
2001,35,0.0,0.0,10.0,0.0,2.0,680.0,2.0,231.0,1.0,00-0000251,192.1
2002,35,0.0,0.0,5.0,0.0,2.0,548.0,0.0,242.0,2.0,00-0000251,152.0
2003,10,0.0,0.0,2.0,0.0,0.0,77.0,0.0,83.0,0.0,00-0000251,38.0
2004,29,0.0,0.0,2.0,0.0,2.0,230.0,0.0,202.0,0.0,00-0000251,80.2
2005,25,0.0,0.0,6.0,0.0,0.0,80.0,1.0,222.0,1.0,00-0000251,99.2
2006,21,0.0,0.0,3.0,0.0,1.0,171.0,0.0,85.0,0.0,00-0000251,62.6
1999,64,0.0,0.0,0.0,0.0,2.0,616.0,0.0,589.0,2.0,00-0004640,192.5
2000,44,0.0,0.0,8.0,0.0,1.0,1122.0,0.0,388.0,1.0,00-0004640,247.0
2001,68,0.0,0.0,3.0,0.0,2.0,447.0,0.0,557.0,3.0,00-0004640,200.39999999999998
2002,50,0.0,0.0,7.0,0.0,3.0,927.0,0.0,377.0,2.0,00-0004640,228.39999999999998
2003,37,0.0,0.0,3.0,0.0,1.0,672.0,0.0,336.0,2.0,00-0004640,165.79999999999998
2004,29,0.0,0.0,9.0,0.0,2.0,1106.0,0.0,293.0,0.0,00-0004640,218.90000000000003
2005,29,0.0,0.0,3.0,0.0,1.0,1416.0,0.0,220.0,1.0,00-0004640,214.6
2006,22,0.0,0.0,4.0,0.0,0.0,1140.0,0.0,164.0,1.0,00-0004640,182.4
2007,37,0.0,0.0,4.0,0.0,2.0,718.0,0.0,238.0,0.0,00-0004640,152.60000000000002
2008,47,0.0,0.0,2.0,0.0,0.0,786.0,0.0,330.0,0.0,00-0004640,170.60000000000002
1999,1,1697.0,9.0,1.0,9.0,0.0,132.0,0.0,-1.0,0.0,00-0006212,105.98
2000,0,878.0,1.0,0.0,1.0,1.0,7.0,0.0,0.0,0.0,00-0006212,35.82
2001,0,131.0,2.0,0.0,0.0,0.0,-7.0,0.0,0.0,0.0,00-0006212,12.540000000000001
1999,2,0.0,0.0,0.0,0.0,0.0,12.0,0.0,11.0,0.0,00-0000007,4.300000000000001
2000,2,0.0,0.0,0.0,0.0,0.0,70.0,0.0,14.0,0.0,00-0000007,10.4
2001,2,0.0,0.0,0.0,0.0,0.0,40.0,0.0,26.0,0.0,00-0000007,8.6
2002,0,0.0,0.0,0.0,0.0,1.0,0.0,0.0,0.0,0.0,00-0000007,-2.0
2003,8,0.0,0.0,0.0,0.0,0.0,37.0,0.0,55.0,0.0,00-0000007,17.2
2004,1,0.0,0.0,1.0,0.0,0.0,13.0,0.0,9.0,0.0,00-0000007,9.200000000000001
1999,11,0.0,0.0,2.0,0.0,0.0,141.0,0.0,59.0,0.0,00-0017337,43.0
1999,56,0.0,0.0,0.0,0.0,1.0,8.0,0.0,791.0,3.0,00-0006331,151.9
2000,51,0.0,0.0,0.0,0.0,0.0,13.0,0.0,773.0,1.0,00-0006331,135.60000000000002
2001,36,0.0,0.0,0.0,0.0,0.0,0.0,0.0,402.0,1.0,00-0006331,82.2
2002,5,0.0,0.0,0.0,0.0,1.0,9.0,0.0,94.0,0.0,00-0006331,13.3
1999,0,270.0,0.0,0.0,1.0,1.0,7.0,0.0,0.0,0.0,00-0018483,7.500000000000001
2000,0,19.0,0.0,0.0,0.0,0.0,-2.0,0.0,0.0,0.0,00-0018483,0.56
1999,71,0.0,0.0,9.0,0.0,5.0,1034.0,0.0,573.0,1.0,00-0009829,281.7
2000,16,0.0,0.0,3.0,0.0,0.0,224.0,0.0,146.0,0.0,00-0009829,71.0
2001,24,0.0,0.0,0.0,0.0,0.0,165.0,0.0,159.0,1.0,00-0009829,62.4
2002,19,0.0,0.0,1.0,0.0,1.0,411.0,0.0,124.0,1.0,00-0009829,82.5
2003,5,0.0,0.0,3.0,0.0,0.0,197.0,0.0,39.0,0.0,00-0009829,46.6
2004,9,0.0,0.0,4.0,0.0,0.0,410.0,0.0,92.0,0.0,00-0009829,83.2
1999,0,4091.0,22.0,0.0,23.0,4.0,142.0,1.0,0.0,0.0,00-0005106,213.84
2000,0,3812.0,20.0,0.0,16.0,5.0,108.0,2.0,0.0,0.0,00-0005106,205.28
2001,0,3921.0,32.0,1.0,15.0,5.0,56.0,1.0,0.0,0.0,00-0005106,258.44000000000005
2002,0,3658.0,27.0,0.0,16.0,4.0,73.0,0.0,0.0,0.0,00-0005106,221.62
2003,0,3361.0,32.0,0.0,21.0,2.0,15.0,2.0,0.0,0.0,00-0005106,221.94
2004,0,4086.0,30.0,0.0,17.0,1.0,36.0,2.0,0.0,0.0,00-0005106,255.04
2005,0,3892.0,20.0,0.0,29.0,7.0,62.0,2.0,0.0,0.0,00-0005106,173.88
2006,0,3885.0,18.0,1.0,18.0,5.0,28.0,0.0,0.0,0.0,00-0005106,190.20000000000002
2007,0,4157.0,28.0,0.0,15.0,3.0,12.0,0.0,0.0,0.0,00-0005106,243.47999999999996
2008,0,3472.0,22.0,1.0,22.0,2.0,43.0,1.0,0.0,0.0,00-0005106,191.18
2009,1,4202.0,33.0,0.0,7.0,2.0,7.0,0.0,-2.0,0.0,00-0005106,283.58000000000004
2010,0,2509.0,11.0,0.0,19.0,5.0,8.0,0.0,0.0,0.0,00-0005106,97.16000000000001
1999,0,0.0,0.0,0.0,0.0,2.0,0.0,0.0,0.0,0.0,00-0006148,-4.0
2000,0,0.0,0.0,0.0,0.0,0.0,0.0,0.0,0.0,0.0,00-0006148,0.0
2001,0,0.0,0.0,0.0,0.0,0.0,0.0,0.0,0.0,0.0,00-0006148,0.0
2002,0,0.0,0.0,0.0,0.0,0.0,0.0,0.0,0.0,0.0,00-0006148,0.0
1999,18,0.0,0.0,2.0,0.0,2.0,714.0,0.0,181.0,1.0,00-0009038,121.5
2000,13,0.0,0.0,0.0,0.0,1.0,499.0,0.0,127.0,1.0,00-0009038,79.60000000000001
1999,1,3840.0,24.0,2.0,14.0,4.0,298.0,1.0,-3.0,0.0,00-0005741,258.09999999999997
2000,0,3430.0,28.0,4.0,11.0,5.0,529.0,1.0,0.0,0.0,00-0005741,296.1
2001,0,3828.0,27.0,2.0,9.0,7.0,231.0,1.0,0.0,0.0,00-0005741,266.22
2002,0,4689.0,26.0,3.0,10.0,3.0,156.0,2.0,0.0,0.0,00-0005741,303.16
2003,0,1270.0,6.0,0.0,4.0,0.0,18.0,0.0,0.0,0.0,00-0005741,68.60000000000001
2004,0,524.0,3.0,0.0,2.0,1.0,26.0,1.0,0.0,0.0,00-0005741,31.560000000000002
1999,21,0.0,0.0,8.0,0.0,3.0,936.0,0.0,196.0,3.0,00-0017486,194.20000000000002
2000,20,0.0,0.0,9.0,0.0,3.0,1046.0,0.0,156.0,1.0,00-0017486,194.20000000000002
2001,12,0.0,0.0,5.0,0.0,1.0,276.0,0.0,61.0,1.0,00-0017486,79.69999999999999
2002,12,0.0,0.0,2.0,0.0,0.0,419.0,0.0,71.0,0.0,00-0017486,73.0
2003,12,0.0,0.0,4.0,0.0,2.0,678.0,0.0,120.0,0.0,00-0017486,111.8
2004,15,0.0,0.0,4.0,0.0,0.0,327.0,0.0,78.0,0.0,00-0017486,79.5
1999,45,0.0,0.0,0.0,0.0,0.0,12.0,0.0,408.0,1.0,00-0013773,93.0
2000,26,0.0,0.0,0.0,0.0,0.0,0.0,0.0,173.0,0.0,00-0013773,43.3
2001,19,0.0,0.0,0.0,0.0,0.0,0.0,0.0,154.0,2.0,00-0013773,46.4
2002,10,0.0,0.0,0.0,0.0,0.0,0.0,0.0,66.0,1.0,00-0013773,22.6
2003,17,0.0,0.0,0.0,0.0,0.0,1.0,0.0,86.0,3.0,00-0013773,43.7
2004,4,0.0,0.0,0.0,0.0,0.0,0.0,0.0,36.0,0.0,00-0013773,7.6
1999,8,0.0,0.0,2.0,0.0,2.0,32.0,0.0,82.0,0.0,00-0008921,27.4
2000,27,0.0,0.0,3.0,0.0,0.0,213.0,0.0,299.0,1.0,00-0008921,102.2
2001,9,0.0,0.0,0.0,0.0,0.0,59.0,0.0,63.0,0.0,00-0008921,21.200000000000003
2002,2,0.0,0.0,1.0,0.0,0.0,14.0,0.0,19.0,0.0,00-0008921,11.3
1999,0,0.0,0.0,0.0,0.0,0.0,0.0,0.0,0.0,0.0,00-0016610,0.0
1999,9,1464.0,6.0,2.0,10.0,1.0,258.0,0.0,113.0,1.0,00-0015700,124.66
2000,0,1860.0,11.0,7.0,8.0,3.0,436.0,0.0,0.0,0.0,00-0015700,182.0
2001,0,3109.0,14.0,5.0,11.0,4.0,537.0,0.0,0.0,0.0,00-0015700,234.06
2002,0,1155.0,6.0,2.0,6.0,2.0,191.0,1.0,0.0,0.0,00-0015700,87.30000000000001
2003,0,1418.0,7.0,3.0,12.0,3.0,290.0,1.0,0.0,0.0,00-0015700,103.72
2004,0,0.0,0.0,0.0,0.0,0.0,-1.0,0.0,0.0,0.0,00-0015700,-0.1
2005,0,0.0,0.0,0.0,0.0,0.0,30.0,0.0,0.0,0.0,00-0015700,3.0
1999,21,21.0,1.0,7.0,0.0,1.0,1091.0,0.0,110.0,0.0,00-0001215,185.94
2000,13,0.0,0.0,8.0,1.0,0.0,1341.0,0.0,97.0,0.0,00-0001215,202.79999999999998
2001,8,32.0,1.0,4.0,0.0,0.0,1072.0,0.0,48.0,0.0,00-0001215,149.28000000000003
2002,7,0.0,0.0,9.0,0.0,1.0,666.0,0.0,57.0,0.0,00-0001215,131.3
2003,13,0.0,0.0,7.0,0.0,4.0,811.0,1.0,86.0,0.0,00-0001215,138.70000000000002
2004,6,10.0,1.0,13.0,0.0,0.0,941.0,0.0,46.0,0.0,00-0001215,187.1
2005,4,0.0,0.0,9.0,0.0,0.0,368.0,0.0,40.0,0.0,00-0001215,98.80000000000001
1999,0,548.0,4.0,1.0,2.0,0.0,38.0,0.0,0.0,0.0,00-0004230,43.72
2001,0,906.0,3.0,0.0,10.0,1.0,26.0,0.0,0.0,0.0,00-0004230,28.840000000000003
1999,27,0.0,0.0,0.0,0.0,1.0,35.0,0.0,212.0,2.0,00-0004768,61.7
2000,16,0.0,0.0,0.0,0.0,1.0,9.0,0.0,128.0,2.0,00-0004768,39.7
2001,25,0.0,0.0,1.0,0.0,3.0,141.0,0.0,166.0,2.0,00-0004768,67.7
2002,23,0.0,0.0,0.0,0.0,0.0,96.0,0.0,196.0,0.0,00-0004768,52.2
2003,31,0.0,0.0,1.0,0.0,0.0,13.0,0.0,226.0,0.0,00-0004768,60.9
2004,7,0.0,0.0,0.0,0.0,0.0,0.0,0.0,41.0,0.0,00-0004768,11.100000000000001
2005,10,0.0,0.0,0.0,0.0,0.0,0.0,0.0,66.0,2.0,00-0004768,28.6
1999,58,2.0,0.0,6.0,0.0,1.0,452.0,0.0,528.0,3.0,00-0009288,208.08
2000,3,0.0,0.0,0.0,0.0,0.0,51.0,0.0,19.0,0.0,00-0009288,10.000000000000002
2001,9,0.0,0.0,0.0,0.0,1.0,49.0,0.0,62.0,0.0,00-0009288,18.1
2002,17,0.0,0.0,0.0,0.0,2.0,51.0,0.0,115.0,1.0,00-0009288,35.6
1999,27,0.0,0.0,5.0,0.0,2.0,567.0,0.0,253.0,3.0,00-0007969,153.0
2000,10,0.0,0.0,3.0,0.0,1.0,215.0,1.0,91.0,0.0,00-0007969,58.6
2001,21,0.0,0.0,2.0,0.0,2.0,665.0,0.0,101.0,1.0,00-0007969,111.6
2002,0,0.0,0.0,0.0,0.0,0.0,4.0,0.0,0.0,0.0,00-0007969,0.4
1999,12,0.0,0.0,0.0,0.0,0.0,18.0,0.0,106.0,0.0,00-0018141,24.400000000000002
2000,5,0.0,0.0,0.0,0.0,0.0,5.0,0.0,33.0,0.0,00-0018141,8.8
2001,6,0.0,0.0,0.0,0.0,0.0,24.0,0.0,32.0,0.0,00-0018141,11.600000000000001
1999,2,0.0,0.0,0.0,0.0,0.0,48.0,0.0,17.0,0.0,00-0018501,8.5
2000,0,0.0,0.0,0.0,0.0,0.0,14.0,0.0,0.0,0.0,00-0018501,1.4000000000000001
2001,13,0.0,0.0,1.0,0.0,2.0,441.0,0.0,154.0,1.0,00-0018501,80.5
2002,42,0.0,0.0,4.0,0.0,2.0,762.0,0.0,341.0,0.0,00-0018501,172.29999999999998
2003,40,0.0,0.0,2.0,0.0,0.0,433.0,0.0,310.0,0.0,00-0018501,126.30000000000001
2004,39,0.0,0.0,3.0,0.0,1.0,425.0,0.0,284.0,0.0,00-0018501,125.9
2005,1,0.0,0.0,0.0,0.0,0.0,14.0,0.0,5.0,0.0,00-0018501,2.9000000000000004
1999,0,1625.0,12.0,0.0,8.0,2.0,19.0,1.0,0.0,0.0,00-0016538,96.9
1999,1,0.0,0.0,0.0,0.0,3.0,-14.0,0.0,45.0,0.0,00-0013176,-1.9000000000000004
1999,0,2447.0,15.0,1.0,13.0,6.0,267.0,1.0,0.0,0.0,00-0003535,154.57999999999998
2000,0,1489.0,7.0,0.0,9.0,0.0,45.0,0.0,0.0,0.0,00-0003535,74.06
2001,1,3040.0,17.0,0.0,21.0,3.0,128.0,0.0,-10.0,0.0,00-0003535,154.40000000000003
2002,0,2842.0,18.0,0.0,18.0,2.0,77.0,1.0,0.0,0.0,00-0003535,155.38
2003,1,1319.0,7.0,1.0,6.0,3.0,39.0,0.0,-3.0,0.0,00-0003535,73.36
1999,3,0.0,0.0,1.0,0.0,0.0,22.0,0.0,4.0,0.0,00-0014742,11.6
1999,0,8.0,0.0,0.0,0.0,0.0,-3.0,0.0,0.0,0.0,00-0006100,0.019999999999999962
1999,10,0.0,0.0,6.0,0.0,0.0,732.0,0.0,83.0,0.0,00-0016098,127.5
2000,36,0.0,0.0,12.0,0.0,2.0,1399.0,0.0,240.0,2.0,00-0016098,279.9
2001,2,0.0,0.0,0.0,0.0,1.0,116.0,0.0,13.0,0.0,00-0016098,12.900000000000002
2002,49,0.0,0.0,8.0,0.0,2.0,1314.0,2.0,408.0,0.0,00-0016098,269.2
2003,48,0.0,0.0,6.0,0.0,4.0,1572.0,0.0,370.0,1.0,00-0016098,276.20000000000005
2004,36,0.0,0.0,2.0,0.0,2.0,1224.0,0.0,345.0,1.0,00-0016098,206.9
2005,13,0.0,0.0,3.0,0.0,0.0,787.0,0.0,83.0,0.0,00-0016098,118.0
2006,23,0.0,0.0,5.0,0.0,2.0,1146.0,0.0,242.0,1.0,00-0016098,193.8
2007,9,0.0,0.0,5.0,0.0,1.0,1202.0,0.0,58.0,0.0,00-0016098,163.0
2008,16,0.0,0.0,1.0,0.0,1.0,556.0,0.0,98.0,0.0,00-0016098,85.39999999999999
2009,2,0.0,0.0,4.0,0.0,1.0,269.0,0.0,17.0,0.0,00-0016098,52.60000000000001
2010,2,0.0,0.0,0.0,0.0,0.0,155.0,0.0,6.0,0.0,00-0016098,18.1
1999,0,3060.0,14.0,1.0,9.0,1.0,208.0,3.0,0.0,0.0,00-0002110,191.20000000000002
2000,0,3640.0,20.0,2.0,14.0,3.0,236.0,1.0,0.0,0.0,00-0002110,229.2
2001,0,3309.0,19.0,1.0,13.0,3.0,224.0,1.0,0.0,0.0,00-0002110,206.76000000000002
2002,0,2788.0,17.0,0.0,7.0,2.0,207.0,2.0,0.0,0.0,00-0002110,186.21999999999997
2003,0,484.0,2.0,1.0,0.0,0.0,19.0,0.0,0.0,0.0,00-0002110,35.26
2004,0,1194.0,7.0,0.0,6.0,3.0,62.0,1.0,0.0,0.0,00-0002110,65.96
2005,0,3050.0,23.0,0.0,10.0,6.0,111.0,1.0,0.0,0.0,00-0002110,195.1
2006,0,1789.0,8.0,0.0,4.0,1.0,34.0,2.0,0.0,0.0,00-0002110,100.96000000000001
2009,0,102.0,0.0,0.0,1.0,0.0,-3.0,0.0,0.0,0.0,00-0002110,1.78
2010,0,117.0,2.0,0.0,1.0,0.0,0.0,0.0,0.0,0.0,00-0002110,10.68
2011,0,27.0,0.0,0.0,0.0,0.0,0.0,0.0,0.0,0.0,00-0002110,1.08
1999,0,446.0,3.0,0.0,4.0,1.0,57.0,0.0,0.0,0.0,00-0018441,25.54
1999,56,0.0,0.0,4.0,0.0,2.0,1229.0,0.0,535.0,2.0,00-0005779,264.4
2000,68,0.0,0.0,7.0,0.0,3.0,1142.0,0.0,647.0,3.0,00-0005779,300.9
2001,72,0.0,0.0,1.0,0.0,2.0,839.0,0.0,578.0,2.0,00-0005779,227.70000000000002
2002,91,0.0,0.0,7.0,0.0,0.0,962.0,0.0,941.0,4.0,00-0005779,347.3
2003,48,0.0,0.0,3.0,0.0,0.0,553.0,0.0,386.0,1.0,00-0005779,165.9
2004,9,0.0,0.0,0.0,0.0,0.0,111.0,0.0,62.0,0.0,00-0005779,26.3
1999,15,0.0,0.0,2.0,0.0,0.0,144.0,0.0,152.0,0.0,00-0012931,56.6
1999,21,0.0,0.0,13.0,0.0,3.0,931.0,0.0,108.0,0.0,00-0015698,196.90000000000003
2000,32,0.0,0.0,10.0,0.0,2.0,1184.0,3.0,287.0,1.0,00-0015698,247.10000000000002
2001,23,0.0,0.0,1.0,0.0,0.0,685.0,0.0,242.0,1.0,00-0015698,127.7
2002,46,0.0,0.0,4.0,0.0,0.0,1021.0,0.0,333.0,2.0,00-0015698,217.40000000000003
1999,0,0.0,0.0,0.0,0.0,1.0,0.0,0.0,0.0,0.0,00-0011053,-2.0
2003,0,0.0,0.0,0.0,0.0,0.0,0.0,0.0,0.0,0.0,00-0011053,0.0
2004,0,0.0,0.0,0.0,0.0,2.0,0.0,0.0,0.0,0.0,00-0011053,-4.0
2005,0,0.0,0.0,0.0,0.0,1.0,0.0,0.0,0.0,0.0,00-0011053,-2.0
2007,0,0.0,0.0,0.0,0.0,0.0,0.0,0.0,0.0,0.0,00-0011053,0.0
2008,0,0.0,0.0,0.0,0.0,0.0,0.0,0.0,0.0,0.0,00-0011053,0.0
1999,14,0.0,0.0,0.0,0.0,0.0,82.0,0.0,137.0,0.0,00-0000721,35.900000000000006
1999,0,656.0,2.0,0.0,2.0,0.0,26.0,1.0,0.0,0.0,00-0005180,34.84
2000,0,2260.0,13.0,1.0,13.0,2.0,238.0,0.0,0.0,0.0,00-0005180,142.20000000000002
2001,0,3248.0,20.0,4.0,19.0,4.0,321.0,0.0,0.0,0.0,00-0005180,220.02
2002,0,2024.0,14.0,3.0,9.0,1.0,99.0,0.0,0.0,0.0,00-0005180,144.86
2003,0,2138.0,11.0,3.0,13.0,4.0,95.0,0.0,0.0,0.0,00-0005180,123.01999999999998
2004,0,1186.0,7.0,0.0,8.0,4.0,59.0,0.0,0.0,0.0,00-0005180,57.339999999999996
2005,0,107.0,1.0,0.0,0.0,0.0,0.0,0.0,0.0,0.0,00-0005180,8.280000000000001
1999,0,2544.0,11.0,2.0,11.0,2.0,231.0,1.0,0.0,0.0,00-0005755,156.85999999999999
2000,0,4278.0,31.0,4.0,10.0,1.0,414.0,1.0,0.0,0.0,00-0005755,340.52
2001,0,3538.0,32.0,5.0,12.0,3.0,254.0,1.0,0.0,0.0,00-0005755,296.91999999999996
2002,0,3344.0,21.0,3.0,10.0,2.0,353.0,2.0,0.0,0.0,00-0005755,251.06
2003,1,2704.0,18.0,7.0,13.0,3.0,325.0,1.0,6.0,0.0,00-0005755,226.26
2004,0,1731.0,10.0,2.0,9.0,6.0,169.0,0.0,0.0,0.0,00-0005755,108.14
2005,0,937.0,3.0,1.0,6.0,0.0,51.0,0.0,0.0,0.0,00-0005755,48.580000000000005
2006,0,1309.0,10.0,0.0,2.0,2.0,87.0,1.0,0.0,0.0,00-0005755,95.06
2007,0,2440.0,13.0,1.0,4.0,2.0,116.0,0.0,0.0,0.0,00-0005755,155.20000000000002
2008,0,2712.0,12.0,1.0,6.0,2.0,151.0,1.0,0.0,0.0,00-0005755,163.58
2009,0,0.0,0.0,0.0,0.0,1.0,-2.0,0.0,0.0,0.0,00-0005755,-2.2
1999,6,0.0,0.0,2.0,0.0,1.0,414.0,0.0,32.0,0.0,00-0003271,60.60000000000001
1999,0,0.0,0.0,0.0,0.0,1.0,0.0,0.0,0.0,0.0,00-0010381,-2.0
2001,0,0.0,0.0,0.0,0.0,0.0,0.0,0.0,0.0,0.0,00-0010381,0.0
1999,81,0.0,0.0,0.0,0.0,0.0,0.0,0.0,1016.0,6.0,00-0010539,218.60000000000002
2000,57,0.0,0.0,0.0,0.0,1.0,-5.0,0.0,679.0,5.0,00-0010539,152.4
2001,51,0.0,0.0,0.0,0.0,0.0,0.0,0.0,564.0,2.0,00-0010539,119.4
2002,23,0.0,0.0,0.0,0.0,0.0,0.0,0.0,218.0,2.0,00-0010539,56.8
1999,0,593.0,4.0,0.0,4.0,0.0,0.0,0.0,0.0,0.0,00-0009007,31.72
2000,0,524.0,2.0,0.0,5.0,0.0,0.0,0.0,0.0,0.0,00-0009007,18.96
2003,0,442.0,2.0,0.0,5.0,0.0,5.0,0.0,0.0,0.0,00-0009007,16.18
1999,23,0.0,0.0,0.0,0.0,0.0,8.0,0.0,439.0,2.0,00-0016654,79.7
2000,13,0.0,0.0,1.0,0.0,2.0,42.0,0.0,126.0,0.0,00-0016654,31.8
1999,0,1382.0,10.0,0.0,5.0,2.0,1.0,0.0,0.0,0.0,00-0012261,81.38
2000,0,530.0,2.0,0.0,3.0,0.0,-2.0,0.0,0.0,0.0,00-0012261,23.0
2001,0,496.0,2.0,0.0,2.0,0.0,28.0,0.0,0.0,0.0,00-0012261,26.64
2002,0,24.0,0.0,0.0,0.0,0.0,-3.0,0.0,0.0,0.0,00-0012261,0.6599999999999999
2003,0,232.0,2.0,0.0,1.0,0.0,-1.0,0.0,0.0,0.0,00-0012261,15.180000000000001
1999,9,0.0,0.0,1.0,0.0,0.0,164.0,0.0,72.0,0.0,00-0016321,38.6
2000,8,0.0,0.0,0.0,0.0,1.0,175.0,0.0,35.0,1.0,00-0016321,33.0
2001,2,0.0,0.0,0.0,0.0,0.0,126.0,0.0,26.0,0.0,00-0016321,17.200000000000003
1999,7,0.0,0.0,3.0,0.0,1.0,414.0,0.0,37.0,0.0,00-0011675,68.10000000000001
1999,26,0.0,0.0,1.0,0.0,0.0,66.0,0.0,192.0,1.0,00-0006456,63.800000000000004
2000,16,0.0,0.0,0.0,0.0,0.0,4.0,0.0,101.0,2.0,00-0006456,38.5
1999,0,87.0,0.0,0.0,3.0,0.0,17.0,0.0,0.0,0.0,00-0001785,-0.8199999999999998
2000,0,82.0,0.0,0.0,1.0,0.0,20.0,0.0,0.0,0.0,00-0001785,3.2800000000000002
1999,4,0.0,0.0,0.0,0.0,0.0,7.0,0.0,23.0,0.0,00-0015152,7.0
2000,1,0.0,0.0,0.0,0.0,0.0,0.0,0.0,1.0,1.0,00-0015152,7.1
2002,1,0.0,0.0,0.0,0.0,0.0,0.0,0.0,14.0,0.0,00-0015152,2.4000000000000004
1999,25,0.0,0.0,4.0,0.0,1.0,133.0,0.0,233.0,0.0,00-0008046,83.6
2000,8,0.0,0.0,0.0,0.0,1.0,49.0,0.0,90.0,0.0,00-0008046,19.9
1999,0,0.0,0.0,0.0,0.0,1.0,-8.0,0.0,0.0,0.0,00-0008401,-2.8
2000,0,0.0,0.0,0.0,0.0,0.0,0.0,0.0,0.0,0.0,00-0008401,0.0
2001,0,0.0,0.0,0.0,0.0,0.0,0.0,0.0,0.0,0.0,00-0008401,0.0
2002,0,0.0,0.0,0.0,0.0,0.0,0.0,0.0,0.0,0.0,00-0008401,0.0
1999,29,0.0,0.0,0.0,0.0,0.0,120.0,0.0,262.0,1.0,00-0017218,73.2
2001,40,0.0,0.0,3.0,1.0,0.0,191.0,1.0,336.0,1.0,00-0017218,116.69999999999999
2002,4,0.0,0.0,0.0,0.0,0.0,8.0,0.0,56.0,2.0,00-0017218,22.400000000000002
1999,13,0.0,0.0,0.0,0.0,1.0,72.0,0.0,106.0,0.0,00-0008430,28.8
2000,12,0.0,0.0,1.0,0.0,0.0,112.0,0.0,153.0,0.0,00-0008430,44.5
1999,0,0.0,0.0,0.0,0.0,0.0,0.0,0.0,0.0,0.0,00-0015550,0.0
2002,0,0.0,0.0,0.0,0.0,0.0,0.0,0.0,0.0,0.0,00-0015550,0.0
2003,0,0.0,0.0,0.0,0.0,0.0,12.0,0.0,0.0,0.0,00-0015550,1.2000000000000002
2004,0,0.0,0.0,0.0,0.0,0.0,5.0,0.0,0.0,0.0,00-0015550,0.5
2005,0,0.0,0.0,0.0,0.0,1.0,0.0,0.0,0.0,0.0,00-0015550,-2.0
2006,0,0.0,0.0,0.0,0.0,0.0,0.0,0.0,0.0,0.0,00-0015550,0.0
1999,7,0.0,0.0,1.0,0.0,0.0,6.0,0.0,36.0,0.0,00-0016842,17.2
1999,0,0.0,0.0,0.0,0.0,0.0,4.0,0.0,0.0,0.0,00-0000811,0.4
2000,0,0.0,0.0,0.0,0.0,0.0,11.0,0.0,0.0,0.0,00-0000811,1.1
1999,0,0.0,0.0,0.0,0.0,0.0,5.0,0.0,0.0,0.0,00-0015420,0.5
2000,6,0.0,0.0,0.0,0.0,0.0,0.0,0.0,84.0,0.0,00-0015420,14.4
2001,1,0.0,0.0,0.0,0.0,0.0,9.0,0.0,19.0,0.0,00-0015420,3.8
2002,9,0.0,0.0,0.0,0.0,0.0,0.0,0.0,85.0,1.0,00-0015420,23.5
2003,47,0.0,0.0,0.0,0.0,0.0,2.0,0.0,436.0,1.0,00-0015420,96.80000000000001
2004,45,0.0,0.0,0.0,0.0,1.0,28.0,0.0,342.0,1.0,00-0015420,86.0
2005,28,0.0,0.0,1.0,0.0,0.0,1.0,0.0,155.0,2.0,00-0015420,61.6
2006,1,0.0,0.0,0.0,0.0,0.0,0.0,0.0,6.0,0.0,00-0015420,1.6
1999,22,0.0,0.0,0.0,0.0,1.0,-1.0,0.0,325.0,3.0,00-0017160,70.4
2000,54,0.0,0.0,0.0,0.0,0.0,23.0,0.0,801.0,3.0,00-0017160,154.4
2001,21,0.0,0.0,0.0,0.0,0.0,21.0,0.0,209.0,0.0,00-0017160,44.0
2002,19,0.0,0.0,0.0,0.0,0.0,0.0,0.0,172.0,0.0,00-0017160,36.2
2003,7,0.0,0.0,0.0,0.0,0.0,0.0,0.0,106.0,1.0,00-0017160,23.6
2004,1,0.0,0.0,0.0,0.0,0.0,11.0,0.0,5.0,0.0,00-0017160,2.6
1999,0,48.0,0.0,0.0,2.0,0.0,1.0,0.0,0.0,0.0,00-0011434,-1.98
2000,0,966.0,3.0,1.0,8.0,2.0,61.0,0.0,0.0,0.0,00-0011434,42.74
2001,0,38.0,0.0,0.0,3.0,0.0,0.0,0.0,0.0,0.0,00-0011434,-4.48
1999,11,0.0,0.0,1.0,0.0,0.0,454.0,0.0,101.0,1.0,00-0007661,78.5
2000,32,0.0,0.0,2.0,0.0,1.0,588.0,0.0,221.0,0.0,00-0007661,122.9
2001,62,0.0,0.0,8.0,0.0,3.0,1555.0,0.0,614.0,2.0,00-0007661,332.9
2002,70,0.0,0.0,21.0,0.0,1.0,1615.0,0.0,672.0,3.0,00-0007661,440.7
2003,74,0.0,0.0,27.0,0.0,1.0,1420.0,0.0,690.0,0.0,00-0007661,445.0
2004,19,0.0,0.0,14.0,0.0,2.0,892.0,0.0,187.0,1.0,00-0007661,212.89999999999998
2005,21,0.0,0.0,6.0,0.0,0.0,451.0,0.0,197.0,1.0,00-0007661,127.8
2007,5,0.0,0.0,0.0,0.0,0.0,137.0,1.0,17.0,0.0,00-0007661,22.400000000000002
1999,24,0.0,0.0,5.0,0.0,0.0,852.0,0.0,169.0,2.0,00-0013622,168.1
2000,14,0.0,0.0,0.0,0.0,0.0,258.0,0.0,78.0,0.0,00-0013622,47.599999999999994
1999,28,0.0,0.0,0.0,0.0,0.0,126.0,1.0,208.0,1.0,00-0004972,69.4
1999,61,0.0,0.0,0.0,0.0,1.0,0.0,0.0,714.0,5.0,00-0004780,160.4
2000,18,0.0,0.0,0.0,0.0,1.0,4.0,0.0,215.0,0.0,00-0004780,37.9
2001,19,0.0,0.0,1.0,0.0,1.0,28.0,0.0,283.0,0.0,00-0004780,54.1
2002,18,0.0,0.0,0.0,0.0,1.0,21.0,0.0,157.0,2.0,00-0004780,45.800000000000004
2003,35,0.0,0.0,0.0,0.0,0.0,-9.0,0.0,487.0,3.0,00-0004780,100.80000000000001
2004,50,0.0,0.0,0.0,0.0,2.0,2.0,0.0,533.0,1.0,00-0004780,105.5
2005,2,0.0,0.0,0.0,0.0,0.0,0.0,0.0,15.0,0.0,00-0004780,3.5
1999,61,0.0,0.0,0.0,0.0,0.0,-2.0,1.0,638.0,7.0,00-0017162,168.6
2000,48,0.0,0.0,0.0,0.0,1.0,53.0,0.0,672.0,4.0,00-0017162,142.5
2001,94,0.0,0.0,0.0,0.0,1.0,83.0,0.0,1003.0,4.0,00-0017162,224.60000000000002
2002,112,0.0,0.0,0.0,0.0,1.0,142.0,3.0,1329.0,12.0,00-0017162,335.1
2003,95,0.0,0.0,0.0,0.0,0.0,61.0,0.0,1163.0,10.0,00-0017162,277.4
2004,80,0.0,0.0,1.0,0.0,0.0,25.0,0.0,1004.0,4.0,00-0017162,212.9
2005,69,0.0,0.0,0.0,0.0,1.0,10.0,0.0,975.0,11.0,00-0017162,231.5
2006,74,0.0,0.0,0.0,0.0,1.0,30.0,0.0,975.0,6.0,00-0017162,208.5
2007,72,0.0,0.0,0.0,0.0,0.0,7.0,1.0,736.0,7.0,00-0017162,190.3
2008,82,0.0,0.0,0.0,0.0,0.0,0.0,0.0,1047.0,7.0,00-0017162,228.7
2009,95,0.0,0.0,0.0,0.0,1.0,0.0,0.0,1167.0,6.0,00-0017162,245.7
2010,59,0.0,0.0,0.0,0.0,1.0,-2.0,0.0,755.0,5.0,00-0017162,162.3
2011,46,0.0,0.0,0.0,0.0,1.0,0.0,0.0,381.0,2.0,00-0017162,94.1
1999,0,988.0,3.0,3.0,8.0,2.0,141.0,0.0,0.0,0.0,00-0002787,63.620000000000005
2000,0,503.0,1.0,1.0,4.0,1.0,117.0,1.0,0.0,0.0,00-0002787,33.82
1999,0,2761.0,10.0,0.0,14.0,3.0,126.0,1.0,0.0,0.0,00-0006808,131.04
2000,0,1416.0,8.0,0.0,10.0,2.0,24.0,0.0,0.0,0.0,00-0006808,67.04
1999,9,0.0,0.0,4.0,0.0,0.0,277.0,0.0,51.0,1.0,00-0011081,71.8
1999,12,0.0,0.0,0.0,0.0,3.0,0.0,0.0,112.0,0.0,00-0006431,17.200000000000003
2000,2,0.0,0.0,0.0,0.0,0.0,0.0,0.0,25.0,0.0,00-0006431,4.5
1999,45,0.0,0.0,0.0,0.0,0.0,126.0,0.0,360.0,0.0,00-0005324,93.6
2000,41,0.0,0.0,3.0,0.0,2.0,380.0,0.0,289.0,1.0,00-0005324,127.9
2001,23,0.0,0.0,0.0,0.0,1.0,107.0,0.0,184.0,0.0,00-0005324,50.10000000000001
2002,10,0.0,0.0,1.0,0.0,0.0,128.0,0.0,62.0,0.0,00-0005324,35.0
1999,16,0.0,0.0,1.0,0.0,1.0,287.0,0.0,209.0,2.0,00-0002459,81.60000000000001
2000,0,0.0,0.0,0.0,0.0,0.0,9.0,0.0,0.0,0.0,00-0002459,0.9
1999,31,0.0,0.0,0.0,0.0,1.0,0.0,1.0,369.0,2.0,00-0008210,79.9
2000,37,0.0,0.0,0.0,0.0,1.0,0.0,0.0,523.0,6.0,00-0008210,123.30000000000001
2001,81,0.0,0.0,0.0,0.0,0.0,0.0,1.0,1046.0,5.0,00-0008210,217.60000000000002
2002,25,0.0,0.0,0.0,0.0,1.0,0.0,0.0,257.0,1.0,00-0008210,54.7
1999,0,788.0,2.0,0.0,10.0,1.0,1.0,0.0,0.0,0.0,00-0009451,17.619999999999997
1999,0,283.0,2.0,0.0,0.0,1.0,-1.0,0.0,0.0,0.0,00-0005379,17.22
1999,44,0.0,0.0,0.0,0.0,1.0,-2.0,0.0,426.0,4.0,00-0003396,108.4
2000,51,0.0,0.0,0.0,0.0,0.0,31.0,0.0,694.0,5.0,00-0003396,153.5
2001,71,0.0,0.0,1.0,0.0,1.0,116.0,0.0,1125.0,6.0,00-0003396,235.1
2002,57,0.0,0.0,2.0,0.0,2.0,53.0,0.0,852.0,5.0,00-0003396,185.5
2003,46,0.0,0.0,0.0,0.0,0.0,0.0,0.0,640.0,2.0,00-0003396,122.0
2004,38,0.0,0.0,0.0,0.0,0.0,0.0,1.0,403.0,3.0,00-0003396,98.30000000000001
1999,14,0.0,0.0,0.0,0.0,1.0,28.0,0.0,116.0,0.0,00-0001103,26.400000000000002
1999,1,948.0,8.0,0.0,7.0,6.0,313.0,2.0,-6.0,0.0,00-0011022,79.62
2000,2,3365.0,21.0,6.0,13.0,7.0,658.0,1.0,5.0,0.0,00-0011022,284.9
2001,0,3233.0,25.0,2.0,12.0,3.0,482.0,0.0,0.0,0.0,00-0011022,259.52
2002,0,2289.0,17.0,6.0,6.0,5.0,460.0,2.0,0.0,0.0,00-0011022,223.56
2003,1,3223.0,16.0,3.0,11.0,3.0,359.0,0.0,-7.0,0.0,00-0011022,219.12000000000003
2004,0,3875.0,31.0,3.0,8.0,6.0,221.0,0.0,0.0,0.0,00-0011022,291.1
2005,0,2507.0,16.0,1.0,9.0,3.0,55.0,1.0,0.0,0.0,00-0011022,153.78
2006,0,2612.0,17.0,3.0,6.0,2.0,212.0,0.0,0.0,0.0,00-0011022,195.68
2007,0,3324.0,19.0,0.0,7.0,5.0,236.0,0.0,0.0,0.0,00-0011022,208.56
2008,0,3914.0,23.0,2.0,11.0,5.0,151.0,0.0,0.0,0.0,00-0011022,243.66
2009,1,3553.0,22.0,2.0,10.0,3.0,141.0,2.0,1.0,0.0,00-0011022,235.32
2010,0,3377.0,14.0,0.0,15.0,1.0,151.0,0.0,0.0,0.0,00-0011022,174.18
2011,0,1026.0,4.0,1.0,2.0,0.0,59.0,0.0,0.0,0.0,00-0011022,64.94
1999,0,17.0,0.0,0.0,0.0,0.0,0.0,0.0,0.0,0.0,00-0014115,0.68
2000,0,36.0,0.0,0.0,0.0,0.0,0.0,0.0,0.0,0.0,00-0014115,1.44
2001,0,5.0,0.0,0.0,0.0,0.0,0.0,0.0,0.0,0.0,00-0014115,0.2
2003,0,0.0,0.0,0.0,1.0,0.0,0.0,0.0,0.0,0.0,00-0014115,-2.0
1999,12,0.0,0.0,2.0,0.0,2.0,143.0,0.0,86.0,1.0,00-0008570,48.9
1999,65,0.0,0.0,0.0,0.0,1.0,35.0,1.0,1191.0,9.0,00-0017470,241.60000000000002
2000,9,0.0,0.0,0.0,0.0,0.0,0.0,0.0,103.0,0.0,00-0017470,19.3
2001,57,0.0,0.0,0.0,0.0,0.0,8.0,0.0,664.0,4.0,00-0017470,148.2
2002,8,0.0,0.0,0.0,0.0,0.0,1.0,0.0,94.0,2.0,00-0017470,29.5
1999,0,2318.0,8.0,2.0,11.0,6.0,36.0,1.0,0.0,0.0,00-0003292,108.32
2000,0,3610.0,22.0,1.0,13.0,2.0,65.0,0.0,0.0,0.0,00-0003292,214.9
2001,1,3764.0,19.0,0.0,16.0,6.0,73.0,0.0,-2.0,0.0,00-0003292,190.66000000000003
2002,0,4073.0,19.0,0.0,14.0,1.0,-3.0,1.0,0.0,0.0,00-0003292,210.62
2003,0,3110.0,13.0,0.0,16.0,5.0,49.0,1.0,0.0,0.0,00-0003292,141.3
2004,0,3495.0,21.0,0.0,20.0,3.0,35.0,0.0,0.0,0.0,00-0003292,181.3
2005,0,3759.0,20.0,1.0,13.0,3.0,38.0,0.0,0.0,0.0,00-0003292,208.16000000000003
2006,0,549.0,1.0,0.0,6.0,0.0,0.0,1.0,0.0,0.0,00-0003292,15.96
2007,0,531.0,0.0,0.0,0.0,1.0,-3.0,0.0,0.0,0.0,00-0003292,18.94
2008,0,2681.0,12.0,0.0,7.0,1.0,49.0,1.0,0.0,0.0,00-0003292,146.14000000000001
2009,0,1225.0,6.0,1.0,8.0,2.0,15.0,0.0,0.0,0.0,00-0003292,60.5
2010,0,1823.0,14.0,0.0,8.0,3.0,1.0,1.0,0.0,0.0,00-0003292,109.02000000000001
2011,0,481.0,2.0,0.0,1.0,3.0,-1.0,0.0,0.0,0.0,00-0003292,19.14
1999,0,0.0,0.0,0.0,0.0,0.0,-4.0,0.0,0.0,0.0,00-0017415,-0.4
1999,0,4044.0,38.0,1.0,11.0,4.0,93.0,1.0,0.0,0.0,00-0017200,301.06
2000,0,3429.0,21.0,0.0,18.0,1.0,17.0,1.0,0.0,0.0,00-0017200,186.85999999999999
2001,0,4830.0,36.0,0.0,22.0,4.0,60.0,1.0,0.0,0.0,00-0017200,293.20000000000005
2002,0,1431.0,3.0,0.0,11.0,2.0,33.0,0.0,0.0,0.0,00-0017200,46.540000000000006
2003,0,365.0,1.0,0.0,1.0,3.0,0.0,0.0,0.0,0.0,00-0017200,10.600000000000001
2004,0,2054.0,6.0,1.0,4.0,4.0,30.0,0.0,0.0,0.0,00-0017200,99.16
2005,1,2713.0,11.0,0.0,9.0,5.0,28.0,1.0,0.0,0.0,00-0017200,130.32
2006,0,1377.0,6.0,0.0,5.0,3.0,3.0,0.0,0.0,0.0,00-0017200,63.379999999999995
2007,0,3409.0,27.0,1.0,17.0,6.0,15.0,0.0,0.0,0.0,00-0017200,205.86
2008,0,4582.0,30.0,0.0,14.0,7.0,-2.0,0.0,0.0,0.0,00-0017200,261.08
2009,0,3758.0,27.0,0.0,14.0,6.0,10.0,0.0,0.0,0.0,00-0017200,219.32
1999,14,0.0,0.0,4.0,0.0,3.0,293.0,0.0,163.0,1.0,00-0007579,83.6
2000,8,0.0,0.0,3.0,0.0,0.0,70.0,0.0,79.0,1.0,00-0007579,46.9
2001,1,0.0,0.0,1.0,0.0,1.0,42.0,0.0,14.0,0.0,00-0007579,10.6
2002,10,0.0,0.0,0.0,0.0,1.0,242.0,0.0,91.0,0.0,00-0007579,41.300000000000004
2003,19,0.0,0.0,1.0,0.0,1.0,201.0,1.0,121.0,1.0,00-0007579,63.2
2004,11,0.0,0.0,0.0,0.0,0.0,62.0,0.0,60.0,0.0,00-0007579,23.2
1999,80,0.0,0.0,7.0,0.0,2.0,1327.0,1.0,976.0,5.0,00-0005092,380.30000000000007
2000,81,0.0,0.0,18.0,0.0,0.0,1359.0,2.0,830.0,8.0,00-0005092,459.9
2001,83,0.0,0.0,12.0,0.0,3.0,1382.0,1.0,765.0,9.0,00-0005092,419.70000000000005
2002,80,0.0,0.0,8.0,0.0,3.0,953.0,0.0,537.0,2.0,00-0005092,283.0
2003,45,0.0,0.0,10.0,0.0,0.0,818.0,0.0,290.0,1.0,00-0005092,221.8
2004,50,0.0,0.0,3.0,0.0,1.0,774.0,2.0,310.0,1.0,00-0005092,184.4
2005,44,0.0,0.0,0.0,0.0,1.0,292.0,1.0,291.0,1.0,00-0005092,108.30000000000001
1999,69,0.0,0.0,0.0,0.0,0.0,32.0,1.0,1073.0,11.0,00-0002099,247.5
2000,87,0.0,0.0,0.0,0.0,1.0,11.0,0.0,1471.0,9.0,00-0002099,287.2
2001,64,0.0,0.0,0.0,0.0,2.0,23.0,0.0,1106.0,6.0,00-0002099,208.9
2002,79,0.0,0.0,0.0,0.0,2.0,18.0,0.0,1075.0,7.0,00-0002099,226.3
2003,69,66.0,0.0,0.0,0.0,0.0,17.0,0.0,981.0,5.0,00-0002099,201.44
2004,89,0.0,0.0,0.0,0.0,4.0,0.0,0.0,1292.0,6.0,00-0002099,246.20000000000002
2005,36,0.0,0.0,0.0,0.0,0.0,0.0,0.0,525.0,3.0,00-0002099,106.5
2006,74,0.0,0.0,0.0,0.0,0.0,0.0,1.0,1098.0,3.0,00-0002099,203.8
2007,55,0.0,0.0,0.0,0.0,0.0,-4.0,0.0,733.0,4.0,00-0002099,151.89999999999998
2008,60,0.0,0.0,0.0,0.0,0.0,-3.0,0.0,833.0,7.0,00-0002099,185.0
2009,21,0.0,0.0,0.0,0.0,0.0,-8.0,0.0,264.0,0.0,00-0002099,46.6
1999,0,0.0,0.0,0.0,0.0,1.0,174.0,0.0,0.0,0.0,00-0017303,15.400000000000002
2000,10,0.0,0.0,4.0,0.0,0.0,249.0,0.0,56.0,0.0,00-0017303,64.5
2001,0,0.0,0.0,0.0,0.0,0.0,0.0,0.0,0.0,0.0,00-0017303,0.0
1999,17,0.0,0.0,1.0,0.0,4.0,452.0,0.0,172.0,1.0,00-0012480,83.4
1999,11,0.0,0.0,0.0,0.0,2.0,20.0,0.0,121.0,0.0,00-0011151,21.1
2001,4,0.0,0.0,0.0,0.0,3.0,0.0,0.0,19.0,0.0,00-0011151,-0.09999999999999987
2002,0,0.0,0.0,0.0,0.0,0.0,7.0,0.0,0.0,0.0,00-0011151,0.7000000000000001
1999,10,0.0,0.0,0.0,0.0,0.0,30.0,0.0,96.0,0.0,00-0017896,22.6
2000,7,0.0,0.0,0.0,0.0,1.0,54.0,0.0,84.0,0.0,00-0017896,18.8
2001,0,0.0,0.0,0.0,0.0,0.0,0.0,0.0,0.0,0.0,00-0017896,0.0
2002,7,0.0,0.0,2.0,0.0,0.0,59.0,0.0,46.0,0.0,00-0017896,29.5
2003,1,0.0,0.0,0.0,0.0,0.0,3.0,0.0,12.0,0.0,00-0017896,2.5
2004,2,0.0,0.0,0.0,0.0,0.0,24.0,0.0,20.0,0.0,00-0017896,6.4
2005,0,0.0,0.0,0.0,0.0,0.0,0.0,0.0,0.0,0.0,00-0017896,0.0
1999,25,0.0,0.0,1.0,0.0,0.0,22.0,0.0,154.0,0.0,00-0006482,48.6
2000,11,0.0,0.0,0.0,0.0,0.0,4.0,0.0,45.0,0.0,00-0006482,15.9
1999,25,0.0,0.0,0.0,0.0,1.0,11.0,0.0,281.0,2.0,00-0009869,64.2
2000,19,3.0,0.0,0.0,0.0,0.0,38.0,0.0,161.0,1.0,00-0009869,45.02
2001,4,0.0,0.0,0.0,0.0,2.0,33.0,0.0,32.0,0.0,00-0009869,6.5
2002,2,0.0,0.0,0.0,0.0,2.0,8.0,0.0,41.0,0.0,00-0009869,2.9000000000000004
2003,4,0.0,0.0,0.0,0.0,0.0,6.0,0.0,100.0,1.0,00-0009869,20.6
2004,1,0.0,0.0,0.0,0.0,0.0,0.0,0.0,4.0,0.0,00-0009869,1.4
1999,30,0.0,0.0,0.0,0.0,0.0,2.0,0.0,296.0,1.0,00-0000387,65.80000000000001
2000,15,0.0,0.0,0.0,0.0,0.0,0.0,0.0,232.0,4.0,00-0000387,62.2
2001,13,0.0,0.0,0.0,0.0,0.0,22.0,0.0,162.0,0.0,00-0000387,31.4
1999,10,0.0,0.0,8.0,0.0,1.0,627.0,0.0,41.0,0.0,00-0001102,122.8
2000,2,0.0,0.0,1.0,0.0,0.0,24.0,0.0,17.0,0.0,00-0001102,12.100000000000001
2001,15,0.0,0.0,0.0,0.0,0.0,39.0,1.0,112.0,0.0,00-0001102,32.1
1999,81,0.0,0.0,0.0,0.0,1.0,38.0,1.0,1333.0,7.0,00-0003700,260.1
2000,34,0.0,0.0,0.0,0.0,0.0,12.0,0.0,430.0,3.0,00-0003700,96.2
2001,22,0.0,0.0,0.0,0.0,0.0,6.0,0.0,289.0,2.0,00-0003700,63.5
2002,22,0.0,0.0,0.0,0.0,0.0,0.0,0.0,201.0,1.0,00-0003700,48.1
1999,115,0.0,0.0,0.0,0.0,1.0,4.0,1.0,1663.0,12.0,00-0007024,353.70000000000005
2000,102,0.0,0.0,0.0,0.0,1.0,0.0,0.0,1413.0,14.0,00-0007024,325.3
2001,109,0.0,0.0,0.0,0.0,0.0,3.0,0.0,1524.0,15.0,00-0007024,351.70000000000005
2002,143,0.0,0.0,0.0,0.0,0.0,10.0,1.0,1722.0,11.0,00-0007024,384.20000000000005
2003,94,0.0,0.0,0.0,0.0,2.0,3.0,0.0,1272.0,10.0,00-0007024,277.5
2004,86,0.0,0.0,0.0,0.0,1.0,0.0,0.0,1113.0,15.0,00-0007024,285.3
2005,82,0.0,0.0,0.0,0.0,0.0,0.0,0.0,1136.0,12.0,00-0007024,267.6
2006,95,0.0,0.0,0.0,0.0,1.0,0.0,0.0,1366.0,12.0,00-0007024,301.6
2007,20,0.0,0.0,0.0,0.0,0.0,0.0,0.0,247.0,1.0,00-0007024,50.7
2008,60,0.0,0.0,0.0,0.0,1.0,0.0,0.0,636.0,5.0,00-0007024,151.6
1999,30,0.0,0.0,2.0,0.0,1.0,29.0,0.0,203.0,1.0,00-0007254,69.2
2000,35,0.0,0.0,0.0,0.0,1.0,16.0,0.0,234.0,1.0,00-0007254,64.0
2001,21,0.0,0.0,0.0,0.0,0.0,11.0,0.0,193.0,0.0,00-0007254,41.400000000000006
2002,26,0.0,0.0,1.0,0.0,0.0,27.0,0.0,168.0,3.0,00-0007254,69.5
2003,24,0.0,0.0,0.0,0.0,0.0,0.0,0.0,214.0,3.0,00-0007254,63.400000000000006
2004,34,0.0,0.0,0.0,0.0,0.0,0.0,0.0,239.0,3.0,00-0007254,75.9
2005,30,0.0,0.0,0.0,0.0,1.0,-5.0,0.0,264.0,0.0,00-0007254,53.900000000000006
2006,12,0.0,0.0,0.0,0.0,0.0,0.0,0.0,62.0,0.0,00-0007254,18.2
1999,1,0.0,0.0,1.0,0.0,0.0,69.0,0.0,12.0,0.0,00-0017892,15.100000000000001
2000,4,0.0,0.0,0.0,0.0,0.0,67.0,1.0,31.0,0.0,00-0017892,15.799999999999999
2001,23,0.0,0.0,0.0,0.0,1.0,291.0,0.0,210.0,0.0,00-0017892,71.1
2002,27,0.0,0.0,11.0,0.0,0.0,414.0,0.0,225.0,0.0,00-0017892,156.9
2003,65,0.0,0.0,5.0,0.0,1.0,745.0,0.0,616.0,2.0,00-0017892,241.1
2004,21,0.0,0.0,3.0,0.0,0.0,161.0,0.0,233.0,1.0,00-0017892,84.4
2005,8,0.0,0.0,0.0,0.0,0.0,20.0,0.0,52.0,0.0,00-0017892,15.2
1999,20,0.0,0.0,0.0,0.0,0.0,26.0,0.0,108.0,0.0,00-0002713,33.400000000000006
2000,9,0.0,0.0,2.0,0.0,0.0,90.0,0.0,73.0,0.0,00-0002713,37.3
2001,11,0.0,0.0,0.0,0.0,1.0,4.0,0.0,83.0,0.0,00-0002713,17.700000000000003
2002,0,0.0,0.0,0.0,0.0,0.0,0.0,0.0,0.0,0.0,00-0002713,0.0
1999,66,0.0,0.0,0.0,0.0,0.0,258.0,0.0,609.0,2.0,00-0000745,164.7
2000,70,0.0,0.0,8.0,0.0,3.0,1006.0,0.0,719.0,1.0,00-0000745,290.5
2001,72,0.0,0.0,4.0,0.0,2.0,865.0,1.0,577.0,0.0,00-0000745,238.2
2002,69,0.0,0.0,11.0,0.0,6.0,1387.0,0.0,597.0,0.0,00-0000745,321.40000000000003
2003,69,0.0,0.0,2.0,0.0,6.0,1215.0,1.0,461.0,1.0,00-0000745,244.6
2004,52,0.0,0.0,13.0,0.0,2.0,1518.0,0.0,578.0,2.0,00-0000745,347.6
2005,54,0.0,0.0,9.0,0.0,1.0,1860.0,1.0,530.0,2.0,00-0000745,359.0
2006,58,0.0,0.0,5.0,0.0,1.0,1662.0,0.0,465.0,0.0,00-0000745,298.70000000000005
1999,0,0.0,0.0,0.0,0.0,3.0,0.0,0.0,0.0,0.0,00-0014071,-6.0
2000,0,0.0,0.0,0.0,0.0,1.0,16.0,0.0,0.0,0.0,00-0014071,-0.3999999999999999
2002,0,0.0,0.0,0.0,0.0,1.0,0.0,0.0,0.0,0.0,00-0014071,-2.0
2003,0,0.0,0.0,0.0,0.0,1.0,0.0,0.0,0.0,0.0,00-0014071,-2.0
2004,0,0.0,0.0,0.0,0.0,1.0,0.0,0.0,0.0,0.0,00-0014071,-2.0
2005,0,0.0,0.0,0.0,0.0,1.0,0.0,0.0,0.0,0.0,00-0014071,-2.0
2006,0,0.0,0.0,0.0,0.0,0.0,0.0,0.0,0.0,0.0,00-0014071,0.0
2007,0,0.0,0.0,0.0,0.0,0.0,0.0,0.0,0.0,0.0,00-0014071,0.0
2008,1,0.0,0.0,1.0,0.0,0.0,1.0,0.0,4.0,0.0,00-0014071,7.5
1999,31,0.0,0.0,0.0,0.0,0.0,13.0,0.0,381.0,0.0,00-0017860,70.4
2000,0,0.0,0.0,0.0,0.0,0.0,0.0,0.0,0.0,0.0,00-0017860,0.0
1999,65,0.0,0.0,0.0,0.0,1.0,1.0,0.0,994.0,7.0,00-0011770,204.5
2000,90,0.0,0.0,0.0,0.0,0.0,24.0,0.0,1275.0,5.0,00-0011770,249.9
2001,67,0.0,0.0,0.0,0.0,1.0,3.0,1.0,904.0,5.0,00-0011770,187.7
2002,100,0.0,0.0,0.0,0.0,0.0,7.0,0.0,1292.0,10.0,00-0011770,289.9
2003,64,0.0,0.0,0.0,0.0,0.0,0.0,0.0,780.0,1.0,00-0011770,148.0
2004,88,0.0,0.0,0.0,0.0,1.0,19.0,0.0,1043.0,5.0,00-0011770,222.20000000000002
2005,81,0.0,0.0,0.0,0.0,0.0,0.0,0.0,816.0,4.0,00-0011770,186.60000000000002
2006,57,0.0,0.0,0.0,0.0,0.0,6.0,0.0,557.0,1.0,00-0011770,119.30000000000001
2007,32,0.0,0.0,0.0,0.0,0.0,0.0,0.0,342.0,0.0,00-0011770,66.2
1999,0,298.0,2.0,0.0,0.0,0.0,61.0,0.0,0.0,0.0,00-0008612,26.020000000000003
2000,1,1947.0,12.0,1.0,7.0,2.0,263.0,0.0,-6.0,0.0,00-0008612,140.58
2001,0,1465.0,5.0,1.0,7.0,4.0,241.0,0.0,0.0,0.0,00-0008612,86.69999999999999
2002,0,536.0,1.0,0.0,2.0,2.0,73.0,0.0,0.0,0.0,00-0008612,24.740000000000002
2003,0,93.0,0.0,0.0,1.0,0.0,21.0,0.0,0.0,0.0,00-0008612,3.8200000000000003
1999,0,9.0,0.0,0.0,0.0,0.0,-1.0,0.0,0.0,0.0,00-0016838,0.26
2000,0,67.0,0.0,0.0,0.0,0.0,0.0,0.0,0.0,0.0,00-0016838,2.68
2001,0,2056.0,12.0,0.0,11.0,1.0,33.0,1.0,0.0,0.0,00-0016838,111.54
2002,0,5.0,0.0,0.0,0.0,0.0,0.0,0.0,0.0,0.0,00-0016838,0.2
2003,0,49.0,0.0,0.0,3.0,0.0,-6.0,0.0,0.0,0.0,00-0016838,-4.640000000000001
1999,4,0.0,0.0,0.0,0.0,0.0,-14.0,0.0,68.0,1.0,00-0001582,15.4
1999,0,0.0,0.0,0.0,0.0,0.0,6.0,0.0,0.0,0.0,00-0000754,0.6000000000000001
2003,0,3.0,0.0,0.0,0.0,0.0,0.0,0.0,0.0,0.0,00-0000754,0.12
1999,15,0.0,0.0,0.0,0.0,0.0,133.0,0.0,113.0,0.0,00-0012603,39.6
2000,9,0.0,0.0,2.0,0.0,0.0,87.0,0.0,66.0,0.0,00-0012603,36.300000000000004
1999,0,0.0,0.0,0.0,0.0,0.0,0.0,0.0,0.0,0.0,00-0017861,0.0
1999,0,944.0,2.0,0.0,6.0,1.0,49.0,0.0,0.0,0.0,00-0001907,36.66
2000,0,467.0,2.0,0.0,3.0,2.0,0.0,0.0,0.0,0.0,00-0001907,16.68
1999,0,314.0,3.0,0.0,1.0,0.0,12.0,0.0,0.0,0.0,00-0005794,23.76
2000,0,0.0,0.0,0.0,0.0,0.0,-4.0,0.0,0.0,0.0,00-0005794,-0.4
1999,43,0.0,0.0,1.0,0.0,0.0,158.0,0.0,312.0,4.0,00-0013262,120.0
2000,25,0.0,0.0,1.0,0.0,1.0,225.0,0.0,193.0,0.0,00-0013262,70.8
2001,0,0.0,0.0,0.0,0.0,0.0,0.0,0.0,0.0,0.0,00-0013262,0.0
2002,19,0.0,0.0,0.0,0.0,0.0,2.0,0.0,165.0,1.0,00-0013262,41.7
2003,18,0.0,0.0,2.0,0.0,0.0,93.0,0.0,83.0,0.0,00-0013262,47.599999999999994
2004,2,0.0,0.0,0.0,0.0,0.0,18.0,0.0,5.0,1.0,00-0013262,10.3
1999,14,0.0,0.0,0.0,0.0,0.0,4.0,0.0,200.0,0.0,00-0002701,34.4
1999,17,0.0,0.0,0.0,0.0,2.0,0.0,0.0,257.0,1.0,00-0012764,44.7
1999,0,0.0,0.0,0.0,0.0,0.0,0.0,0.0,0.0,0.0,00-0013108,0.0
2000,0,0.0,0.0,0.0,0.0,0.0,22.0,0.0,0.0,0.0,00-0013108,2.2
1999,40,0.0,0.0,0.0,0.0,0.0,11.0,1.0,429.0,0.0,00-0013712,86.0
2000,3,0.0,0.0,0.0,0.0,0.0,0.0,0.0,35.0,0.0,00-0013712,6.5
2001,18,0.0,0.0,0.0,0.0,0.0,0.0,0.0,252.0,1.0,00-0013712,49.2
2002,27,0.0,0.0,0.0,0.0,0.0,0.0,0.0,339.0,3.0,00-0013712,78.9
2003,37,0.0,0.0,0.0,0.0,0.0,0.0,0.0,434.0,2.0,00-0013712,92.4
1999,54,0.0,0.0,1.0,0.0,0.0,82.0,0.0,832.0,2.0,00-0000145,163.4
2000,74,0.0,0.0,0.0,0.0,0.0,45.0,0.0,1343.0,10.0,00-0000145,272.8
2001,27,0.0,0.0,0.0,0.0,0.0,16.0,0.0,470.0,3.0,00-0000145,93.6
2002,14,0.0,0.0,0.0,0.0,0.0,0.0,0.0,134.0,1.0,00-0000145,33.4
1999,1,0.0,0.0,0.0,0.0,2.0,0.0,0.0,4.0,0.0,00-0004634,-2.6
2000,4,0.0,0.0,0.0,0.0,0.0,0.0,0.0,33.0,0.0,00-0004634,7.300000000000001
2001,1,0.0,0.0,0.0,0.0,2.0,0.0,0.0,8.0,0.0,00-0004634,-2.2
1999,0,0.0,0.0,0.0,0.0,0.0,15.0,0.0,0.0,0.0,00-0008751,1.5
1999,36,0.0,0.0,0.0,0.0,0.0,0.0,0.0,471.0,1.0,00-0002068,89.1
2000,83,0.0,0.0,0.0,0.0,1.0,46.0,0.0,944.0,4.0,00-0002068,204.0
2001,101,0.0,0.0,0.0,0.0,1.0,91.0,0.0,1199.0,5.0,00-0002068,258.0
2002,97,0.0,0.0,0.0,0.0,2.0,14.0,1.0,890.0,3.0,00-0002068,203.4
2003,40,0.0,0.0,0.0,0.0,0.0,27.0,0.0,472.0,4.0,00-0002068,113.9
2004,17,0.0,0.0,0.0,0.0,0.0,0.0,0.0,184.0,1.0,00-0002068,41.400000000000006
2005,39,0.0,0.0,0.0,0.0,0.0,0.0,0.0,466.0,2.0,00-0002068,97.6
2006,44,0.0,0.0,0.0,0.0,0.0,16.0,1.0,386.0,4.0,00-0002068,110.19999999999999
2007,0,0.0,0.0,0.0,0.0,1.0,0.0,0.0,0.0,0.0,00-0002068,-2.0
1999,2,0.0,0.0,0.0,0.0,0.0,12.0,0.0,16.0,0.0,00-0005348,4.800000000000001
2000,1,0.0,0.0,0.0,0.0,0.0,-1.0,0.0,21.0,0.0,00-0005348,3.0
1999,9,0.0,0.0,0.0,0.0,0.0,119.0,0.0,91.0,0.0,00-0000210,30.0
2000,39,0.0,0.0,2.0,0.0,4.0,1120.0,0.0,291.0,1.0,00-0000210,190.1
2001,30,0.0,0.0,1.0,0.0,0.0,469.0,0.0,196.0,1.0,00-0000210,108.5
2002,47,5.0,1.0,0.0,0.0,1.0,519.0,1.0,302.0,0.0,00-0000210,133.3
1999,0,1916.0,7.0,3.0,16.0,2.0,142.0,3.0,0.0,0.0,00-0016534,106.84
1999,0,0.0,0.0,0.0,0.0,1.0,0.0,0.0,0.0,0.0,00-0017299,-2.0
2000,0,0.0,0.0,0.0,0.0,2.0,0.0,0.0,0.0,0.0,00-0017299,-4.0
2001,0,0.0,0.0,0.0,0.0,1.0,0.0,0.0,0.0,0.0,00-0017299,-2.0
1999,8,0.0,0.0,4.0,0.0,0.0,91.0,0.0,56.0,1.0,00-0003663,52.7
2000,10,0.0,0.0,7.0,0.0,0.0,130.0,0.0,62.0,0.0,00-0003663,71.2
2001,2,0.0,0.0,6.0,0.0,1.0,145.0,0.0,10.0,0.0,00-0003663,51.5
2002,0,0.0,0.0,8.0,0.0,0.0,118.0,0.0,0.0,0.0,00-0003663,59.8
2003,7,0.0,0.0,7.0,0.0,1.0,145.0,0.0,53.0,0.0,00-0003663,66.8
2004,16,0.0,0.0,2.0,0.0,0.0,232.0,0.0,87.0,0.0,00-0003663,59.900000000000006
2005,13,0.0,0.0,1.0,0.0,0.0,208.0,0.0,111.0,0.0,00-0003663,50.9
2006,10,0.0,0.0,0.0,0.0,2.0,163.0,0.0,53.0,0.0,00-0003663,27.6
2007,0,0.0,0.0,0.0,0.0,0.0,0.0,0.0,0.0,0.0,00-0003663,0.0
1999,2,0.0,0.0,0.0,0.0,0.0,177.0,0.0,2.0,0.0,00-0001938,19.9
1999,5,0.0,0.0,0.0,0.0,1.0,19.0,0.0,8.0,0.0,00-0001525,5.7
1999,11,0.0,0.0,0.0,0.0,0.0,3.0,0.0,22.0,0.0,00-0010436,13.5
2000,31,0.0,0.0,0.0,0.0,1.0,77.0,0.0,219.0,0.0,00-0010436,58.60000000000001
2001,24,0.0,0.0,0.0,0.0,0.0,27.0,0.0,124.0,2.0,00-0010436,51.1
2002,15,0.0,0.0,0.0,0.0,1.0,-4.0,0.0,126.0,0.0,00-0010436,25.200000000000003
1999,49,0.0,0.0,0.0,0.0,2.0,25.0,0.0,752.0,5.0,00-0007681,152.7
2000,82,0.0,0.0,0.0,0.0,2.0,7.0,0.0,1635.0,6.0,00-0007681,278.2
2001,81,0.0,0.0,0.0,0.0,0.0,0.0,0.0,1363.0,7.0,00-0007681,259.3
2002,91,0.0,0.0,0.0,0.0,1.0,18.0,0.0,1302.0,4.0,00-0007681,245.0
2003,117,0.0,0.0,0.0,0.0,0.0,5.0,0.0,1696.0,12.0,00-0007681,359.1
2004,94,0.0,0.0,0.0,0.0,1.0,0.0,0.0,1372.0,10.0,00-0007681,289.20000000000005
2005,102,0.0,0.0,0.0,0.0,1.0,2.0,0.0,1331.0,9.0,00-0007681,287.29999999999995
2006,93,0.0,0.0,0.0,0.0,1.0,0.0,0.0,1188.0,10.0,00-0007681,269.8
2007,93,0.0,0.0,0.0,0.0,1.0,0.0,1.0,1189.0,7.0,00-0007681,253.9
2008,64,0.0,0.0,0.0,0.0,0.0,0.0,0.0,796.0,3.0,00-0007681,161.60000000000002
2009,51,0.0,0.0,0.0,0.0,1.0,0.0,0.0,722.0,0.0,00-0007681,121.2
1999,31,0.0,0.0,0.0,0.0,0.0,44.0,0.0,614.0,8.0,00-0006627,144.8
2000,53,0.0,0.0,0.0,0.0,4.0,19.0,0.0,731.0,4.0,00-0006627,144.0
2001,39,51.0,1.0,1.0,0.0,4.0,50.0,0.0,374.0,3.0,00-0006627,103.44
2002,37,0.0,0.0,0.0,0.0,0.0,3.0,0.0,541.0,3.0,00-0006627,109.4
2003,49,21.0,0.0,0.0,0.0,1.0,51.0,1.0,449.0,4.0,00-0006627,123.84
2004,31,0.0,0.0,0.0,0.0,0.0,0.0,0.0,533.0,3.0,00-0006627,102.30000000000001
2005,34,0.0,0.0,0.0,0.0,1.0,0.0,0.0,489.0,2.0,00-0006627,92.9
2006,17,0.0,0.0,0.0,0.0,0.0,1.0,0.0,147.0,0.0,00-0006627,31.800000000000004
1999,0,91.0,0.0,0.0,0.0,0.0,-1.0,0.0,0.0,0.0,00-0008970,3.54
1999,6,0.0,0.0,1.0,0.0,0.0,10.0,0.0,35.0,0.0,00-0007546,16.5
2000,2,0.0,0.0,0.0,0.0,0.0,3.0,0.0,5.0,0.0,00-0007546,2.8
2001,4,0.0,0.0,0.0,0.0,0.0,5.0,0.0,24.0,1.0,00-0007546,12.9
2002,9,0.0,0.0,0.0,0.0,0.0,7.0,0.0,47.0,0.0,00-0007546,14.399999999999999
2003,14,0.0,0.0,0.0,0.0,0.0,6.0,0.0,58.0,2.0,00-0007546,32.400000000000006
2006,2,0.0,0.0,0.0,0.0,0.0,0.0,0.0,9.0,0.0,00-0007546,2.9
1999,16,0.0,0.0,0.0,0.0,0.0,308.0,0.0,172.0,0.0,00-0000856,64.0
1999,4,0.0,0.0,0.0,0.0,1.0,12.0,0.0,25.0,0.0,00-0012515,5.7
2000,1,0.0,0.0,0.0,0.0,1.0,0.0,0.0,-2.0,0.0,00-0012515,-1.2
1999,0,2816.0,23.0,0.0,12.0,5.0,41.0,0.0,0.0,0.0,00-0005885,174.73999999999998
2000,0,1389.0,7.0,0.0,6.0,0.0,24.0,0.0,0.0,0.0,00-0005885,73.96000000000001
2001,0,168.0,0.0,0.0,3.0,1.0,0.0,0.0,0.0,0.0,00-0005885,-1.2800000000000002
1999,32,0.0,0.0,4.0,0.0,2.0,276.0,0.0,282.0,0.0,00-0000942,107.8
2000,31,0.0,0.0,3.0,0.0,0.0,147.0,0.0,233.0,3.0,00-0000942,105.0
2001,16,0.0,0.0,1.0,0.0,1.0,73.0,0.0,99.0,0.0,00-0000942,37.2
2002,22,0.0,0.0,0.0,0.0,0.0,75.0,0.0,152.0,1.0,00-0000942,50.7
2003,19,0.0,0.0,0.0,0.0,0.0,24.0,0.0,184.0,1.0,00-0000942,45.8
2004,10,0.0,0.0,0.0,0.0,0.0,15.0,0.0,44.0,0.0,00-0000942,15.9
2005,2,0.0,0.0,0.0,0.0,0.0,0.0,0.0,12.0,0.0,00-0000942,3.2
1999,7,0.0,0.0,1.0,0.0,0.0,1.0,0.0,27.0,2.0,00-0011958,27.8
2000,9,0.0,0.0,0.0,0.0,0.0,-2.0,0.0,31.0,2.0,00-0011958,23.900000000000002
2001,19,0.0,0.0,0.0,0.0,0.0,10.0,0.0,101.0,1.0,00-0011958,36.1
2002,21,0.0,0.0,0.0,0.0,0.0,31.0,0.0,133.0,1.0,00-0011958,43.400000000000006
2003,16,0.0,0.0,1.0,0.0,0.0,40.0,0.0,62.0,0.0,00-0011958,32.2
2004,13,0.0,0.0,0.0,0.0,1.0,53.0,0.0,66.0,0.0,00-0011958,22.900000000000002
2005,24,0.0,0.0,0.0,0.0,0.0,96.0,0.0,145.0,1.0,00-0011958,54.1
2006,17,0.0,0.0,1.0,0.0,0.0,140.0,0.0,82.0,0.0,00-0011958,45.2
2007,8,0.0,0.0,0.0,0.0,0.0,32.0,0.0,23.0,1.0,00-0011958,19.5
2008,7,0.0,0.0,0.0,0.0,0.0,25.0,0.0,35.0,0.0,00-0011958,13.0
1999,0,0.0,0.0,1.0,0.0,0.0,4.0,0.0,0.0,0.0,00-0004091,6.4
2003,0,0.0,0.0,0.0,0.0,0.0,14.0,0.0,0.0,0.0,00-0004091,1.4000000000000001
2009,0,10.0,0.0,0.0,0.0,0.0,0.0,0.0,0.0,0.0,00-0004091,0.4
1999,0,0.0,0.0,0.0,0.0,2.0,0.0,0.0,0.0,0.0,00-0010243,-4.0
2000,0,0.0,0.0,0.0,0.0,2.0,0.0,0.0,0.0,0.0,00-0010243,-4.0
1999,0,0.0,0.0,0.0,0.0,0.0,0.0,0.0,0.0,0.0,00-0009783,0.0
1999,49,0.0,0.0,0.0,0.0,0.0,0.0,0.0,655.0,4.0,00-0015063,138.5
2000,40,0.0,0.0,0.0,1.0,0.0,1.0,1.0,569.0,3.0,00-0015063,115.0
2001,4,0.0,0.0,0.0,0.0,0.0,0.0,0.0,29.0,0.0,00-0015063,6.9
1999,21,0.0,0.0,7.0,0.0,2.0,1159.0,1.0,159.0,0.0,00-0005816,192.8
2000,3,0.0,0.0,0.0,0.0,0.0,80.0,0.0,10.0,0.0,00-0005816,12.0
2001,4,0.0,0.0,1.0,0.0,0.0,228.0,0.0,29.0,0.0,00-0005816,35.699999999999996
2002,18,0.0,0.0,1.0,0.0,0.0,147.0,0.0,148.0,0.0,00-0005816,53.5
2003,13,0.0,0.0,2.0,0.0,0.0,384.0,0.0,69.0,0.0,00-0005816,70.30000000000001
1999,79,0.0,0.0,0.0,0.0,1.0,0.0,0.0,1020.0,4.0,00-0015290,203.0
2000,100,0.0,0.0,1.0,0.0,1.0,99.0,0.0,1602.0,8.0,00-0015290,322.1
2001,113,0.0,0.0,0.0,0.0,0.0,27.0,1.0,1343.0,11.0,00-0015290,318.0
2002,89,0.0,0.0,0.0,0.0,1.0,9.0,0.0,1027.0,5.0,00-0015290,220.60000000000002
2003,74,72.0,0.0,0.0,0.0,0.0,98.0,0.0,846.0,3.0,00-0015290,189.28000000000003
2004,79,0.0,0.0,0.0,0.0,0.0,33.0,0.0,1144.0,7.0,00-0015290,238.7
2005,85,0.0,0.0,0.0,0.0,2.0,7.0,0.0,1105.0,6.0,00-0015290,228.2
2006,52,0.0,0.0,0.0,0.0,1.0,-5.0,0.0,512.0,3.0,00-0015290,118.7
1999,0,0.0,0.0,0.0,0.0,0.0,2.0,0.0,0.0,0.0,00-0010194,0.2
1999,1,0.0,0.0,0.0,0.0,0.0,55.0,0.0,8.0,0.0,00-0007795,7.3
2000,3,0.0,0.0,1.0,0.0,1.0,52.0,0.0,26.0,0.0,00-0007795,14.799999999999999
1999,16,0.0,0.0,0.0,0.0,2.0,0.0,0.0,202.0,0.0,00-0000765,32.2
2000,1,0.0,0.0,0.0,0.0,0.0,0.0,0.0,28.0,0.0,00-0000765,3.8000000000000003
2002,3,0.0,0.0,0.0,0.0,0.0,0.0,0.0,23.0,0.0,00-0000765,5.300000000000001
2003,3,0.0,0.0,0.0,0.0,1.0,0.0,0.0,27.0,1.0,00-0000765,9.7
1999,0,0.0,0.0,0.0,0.0,0.0,0.0,0.0,0.0,0.0,00-0005071,0.0
1999,67,0.0,0.0,0.0,0.0,0.0,-6.0,0.0,1037.0,5.0,00-0010477,200.10000000000002
2000,25,0.0,0.0,0.0,0.0,0.0,0.0,0.0,382.0,0.0,00-0010477,63.2
2001,37,0.0,0.0,0.0,0.0,0.0,0.0,0.0,548.0,3.0,00-0010477,109.80000000000001
1999,42,0.0,0.0,0.0,0.0,1.0,2.0,0.0,565.0,4.0,00-0017697,120.7
2000,43,0.0,0.0,0.0,0.0,2.0,8.0,0.0,569.0,3.0,00-0017697,114.7
2001,34,0.0,0.0,0.0,0.0,1.0,0.0,0.0,332.0,0.0,00-0017697,65.2
2002,5,0.0,0.0,0.0,0.0,0.0,56.0,0.0,31.0,0.0,00-0017697,13.700000000000001
2003,0,0.0,0.0,0.0,0.0,0.0,0.0,0.0,0.0,0.0,00-0017697,0.0
2006,0,0.0,0.0,0.0,0.0,2.0,0.0,0.0,0.0,0.0,00-0017697,-4.0
1999,6,0.0,0.0,0.0,0.0,0.0,0.0,0.0,60.0,1.0,00-0003175,18.0
2000,17,0.0,0.0,0.0,0.0,3.0,0.0,0.0,212.0,0.0,00-0003175,32.2
1999,18,0.0,0.0,3.0,0.0,1.0,61.0,0.0,133.0,1.0,00-0015655,59.400000000000006
1999,0,0.0,0.0,0.0,0.0,1.0,0.0,0.0,0.0,0.0,00-0005044,-2.0
2000,0,0.0,0.0,0.0,0.0,1.0,0.0,0.0,0.0,0.0,00-0005044,-2.0
1999,67,0.0,0.0,0.0,0.0,0.0,13.0,0.0,830.0,5.0,00-0013639,181.3
2000,75,0.0,0.0,0.0,0.0,2.0,-2.0,0.0,805.0,7.0,00-0013639,193.3
2001,83,0.0,0.0,0.0,0.0,0.0,0.0,0.0,1139.0,9.0,00-0013639,250.9
2002,92,0.0,0.0,0.0,0.0,1.0,20.0,0.0,1211.0,7.0,00-0013639,255.10000000000002
2003,63,0.0,0.0,0.0,0.0,1.0,0.0,0.0,861.0,2.0,00-0013639,159.10000000000002
2004,30,0.0,0.0,0.0,0.0,0.0,0.0,0.0,429.0,3.0,00-0013639,90.9
1999,0,0.0,0.0,0.0,0.0,1.0,0.0,0.0,0.0,0.0,00-0006014,-2.0
1999,12,0.0,0.0,0.0,0.0,0.0,2.0,0.0,87.0,0.0,00-0014775,20.9
2000,4,0.0,0.0,0.0,0.0,0.0,3.0,0.0,48.0,0.0,00-0014775,9.100000000000001
2001,12,0.0,0.0,0.0,0.0,1.0,0.0,0.0,76.0,1.0,00-0014775,23.6
2002,7,0.0,0.0,0.0,0.0,0.0,0.0,0.0,34.0,0.0,00-0014775,10.4
2004,17,0.0,0.0,0.0,0.0,0.0,0.0,0.0,114.0,0.0,00-0014775,28.4
2005,13,0.0,0.0,0.0,0.0,0.0,0.0,0.0,98.0,1.0,00-0014775,28.8
2006,7,0.0,0.0,0.0,0.0,0.0,0.0,0.0,35.0,0.0,00-0014775,10.5
1999,0,0.0,0.0,0.0,0.0,0.0,2.0,0.0,0.0,0.0,00-0014256,0.2
1999,3,0.0,0.0,0.0,0.0,0.0,0.0,0.0,37.0,0.0,00-0010892,6.7
2000,2,0.0,0.0,0.0,0.0,0.0,0.0,0.0,51.0,1.0,00-0010892,13.100000000000001
2001,0,0.0,0.0,0.0,0.0,0.0,0.0,0.0,0.0,0.0,00-0010892,0.0
1999,4,0.0,0.0,0.0,0.0,0.0,21.0,0.0,24.0,0.0,00-0000541,8.5
2003,2,0.0,0.0,0.0,0.0,0.0,0.0,0.0,24.0,1.0,00-0000541,10.4
1999,0,1678.0,14.0,1.0,6.0,2.0,144.0,0.0,0.0,0.0,00-0010137,127.52000000000001
2000,0,206.0,0.0,0.0,4.0,1.0,42.0,0.0,0.0,0.0,00-0010137,2.4400000000000004
2001,0,45.0,0.0,1.0,0.0,0.0,6.0,0.0,0.0,0.0,00-0010137,8.4
2002,0,1045.0,4.0,2.0,6.0,4.0,126.0,0.0,0.0,0.0,00-0010137,62.400000000000006
1999,1,1288.0,8.0,0.0,4.0,2.0,124.0,0.0,0.0,0.0,00-0007835,84.92000000000002
2000,0,318.0,1.0,0.0,3.0,0.0,0.0,0.0,0.0,0.0,00-0007835,10.719999999999999
2002,0,0.0,0.0,0.0,0.0,0.0,4.0,0.0,0.0,0.0,00-0007835,0.4
2003,0,0.0,0.0,0.0,0.0,0.0,-1.0,0.0,0.0,0.0,00-0007835,-0.1
2006,2,1878.0,11.0,0.0,1.0,5.0,9.0,1.0,-6.0,0.0,00-0007835,111.42000000000002
2007,0,2257.0,11.0,0.0,13.0,3.0,-1.0,0.0,0.0,0.0,00-0007835,102.18
2008,0,477.0,2.0,0.0,4.0,1.0,13.0,0.0,0.0,0.0,00-0007835,18.380000000000003
1999,0,2117.0,9.0,0.0,7.0,0.0,33.0,1.0,0.0,0.0,00-0005589,111.98
2000,0,1776.0,9.0,1.0,8.0,3.0,64.0,0.0,0.0,0.0,00-0005589,97.44000000000001
2001,0,308.0,3.0,1.0,0.0,1.0,9.0,0.0,0.0,0.0,00-0005589,29.22
2002,0,437.0,1.0,0.0,5.0,0.0,22.0,0.0,0.0,0.0,00-0005589,13.68
2003,0,690.0,7.0,0.0,2.0,0.0,-2.0,1.0,0.0,0.0,00-0005589,53.4
2004,0,0.0,0.0,0.0,0.0,0.0,0.0,0.0,0.0,0.0,00-0005589,0.0
2005,0,2996.0,18.0,0.0,13.0,4.0,61.0,0.0,0.0,0.0,00-0005589,163.94
2006,0,27.0,0.0,0.0,0.0,0.0,0.0,0.0,0.0,0.0,00-0005589,1.08
2007,0,1014.0,7.0,0.0,12.0,1.0,3.0,1.0,0.0,0.0,00-0005589,44.86
2008,0,2157.0,12.0,1.0,15.0,1.0,7.0,0.0,0.0,0.0,00-0005589,108.98
1999,1,0.0,0.0,0.0,0.0,0.0,0.0,0.0,5.0,0.0,00-0015830,1.5
2000,23,0.0,0.0,0.0,0.0,0.0,9.0,0.0,141.0,1.0,00-0015830,44.0
2001,17,0.0,0.0,0.0,0.0,0.0,55.0,0.0,141.0,0.0,00-0015830,36.6
2002,22,0.0,0.0,0.0,0.0,0.0,94.0,0.0,120.0,2.0,00-0015830,55.4
2003,29,0.0,0.0,1.0,0.0,1.0,174.0,0.0,216.0,0.0,00-0015830,72.0
2004,21,0.0,0.0,0.0,0.0,1.0,131.0,0.0,99.0,0.0,00-0015830,42.0
2005,22,0.0,0.0,0.0,0.0,0.0,78.0,0.0,166.0,0.0,00-0015830,46.400000000000006
2006,29,0.0,0.0,1.0,0.0,2.0,149.0,0.0,159.0,0.0,00-0015830,61.8
2007,9,0.0,0.0,0.0,0.0,0.0,19.0,0.0,72.0,0.0,00-0015830,18.1
1999,3,0.0,0.0,0.0,0.0,0.0,3.0,0.0,22.0,1.0,00-0009738,11.5
2000,1,0.0,0.0,0.0,0.0,0.0,2.0,0.0,20.0,0.0,00-0009738,3.2
1999,54,0.0,0.0,0.0,0.0,0.0,3.0,0.0,658.0,4.0,00-0004694,144.1
2000,6,0.0,0.0,0.0,0.0,0.0,0.0,0.0,104.0,1.0,00-0004694,22.4
2001,54,0.0,0.0,0.0,0.0,0.0,0.0,1.0,825.0,7.0,00-0004694,180.5
2002,41,0.0,0.0,0.0,0.0,1.0,-4.0,0.0,460.0,4.0,00-0004694,108.6
2003,2,0.0,0.0,0.0,0.0,0.0,0.0,0.0,15.0,0.0,00-0004694,3.5
1999,0,0.0,0.0,0.0,0.0,1.0,0.0,0.0,0.0,0.0,00-0013154,-2.0
1999,0,0.0,0.0,0.0,0.0,0.0,-9.0,0.0,0.0,0.0,00-0011279,-0.9
2000,0,0.0,0.0,0.0,0.0,0.0,0.0,0.0,0.0,0.0,00-0011279,0.0
2003,0,81.0,1.0,0.0,0.0,0.0,0.0,0.0,0.0,0.0,00-0011279,7.24
1999,0,0.0,0.0,0.0,0.0,1.0,120.0,0.0,0.0,0.0,00-0006305,10.0
2000,73,0.0,0.0,10.0,0.0,4.0,1175.0,0.0,559.0,3.0,00-0006305,316.4
2001,62,0.0,0.0,9.0,0.0,4.0,1387.0,0.0,594.0,2.0,00-0006305,318.1
2002,57,0.0,0.0,7.0,0.0,3.0,1240.0,0.0,393.0,2.0,00-0006305,268.3
2003,50,0.0,0.0,15.0,0.0,5.0,1883.0,0.0,367.0,5.0,00-0006305,385.0
2004,40,20.0,1.0,7.0,0.0,4.0,1163.0,0.0,275.0,1.0,00-0006305,228.60000000000002
2005,19,0.0,0.0,0.0,0.0,0.0,255.0,0.0,147.0,0.0,00-0006305,59.2
2006,47,0.0,0.0,5.0,0.0,2.0,1059.0,0.0,380.0,1.0,00-0006305,222.9
2007,14,0.0,0.0,2.0,0.0,0.0,260.0,0.0,123.0,0.0,00-0006305,64.3
2008,11,0.0,0.0,3.0,0.0,0.0,294.0,0.0,32.0,0.0,00-0006305,61.60000000000001
2009,3,0.0,0.0,1.0,0.0,0.0,160.0,0.0,18.0,0.0,00-0006305,26.8
1999,0,0.0,0.0,0.0,0.0,0.0,0.0,0.0,0.0,0.0,00-0011463,0.0
2000,0,44.0,0.0,0.0,0.0,0.0,0.0,0.0,0.0,0.0,00-0011463,1.76
2001,0,40.0,0.0,0.0,0.0,0.0,0.0,0.0,0.0,0.0,00-0011463,1.6
2002,0,0.0,0.0,0.0,1.0,0.0,0.0,0.0,0.0,0.0,00-0011463,-2.0
2003,0,0.0,0.0,0.0,0.0,0.0,0.0,0.0,0.0,0.0,00-0011463,0.0
2004,0,24.0,0.0,0.0,0.0,0.0,0.0,0.0,0.0,0.0,00-0011463,0.96
1999,1,0.0,0.0,0.0,0.0,0.0,-2.0,0.0,-6.0,0.0,00-0007387,0.19999999999999996
1999,14,0.0,0.0,0.0,0.0,0.0,7.0,0.0,160.0,0.0,00-0001842,30.7
2000,26,0.0,0.0,0.0,0.0,0.0,0.0,0.0,216.0,0.0,00-0001842,47.6
1999,0,1242.0,7.0,0.0,6.0,1.0,9.0,0.0,0.0,0.0,00-0011276,64.58000000000001
2000,0,382.0,1.0,0.0,1.0,0.0,5.0,0.0,0.0,0.0,00-0011276,17.78
2001,0,2299.0,13.0,0.0,10.0,3.0,-19.0,0.0,0.0,0.0,00-0011276,116.06
2002,0,1944.0,13.0,0.0,9.0,2.0,11.0,0.0,0.0,0.0,00-0011276,108.85999999999999
1999,23,0.0,0.0,0.0,0.0,0.0,5.0,0.0,274.0,0.0,00-0014790,50.900000000000006
2000,33,0.0,0.0,0.0,0.0,0.0,3.0,0.0,425.0,3.0,00-0014790,93.8
1999,0,136.0,1.0,0.0,2.0,1.0,0.0,0.0,0.0,0.0,00-0005902,3.4400000000000013
1999,0,0.0,0.0,0.0,0.0,0.0,0.0,0.0,0.0,0.0,00-0014083,0.0
2000,0,0.0,0.0,0.0,0.0,0.0,-11.0,0.0,0.0,0.0,00-0014083,-1.1
2002,0,0.0,0.0,0.0,0.0,0.0,0.0,0.0,0.0,0.0,00-0014083,0.0
1999,6,0.0,0.0,0.0,0.0,0.0,117.0,0.0,48.0,0.0,00-0011392,22.500000000000004
2000,0,0.0,0.0,0.0,0.0,0.0,8.0,0.0,0.0,0.0,00-0011392,0.8
1999,0,41.0,1.0,0.0,0.0,0.0,15.0,0.0,0.0,0.0,00-0007091,7.140000000000001
2000,0,104.0,1.0,0.0,0.0,0.0,-5.0,0.0,0.0,0.0,00-0007091,7.66
2001,0,2023.0,7.0,0.0,8.0,2.0,141.0,0.0,0.0,0.0,00-0007091,103.02000000000001
2002,0,3075.0,15.0,1.0,10.0,4.0,202.0,1.0,0.0,0.0,00-0007091,183.2
2003,0,3844.0,26.0,2.0,15.0,1.0,125.0,0.0,0.0,0.0,00-0007091,250.26
2004,0,3390.0,22.0,1.0,15.0,2.0,94.0,2.0,0.0,0.0,00-0007091,209.0
2005,0,3455.0,24.0,1.0,10.0,1.0,124.0,0.0,0.0,0.0,00-0007091,230.60000000000002
2006,0,2442.0,18.0,0.0,15.0,2.0,110.0,1.0,0.0,0.0,00-0007091,148.68
2007,0,3966.0,28.0,0.0,12.0,5.0,97.0,0.0,0.0,0.0,00-0007091,246.33999999999997
2008,0,1216.0,5.0,0.0,10.0,0.0,69.0,0.0,0.0,0.0,00-0007091,55.54
2009,0,3029.0,17.0,0.0,17.0,3.0,119.0,0.0,0.0,0.0,00-0007091,161.06
2010,0,2998.0,12.0,3.0,17.0,5.0,60.0,0.0,0.0,0.0,00-0007091,147.92000000000002
2011,0,3571.0,18.0,0.0,14.0,1.0,52.0,0.0,0.0,0.0,00-0007091,190.04
2012,0,1367.0,7.0,0.0,5.0,1.0,38.0,1.0,0.0,0.0,00-0007091,76.48
2013,0,130.0,0.0,0.0,1.0,0.0,-2.0,0.0,0.0,0.0,00-0007091,3.0
2014,0,301.0,2.0,0.0,0.0,1.0,-11.0,0.0,0.0,0.0,00-0007091,16.939999999999998
2015,0,1690.0,9.0,0.0,5.0,2.0,15.0,0.0,0.0,0.0,00-0007091,91.1
1999,4,0.0,0.0,2.0,0.0,0.0,184.0,0.0,15.0,0.0,00-0012556,35.900000000000006
2000,9,0.0,0.0,0.0,0.0,0.0,85.0,0.0,50.0,0.0,00-0012556,22.5
1999,0,2136.0,17.0,0.0,8.0,6.0,93.0,0.0,0.0,0.0,00-0000722,134.74
2000,0,1578.0,8.0,0.0,8.0,0.0,57.0,1.0,0.0,0.0,00-0000722,86.82000000000001
2001,0,2386.0,10.0,2.0,10.0,4.0,152.0,1.0,0.0,0.0,00-0000722,136.64
2003,0,693.0,5.0,0.0,3.0,0.0,27.0,0.0,0.0,0.0,00-0000722,44.42
2004,0,16.0,0.0,0.0,0.0,0.0,0.0,0.0,0.0,0.0,00-0000722,0.64
2005,0,173.0,1.0,0.0,2.0,0.0,-2.0,0.0,0.0,0.0,00-0000722,6.72
1999,72,0.0,0.0,0.0,0.0,0.0,16.0,0.0,996.0,3.0,00-0007468,191.2
2000,55,0.0,0.0,0.0,0.0,0.0,19.0,0.0,787.0,8.0,00-0007468,183.60000000000002
2001,52,0.0,0.0,0.0,0.0,0.0,21.0,0.0,659.0,6.0,00-0007468,156.0
2002,27,0.0,0.0,0.0,0.0,0.0,7.0,0.0,386.0,2.0,00-0007468,78.30000000000001
2003,60,0.0,0.0,0.0,0.0,2.0,19.0,0.0,608.0,6.0,00-0007468,154.70000000000002
2004,49,0.0,0.0,0.0,0.0,1.0,34.0,0.0,437.0,0.0,00-0007468,94.1
2005,35,0.0,0.0,0.0,0.0,0.0,0.0,0.0,282.0,1.0,00-0007468,69.2
2006,34,0.0,0.0,0.0,0.0,0.0,0.0,0.0,339.0,2.0,00-0007468,79.9
2007,62,0.0,0.0,0.0,0.0,2.0,6.0,0.0,722.0,1.0,00-0007468,136.8
2008,47,0.0,0.0,0.0,0.0,2.0,0.0,0.0,424.0,4.0,00-0007468,109.4
1999,0,0.0,0.0,3.0,0.0,2.0,348.0,1.0,0.0,0.0,00-0011506,50.800000000000004
2000,0,0.0,0.0,1.0,0.0,0.0,4.0,0.0,0.0,0.0,00-0011506,6.4
2002,0,0.0,0.0,0.0,0.0,0.0,20.0,0.0,0.0,0.0,00-0011506,2.0
1999,0,0.0,0.0,0.0,0.0,0.0,1.0,0.0,0.0,0.0,00-0013173,0.1
1999,0,191.0,0.0,1.0,3.0,0.0,29.0,0.0,0.0,0.0,00-0018333,10.540000000000001
2000,0,0.0,0.0,0.0,0.0,0.0,-2.0,0.0,0.0,0.0,00-0018333,-0.2
2002,0,719.0,3.0,0.0,6.0,1.0,76.0,0.0,0.0,0.0,00-0018333,34.36000000000001
1999,0,0.0,0.0,0.0,0.0,1.0,27.0,0.0,0.0,0.0,00-0015759,0.7000000000000002
2000,0,0.0,0.0,0.0,0.0,0.0,3.0,0.0,0.0,0.0,00-0015759,0.30000000000000004
1999,1,536.0,0.0,0.0,4.0,0.0,15.0,0.0,9.0,0.0,00-0015627,16.84
1999,0,0.0,0.0,0.0,0.0,0.0,6.0,0.0,0.0,0.0,00-0003739,0.6000000000000001
2000,0,3937.0,33.0,7.0,16.0,6.0,470.0,2.0,0.0,0.0,00-0003739,338.48
2001,1,2612.0,14.0,5.0,13.0,7.0,416.0,3.0,0.0,0.0,00-0003739,199.08
2002,0,3853.0,18.0,10.0,23.0,9.0,609.0,1.0,0.0,0.0,00-0003739,285.02
2003,0,3479.0,25.0,4.0,11.0,6.0,422.0,1.0,0.0,0.0,00-0003739,273.36
2004,0,4717.0,39.0,2.0,11.0,4.0,406.0,3.0,0.0,0.0,00-0003739,373.28000000000003
2005,0,1564.0,6.0,1.0,12.0,3.0,141.0,1.0,0.0,0.0,00-0003739,78.66
2006,0,929.0,2.0,1.0,3.0,0.0,20.0,0.0,0.0,0.0,00-0003739,47.160000000000004
2007,0,1332.0,5.0,3.0,5.0,3.0,46.0,0.0,0.0,0.0,00-0003739,79.88
2008,0,786.0,4.0,1.0,6.0,1.0,25.0,0.0,0.0,0.0,00-0003739,41.94
2009,0,945.0,3.0,0.0,6.0,0.0,91.0,0.0,0.0,0.0,00-0003739,46.900000000000006
1999,0,0.0,0.0,0.0,0.0,0.0,1.0,0.0,0.0,0.0,00-0011718,0.1
2000,1,0.0,0.0,0.0,0.0,0.0,0.0,0.0,2.0,0.0,00-0011718,1.2
2001,13,0.0,0.0,0.0,0.0,0.0,67.0,0.0,142.0,0.0,00-0011718,33.9
1999,0,107.0,2.0,0.0,1.0,0.0,-1.0,0.0,0.0,0.0,00-0012732,10.180000000000001
2002,0,2630.0,15.0,0.0,14.0,7.0,14.0,0.0,0.0,0.0,00-0012732,124.6
2003,0,19.0,0.0,0.0,0.0,0.0,0.0,0.0,0.0,0.0,00-0012732,0.76
2004,0,3.0,0.0,0.0,0.0,0.0,-1.0,0.0,0.0,0.0,00-0012732,0.01999999999999999
1999,57,6.0,0.0,0.0,0.0,1.0,0.0,0.0,737.0,6.0,00-0012953,164.94
2000,10,0.0,0.0,0.0,0.0,0.0,0.0,0.0,242.0,0.0,00-0012953,34.2
1999,0,10.0,0.0,0.0,0.0,0.0,-3.0,0.0,0.0,0.0,00-0007832,0.09999999999999998
2000,0,0.0,0.0,0.0,0.0,0.0,-3.0,0.0,0.0,0.0,00-0007832,-0.30000000000000004
1999,1,0.0,0.0,0.0,0.0,1.0,4.0,0.0,3.0,0.0,00-0016061,-0.30000000000000004
2002,0,0.0,0.0,0.0,0.0,1.0,0.0,0.0,0.0,0.0,00-0016061,-2.0
1999,4,0.0,0.0,0.0,0.0,0.0,10.0,0.0,50.0,0.0,00-0004871,10.0
1999,0,4.0,0.0,0.0,0.0,0.0,0.0,0.0,0.0,0.0,00-0006410,0.16
2000,0,65.0,1.0,0.0,0.0,1.0,1.0,0.0,0.0,0.0,00-0006410,4.699999999999999
1999,0,0.0,0.0,0.0,0.0,0.0,-2.0,0.0,0.0,0.0,00-0005600,-0.2
2000,0,66.0,0.0,0.0,1.0,0.0,0.0,0.0,0.0,0.0,00-0005600,0.6400000000000001
1999,3,0.0,0.0,0.0,0.0,0.0,128.0,0.0,25.0,0.0,00-0003136,18.3
2000,2,0.0,0.0,1.0,0.0,0.0,63.0,0.0,16.0,0.0,00-0003136,15.9
2001,0,0.0,0.0,1.0,0.0,0.0,54.0,0.0,0.0,0.0,00-0003136,11.4
2002,6,0.0,0.0,2.0,0.0,0.0,115.0,0.0,48.0,0.0,00-0003136,34.3
2003,1,0.0,0.0,5.0,0.0,0.0,118.0,0.0,8.0,0.0,00-0003136,43.599999999999994
2004,1,0.0,0.0,3.0,0.0,0.0,90.0,0.0,3.0,0.0,00-0003136,28.3
2005,0,0.0,0.0,0.0,0.0,0.0,59.0,0.0,0.0,0.0,00-0003136,5.9
1999,74,0.0,0.0,0.0,0.0,0.0,-2.0,0.0,1074.0,6.0,00-0005562,217.2
2000,62,0.0,0.0,0.0,0.0,1.0,5.0,0.0,912.0,9.0,00-0005562,205.7
2001,52,0.0,0.0,0.0,0.0,0.0,-5.0,1.0,818.0,6.0,00-0005562,171.3
2002,46,0.0,0.0,0.0,0.0,0.0,0.0,0.0,600.0,4.0,00-0005562,130.0
2003,14,0.0,0.0,0.0,0.0,0.0,0.0,0.0,141.0,0.0,00-0005562,28.1
1999,3,0.0,0.0,0.0,0.0,0.0,-16.0,0.0,20.0,0.0,00-0018382,3.4
2000,24,0.0,0.0,0.0,0.0,2.0,15.0,0.0,301.0,0.0,00-0018382,51.6
2001,0,0.0,0.0,0.0,0.0,1.0,0.0,0.0,0.0,0.0,00-0018382,-2.0
1999,0,0.0,0.0,0.0,0.0,0.0,0.0,0.0,0.0,0.0,00-0010535,0.0
2000,0,0.0,0.0,0.0,0.0,1.0,0.0,0.0,0.0,0.0,00-0010535,-2.0
1999,0,527.0,2.0,0.0,1.0,0.0,40.0,0.0,0.0,0.0,00-0011244,31.080000000000002
1999,8,0.0,0.0,0.0,0.0,2.0,32.0,0.0,74.0,0.0,00-0012368,14.600000000000001
2000,0,0.0,0.0,0.0,0.0,1.0,0.0,0.0,0.0,0.0,00-0012368,-2.0
1999,0,0.0,0.0,0.0,0.0,1.0,0.0,0.0,0.0,0.0,00-0012569,-2.0
2000,2,0.0,0.0,0.0,0.0,0.0,-7.0,0.0,33.0,0.0,00-0012569,4.6
2001,15,0.0,0.0,0.0,0.0,0.0,6.0,0.0,199.0,2.0,00-0012569,47.5
1999,0,20.0,0.0,0.0,0.0,0.0,0.0,0.0,0.0,0.0,00-0011524,0.8
2000,0,208.0,1.0,0.0,1.0,0.0,2.0,0.0,0.0,0.0,00-0011524,10.52
1999,0,0.0,0.0,0.0,0.0,0.0,-2.0,0.0,0.0,0.0,00-0001471,-0.2
1999,0,0.0,0.0,0.0,0.0,0.0,7.0,0.0,0.0,0.0,00-0007357,0.7000000000000001
2000,14,0.0,0.0,2.0,0.0,0.0,65.0,0.0,116.0,1.0,00-0007357,50.1
2001,23,0.0,0.0,0.0,0.0,0.0,12.0,0.0,124.0,0.0,00-0007357,36.6
2002,1,0.0,0.0,0.0,0.0,0.0,0.0,0.0,2.0,0.0,00-0007357,1.2
2003,2,0.0,0.0,0.0,0.0,0.0,0.0,0.0,23.0,0.0,00-0007357,4.300000000000001
2004,3,0.0,0.0,0.0,0.0,1.0,4.0,0.0,28.0,0.0,00-0007357,4.2
2005,5,0.0,0.0,0.0,0.0,0.0,3.0,0.0,26.0,0.0,00-0007357,7.9
2006,2,0.0,0.0,0.0,0.0,0.0,0.0,0.0,0.0,0.0,00-0007357,2.0
1999,43,0.0,0.0,0.0,0.0,2.0,0.0,0.0,516.0,2.0,00-0010824,102.6
2000,14,0.0,0.0,0.0,0.0,0.0,-3.0,0.0,143.0,0.0,00-0010824,28.0
1999,0,0.0,0.0,0.0,0.0,0.0,0.0,0.0,0.0,0.0,00-0017255,0.0
1999,0,0.0,0.0,0.0,0.0,0.0,57.0,0.0,0.0,0.0,00-0002873,5.7
2000,1,0.0,0.0,2.0,0.0,0.0,133.0,0.0,6.0,0.0,00-0002873,26.900000000000002
1999,0,0.0,0.0,0.0,0.0,0.0,38.0,0.0,0.0,0.0,00-0006155,3.8000000000000003
2000,0,0.0,0.0,0.0,0.0,0.0,13.0,0.0,0.0,0.0,00-0006155,1.3
1999,0,0.0,0.0,2.0,0.0,2.0,365.0,0.0,0.0,0.0,00-0005110,44.5
2000,16,0.0,0.0,2.0,0.0,1.0,368.0,0.0,104.0,0.0,00-0005110,73.2
1999,90,0.0,0.0,0.0,0.0,0.0,4.0,0.0,1344.0,6.0,00-0002058,260.8
2000,76,0.0,0.0,0.0,0.0,0.0,12.0,0.0,1128.0,11.0,00-0002058,256.0
2001,91,0.0,0.0,0.0,0.0,1.0,39.0,0.0,1165.0,9.0,00-0002058,263.4
2002,81,0.0,0.0,0.0,0.0,1.0,19.0,0.0,930.0,2.0,00-0002058,185.9
2003,51,0.0,0.0,0.0,0.0,0.0,4.0,0.0,563.0,2.0,00-0002058,119.7
2004,24,0.0,0.0,0.0,0.0,1.0,0.0,0.0,200.0,1.0,00-0002058,48.0
1999,10,0.0,0.0,0.0,0.0,0.0,-8.0,0.0,90.0,1.0,00-0008704,24.2
1999,0,0.0,0.0,0.0,0.0,0.0,1.0,0.0,0.0,0.0,00-0007308,0.1
2001,0,0.0,0.0,0.0,1.0,0.0,0.0,0.0,0.0,0.0,00-0007308,-2.0
2002,0,17.0,0.0,0.0,0.0,0.0,5.0,0.0,0.0,0.0,00-0007308,1.1800000000000002
2003,0,25.0,0.0,0.0,0.0,0.0,0.0,0.0,0.0,0.0,00-0007308,1.0
2004,0,10.0,0.0,0.0,0.0,0.0,8.0,0.0,0.0,0.0,00-0007308,1.2000000000000002
2005,0,26.0,0.0,0.0,0.0,0.0,0.0,0.0,0.0,0.0,00-0007308,1.04
2007,0,0.0,0.0,0.0,0.0,0.0,-8.0,0.0,0.0,0.0,00-0007308,-0.8
2008,0,0.0,0.0,0.0,0.0,1.0,-6.0,0.0,0.0,0.0,00-0007308,-2.6
1999,34,0.0,0.0,0.0,0.0,1.0,0.0,0.0,414.0,1.0,00-0008454,79.4
2000,56,0.0,0.0,0.0,0.0,0.0,18.0,0.0,642.0,7.0,00-0008454,164.0
2001,14,0.0,0.0,0.0,0.0,0.0,0.0,0.0,111.0,1.0,00-0008454,31.1
2002,3,0.0,0.0,0.0,0.0,0.0,0.0,0.0,39.0,0.0,00-0008454,6.9
1999,2,0.0,0.0,1.0,0.0,0.0,75.0,0.0,28.0,0.0,00-0001233,18.3
1999,0,11.0,0.0,0.0,0.0,0.0,1.0,0.0,0.0,0.0,00-0009868,0.54
2000,0,120.0,0.0,0.0,1.0,0.0,36.0,0.0,0.0,0.0,00-0009868,6.4
1999,19,0.0,0.0,0.0,0.0,0.0,8.0,0.0,219.0,3.0,00-0001477,59.7
2000,47,0.0,0.0,0.0,0.0,1.0,-1.0,0.0,490.0,2.0,00-0001477,105.9
2001,100,34.0,1.0,0.0,0.0,1.0,8.0,0.0,1071.0,8.0,00-0001477,259.26
2002,97,44.0,1.0,0.0,0.0,0.0,0.0,0.0,1175.0,6.0,00-0001477,256.26
2003,52,0.0,0.0,0.0,0.0,0.0,-7.0,0.0,715.0,4.0,00-0001477,146.8
2004,50,48.0,0.0,0.0,0.0,0.0,-8.0,0.0,638.0,1.0,00-0001477,120.92
2005,39,0.0,0.0,0.0,0.0,0.0,0.0,0.0,686.0,3.0,00-0001477,125.60000000000001
2006,55,0.0,0.0,0.0,0.0,0.0,19.0,2.0,747.0,6.0,00-0001477,171.60000000000002
2007,50,0.0,0.0,0.0,0.0,1.0,12.0,0.0,556.0,1.0,00-0001477,110.80000000000001
2008,14,0.0,0.0,0.0,0.0,0.0,3.0,0.0,211.0,2.0,00-0001477,47.400000000000006
2009,16,0.0,0.0,0.0,0.0,0.0,7.0,0.0,181.0,1.0,00-0001477,40.8
1999,0,0.0,0.0,0.0,0.0,0.0,4.0,0.0,0.0,0.0,00-0016479,0.4
1999,0,0.0,0.0,0.0,0.0,0.0,-18.0,0.0,0.0,0.0,00-0013028,-1.8
2000,0,0.0,0.0,0.0,0.0,0.0,-11.0,0.0,0.0,0.0,00-0013028,-1.1
2001,0,0.0,0.0,0.0,0.0,0.0,0.0,0.0,0.0,0.0,00-0013028,0.0
2002,0,0.0,0.0,0.0,0.0,0.0,0.0,0.0,0.0,0.0,00-0013028,0.0
2004,0,0.0,0.0,0.0,0.0,0.0,0.0,0.0,0.0,0.0,00-0013028,0.0
1999,4,0.0,0.0,0.0,0.0,0.0,0.0,0.0,24.0,0.0,00-0014324,6.4
2000,0,0.0,0.0,0.0,0.0,1.0,0.0,0.0,0.0,0.0,00-0014324,-2.0
2004,0,0.0,0.0,0.0,0.0,0.0,-10.0,0.0,0.0,0.0,00-0014324,-1.0
2005,0,0.0,0.0,0.0,0.0,0.0,0.0,0.0,0.0,0.0,00-0014324,0.0
1999,0,0.0,0.0,0.0,0.0,0.0,0.0,0.0,0.0,0.0,00-0009584,0.0
2002,0,0.0,0.0,0.0,0.0,0.0,0.0,0.0,0.0,0.0,00-0009584,0.0
1999,4,0.0,0.0,0.0,0.0,0.0,28.0,0.0,16.0,0.0,00-0004824,8.4
1999,0,47.0,0.0,0.0,2.0,0.0,0.0,0.0,0.0,0.0,00-0017121,-2.12
1999,0,0.0,0.0,0.0,0.0,0.0,-2.0,0.0,0.0,0.0,00-0018518,-0.2
1999,0,0.0,0.0,0.0,0.0,0.0,40.0,0.0,0.0,0.0,00-0010240,4.0
2000,0,0.0,0.0,1.0,0.0,1.0,145.0,0.0,0.0,0.0,00-0010240,18.5
2001,23,0.0,0.0,9.0,0.0,1.0,877.0,0.0,165.0,1.0,00-0010240,185.2
2002,11,0.0,0.0,9.0,0.0,0.0,436.0,0.0,79.0,0.0,00-0010240,116.5
2003,9,0.0,0.0,4.0,1.0,2.0,253.0,0.0,55.0,0.0,00-0010240,57.8
1999,0,0.0,0.0,0.0,0.0,0.0,0.0,0.0,0.0,0.0,00-0009833,0.0
2000,0,0.0,0.0,0.0,0.0,1.0,0.0,0.0,0.0,0.0,00-0009833,-2.0
1999,1,0.0,0.0,0.0,0.0,1.0,0.0,0.0,5.0,0.0,00-0016811,-0.5
2000,4,0.0,0.0,0.0,0.0,0.0,0.0,0.0,46.0,0.0,00-0016811,8.600000000000001
1999,0,0.0,0.0,0.0,0.0,0.0,4.0,0.0,0.0,0.0,00-0005620,0.4
2000,11,0.0,0.0,1.0,0.0,0.0,149.0,0.0,107.0,0.0,00-0005620,42.6
2001,16,0.0,0.0,3.0,0.0,0.0,453.0,0.0,127.0,1.0,00-0005620,98.00000000000001
2002,2,0.0,0.0,0.0,0.0,0.0,115.0,0.0,12.0,0.0,00-0005620,14.7
2003,1,0.0,0.0,1.0,0.0,0.0,144.0,0.0,2.0,0.0,00-0005620,21.599999999999998
2004,4,0.0,0.0,1.0,0.0,0.0,69.0,0.0,19.0,0.0,00-0005620,18.799999999999997
1999,0,0.0,0.0,0.0,0.0,0.0,9.0,0.0,0.0,0.0,00-0017611,0.9
2000,13,0.0,0.0,0.0,0.0,1.0,0.0,0.0,137.0,3.0,00-0017611,42.7
2001,2,0.0,0.0,0.0,0.0,0.0,4.0,0.0,17.0,0.0,00-0017611,4.1
2003,7,0.0,0.0,0.0,0.0,0.0,37.0,0.0,106.0,1.0,00-0017611,27.3
2004,9,0.0,0.0,0.0,0.0,0.0,0.0,1.0,227.0,2.0,00-0017611,45.7
2005,14,0.0,0.0,0.0,0.0,0.0,51.0,0.0,183.0,0.0,00-0017611,37.400000000000006
2006,27,0.0,0.0,0.0,0.0,1.0,4.0,0.0,299.0,0.0,00-0017611,55.3
1999,64,0.0,0.0,0.0,0.0,0.0,4.0,0.0,1059.0,6.0,00-0008059,206.3
2000,49,0.0,0.0,0.0,0.0,0.0,0.0,0.0,655.0,5.0,00-0008059,144.5
2001,74,0.0,0.0,0.0,0.0,1.0,0.0,1.0,1059.0,7.0,00-0008059,221.9
2002,44,0.0,0.0,0.0,0.0,0.0,0.0,0.0,462.0,3.0,00-0008059,108.2
1999,30,0.0,0.0,0.0,0.0,0.0,-1.0,0.0,325.0,0.0,00-0011328,62.4
1999,31,0.0,0.0,0.0,0.0,0.0,-7.0,0.0,393.0,3.0,00-0013232,87.6
2000,50,0.0,0.0,0.0,0.0,3.0,32.0,0.0,701.0,3.0,00-0013232,135.3
2001,55,0.0,0.0,0.0,0.0,0.0,97.0,0.0,895.0,7.0,00-0013232,196.2
2002,94,0.0,0.0,0.0,0.0,1.0,-13.0,0.0,1252.0,9.0,00-0013232,269.9
2003,64,0.0,0.0,0.0,0.0,0.0,3.0,0.0,838.0,3.0,00-0013232,166.10000000000002
2004,45,25.0,0.0,0.0,0.0,0.0,34.0,0.0,575.0,3.0,00-0013232,124.9
2005,6,0.0,0.0,0.0,0.0,0.0,9.0,0.0,96.0,0.0,00-0013232,16.5
2006,50,0.0,0.0,0.0,0.0,1.0,18.0,0.0,399.0,3.0,00-0013232,107.7
2007,7,0.0,0.0,0.0,0.0,0.0,0.0,0.0,68.0,0.0,00-0013232,13.8
1999,4,0.0,0.0,0.0,0.0,0.0,180.0,0.0,26.0,0.0,00-0012832,24.6
1999,0,875.0,7.0,0.0,4.0,3.0,38.0,0.0,0.0,0.0,00-0009266,52.8
2000,0,2769.0,18.0,5.0,13.0,1.0,353.0,1.0,0.0,0.0,00-0009266,222.06
2001,0,210.0,0.0,0.0,1.0,0.0,-12.0,1.0,0.0,0.0,00-0009266,7.2
2002,0,80.0,0.0,0.0,1.0,0.0,25.0,0.0,0.0,0.0,00-0009266,3.7
2003,0,130.0,1.0,0.0,1.0,0.0,20.0,0.0,0.0,0.0,00-0009266,9.2
2004,0,502.0,1.0,0.0,4.0,1.0,30.0,0.0,0.0,0.0,00-0009266,17.080000000000002
1999,66,0.0,0.0,0.0,0.0,1.0,-6.0,0.0,986.0,8.0,00-0008560,210.0
2000,57,23.0,0.0,0.0,1.0,0.0,0.0,0.0,669.0,0.0,00-0008560,122.82000000000001
2001,84,0.0,0.0,0.0,0.0,0.0,0.0,0.0,1097.0,9.0,00-0008560,247.7
2002,67,33.0,1.0,0.0,0.0,0.0,0.0,0.0,703.0,4.0,00-0008560,166.62
2003,58,0.0,0.0,0.0,0.0,0.0,0.0,0.0,634.0,3.0,00-0008560,139.4
2004,35,0.0,0.0,0.0,0.0,1.0,0.0,0.0,373.0,1.0,00-0008560,76.30000000000001
2005,17,0.0,0.0,0.0,0.0,0.0,0.0,0.0,133.0,0.0,00-0008560,30.3
1999,69,61.0,1.0,0.0,0.0,0.0,0.0,0.0,641.0,2.0,00-0018343,151.54000000000002
2000,70,53.0,1.0,0.0,0.0,2.0,0.0,0.0,636.0,4.0,00-0018343,159.72
2001,60,21.0,0.0,0.0,0.0,0.0,1.0,0.0,672.0,4.0,00-0018343,152.14
2002,40,13.0,0.0,0.0,0.0,1.0,0.0,0.0,346.0,2.0,00-0018343,85.12
2003,17,0.0,0.0,0.0,0.0,0.0,0.0,0.0,165.0,2.0,00-0018343,45.5
1999,1,0.0,0.0,0.0,0.0,1.0,0.0,0.0,1.0,0.0,00-0013523,-0.9
1999,0,0.0,0.0,0.0,0.0,1.0,-2.0,0.0,0.0,0.0,00-0014377,-2.2
2001,0,0.0,0.0,0.0,0.0,0.0,0.0,0.0,0.0,0.0,00-0014377,0.0
2003,0,0.0,0.0,0.0,0.0,0.0,0.0,0.0,0.0,0.0,00-0014377,0.0
1999,0,0.0,0.0,0.0,0.0,1.0,0.0,0.0,0.0,0.0,00-0004747,-2.0
1999,0,0.0,0.0,0.0,0.0,0.0,0.0,0.0,0.0,0.0,00-0016837,0.0
2002,0,0.0,0.0,0.0,0.0,1.0,0.0,0.0,0.0,0.0,00-0016837,-2.0
1999,35,0.0,0.0,0.0,0.0,0.0,15.0,0.0,586.0,6.0,00-0007744,131.1
2000,94,0.0,0.0,0.0,0.0,0.0,10.0,0.0,1340.0,8.0,00-0007744,277.0
2001,83,0.0,0.0,0.0,0.0,1.0,4.0,0.0,1265.0,9.0,00-0007744,261.9
2002,88,0.0,0.0,0.0,0.0,0.0,2.0,1.0,1312.0,7.0,00-0007744,263.4
2003,78,14.0,0.0,0.0,0.0,0.0,15.0,0.0,973.0,10.0,00-0007744,237.36
2004,94,0.0,0.0,0.0,0.0,0.0,0.0,1.0,1399.0,11.0,00-0007744,301.9
2005,49,0.0,0.0,0.0,0.0,2.0,0.0,0.0,654.0,1.0,00-0007744,116.4
2006,37,0.0,0.0,0.0,0.0,0.0,0.0,1.0,679.0,4.0,00-0007744,130.9
2007,27,0.0,0.0,0.0,0.0,0.0,0.0,0.0,243.0,1.0,00-0007744,57.3
1999,21,0.0,0.0,0.0,0.0,1.0,0.0,0.0,176.0,0.0,00-0017847,36.6
2000,2,0.0,0.0,0.0,0.0,1.0,0.0,0.0,35.0,0.0,00-0017847,3.5
2001,24,0.0,0.0,0.0,0.0,2.0,0.0,0.0,314.0,1.0,00-0017847,57.400000000000006
2002,7,0.0,0.0,0.0,0.0,0.0,-5.0,0.0,77.0,1.0,00-0017847,20.2
2003,7,0.0,0.0,0.0,0.0,0.0,2.0,1.0,114.0,0.0,00-0017847,20.6
2004,18,0.0,0.0,0.0,0.0,2.0,6.0,0.0,197.0,0.0,00-0017847,34.300000000000004
1999,4,0.0,0.0,0.0,0.0,1.0,0.0,0.0,28.0,0.0,00-0011854,4.800000000000001
2002,5,0.0,0.0,0.0,0.0,0.0,0.0,0.0,23.0,0.0,00-0011854,7.300000000000001
1999,2,0.0,0.0,0.0,0.0,0.0,16.0,0.0,23.0,0.0,00-0012946,5.9
1999,9,0.0,0.0,0.0,0.0,0.0,27.0,0.0,115.0,0.0,00-0012642,23.2
2000,38,0.0,0.0,0.0,0.0,1.0,0.0,0.0,546.0,1.0,00-0012642,96.6
2001,51,60.0,1.0,1.0,1.0,0.0,67.0,0.0,749.0,4.0,00-0012642,167.0
2002,61,0.0,0.0,0.0,0.0,0.0,6.0,0.0,824.0,5.0,00-0012642,174.0
2003,9,0.0,0.0,0.0,0.0,0.0,4.0,0.0,140.0,0.0,00-0012642,23.4
2004,44,0.0,0.0,0.0,0.0,0.0,5.0,0.0,800.0,7.0,00-0012642,166.5
2005,22,0.0,0.0,0.0,0.0,0.0,0.0,0.0,217.0,0.0,00-0012642,43.7
2006,1,0.0,0.0,0.0,0.0,0.0,0.0,0.0,25.0,0.0,00-0012642,3.5
2007,54,0.0,0.0,0.0,0.0,1.0,-5.0,0.0,792.0,3.0,00-0012642,148.7
2008,11,0.0,0.0,0.0,0.0,0.0,0.0,0.0,162.0,1.0,00-0012642,33.2
1999,79,0.0,0.0,0.0,0.0,2.0,0.0,0.0,954.0,1.0,00-0014328,176.4
2000,54,0.0,0.0,0.0,0.0,0.0,0.0,0.0,749.0,6.0,00-0014328,164.9
2001,41,0.0,0.0,0.0,0.0,1.0,0.0,0.0,618.0,2.0,00-0014328,112.80000000000001
2002,34,0.0,0.0,0.0,0.0,0.0,2.0,1.0,400.0,2.0,00-0014328,88.2
2003,14,0.0,0.0,0.0,0.0,0.0,0.0,0.0,170.0,0.0,00-0014328,31.0
1999,6,0.0,0.0,0.0,0.0,1.0,0.0,0.0,66.0,0.0,00-0006977,10.600000000000001
1999,0,0.0,0.0,0.0,0.0,0.0,0.0,0.0,0.0,0.0,00-0012876,0.0
1999,0,0.0,0.0,0.0,0.0,0.0,0.0,0.0,0.0,0.0,00-0001573,0.0
1999,3,0.0,0.0,0.0,0.0,1.0,75.0,0.0,6.0,0.0,00-0008196,9.1
2000,5,0.0,0.0,1.0,0.0,0.0,6.0,1.0,48.0,1.0,00-0008196,24.400000000000002
2001,12,0.0,0.0,1.0,0.0,1.0,138.0,0.0,91.0,2.0,00-0008196,50.9
2004,21,0.0,0.0,0.0,0.0,2.0,101.0,0.0,136.0,0.0,00-0008196,40.7
2005,10,0.0,0.0,0.0,0.0,0.0,11.0,1.0,67.0,0.0,00-0008196,19.8
1999,1,0.0,0.0,1.0,0.0,0.0,49.0,0.0,2.0,0.0,00-0008391,12.1
2000,0,0.0,0.0,0.0,0.0,0.0,0.0,0.0,0.0,0.0,00-0008391,0.0
2001,0,0.0,0.0,0.0,0.0,0.0,6.0,0.0,0.0,0.0,00-0008391,0.6000000000000001
2002,0,0.0,0.0,0.0,0.0,0.0,17.0,0.0,0.0,0.0,00-0008391,1.7000000000000002
2003,0,0.0,0.0,0.0,0.0,1.0,0.0,0.0,0.0,0.0,00-0008391,-2.0
1999,0,0.0,0.0,0.0,0.0,0.0,0.0,0.0,0.0,0.0,00-0018229,0.0
1999,0,0.0,0.0,0.0,0.0,0.0,0.0,0.0,0.0,0.0,00-0012742,0.0
1999,4,0.0,0.0,0.0,0.0,0.0,1.0,0.0,24.0,0.0,00-0012370,6.5
2000,3,0.0,0.0,0.0,0.0,0.0,0.0,0.0,50.0,0.0,00-0012370,8.0
2001,0,0.0,0.0,0.0,0.0,0.0,6.0,0.0,0.0,0.0,00-0012370,0.6000000000000001
1999,4,0.0,0.0,0.0,0.0,0.0,98.0,0.0,28.0,0.0,00-0004200,16.6
2000,13,0.0,0.0,0.0,0.0,0.0,103.0,0.0,102.0,0.0,00-0004200,33.5
2001,0,0.0,0.0,0.0,0.0,1.0,4.0,0.0,0.0,0.0,00-0004200,-1.6
2002,0,0.0,0.0,0.0,0.0,0.0,2.0,0.0,0.0,0.0,00-0004200,0.2
1999,3,0.0,0.0,0.0,0.0,0.0,152.0,0.0,37.0,1.0,00-0016331,27.900000000000002
2000,13,0.0,0.0,0.0,0.0,1.0,112.0,0.0,91.0,1.0,00-0016331,37.300000000000004
1999,79,0.0,0.0,0.0,0.0,0.0,4.0,0.0,1183.0,6.0,00-0016550,233.70000000000002
2000,78,0.0,0.0,1.0,0.0,1.0,91.0,0.0,1094.0,7.0,00-0016550,242.5
2001,72,0.0,0.0,0.0,0.0,1.0,8.0,0.0,1054.0,5.0,00-0016550,206.2
2002,82,0.0,0.0,0.0,0.0,0.0,2.0,0.0,1343.0,8.0,00-0016550,264.5
2003,63,0.0,0.0,0.0,0.0,0.0,5.0,0.0,1057.0,5.0,00-0016550,199.2
2004,51,0.0,0.0,0.0,0.0,1.0,0.0,0.0,747.0,0.0,00-0016550,123.7
2005,60,0.0,0.0,0.0,0.0,0.0,0.0,0.0,684.0,7.0,00-0016550,170.4
2006,32,0.0,0.0,0.0,0.0,0.0,0.0,0.0,360.0,3.0,00-0016550,86.0
2007,59,0.0,0.0,0.0,0.0,0.0,0.0,0.0,760.0,3.0,00-0016550,153.0
2008,48,0.0,0.0,0.0,0.0,0.0,0.0,0.0,580.0,4.0,00-0016550,130.0
1999,8,0.0,0.0,0.0,0.0,0.0,0.0,0.0,39.0,0.0,00-0003344,11.9
2000,36,0.0,0.0,0.0,0.0,1.0,45.0,0.0,274.0,0.0,00-0003344,65.9
2001,39,0.0,0.0,0.0,0.0,0.0,15.0,0.0,253.0,1.0,00-0003344,71.8
2002,10,0.0,0.0,0.0,0.0,1.0,0.0,0.0,70.0,0.0,00-0003344,15.0
2004,1,0.0,0.0,0.0,0.0,0.0,0.0,0.0,12.0,0.0,00-0003344,2.2
1999,0,0.0,0.0,0.0,0.0,0.0,17.0,0.0,0.0,0.0,00-0017301,1.7000000000000002
1999,40,0.0,0.0,0.0,0.0,0.0,4.0,0.0,564.0,1.0,00-0007093,102.80000000000001
2000,0,0.0,0.0,0.0,0.0,1.0,0.0,0.0,0.0,0.0,00-0007093,-2.0
1999,19,0.0,0.0,0.0,0.0,1.0,0.0,0.0,276.0,2.0,00-0014918,56.6
2000,14,0.0,0.0,0.0,0.0,0.0,0.0,0.0,231.0,1.0,00-0014918,43.1
2001,2,0.0,0.0,0.0,0.0,0.0,0.0,0.0,17.0,0.0,00-0014918,3.7
1999,0,181.0,3.0,0.0,2.0,0.0,-2.0,0.0,0.0,0.0,00-0004229,15.040000000000003
2000,0,0.0,0.0,0.0,1.0,0.0,8.0,0.0,0.0,0.0,00-0004229,-1.2
2001,0,51.0,0.0,0.0,1.0,0.0,6.0,0.0,0.0,0.0,00-0004229,0.6400000000000001
2002,0,224.0,2.0,1.0,0.0,0.0,4.0,0.0,0.0,0.0,00-0004229,23.36
2003,0,32.0,0.0,0.0,0.0,0.0,0.0,0.0,0.0,0.0,00-0004229,1.28
2004,0,207.0,0.0,0.0,2.0,1.0,-7.0,0.0,0.0,0.0,00-0004229,1.5799999999999992
2005,0,238.0,0.0,0.0,3.0,2.0,1.0,0.0,0.0,0.0,00-0004229,-0.38000000000000045
1999,2,0.0,0.0,0.0,0.0,0.0,0.0,0.0,13.0,0.0,00-0005532,3.3
1999,10,0.0,0.0,0.0,0.0,0.0,35.0,0.0,64.0,0.0,00-0016316,19.9
2000,23,0.0,0.0,0.0,0.0,1.0,51.0,0.0,117.0,2.0,00-0016316,49.800000000000004
2001,5,0.0,0.0,0.0,0.0,0.0,40.0,0.0,19.0,1.0,00-0016316,16.9
2002,12,0.0,0.0,0.0,0.0,0.0,31.0,0.0,80.0,0.0,00-0016316,23.1
1999,10,0.0,0.0,1.0,0.0,0.0,20.0,0.0,131.0,0.0,00-0001281,31.1
2000,20,0.0,0.0,0.0,0.0,0.0,0.0,0.0,152.0,2.0,00-0001281,47.2
1999,1,0.0,0.0,0.0,0.0,0.0,4.0,0.0,18.0,0.0,00-0008229,3.2
2000,1,0.0,0.0,0.0,0.0,1.0,0.0,0.0,25.0,0.0,00-0008229,1.5
2001,0,0.0,0.0,0.0,0.0,1.0,0.0,0.0,0.0,0.0,00-0008229,-2.0
1999,22,0.0,0.0,0.0,0.0,0.0,-1.0,0.0,335.0,1.0,00-0005720,61.4
2000,4,0.0,0.0,0.0,0.0,0.0,0.0,0.0,62.0,1.0,00-0005720,16.2
2001,52,-1.0,0.0,0.0,0.0,0.0,32.0,0.0,699.0,3.0,00-0005720,143.06
2002,61,0.0,0.0,0.0,0.0,1.0,31.0,0.0,908.0,6.0,00-0005720,188.9
2003,34,0.0,0.0,0.0,0.0,0.0,22.0,0.0,672.0,2.0,00-0005720,115.4
2004,33,0.0,0.0,0.0,0.0,0.0,19.0,0.0,416.0,5.0,00-0005720,106.5
2005,83,0.0,0.0,0.0,0.0,0.0,4.0,0.0,1287.0,10.0,00-0005720,272.1
2006,62,0.0,0.0,0.0,0.0,0.0,9.0,0.0,1057.0,7.0,00-0005720,210.60000000000002
2007,57,0.0,0.0,0.0,0.0,0.0,1.0,0.0,1014.0,6.0,00-0005720,194.5
2008,13,0.0,0.0,0.0,0.0,0.0,0.0,0.0,138.0,0.0,00-0005720,26.8
2009,7,0.0,0.0,0.0,0.0,0.0,0.0,0.0,67.0,0.0,00-0005720,13.7
2010,12,0.0,0.0,0.0,0.0,0.0,0.0,0.0,173.0,0.0,00-0005720,29.3
1999,0,0.0,0.0,0.0,0.0,0.0,0.0,0.0,0.0,0.0,00-0013214,0.0
1999,63,0.0,0.0,0.0,0.0,0.0,16.0,0.0,1082.0,12.0,00-0008300,244.8
2001,14,0.0,0.0,0.0,0.0,0.0,0.0,0.0,127.0,0.0,00-0008300,26.700000000000003
1999,2,0.0,0.0,0.0,0.0,0.0,23.0,0.0,31.0,0.0,00-0014733,7.4
2000,2,0.0,0.0,0.0,0.0,0.0,12.0,0.0,11.0,0.0,00-0014733,4.300000000000001
1999,29,0.0,0.0,0.0,0.0,1.0,12.0,0.0,526.0,3.0,00-0008598,98.80000000000001
2000,12,0.0,0.0,0.0,0.0,0.0,21.0,0.0,156.0,2.0,00-0008598,41.7
2001,5,0.0,0.0,0.0,0.0,1.0,0.0,0.0,57.0,1.0,00-0008598,14.7
2002,9,0.0,0.0,0.0,0.0,0.0,-9.0,0.0,187.0,2.0,00-0008598,38.8
2003,15,0.0,0.0,0.0,0.0,1.0,0.0,0.0,170.0,1.0,00-0008598,36.0
2005,2,0.0,0.0,0.0,0.0,0.0,0.0,0.0,31.0,0.0,00-0008598,5.1
1999,0,521.0,3.0,2.0,5.0,1.0,72.0,0.0,0.0,0.0,00-0004161,40.040000000000006
2002,0,113.0,0.0,0.0,0.0,0.0,-2.0,0.0,0.0,0.0,00-0004161,4.32
2003,0,3219.0,19.0,1.0,16.0,6.0,43.0,0.0,0.0,0.0,00-0004161,171.06
2004,0,3886.0,29.0,1.0,15.0,5.0,71.0,2.0,0.0,0.0,00-0004161,248.54
2005,0,3421.0,24.0,1.0,16.0,6.0,31.0,0.0,0.0,0.0,00-0004161,197.94
2006,0,2805.0,17.0,0.0,11.0,4.0,12.0,0.0,0.0,0.0,00-0004161,151.39999999999998
2007,0,617.0,8.0,0.0,1.0,0.0,26.0,0.0,0.0,0.0,00-0004161,57.28
2008,0,3284.0,15.0,2.0,12.0,3.0,21.0,0.0,0.0,0.0,00-0004161,175.46
2009,0,2015.0,8.0,0.0,18.0,3.0,60.0,1.0,0.0,0.0,00-0004161,78.60000000000001
2010,0,872.0,2.0,0.0,7.0,1.0,-2.0,0.0,0.0,0.0,00-0004161,26.680000000000003
2011,0,211.0,1.0,0.0,0.0,1.0,0.0,0.0,0.0,0.0,00-0004161,10.44
1999,3,0.0,0.0,0.0,0.0,0.0,0.0,0.0,60.0,0.0,00-0008907,9.0
1999,0,0.0,0.0,0.0,0.0,0.0,0.0,0.0,0.0,0.0,00-0001157,0.0
2000,0,0.0,0.0,0.0,1.0,0.0,0.0,0.0,0.0,0.0,00-0001157,-2.0
2001,0,0.0,0.0,0.0,0.0,0.0,0.0,0.0,0.0,0.0,00-0001157,0.0
2003,0,0.0,0.0,0.0,0.0,0.0,0.0,0.0,0.0,0.0,00-0001157,0.0
2007,0,0.0,0.0,0.0,0.0,0.0,0.0,0.0,0.0,0.0,00-0001157,0.0
2008,0,0.0,0.0,0.0,0.0,0.0,0.0,0.0,0.0,0.0,00-0001157,0.0
1999,0,0.0,0.0,0.0,0.0,0.0,0.0,0.0,0.0,0.0,00-0001101,0.0
2001,0,0.0,0.0,0.0,0.0,0.0,0.0,0.0,0.0,0.0,00-0001101,0.0
2003,0,0.0,0.0,0.0,0.0,0.0,0.0,0.0,0.0,0.0,00-0001101,0.0
1999,3,0.0,0.0,0.0,0.0,0.0,37.0,0.0,44.0,0.0,00-0016440,11.100000000000001
2000,50,0.0,0.0,0.0,0.0,1.0,82.0,0.0,653.0,2.0,00-0016440,133.5
2001,63,0.0,0.0,0.0,0.0,1.0,57.0,0.0,833.0,8.0,00-0016440,198.0
2002,52,0.0,0.0,2.0,0.0,1.0,126.0,0.0,635.0,6.0,00-0016440,174.1
2003,49,0.0,0.0,0.0,0.0,0.0,53.0,0.0,558.0,1.0,00-0016440,116.1
2004,17,0.0,0.0,0.0,0.0,0.0,0.0,0.0,203.0,0.0,00-0016440,37.3
2005,14,0.0,0.0,0.0,0.0,0.0,8.0,0.0,194.0,0.0,00-0016440,34.2
2006,12,0.0,0.0,0.0,0.0,0.0,0.0,0.0,151.0,1.0,00-0016440,33.1
2007,9,0.0,0.0,0.0,0.0,0.0,0.0,0.0,107.0,2.0,00-0016440,31.700000000000003
2008,9,0.0,0.0,0.0,0.0,0.0,0.0,0.0,81.0,1.0,00-0016440,23.1
1999,42,0.0,0.0,0.0,0.0,0.0,14.0,0.0,796.0,6.0,00-0013097,159.0
2000,21,0.0,0.0,0.0,0.0,0.0,0.0,0.0,293.0,1.0,00-0013097,56.3
2001,5,0.0,0.0,0.0,0.0,0.0,0.0,0.0,38.0,0.0,00-0013097,8.8
1999,0,78.0,0.0,0.0,0.0,0.0,0.0,0.0,0.0,0.0,00-0011640,3.12
2000,0,134.0,0.0,0.0,2.0,1.0,0.0,0.0,0.0,0.0,00-0011640,-0.6399999999999997
1999,8,0.0,0.0,0.0,0.0,0.0,0.0,0.0,89.0,0.0,00-0010500,16.9
2000,63,0.0,0.0,0.0,0.0,0.0,1.0,0.0,895.0,5.0,00-0010500,182.6
2001,73,0.0,0.0,0.0,0.0,1.0,0.0,1.0,1128.0,9.0,00-0010500,239.8
2002,79,0.0,0.0,0.0,0.0,1.0,0.0,0.0,1012.0,5.0,00-0010500,208.2
2003,95,0.0,0.0,0.0,0.0,0.0,11.0,0.0,1303.0,8.0,00-0010500,274.4
2004,96,0.0,0.0,0.0,0.0,0.0,-3.0,0.0,1168.0,7.0,00-0010500,254.5
2005,86,0.0,0.0,0.0,0.0,1.0,0.0,0.0,1073.0,3.0,00-0010500,209.3
2006,68,0.0,0.0,0.0,0.0,0.0,-4.0,0.0,750.0,2.0,00-0010500,154.6
2007,103,0.0,0.0,0.0,0.0,1.0,0.0,0.0,1087.0,5.0,00-0010500,239.7
2008,80,0.0,0.0,0.0,0.0,1.0,3.0,1.0,1037.0,5.0,00-0010500,214.0
2009,73,0.0,0.0,0.0,0.0,0.0,2.0,0.0,1028.0,7.0,00-0010500,218.0
2010,61,0.0,0.0,0.0,0.0,0.0,0.0,0.0,802.0,7.0,00-0010500,183.2
2011,19,0.0,0.0,0.0,0.0,0.0,0.0,0.0,170.0,0.0,00-0010500,36.0
2000,32,0.0,0.0,2.0,0.0,3.0,373.0,0.0,208.0,0.0,00-0019641,96.10000000000001
2001,21,0.0,0.0,5.0,0.0,1.0,380.0,0.0,151.0,0.0,00-0019641,102.1
2002,20,0.0,0.0,2.0,0.0,2.0,511.0,0.0,113.0,0.0,00-0019641,90.39999999999999
2003,24,0.0,0.0,3.0,0.0,2.0,627.0,0.0,180.0,0.0,00-0019641,118.7
2004,56,0.0,0.0,7.0,0.0,1.0,948.0,0.0,427.0,0.0,00-0019641,233.5
2005,26,0.0,0.0,9.0,0.0,2.0,1335.0,0.0,143.0,0.0,00-0019641,223.8
2006,36,-4.0,0.0,6.0,0.0,1.0,1205.0,0.0,154.0,0.0,00-0019641,205.74
2007,28,0.0,0.0,1.0,0.0,0.0,1119.0,0.0,217.0,1.0,00-0019641,173.60000000000002
2008,36,0.0,0.0,13.0,0.0,1.0,1312.0,0.0,207.0,2.0,00-0019641,275.90000000000003
2009,10,0.0,0.0,14.0,0.0,0.0,1402.0,0.0,58.0,0.0,00-0019641,240.00000000000003
2010,14,0.0,0.0,6.0,0.0,1.0,896.0,0.0,122.0,0.0,00-0019641,149.8
2011,5,0.0,0.0,0.0,0.0,0.0,478.0,0.0,43.0,0.0,00-0019641,57.1
2000,3,0.0,0.0,5.0,0.0,1.0,770.0,0.0,11.0,0.0,00-0019643,109.1
2001,8,0.0,0.0,7.0,0.0,1.0,690.0,1.0,67.0,0.0,00-0019643,125.7
2002,11,0.0,0.0,3.0,0.0,1.0,428.0,0.0,49.0,0.0,00-0019643,74.70000000000002
2004,1,0.0,0.0,1.0,0.0,0.0,179.0,0.0,7.0,0.0,00-0019643,25.6
2005,3,0.0,0.0,1.0,0.0,1.0,270.0,0.0,17.0,0.0,00-0019643,35.7
2006,14,0.0,0.0,5.0,0.0,0.0,612.0,1.0,77.0,0.0,00-0019643,114.9
2007,17,0.0,0.0,6.0,0.0,0.0,773.0,0.0,112.0,0.0,00-0019643,141.5
2000,0,0.0,0.0,0.0,0.0,1.0,0.0,0.0,0.0,0.0,00-0019710,-2.0
2001,0,0.0,0.0,0.0,0.0,0.0,0.0,0.0,0.0,0.0,00-0019710,0.0
2002,0,0.0,0.0,0.0,0.0,1.0,0.0,0.0,0.0,0.0,00-0019710,-2.0
2000,27,0.0,0.0,6.0,0.0,2.0,1364.0,1.0,296.0,0.0,00-0019693,227.0
2002,47,0.0,0.0,6.0,0.0,7.0,1327.0,0.0,442.0,1.0,00-0019693,251.90000000000003
2003,26,0.0,0.0,14.0,0.0,7.0,2063.0,0.0,205.0,0.0,00-0019693,322.8
2004,10,0.0,0.0,7.0,0.0,0.0,1006.0,0.0,116.0,0.0,00-0019693,164.20000000000002
2005,32,0.0,0.0,3.0,0.0,5.0,906.0,0.0,191.0,1.0,00-0019693,155.70000000000002
2006,18,0.0,0.0,9.0,0.0,2.0,1132.0,0.0,115.0,0.0,00-0019693,192.7
2007,30,0.0,0.0,9.0,0.0,2.0,1303.0,0.0,248.0,2.0,00-0019693,247.10000000000002
2008,23,0.0,0.0,4.0,0.0,1.0,1002.0,0.0,178.0,0.0,00-0019693,163.0
2009,8,0.0,0.0,0.0,0.0,0.0,500.0,1.0,88.0,0.0,00-0019693,68.8
1999,1,0.0,0.0,0.0,0.0,0.0,0.0,0.0,2.0,0.0,00-0000552,1.2
2000,23,0.0,0.0,1.0,0.0,0.0,37.0,0.0,168.0,1.0,00-0000552,55.5
2001,24,0.0,0.0,1.0,0.0,1.0,173.0,0.0,121.0,1.0,00-0000552,63.4
2003,12,0.0,0.0,0.0,0.0,0.0,-2.0,0.0,53.0,0.0,00-0000552,17.1
2004,19,0.0,0.0,3.0,0.0,0.0,122.0,0.0,171.0,1.0,00-0000552,72.30000000000001
2005,34,0.0,0.0,0.0,0.0,1.0,46.0,2.0,231.0,0.0,00-0000552,63.7
2006,17,0.0,0.0,0.0,0.0,0.0,37.0,0.0,139.0,0.0,00-0000552,34.6
2000,15,0.0,0.0,1.0,0.0,1.0,290.0,0.0,112.0,0.0,00-0019100,59.2
2001,26,0.0,0.0,0.0,0.0,1.0,71.0,0.0,185.0,0.0,00-0019100,49.6
2002,17,0.0,0.0,0.0,0.0,1.0,129.0,0.0,187.0,2.0,00-0019100,58.599999999999994
2003,12,0.0,0.0,0.0,0.0,1.0,21.0,0.0,72.0,1.0,00-0019100,25.3
2004,21,0.0,0.0,0.0,0.0,0.0,246.0,0.0,161.0,2.0,00-0019100,73.7
2005,14,0.0,0.0,0.0,0.0,0.0,22.0,0.0,87.0,0.0,00-0019100,24.9
2006,20,0.0,0.0,1.0,0.0,2.0,73.0,0.0,122.0,0.0,00-0019100,41.5
2007,10,0.0,0.0,0.0,0.0,0.0,39.0,0.0,58.0,0.0,00-0019100,19.700000000000003
2008,6,0.0,0.0,0.0,0.0,0.0,18.0,0.0,39.0,0.0,00-0019100,11.7
2009,4,0.0,0.0,1.0,0.0,0.0,52.0,0.0,23.0,1.0,00-0019100,23.5
1999,6,0.0,0.0,0.0,0.0,2.0,0.0,0.0,13.0,0.0,00-0009323,3.3
2000,10,0.0,0.0,0.0,0.0,0.0,43.0,0.0,98.0,0.0,00-0009323,24.1
2001,24,0.0,0.0,1.0,0.0,2.0,72.0,0.0,184.0,0.0,00-0009323,51.60000000000001
2002,37,0.0,0.0,0.0,0.0,0.0,17.0,0.0,393.0,1.0,00-0009323,84.0
2003,46,0.0,0.0,0.0,0.0,0.0,15.0,0.0,401.0,4.0,00-0009323,111.6
2004,2,0.0,0.0,0.0,0.0,0.0,0.0,0.0,24.0,0.0,00-0009323,4.4
2005,22,0.0,0.0,0.0,0.0,0.0,0.0,0.0,171.0,0.0,00-0009323,39.1
2006,7,0.0,0.0,0.0,0.0,0.0,0.0,0.0,47.0,0.0,00-0009323,11.7
2007,4,0.0,0.0,0.0,0.0,0.0,0.0,0.0,43.0,1.0,00-0009323,14.3
2008,6,0.0,0.0,0.0,0.0,0.0,0.0,0.0,92.0,0.0,00-0009323,15.200000000000001
2009,10,0.0,0.0,0.0,0.0,0.0,0.0,0.0,70.0,0.0,00-0009323,17.0
2010,17,0.0,0.0,0.0,0.0,0.0,0.0,0.0,148.0,0.0,00-0009323,31.8
2011,1,0.0,0.0,0.0,0.0,0.0,0.0,0.0,4.0,0.0,00-0009323,1.4
2000,0,0.0,0.0,3.0,0.0,1.0,121.0,0.0,0.0,0.0,00-0019471,28.1
2001,0,0.0,0.0,1.0,0.0,0.0,27.0,0.0,0.0,0.0,00-0019471,8.7
2000,0,307.0,2.0,0.0,1.0,0.0,-6.0,0.0,0.0,0.0,00-0010455,17.68
2001,0,22.0,0.0,0.0,0.0,0.0,-9.0,0.0,0.0,0.0,00-0010455,-0.020000000000000018
2002,0,1216.0,7.0,0.0,10.0,2.0,6.0,0.0,0.0,0.0,00-0010455,53.24
2004,0,188.0,0.0,0.0,0.0,0.0,0.0,0.0,0.0,0.0,00-0010455,7.5200000000000005
2005,0,1277.0,5.0,0.0,7.0,1.0,6.0,1.0,0.0,0.0,00-0010455,57.68
2006,0,208.0,1.0,0.0,1.0,1.0,0.0,0.0,0.0,0.0,00-0010455,8.32
2007,0,0.0,0.0,0.0,0.0,0.0,-3.0,0.0,0.0,0.0,00-0010455,-0.30000000000000004
2000,0,1821.0,11.0,0.0,17.0,5.0,54.0,0.0,0.0,0.0,00-0009715,78.24000000000001
2001,0,494.0,1.0,0.0,3.0,2.0,-7.0,0.0,0.0,0.0,00-0009715,13.060000000000002
2000,0,540.0,3.0,0.0,2.0,0.0,29.0,0.0,0.0,0.0,00-0007834,32.5
2001,0,127.0,1.0,0.0,0.0,0.0,11.0,0.0,0.0,0.0,00-0007834,10.18
2003,0,22.0,0.0,0.0,0.0,0.0,9.0,0.0,0.0,0.0,00-0007834,1.78
1999,22,0.0,0.0,0.0,0.0,0.0,0.0,0.0,238.0,1.0,00-0004888,51.8
2000,6,0.0,0.0,0.0,0.0,1.0,-2.0,0.0,97.0,1.0,00-0004888,19.5
2001,21,0.0,0.0,0.0,0.0,0.0,0.0,0.0,246.0,0.0,00-0004888,45.6
2000,5,0.0,0.0,2.0,0.0,2.0,313.0,0.0,41.0,0.0,00-0019647,48.4
2001,44,0.0,0.0,14.0,0.0,4.0,1318.0,0.0,343.0,2.0,00-0019647,298.1
2002,59,0.0,0.0,16.0,0.0,1.0,1175.0,0.0,460.0,2.0,00-0019647,328.5
2003,42,0.0,0.0,14.0,0.0,3.0,1435.0,0.0,295.0,2.0,00-0019647,305.0
2004,23,0.0,0.0,16.0,0.0,3.0,1688.0,0.0,170.0,4.0,00-0019647,322.8
2005,15,0.0,0.0,27.0,0.0,1.0,1880.0,0.0,78.0,1.0,00-0019647,376.8
2006,12,0.0,0.0,7.0,0.0,3.0,896.0,0.0,48.0,0.0,00-0019647,142.40000000000003
2007,14,0.0,0.0,4.0,0.0,0.0,716.0,0.0,76.0,1.0,00-0019647,123.2
2008,1,0.0,0.0,0.0,0.0,0.0,24.0,0.0,9.0,0.0,00-0019647,4.300000000000001
2000,8,0.0,0.0,0.0,0.0,0.0,-5.0,0.0,99.0,0.0,00-0019491,17.4
2001,12,0.0,0.0,0.0,0.0,0.0,0.0,0.0,212.0,1.0,00-0019491,39.2
2002,9,0.0,0.0,0.0,0.0,0.0,0.0,0.0,99.0,0.0,00-0019491,18.9
1999,40,0.0,0.0,0.0,0.0,0.0,0.0,0.0,698.0,6.0,00-0008313,145.8
2000,60,0.0,0.0,0.0,0.0,0.0,1.0,0.0,822.0,2.0,00-0008313,154.3
2001,37,0.0,0.0,0.0,0.0,0.0,0.0,1.0,539.0,2.0,00-0008313,104.9
2002,27,0.0,0.0,0.0,0.0,0.0,0.0,0.0,394.0,1.0,00-0008313,72.4
2003,6,0.0,0.0,0.0,0.0,0.0,3.0,0.0,46.0,0.0,00-0008313,10.9
2000,31,0.0,0.0,0.0,0.0,0.0,587.0,1.0,239.0,2.0,00-0002159,127.60000000000001
2001,9,0.0,0.0,2.0,0.0,0.0,341.0,0.0,59.0,0.0,00-0002159,61.0
2002,1,0.0,0.0,0.0,0.0,0.0,35.0,0.0,9.0,0.0,00-0002159,5.4
2003,54,0.0,0.0,3.0,0.0,0.0,606.0,0.0,340.0,0.0,00-0002159,166.6
2004,44,0.0,0.0,0.0,0.0,1.0,264.0,0.0,297.0,0.0,00-0002159,98.10000000000001
2005,37,0.0,0.0,1.0,0.0,1.0,306.0,0.0,284.0,0.0,00-0002159,100.0
2006,8,0.0,0.0,0.0,0.0,0.0,1.0,0.0,98.0,1.0,00-0002159,23.9
2000,35,0.0,0.0,4.0,0.0,0.0,324.0,0.0,262.0,1.0,00-0019484,123.60000000000001
2001,7,0.0,0.0,0.0,0.0,1.0,72.0,0.0,36.0,0.0,00-0019484,15.799999999999999
2002,3,0.0,0.0,0.0,0.0,0.0,5.0,0.0,48.0,0.0,00-0019484,8.3
2003,14,0.0,0.0,1.0,0.0,0.0,70.0,0.0,100.0,0.0,00-0019484,37.0
2004,22,0.0,0.0,6.0,0.0,0.0,523.0,0.0,124.0,0.0,00-0019484,122.70000000000002
2005,8,0.0,0.0,1.0,0.0,0.0,58.0,0.0,54.0,0.0,00-0019484,25.200000000000003
2006,21,0.0,0.0,1.0,0.0,2.0,400.0,0.0,162.0,0.0,00-0019484,79.2
2007,6,0.0,0.0,3.0,0.0,0.0,384.0,0.0,35.0,0.0,00-0019484,65.9
2008,17,0.0,0.0,7.0,0.0,1.0,727.0,0.0,161.0,0.0,00-0019484,145.79999999999998
2009,19,0.0,0.0,2.0,0.0,1.0,319.0,0.0,180.0,0.0,00-0019484,78.9
2010,7,0.0,0.0,0.0,0.0,1.0,56.0,0.0,77.0,0.0,00-0019484,18.3
2011,5,0.0,0.0,0.0,0.0,0.0,98.0,0.0,13.0,0.0,00-0019484,16.1
2000,23,0.0,0.0,15.0,0.0,3.0,1500.0,1.0,169.0,0.0,00-0019594,275.9
2001,8,0.0,0.0,4.0,0.0,1.0,678.0,1.0,46.0,0.0,00-0019594,104.39999999999999
2002,18,0.0,0.0,2.0,0.0,1.0,386.0,0.0,167.0,2.0,00-0019594,95.3
2003,12,0.0,0.0,3.0,0.0,0.0,257.0,0.0,53.0,2.0,00-0019594,73.0
2005,18,0.0,0.0,12.0,0.0,2.0,1014.0,0.0,212.0,1.0,00-0019594,214.60000000000002
2006,9,0.0,0.0,1.0,0.0,0.0,183.0,0.0,54.0,0.0,00-0019594,38.699999999999996
2007,4,0.0,0.0,0.0,0.0,2.0,62.0,0.0,26.0,0.0,00-0019594,8.8
2000,1,0.0,0.0,1.0,0.0,1.0,183.0,0.0,5.0,0.0,00-0019382,23.8
2001,6,0.0,0.0,0.0,0.0,0.0,17.0,0.0,45.0,0.0,00-0019382,12.2
2000,0,406.0,2.0,0.0,3.0,3.0,11.0,0.0,0.0,0.0,00-0019087,13.340000000000002
2001,0,23.0,1.0,0.0,0.0,1.0,12.0,0.0,0.0,0.0,00-0019087,4.12
2002,0,448.0,2.0,1.0,3.0,0.0,16.0,0.0,0.0,0.0,00-0019087,27.520000000000003
2003,0,1655.0,8.0,1.0,12.0,0.0,21.0,0.0,0.0,0.0,00-0019087,82.3
2004,0,68.0,0.0,0.0,0.0,0.0,-2.0,0.0,0.0,0.0,00-0019087,2.52
2000,1,0.0,0.0,0.0,0.0,1.0,31.0,0.0,15.0,0.0,00-0015601,3.6
2001,10,0.0,0.0,1.0,0.0,0.0,72.0,0.0,101.0,1.0,00-0015601,39.3
2002,13,0.0,0.0,0.0,0.0,2.0,174.0,0.0,69.0,0.0,00-0015601,33.300000000000004
2003,9,0.0,0.0,0.0,0.0,0.0,125.0,0.0,48.0,1.0,00-0015601,32.3
2004,29,0.0,0.0,2.0,0.0,1.0,244.0,0.0,174.0,0.0,00-0015601,80.80000000000001
2005,35,0.0,0.0,0.0,0.0,3.0,363.0,0.0,281.0,0.0,00-0015601,93.4
2006,19,0.0,0.0,0.0,0.0,0.0,11.0,0.0,190.0,0.0,00-0015601,39.1
2007,37,0.0,0.0,5.0,0.0,1.0,444.0,0.0,215.0,0.0,00-0015601,130.9
2008,9,0.0,0.0,0.0,0.0,0.0,43.0,0.0,52.0,1.0,00-0015601,24.5
2009,5,0.0,0.0,0.0,0.0,0.0,15.0,0.0,34.0,0.0,00-0015601,9.9
2000,39,0.0,0.0,0.0,0.0,1.0,33.0,0.0,411.0,0.0,00-0019650,81.4
2001,18,0.0,0.0,0.0,0.0,2.0,26.0,0.0,211.0,0.0,00-0019650,37.7
2002,38,0.0,0.0,1.0,0.0,2.0,104.0,1.0,591.0,5.0,00-0019650,141.5
2003,62,0.0,0.0,0.0,0.0,1.0,83.0,0.0,721.0,2.0,00-0019650,152.4
2004,55,0.0,0.0,0.0,0.0,1.0,19.0,0.0,806.0,2.0,00-0019650,147.5
2005,42,0.0,0.0,0.0,0.0,0.0,33.0,0.0,441.0,2.0,00-0019650,101.4
2006,22,0.0,0.0,0.0,0.0,1.0,32.0,0.0,228.0,0.0,00-0019650,46.0
2007,44,0.0,0.0,0.0,0.0,0.0,27.0,0.0,601.0,4.0,00-0019650,130.8
2008,44,0.0,0.0,0.0,0.0,1.0,9.0,0.0,545.0,2.0,00-0019650,109.4
2009,34,0.0,0.0,0.0,0.0,1.0,0.0,0.0,348.0,1.0,00-0019650,72.80000000000001
2000,19,0.0,0.0,3.0,0.0,1.0,324.0,0.0,168.0,0.0,00-0001098,84.2
2001,20,0.0,0.0,0.0,0.0,0.0,232.0,0.0,150.0,0.0,00-0001098,58.2
2002,18,0.0,0.0,0.0,0.0,1.0,155.0,0.0,109.0,0.0,00-0001098,42.4
2003,25,0.0,0.0,0.0,0.0,2.0,173.0,0.0,176.0,1.0,00-0001098,61.9
2004,0,0.0,0.0,1.0,0.0,0.0,17.0,0.0,0.0,0.0,00-0001098,7.7
2000,37,0.0,0.0,7.0,0.0,1.0,512.0,0.0,191.0,1.0,00-0019609,153.29999999999998
2001,1,0.0,0.0,2.0,0.0,0.0,13.0,0.0,10.0,0.0,00-0019609,15.3
2000,51,0.0,0.0,2.0,0.0,1.0,148.0,0.0,592.0,4.0,00-0019455,159.0
2001,70,0.0,0.0,0.0,0.0,2.0,14.0,0.0,667.0,1.0,00-0019455,140.10000000000002
2002,53,0.0,0.0,0.0,0.0,1.0,22.0,0.0,606.0,6.0,00-0019455,149.8
2003,80,0.0,0.0,0.0,0.0,1.0,143.0,0.0,833.0,7.0,00-0019455,217.60000000000002
2004,11,0.0,0.0,0.0,0.0,0.0,14.0,0.0,127.0,0.0,00-0019455,25.1
2005,11,0.0,0.0,0.0,0.0,0.0,5.0,0.0,180.0,0.0,00-0019455,29.5
2000,17,0.0,0.0,0.0,0.0,2.0,-4.0,0.0,219.0,0.0,00-0008357,34.5
2001,32,0.0,0.0,0.0,0.0,3.0,4.0,0.0,518.0,3.0,00-0008357,96.2
2002,21,0.0,0.0,0.0,0.0,0.0,6.0,0.0,250.0,1.0,00-0008357,52.6
2000,1,0.0,0.0,0.0,0.0,1.0,-2.0,0.0,0.0,0.0,00-0019028,-1.2000000000000002
2001,0,0.0,0.0,0.0,0.0,0.0,-1.0,0.0,0.0,0.0,00-0019028,-0.1
2000,6,0.0,0.0,0.0,0.0,0.0,2.0,0.0,126.0,0.0,00-0019481,18.8
2001,0,0.0,0.0,0.0,0.0,0.0,0.0,0.0,0.0,0.0,00-0019481,0.0
2000,20,0.0,0.0,1.0,0.0,0.0,406.0,0.0,126.0,2.0,00-0019722,91.19999999999999
2001,13,0.0,0.0,0.0,0.0,0.0,119.0,0.0,132.0,0.0,00-0019722,38.1
2002,2,0.0,0.0,0.0,0.0,0.0,2.0,0.0,5.0,0.0,00-0019722,2.7
2003,1,0.0,0.0,0.0,0.0,0.0,30.0,0.0,6.0,0.0,00-0019722,4.6
2004,32,0.0,0.0,0.0,0.0,1.0,119.0,0.0,233.0,0.0,00-0019722,65.2
2000,1,0.0,0.0,0.0,0.0,0.0,0.0,0.0,6.0,0.0,00-0004633,1.6
1999,69,0.0,0.0,0.0,0.0,2.0,0.0,0.0,1147.0,4.0,00-0006043,203.7
2000,79,0.0,0.0,0.0,0.0,0.0,39.0,0.0,963.0,6.0,00-0006043,215.20000000000002
2001,14,0.0,0.0,0.0,0.0,0.0,0.0,0.0,204.0,1.0,00-0006043,40.400000000000006
2002,56,0.0,0.0,0.0,0.0,1.0,0.0,0.0,817.0,2.0,00-0006043,147.7
2003,52,0.0,0.0,0.0,0.0,0.0,55.0,0.0,754.0,5.0,00-0006043,162.9
2004,24,0.0,0.0,0.0,0.0,0.0,-3.0,0.0,380.0,2.0,00-0006043,73.7
2005,62,0.0,0.0,1.0,0.0,0.0,-4.0,0.0,1129.0,7.0,00-0006043,222.5
2006,70,0.0,0.0,0.0,0.0,0.0,11.0,0.0,1047.0,6.0,00-0006043,211.8
2000,0,80.0,1.0,0.0,1.0,0.0,-1.0,0.0,0.0,0.0,00-0001272,5.1000000000000005
2000,1,0.0,0.0,0.0,0.0,0.0,6.0,0.0,1.0,0.0,00-0019025,1.7000000000000002
2001,0,0.0,0.0,0.0,0.0,0.0,-1.0,0.0,0.0,0.0,00-0019025,-0.1
2000,30,0.0,0.0,0.0,0.0,1.0,136.0,0.0,213.0,0.0,00-0019590,62.900000000000006
2002,3,0.0,0.0,0.0,0.0,1.0,8.0,0.0,19.0,0.0,00-0019590,3.7
2003,16,0.0,0.0,0.0,0.0,1.0,213.0,0.0,190.0,1.0,00-0019590,60.3
2005,0,0.0,0.0,0.0,0.0,0.0,0.0,0.0,0.0,0.0,00-0019590,0.0
2006,0,0.0,0.0,0.0,0.0,1.0,22.0,0.0,0.0,0.0,00-0019590,0.20000000000000018
2000,53,0.0,0.0,0.0,0.0,2.0,-1.0,0.0,713.0,6.0,00-0019663,156.2
2001,70,0.0,0.0,0.0,0.0,0.0,9.0,0.0,1081.0,8.0,00-0019663,227.0
2002,62,0.0,0.0,0.0,0.0,2.0,3.0,0.0,877.0,4.0,00-0019663,170.0
2003,68,0.0,0.0,0.0,0.0,1.0,0.0,0.0,1137.0,9.0,00-0019663,233.7
2004,87,0.0,0.0,0.0,0.0,1.0,0.0,1.0,1207.0,7.0,00-0019663,249.7
2005,38,0.0,0.0,0.0,0.0,0.0,7.0,0.0,482.0,3.0,00-0019663,104.9
2006,63,0.0,0.0,0.0,0.0,0.0,0.0,0.0,956.0,10.0,00-0019663,218.60000000000002
2007,46,0.0,0.0,0.0,0.0,0.0,0.0,0.0,497.0,3.0,00-0019663,113.7
2008,12,0.0,0.0,0.0,0.0,0.0,0.0,0.0,190.0,1.0,00-0019663,37.0
2000,1,0.0,0.0,0.0,0.0,0.0,6.0,0.0,4.0,0.0,00-0019649,2.0
2001,17,0.0,0.0,5.0,0.0,3.0,397.0,0.0,154.0,0.0,00-0019649,96.10000000000001
2002,4,0.0,0.0,0.0,0.0,1.0,48.0,0.0,31.0,0.0,00-0019649,9.9
2003,10,0.0,0.0,1.0,0.0,0.0,597.0,0.0,71.0,1.0,00-0019649,88.8
2000,0,0.0,0.0,0.0,0.0,1.0,0.0,0.0,0.0,0.0,00-0007512,-2.0
2000,0,0.0,0.0,0.0,0.0,0.0,0.0,0.0,0.0,0.0,00-0017127,0.0
2001,0,0.0,0.0,0.0,0.0,0.0,0.0,0.0,0.0,0.0,00-0017127,0.0
2002,0,0.0,0.0,0.0,0.0,0.0,0.0,0.0,0.0,0.0,00-0017127,0.0
2003,0,0.0,0.0,0.0,0.0,0.0,0.0,0.0,0.0,0.0,00-0017127,0.0
2000,14,0.0,0.0,0.0,0.0,1.0,28.0,0.0,154.0,1.0,00-0019604,36.2
2000,0,0.0,0.0,0.0,0.0,0.0,2.0,0.0,0.0,0.0,00-0004595,0.2
2000,4,0.0,0.0,0.0,0.0,0.0,58.0,0.0,17.0,0.0,00-0019533,11.5
2001,6,0.0,0.0,0.0,0.0,0.0,7.0,0.0,66.0,1.0,00-0019533,19.3
2002,0,0.0,0.0,0.0,0.0,0.0,27.0,0.0,0.0,0.0,00-0019533,2.7
2003,4,0.0,0.0,0.0,0.0,0.0,27.0,0.0,21.0,0.0,00-0019533,8.8
2004,28,0.0,0.0,0.0,0.0,0.0,141.0,0.0,215.0,0.0,00-0019533,63.6
2005,22,0.0,0.0,3.0,0.0,1.0,245.0,0.0,227.0,0.0,00-0019533,85.2
2006,2,0.0,0.0,0.0,0.0,1.0,21.0,0.0,24.0,0.0,00-0019533,4.5
2000,6,0.0,0.0,0.0,0.0,0.0,13.0,0.0,92.0,1.0,00-0019662,22.5
2001,8,0.0,0.0,0.0,0.0,2.0,0.0,0.0,152.0,1.0,00-0019662,25.200000000000003
2002,22,0.0,0.0,0.0,0.0,1.0,0.0,0.0,372.0,2.0,00-0019662,69.2
1999,0,0.0,0.0,0.0,0.0,0.0,0.0,0.0,0.0,0.0,00-0007749,0.0
2000,4,0.0,0.0,0.0,0.0,1.0,6.0,0.0,32.0,2.0,00-0007749,17.8
2000,0,19.0,0.0,0.0,0.0,0.0,0.0,0.0,0.0,0.0,00-0019709,0.76
2002,0,1034.0,7.0,0.0,3.0,2.0,8.0,0.0,0.0,0.0,00-0019709,60.16
2003,0,58.0,0.0,0.0,2.0,2.0,4.0,0.0,0.0,0.0,00-0019709,-5.279999999999999
2007,0,1079.0,10.0,0.0,5.0,1.0,16.0,0.0,0.0,0.0,00-0019709,72.75999999999999
2009,0,781.0,4.0,0.0,3.0,0.0,4.0,0.0,0.0,0.0,00-0019709,41.64
2010,0,20.0,0.0,0.0,0.0,0.0,-1.0,0.0,0.0,0.0,00-0019709,0.7000000000000001
2011,0,188.0,0.0,0.0,1.0,0.0,-6.0,0.0,0.0,0.0,00-0019709,4.92
2000,0,167.0,0.0,0.0,1.0,2.0,15.0,0.0,0.0,0.0,00-0019553,2.1799999999999997
2001,0,418.0,1.0,0.0,6.0,2.0,61.0,0.0,0.0,0.0,00-0019553,10.82
1999,0,0.0,0.0,0.0,0.0,0.0,0.0,0.0,0.0,0.0,00-0007798,0.0
2000,2,0.0,0.0,0.0,0.0,1.0,0.0,0.0,14.0,0.0,00-0007798,1.4000000000000001
2001,10,0.0,0.0,0.0,0.0,1.0,25.0,0.0,133.0,1.0,00-0007798,29.8
2000,1,0.0,0.0,0.0,0.0,1.0,81.0,0.0,7.0,0.0,00-0000781,7.8
2000,0,0.0,0.0,0.0,0.0,1.0,0.0,0.0,0.0,0.0,00-0001526,-2.0
1999,37,0.0,0.0,0.0,0.0,0.0,0.0,0.0,201.0,1.0,00-0010747,63.1
2000,17,0.0,0.0,0.0,0.0,1.0,8.0,0.0,122.0,2.0,00-0010747,40.0
2001,13,0.0,0.0,0.0,0.0,0.0,3.0,0.0,71.0,0.0,00-0010747,20.400000000000002
2002,22,0.0,0.0,0.0,0.0,1.0,1.0,0.0,96.0,3.0,00-0010747,47.7
2003,2,0.0,0.0,0.0,0.0,0.0,3.0,0.0,12.0,0.0,00-0010747,3.5
2004,2,0.0,0.0,0.0,0.0,0.0,0.0,0.0,23.0,0.0,00-0010747,4.300000000000001
2005,3,0.0,0.0,0.0,0.0,0.0,0.0,0.0,12.0,0.0,00-0010747,4.2
2006,3,0.0,0.0,0.0,0.0,0.0,0.0,0.0,13.0,1.0,00-0010747,10.3
2000,14,0.0,0.0,0.0,0.0,2.0,88.0,0.0,72.0,1.0,00-0019614,32.0
2001,16,0.0,0.0,0.0,0.0,1.0,247.0,0.0,99.0,1.0,00-0019614,54.6
2002,13,0.0,0.0,1.0,0.0,0.0,168.0,0.0,144.0,0.0,00-0019614,50.199999999999996
2000,0,0.0,0.0,0.0,0.0,0.0,26.0,0.0,0.0,0.0,00-0003140,2.6
2004,0,0.0,0.0,0.0,0.0,0.0,33.0,0.0,0.0,0.0,00-0003140,3.3000000000000003
2000,0,53.0,1.0,0.0,0.0,0.0,0.0,0.0,0.0,0.0,00-0019442,6.12
2001,0,314.0,3.0,1.0,5.0,1.0,27.0,0.0,0.0,0.0,00-0019442,21.26
2000,0,0.0,0.0,0.0,0.0,0.0,6.0,0.0,0.0,0.0,00-0019238,0.6000000000000001
2000,0,0.0,0.0,0.0,0.0,1.0,0.0,0.0,0.0,0.0,00-0010699,-2.0
2000,0,0.0,0.0,0.0,0.0,1.0,0.0,0.0,0.0,0.0,00-0018964,-2.0
2001,0,0.0,0.0,0.0,0.0,1.0,0.0,0.0,0.0,0.0,00-0018964,-2.0
1999,7,0.0,0.0,0.0,0.0,0.0,0.0,0.0,105.0,2.0,00-0014655,29.5
2000,8,0.0,0.0,0.0,0.0,0.0,2.0,0.0,78.0,2.0,00-0014655,28.0
2001,7,0.0,0.0,0.0,0.0,0.0,0.0,0.0,73.0,2.0,00-0014655,26.3
2004,1,0.0,0.0,0.0,0.0,0.0,0.0,0.0,14.0,0.0,00-0014655,2.4000000000000004
2005,12,0.0,0.0,1.0,0.0,0.0,1.0,0.0,72.0,7.0,00-0014655,67.3
2006,18,0.0,0.0,0.0,0.0,0.0,51.0,0.0,105.0,1.0,00-0014655,39.6
2007,17,0.0,0.0,2.0,0.0,0.0,78.0,0.0,117.0,1.0,00-0014655,54.5
2008,12,0.0,0.0,0.0,0.0,1.0,24.0,0.0,98.0,1.0,00-0014655,28.2
2009,17,0.0,0.0,0.0,0.0,1.0,0.0,0.0,176.0,2.0,00-0014655,44.6
2010,20,0.0,0.0,0.0,0.0,0.0,2.0,1.0,224.0,0.0,00-0014655,44.6
2011,1,0.0,0.0,0.0,0.0,0.0,0.0,0.0,15.0,0.0,00-0014655,2.5
2000,1,0.0,0.0,0.0,0.0,0.0,69.0,0.0,5.0,0.0,00-0018977,8.4
2001,19,0.0,0.0,5.0,0.0,1.0,760.0,0.0,230.0,1.0,00-0018977,152.0
2000,28,0.0,0.0,0.0,0.0,1.0,11.0,0.0,276.0,3.0,00-0019721,72.7
2001,42,0.0,0.0,0.0,0.0,0.0,46.0,0.0,560.0,3.0,00-0019721,120.6
2002,61,0.0,0.0,0.0,0.0,0.0,105.0,0.0,869.0,6.0,00-0019721,194.4
2003,39,0.0,0.0,0.0,0.0,0.0,62.0,0.0,632.0,3.0,00-0019721,126.4
2004,34,0.0,0.0,0.0,0.0,1.0,0.0,0.0,421.0,0.0,00-0019721,74.1
2005,50,0.0,0.0,0.0,0.0,0.0,3.0,0.0,604.0,4.0,00-0019721,134.7
2006,57,0.0,0.0,0.0,0.0,2.0,5.0,0.0,651.0,3.0,00-0019721,136.60000000000002
2007,1,0.0,0.0,0.0,0.0,0.0,0.0,0.0,4.0,0.0,00-0019721,1.4
1999,96,0.0,0.0,0.0,0.0,1.0,0.0,0.0,1253.0,8.0,00-0011795,267.3
2000,102,0.0,0.0,0.0,0.0,0.0,12.0,0.0,1183.0,6.0,00-0011795,257.5
2001,50,0.0,0.0,0.0,0.0,1.0,0.0,0.0,585.0,1.0,00-0011795,112.5
2002,63,0.0,0.0,0.0,0.0,0.0,40.0,0.0,823.0,3.0,00-0011795,167.3
2003,54,0.0,0.0,0.0,0.0,1.0,-2.0,0.0,837.0,3.0,00-0011795,153.5
2004,93,0.0,0.0,0.0,0.0,1.0,15.0,0.0,1405.0,16.0,00-0011795,329.0
2005,64,0.0,0.0,0.0,0.0,0.0,0.0,0.0,750.0,4.0,00-0011795,163.0
2006,60,0.0,0.0,0.0,0.0,1.0,0.0,0.0,863.0,5.0,00-0011795,174.3
2007,40,0.0,0.0,0.0,0.0,0.0,0.0,0.0,570.0,3.0,00-0011795,115.0
2008,65,0.0,0.0,0.0,0.0,1.0,0.0,0.0,923.0,5.0,00-0011795,185.3
2009,53,0.0,0.0,0.0,0.0,0.0,0.0,0.0,581.0,1.0,00-0011795,117.1
2000,0,2063.0,16.0,1.0,5.0,2.0,69.0,0.0,0.0,0.0,00-0006355,145.42
2001,1,3783.0,17.0,0.0,24.0,4.0,158.0,3.0,1.0,0.0,00-0006355,186.22
2002,0,3690.0,26.0,1.0,13.0,0.0,225.0,1.0,0.0,0.0,00-0006355,256.1
2003,0,4039.0,24.0,2.0,12.0,1.0,83.0,0.0,0.0,0.0,00-0006355,251.86
2004,0,4589.0,27.0,0.0,17.0,4.0,85.0,1.0,0.0,0.0,00-0006355,260.06
2005,0,4014.0,17.0,0.0,10.0,4.0,82.0,1.0,0.0,0.0,00-0006355,210.76
2006,0,1342.0,7.0,0.0,9.0,3.0,59.0,0.0,0.0,0.0,00-0006355,63.580000000000005
2007,0,987.0,5.0,0.0,7.0,0.0,32.0,0.0,0.0,0.0,00-0006355,48.68000000000001
2008,0,525.0,0.0,0.0,6.0,0.0,4.0,0.0,0.0,0.0,00-0006355,9.4
2000,0,0.0,0.0,0.0,0.0,0.0,0.0,0.0,0.0,0.0,00-0005432,0.0
2000,13,0.0,0.0,0.0,0.0,0.0,145.0,0.0,100.0,0.0,00-0019057,37.5
2001,44,0.0,0.0,5.0,0.0,1.0,443.0,1.0,418.0,1.0,00-0019057,166.10000000000002
2002,63,0.0,0.0,3.0,0.0,0.0,470.0,0.0,452.0,0.0,00-0019057,173.2
2003,46,0.0,0.0,1.0,0.0,1.0,266.0,0.0,303.0,1.0,00-0019057,112.89999999999999
2004,6,0.0,0.0,0.0,0.0,0.0,82.0,0.0,21.0,0.0,00-0019057,16.3
2005,0,0.0,0.0,0.0,0.0,0.0,17.0,0.0,0.0,0.0,00-0019057,1.7000000000000002
2000,4,0.0,0.0,0.0,0.0,0.0,36.0,0.0,20.0,0.0,00-0006989,9.6
2000,0,0.0,0.0,0.0,0.0,0.0,0.0,0.0,0.0,0.0,00-0001231,0.0
2004,0,0.0,0.0,0.0,0.0,0.0,0.0,0.0,0.0,0.0,00-0001231,0.0
2010,0,0.0,0.0,0.0,0.0,0.0,0.0,0.0,0.0,0.0,00-0001231,0.0
2000,0,1514.0,9.0,2.0,6.0,1.0,170.0,0.0,0.0,0.0,00-0001823,111.56
2001,0,3832.0,26.0,1.0,22.0,2.0,358.0,1.0,0.0,0.0,00-0001823,253.07999999999998
2002,0,3572.0,27.0,2.0,15.0,5.0,253.0,4.0,0.0,0.0,00-0001823,256.18
2003,0,3546.0,24.0,2.0,8.0,11.0,183.0,0.0,0.0,0.0,00-0001823,230.14000000000001
2004,1,3810.0,21.0,4.0,16.0,2.0,199.0,1.0,1.0,0.0,00-0001823,247.4
2005,0,2882.0,13.0,2.0,17.0,2.0,281.0,0.0,0.0,0.0,00-0001823,169.38
2006,0,1105.0,3.0,0.0,8.0,3.0,124.0,0.0,0.0,0.0,00-0001823,46.6
1999,60,0.0,0.0,0.0,0.0,1.0,0.0,0.0,754.0,4.0,00-0012478,157.4
2000,97,0.0,0.0,0.0,0.0,2.0,11.0,1.0,1451.0,13.0,00-0012478,319.2
2001,93,0.0,0.0,0.0,0.0,0.0,21.0,0.0,1412.0,16.0,00-0012478,332.3
2002,100,0.0,0.0,1.0,0.0,0.0,79.0,0.0,1300.0,13.0,00-0012478,321.9
2003,80,0.0,0.0,0.0,0.0,0.0,-2.0,0.0,1102.0,9.0,00-0012478,244.0
2004,77,0.0,0.0,0.0,0.0,1.0,-5.0,0.0,1200.0,14.0,00-0012478,278.5
2005,47,0.0,0.0,0.0,0.0,0.0,2.0,0.0,763.0,6.0,00-0012478,159.5
2006,85,0.0,0.0,0.0,0.0,0.0,0.0,1.0,1180.0,13.0,00-0012478,283.0
2007,81,0.0,0.0,0.0,0.0,0.0,5.0,0.0,1355.0,15.0,00-0012478,307.0
2008,69,0.0,0.0,0.0,0.0,1.0,33.0,0.0,1052.0,10.0,00-0012478,235.5
2009,55,0.0,0.0,1.0,0.0,0.0,54.0,0.0,829.0,5.0,00-0012478,179.3
2010,72,0.0,0.0,0.0,0.0,0.0,0.0,0.0,983.0,9.0,00-0012478,224.3
1999,34,0.0,0.0,0.0,0.0,0.0,0.0,1.0,429.0,3.0,00-0015751,96.9
2000,30,0.0,0.0,0.0,0.0,0.0,6.0,1.0,524.0,3.0,00-0015751,103.0
2001,54,0.0,0.0,0.0,0.0,0.0,0.0,0.0,585.0,7.0,00-0015751,154.5
2002,32,0.0,0.0,0.0,0.0,0.0,0.0,0.0,332.0,1.0,00-0015751,71.2
2003,15,0.0,0.0,0.0,0.0,0.0,0.0,0.0,154.0,0.0,00-0015751,30.4
2000,22,0.0,0.0,0.0,0.0,0.0,15.0,1.0,370.0,1.0,00-0018958,68.5
2001,59,0.0,0.0,0.0,0.0,0.0,108.0,0.0,868.0,7.0,00-0018958,198.60000000000002
2002,89,0.0,0.0,0.0,0.0,0.0,39.0,1.0,1264.0,5.0,00-0018958,251.3
2003,82,0.0,0.0,0.0,0.0,0.0,39.0,0.0,1204.0,6.0,00-0018958,242.3
2004,90,0.0,0.0,0.0,0.0,1.0,-3.0,0.0,950.0,1.0,00-0018958,188.7
2005,73,0.0,0.0,0.0,0.0,0.0,0.0,0.0,845.0,5.0,00-0018958,187.5
2006,91,0.0,0.0,0.0,0.0,0.0,14.0,0.0,1079.0,6.0,00-0018958,236.3
2007,55,0.0,0.0,0.0,0.0,0.0,0.0,0.0,646.0,6.0,00-0018958,155.60000000000002
2008,70,0.0,0.0,0.0,0.0,0.0,9.0,0.0,839.0,7.0,00-0018958,196.8
2009,43,0.0,0.0,0.0,0.0,0.0,10.0,0.0,514.0,5.0,00-0018958,125.4
2000,0,0.0,0.0,0.0,0.0,0.0,0.0,0.0,0.0,0.0,00-0019096,0.0
2000,24,0.0,0.0,3.0,0.0,1.0,334.0,0.0,275.0,1.0,00-0000534,106.9
2000,0,0.0,0.0,0.0,0.0,0.0,4.0,1.0,0.0,0.0,00-0010174,2.4
2000,12,0.0,0.0,0.0,0.0,0.0,131.0,0.0,65.0,0.0,00-0019587,31.6
2001,4,0.0,0.0,0.0,0.0,0.0,8.0,0.0,30.0,2.0,00-0019587,19.8
2002,9,0.0,0.0,0.0,0.0,1.0,11.0,0.0,30.0,0.0,00-0019587,11.1
2003,6,0.0,0.0,0.0,0.0,0.0,0.0,0.0,28.0,0.0,00-0019587,8.8
2004,7,0.0,0.0,0.0,0.0,0.0,9.0,0.0,39.0,0.0,00-0019587,11.8
2005,12,0.0,0.0,0.0,0.0,0.0,9.0,0.0,58.0,1.0,00-0019587,24.7
2006,8,0.0,0.0,0.0,0.0,0.0,14.0,0.0,21.0,0.0,00-0019587,11.5
2007,7,0.0,0.0,0.0,0.0,0.0,3.0,0.0,59.0,0.0,00-0019587,13.2
2008,2,0.0,0.0,0.0,0.0,0.0,0.0,0.0,24.0,0.0,00-0019587,4.4
2009,2,0.0,0.0,0.0,0.0,0.0,0.0,0.0,7.0,0.0,00-0019587,2.7
2000,0,0.0,0.0,0.0,0.0,0.0,37.0,0.0,0.0,0.0,00-0010632,3.7
2001,0,0.0,0.0,0.0,0.0,0.0,2.0,0.0,0.0,0.0,00-0010632,0.2
2002,0,0.0,0.0,0.0,0.0,0.0,11.0,0.0,0.0,0.0,00-0010632,1.1
2003,0,0.0,0.0,0.0,0.0,0.0,13.0,0.0,0.0,0.0,00-0010632,1.3
2004,0,0.0,0.0,0.0,0.0,0.0,54.0,0.0,0.0,0.0,00-0010632,5.4
2005,0,0.0,0.0,0.0,0.0,2.0,0.0,0.0,0.0,0.0,00-0010632,-4.0
2006,0,0.0,0.0,1.0,0.0,0.0,12.0,0.0,0.0,0.0,00-0010632,7.2
2000,0,0.0,0.0,0.0,0.0,0.0,-5.0,0.0,0.0,0.0,00-0019676,-0.5
2000,0,0.0,0.0,0.0,0.0,0.0,24.0,0.0,0.0,0.0,00-0019466,2.4000000000000004
2001,1,0.0,0.0,0.0,0.0,0.0,48.0,0.0,9.0,0.0,00-0019466,6.700000000000001
2002,0,0.0,0.0,0.0,0.0,0.0,19.0,0.0,0.0,0.0,00-0019466,1.9000000000000001
2000,0,0.0,0.0,0.0,0.0,2.0,0.0,0.0,0.0,0.0,00-0019645,-4.0
2001,0,0.0,0.0,0.0,0.0,0.0,0.0,0.0,0.0,0.0,00-0019645,0.0
2002,0,0.0,0.0,0.0,0.0,0.0,0.0,0.0,0.0,0.0,00-0019645,0.0
2003,2,0.0,0.0,0.0,0.0,1.0,0.0,0.0,4.0,0.0,00-0019645,0.4
2000,0,0.0,0.0,1.0,0.0,1.0,55.0,0.0,0.0,0.0,00-0018971,9.5
2000,0,0.0,0.0,0.0,0.0,0.0,0.0,0.0,0.0,0.0,00-0000838,0.0
2000,1,0.0,0.0,0.0,0.0,1.0,3.0,0.0,5.0,0.0,00-0019552,-0.19999999999999996
2001,0,0.0,0.0,0.0,0.0,1.0,0.0,0.0,0.0,0.0,00-0019552,-2.0
2002,18,0.0,0.0,0.0,0.0,3.0,33.0,0.0,207.0,0.0,00-0019552,36.0
2003,36,0.0,0.0,0.0,0.0,0.0,6.0,0.0,456.0,3.0,00-0019552,100.2
2004,1,0.0,0.0,0.0,0.0,0.0,0.0,0.0,5.0,0.0,00-0019552,1.5
2005,14,0.0,0.0,0.0,0.0,0.0,0.0,0.0,152.0,3.0,00-0019552,47.2
2006,23,0.0,0.0,0.0,0.0,2.0,0.0,0.0,209.0,2.0,00-0019552,51.900000000000006
2007,9,0.0,0.0,0.0,0.0,0.0,0.0,0.0,101.0,1.0,00-0019552,25.1
2000,0,0.0,0.0,0.0,0.0,0.0,3.0,0.0,0.0,0.0,00-0009886,0.30000000000000004
1999,48,0.0,0.0,0.0,0.0,0.0,0.0,0.0,631.0,3.0,00-0002962,129.1
2000,69,0.0,0.0,0.0,0.0,0.0,-3.0,0.0,937.0,8.0,00-0002962,210.4
2001,56,0.0,0.0,0.0,0.0,0.0,0.0,0.0,750.0,1.0,00-0002962,137.0
2002,51,0.0,0.0,0.0,0.0,2.0,0.0,0.0,691.0,9.0,00-0002962,170.10000000000002
2003,27,0.0,0.0,0.0,0.0,0.0,0.0,0.0,289.0,1.0,00-0002962,61.900000000000006
2004,31,0.0,0.0,0.0,0.0,0.0,0.0,0.0,397.0,1.0,00-0002962,76.7
2005,15,0.0,0.0,0.0,0.0,0.0,0.0,0.0,153.0,0.0,00-0002962,30.3
2000,0,0.0,0.0,0.0,0.0,0.0,15.0,0.0,0.0,0.0,00-0000108,1.5
2002,0,0.0,0.0,0.0,0.0,0.0,10.0,0.0,0.0,0.0,00-0000108,1.0
2006,0,11.0,0.0,0.0,0.0,0.0,0.0,0.0,0.0,0.0,00-0000108,0.44
2011,0,14.0,1.0,0.0,0.0,0.0,0.0,0.0,0.0,0.0,00-0000108,4.5600000000000005
1999,80,0.0,0.0,0.0,0.0,0.0,0.0,0.0,1129.0,5.0,00-0011727,222.9
2000,61,0.0,0.0,0.0,0.0,1.0,25.0,1.0,788.0,3.0,00-0011727,160.3
2001,77,0.0,0.0,0.0,0.0,1.0,6.0,0.0,1154.0,4.0,00-0011727,215.0
2002,29,0.0,0.0,0.0,0.0,0.0,124.0,0.0,397.0,1.0,00-0011727,87.1
2003,50,0.0,0.0,0.0,0.0,0.0,94.0,0.0,740.0,4.0,00-0011727,157.4
2004,55,0.0,0.0,0.0,0.0,1.0,43.0,0.0,795.0,3.0,00-0011727,154.8
2005,21,0.0,0.0,0.0,0.0,0.0,0.0,0.0,288.0,0.0,00-0011727,49.8
2000,17,0.0,0.0,0.0,0.0,2.0,31.0,0.0,161.0,1.0,00-0019231,38.2
2001,22,0.0,0.0,0.0,0.0,0.0,6.0,0.0,283.0,0.0,00-0019231,50.900000000000006
2002,14,0.0,0.0,0.0,0.0,0.0,0.0,0.0,152.0,0.0,00-0019231,29.200000000000003
2003,1,0.0,0.0,0.0,0.0,0.0,0.0,0.0,7.0,0.0,00-0019231,1.7000000000000002
2000,2,0.0,0.0,0.0,0.0,0.0,72.0,0.0,55.0,0.0,00-0019673,14.7
2001,0,0.0,0.0,1.0,0.0,0.0,27.0,0.0,0.0,0.0,00-0019673,8.7
2002,5,0.0,0.0,0.0,0.0,0.0,90.0,0.0,33.0,0.0,00-0019673,17.3
2003,5,0.0,0.0,0.0,0.0,0.0,5.0,0.0,45.0,0.0,00-0019673,10.0
2005,6,0.0,0.0,0.0,0.0,1.0,16.0,0.0,49.0,0.0,00-0019673,10.5
2000,42,31.0,0.0,0.0,0.0,3.0,0.0,0.0,566.0,0.0,00-0019726,93.84
2000,0,0.0,0.0,0.0,0.0,0.0,0.0,0.0,0.0,0.0,00-0019539,0.0
2001,0,0.0,0.0,0.0,0.0,1.0,10.0,0.0,0.0,0.0,00-0019539,-1.0
2002,20,0.0,0.0,0.0,0.0,1.0,54.0,0.0,322.0,3.0,00-0019539,73.6
2003,40,0.0,0.0,0.0,0.0,1.0,66.0,0.0,423.0,1.0,00-0019539,92.9
2004,25,0.0,0.0,0.0,0.0,1.0,56.0,0.0,230.0,0.0,00-0019539,51.6
2005,34,0.0,0.0,0.0,0.0,2.0,11.0,0.0,436.0,3.0,00-0019539,92.7
2006,26,0.0,0.0,0.0,0.0,1.0,11.0,0.0,204.0,2.0,00-0019539,57.5
2007,5,0.0,0.0,0.0,0.0,1.0,18.0,0.0,27.0,0.0,00-0019539,7.5
2008,12,0.0,0.0,0.0,0.0,0.0,9.0,0.0,105.0,0.0,00-0019539,23.4
2000,0,0.0,0.0,0.0,0.0,0.0,39.0,0.0,0.0,0.0,00-0008075,3.9000000000000004
2004,0,0.0,0.0,0.0,0.0,0.0,0.0,0.0,0.0,0.0,00-0008075,0.0
2000,0,0.0,0.0,0.0,0.0,0.0,0.0,0.0,0.0,0.0,00-0017460,0.0
2000,0,0.0,0.0,0.0,0.0,1.0,0.0,0.0,0.0,0.0,00-0006927,-2.0
1999,1,0.0,0.0,0.0,0.0,0.0,0.0,0.0,11.0,0.0,00-0003400,2.1
2000,5,0.0,0.0,0.0,0.0,0.0,23.0,0.0,40.0,0.0,00-0003400,11.3
2001,38,0.0,0.0,1.0,0.0,2.0,28.0,0.0,431.0,4.0,00-0003400,109.9
2002,34,0.0,0.0,1.0,0.0,0.0,30.0,0.0,419.0,2.0,00-0003400,96.9
2003,26,0.0,0.0,0.0,0.0,0.0,0.0,0.0,290.0,2.0,00-0003400,67.0
2004,10,0.0,0.0,0.0,0.0,0.0,0.0,0.0,102.0,1.0,00-0003400,26.200000000000003
2005,13,0.0,0.0,0.0,0.0,1.0,0.0,0.0,165.0,1.0,00-0003400,33.5
2006,8,0.0,0.0,0.0,0.0,0.0,0.0,0.0,57.0,1.0,00-0003400,19.7
1999,84,0.0,0.0,0.0,0.0,0.0,0.0,0.0,1400.0,9.0,00-0013888,278.0
2000,55,0.0,0.0,0.0,0.0,1.0,9.0,0.0,738.0,5.0,00-0013888,157.7
2001,23,0.0,0.0,0.0,0.0,0.0,0.0,0.0,269.0,2.0,00-0013888,61.900000000000006
2002,21,0.0,0.0,0.0,0.0,0.0,0.0,0.0,244.0,3.0,00-0013888,63.400000000000006
2003,31,0.0,0.0,0.0,0.0,0.0,0.0,0.0,451.0,6.0,00-0013888,112.1
2004,47,0.0,0.0,0.0,0.0,0.0,0.0,0.0,657.0,8.0,00-0013888,160.7
2005,31,0.0,0.0,0.0,0.0,0.0,0.0,1.0,515.0,5.0,00-0013888,114.5
2006,29,0.0,0.0,0.0,0.0,0.0,0.0,0.0,381.0,4.0,00-0013888,91.1
2000,0,13.0,0.0,0.0,0.0,0.0,0.0,0.0,0.0,0.0,00-0000098,0.52
1999,12,0.0,0.0,0.0,0.0,0.0,0.0,0.0,144.0,0.0,00-0012321,26.4
2000,2,0.0,0.0,0.0,0.0,0.0,0.0,0.0,24.0,0.0,00-0012321,4.4
2001,6,0.0,0.0,0.0,0.0,3.0,0.0,0.0,73.0,1.0,00-0012321,13.3
1999,74,0.0,0.0,0.0,0.0,1.0,0.0,0.0,1051.0,5.0,00-0014489,207.10000000000002
2000,65,0.0,0.0,0.0,0.0,1.0,11.0,0.0,999.0,4.0,00-0014489,188.0
2001,53,0.0,0.0,0.0,0.0,0.0,6.0,0.0,918.0,9.0,00-0014489,199.4
2002,36,0.0,0.0,0.0,0.0,0.0,0.0,1.0,595.0,5.0,00-0014489,127.5
2003,36,0.0,0.0,0.0,0.0,0.0,0.0,0.0,397.0,2.0,00-0014489,87.7
2004,7,0.0,0.0,0.0,0.0,0.0,0.0,0.0,156.0,1.0,00-0014489,28.6
2000,22,0.0,0.0,0.0,0.0,0.0,0.0,0.0,253.0,0.0,00-0008841,47.3
2001,5,0.0,0.0,0.0,0.0,1.0,0.0,0.0,29.0,0.0,00-0008841,5.9
2000,0,0.0,0.0,0.0,0.0,1.0,-2.0,0.0,0.0,0.0,00-0019579,-2.2
2000,0,0.0,0.0,0.0,0.0,0.0,0.0,0.0,0.0,0.0,00-0019440,0.0
2000,0,0.0,0.0,0.0,0.0,0.0,0.0,0.0,0.0,0.0,00-0001896,0.0
2000,0,0.0,0.0,1.0,0.0,0.0,1.0,0.0,0.0,0.0,00-0018949,6.1
2001,0,0.0,0.0,1.0,0.0,0.0,8.0,0.0,0.0,0.0,00-0018949,6.8
1999,7,0.0,0.0,0.0,0.0,0.0,0.0,0.0,70.0,0.0,00-0010843,14.0
2000,25,0.0,0.0,1.0,0.0,0.0,49.0,0.0,250.0,0.0,00-0010843,60.9
2001,7,0.0,0.0,0.0,0.0,2.0,0.0,0.0,43.0,1.0,00-0010843,13.3
1999,2,0.0,0.0,0.0,0.0,0.0,0.0,0.0,25.0,0.0,00-0015811,4.5
2000,19,0.0,0.0,0.0,0.0,1.0,0.0,0.0,287.0,0.0,00-0015811,45.7
2001,28,0.0,0.0,0.0,0.0,0.0,0.0,0.0,345.0,1.0,00-0015811,68.5
2002,72,0.0,0.0,0.0,0.0,0.0,0.0,0.0,756.0,5.0,00-0015811,177.60000000000002
2003,47,0.0,0.0,0.0,0.0,0.0,0.0,0.0,595.0,7.0,00-0015811,148.5
2004,28,0.0,0.0,0.0,0.0,0.0,0.0,1.0,260.0,1.0,00-0015811,62.0
1999,57,0.0,0.0,0.0,0.0,0.0,0.0,0.0,968.0,2.0,00-0006210,165.8
2000,55,0.0,0.0,0.0,0.0,0.0,0.0,0.0,907.0,4.0,00-0006210,169.7
2001,52,0.0,0.0,0.0,0.0,1.0,0.0,0.0,811.0,5.0,00-0006210,161.10000000000002
2000,0,0.0,0.0,1.0,0.0,0.0,156.0,0.0,0.0,0.0,00-0011573,21.6
2000,4,0.0,0.0,0.0,0.0,1.0,1.0,0.0,13.0,1.0,00-0005229,9.4
2001,0,0.0,0.0,0.0,0.0,0.0,0.0,0.0,0.0,0.0,00-0005229,0.0
2002,6,0.0,0.0,0.0,0.0,1.0,8.0,0.0,31.0,0.0,00-0005229,7.9
2003,13,0.0,0.0,0.0,0.0,0.0,0.0,0.0,88.0,0.0,00-0005229,21.8
2004,15,0.0,0.0,0.0,0.0,0.0,7.0,0.0,112.0,0.0,00-0005229,26.9
2005,13,0.0,0.0,0.0,0.0,0.0,0.0,0.0,98.0,0.0,00-0005229,22.8
2006,8,0.0,0.0,0.0,0.0,0.0,14.0,0.0,54.0,0.0,00-0005229,14.8
2000,0,0.0,0.0,0.0,0.0,0.0,11.0,0.0,0.0,0.0,00-0015194,1.1
2003,0,0.0,0.0,1.0,0.0,0.0,21.0,0.0,0.0,0.0,00-0015194,8.1
2004,0,0.0,0.0,0.0,0.0,0.0,2.0,0.0,0.0,0.0,00-0015194,0.2
2005,0,0.0,0.0,0.0,0.0,0.0,0.0,0.0,0.0,0.0,00-0015194,0.0
2009,0,35.0,1.0,1.0,1.0,0.0,8.0,0.0,0.0,0.0,00-0015194,10.2
1999,14,0.0,0.0,0.0,0.0,0.0,0.0,0.0,163.0,0.0,00-0012637,30.3
2000,50,0.0,0.0,0.0,0.0,0.0,3.0,0.0,646.0,3.0,00-0012637,132.9
2001,24,0.0,0.0,0.0,0.0,0.0,-8.0,0.0,330.0,2.0,00-0012637,68.2
2002,43,0.0,0.0,0.0,0.0,0.0,0.0,0.0,523.0,4.0,00-0012637,119.30000000000001
2003,44,0.0,0.0,0.0,0.0,1.0,0.0,0.0,557.0,3.0,00-0012637,115.7
2004,34,0.0,0.0,0.0,0.0,1.0,0.0,0.0,581.0,1.0,00-0012637,96.1
2005,1,0.0,0.0,0.0,0.0,0.0,0.0,0.0,18.0,0.0,00-0012637,2.8
1999,39,0.0,0.0,0.0,0.0,0.0,0.0,0.0,555.0,9.0,00-0004574,148.5
2000,29,0.0,0.0,0.0,0.0,0.0,-7.0,0.0,350.0,4.0,00-0004574,87.3
2001,9,0.0,0.0,0.0,0.0,0.0,0.0,0.0,115.0,0.0,00-0004574,20.5
2002,16,0.0,0.0,0.0,0.0,0.0,0.0,0.0,192.0,3.0,00-0004574,53.2
2003,7,0.0,0.0,0.0,0.0,0.0,0.0,0.0,42.0,1.0,00-0004574,17.2
2004,3,0.0,0.0,0.0,0.0,0.0,0.0,0.0,48.0,0.0,00-0004574,7.800000000000001
2000,2,0.0,0.0,0.0,0.0,0.0,4.0,0.0,4.0,0.0,00-0003600,2.8
2001,0,34.0,0.0,0.0,0.0,0.0,20.0,0.0,0.0,0.0,00-0003600,3.3600000000000003
2000,0,0.0,0.0,0.0,0.0,1.0,0.0,0.0,0.0,0.0,00-0011796,-2.0
1999,20,0.0,0.0,0.0,0.0,0.0,0.0,0.0,163.0,2.0,00-0005822,48.3
2000,6,0.0,0.0,0.0,0.0,0.0,2.0,0.0,30.0,1.0,00-0005822,15.2
2001,9,0.0,0.0,0.0,0.0,0.0,-1.0,0.0,80.0,1.0,00-0005822,22.9
2003,11,0.0,0.0,0.0,0.0,0.0,3.0,0.0,83.0,0.0,00-0005822,19.6
2000,0,0.0,0.0,0.0,0.0,1.0,0.0,0.0,0.0,0.0,00-0010944,-2.0
2000,0,6.0,0.0,0.0,0.0,0.0,0.0,0.0,0.0,0.0,00-0019596,0.24
2001,1,2843.0,18.0,0.0,12.0,3.0,43.0,0.0,23.0,0.0,00-0019596,163.32000000000002
2002,0,3764.0,28.0,1.0,14.0,5.0,110.0,2.0,0.0,0.0,00-0019596,245.56
2003,0,3620.0,23.0,1.0,12.0,5.0,63.0,0.0,0.0,0.0,00-0019596,215.10000000000002
2004,0,3690.0,28.0,0.0,14.0,5.0,28.0,0.0,0.0,0.0,00-0019596,224.40000000000003
2005,0,4110.0,26.0,1.0,14.0,3.0,89.0,0.0,0.0,0.0,00-0019596,249.29999999999998
2006,0,3533.0,24.0,0.0,12.0,4.0,102.0,2.0,0.0,0.0,00-0019596,219.51999999999998
2007,0,4806.0,50.0,2.0,8.0,4.0,98.0,0.0,0.0,0.0,00-0019596,390.04
2008,0,76.0,0.0,0.0,0.0,0.0,0.0,0.0,0.0,0.0,00-0019596,3.04
2009,0,4398.0,28.0,1.0,13.0,2.0,44.0,1.0,0.0,0.0,00-0019596,270.32
2010,0,3900.0,36.0,1.0,4.0,1.0,30.0,0.0,0.0,0.0,00-0019596,299.0
2011,0,5235.0,39.0,3.0,12.0,2.0,109.0,0.0,0.0,0.0,00-0019596,366.29999999999995
2012,0,4827.0,34.0,4.0,8.0,0.0,32.0,0.0,0.0,0.0,00-0019596,340.28000000000003
2013,0,4343.0,25.0,0.0,11.0,3.0,18.0,2.0,0.0,0.0,00-0019596,251.52000000000004
2014,0,4109.0,33.0,0.0,9.0,3.0,57.0,0.0,0.0,0.0,00-0019596,278.06
2015,1,4770.0,36.0,3.0,7.0,2.0,53.0,0.0,36.0,0.0,00-0019596,344.70000000000005
2016,0,3554.0,28.0,0.0,2.0,0.0,64.0,1.0,0.0,0.0,00-0019596,258.56
2017,0,4577.0,32.0,0.0,8.0,3.0,28.0,2.0,0.0,0.0,00-0019596,295.88000000000005
2018,1,4355.0,29.0,2.0,11.0,2.0,35.0,0.0,6.0,0.0,00-0019596,281.30000000000007
2019,0,4057.0,24.0,3.0,8.0,1.0,34.0,1.0,0.0,0.0,00-0019596,263.67999999999995
2020,0,4633.0,40.0,3.0,12.0,1.0,6.0,0.0,0.0,0.0,00-0019596,337.92
2021,0,4990.0,40.0,2.0,12.0,3.0,81.0,0.0,0.0,0.0,00-0019596,349.70000000000005
2022,0,4610.0,24.0,1.0,9.0,4.0,-1.0,2.0,0.0,0.0,00-0019596,264.29999999999995
2000,0,8.0,0.0,0.0,0.0,0.0,0.0,0.0,0.0,0.0,00-0019278,0.32
2000,0,0.0,0.0,0.0,0.0,0.0,-2.0,0.0,0.0,0.0,00-0013338,-0.2
2001,0,361.0,1.0,0.0,1.0,3.0,42.0,0.0,0.0,0.0,00-0013338,14.639999999999997
2002,0,0.0,0.0,0.0,0.0,0.0,-1.0,0.0,0.0,0.0,00-0013338,-0.1
2004,0,413.0,1.0,0.0,3.0,0.0,35.0,0.0,0.0,0.0,00-0013338,18.02
2000,1,0.0,0.0,0.0,0.0,1.0,0.0,0.0,1.0,0.0,00-0019127,-0.9
2001,4,0.0,0.0,0.0,0.0,0.0,0.0,0.0,48.0,0.0,00-0019127,8.8
2002,2,0.0,0.0,0.0,0.0,0.0,0.0,0.0,26.0,0.0,00-0019127,4.6
2003,7,0.0,0.0,0.0,0.0,0.0,0.0,0.0,68.0,2.0,00-0019127,25.8
2004,14,0.0,0.0,0.0,0.0,0.0,0.0,0.0,157.0,0.0,00-0019127,29.700000000000003
2006,1,0.0,0.0,0.0,0.0,0.0,0.0,0.0,4.0,1.0,00-0019127,7.4
2007,7,0.0,0.0,0.0,0.0,0.0,0.0,0.0,97.0,1.0,00-0019127,22.700000000000003
2008,8,0.0,0.0,0.0,0.0,0.0,0.0,0.0,50.0,1.0,00-0019127,19.0
2009,4,0.0,0.0,0.0,0.0,0.0,0.0,0.0,9.0,3.0,00-0019127,22.9
2000,0,237.0,0.0,0.0,3.0,2.0,36.0,0.0,0.0,0.0,00-0018272,3.0800000000000005
2001,0,529.0,5.0,0.0,5.0,2.0,57.0,0.0,0.0,0.0,00-0018272,32.86
2003,0,1199.0,9.0,0.0,8.0,2.0,75.0,0.0,0.0,0.0,00-0018272,71.46000000000001
2005,0,1582.0,6.0,0.0,9.0,1.0,68.0,0.0,0.0,0.0,00-0018272,74.08
2006,0,31.0,0.0,0.0,0.0,0.0,-3.0,0.0,0.0,0.0,00-0018272,0.94
2007,0,12.0,0.0,0.0,0.0,0.0,-1.0,0.0,0.0,0.0,00-0018272,0.38
1999,2,0.0,0.0,0.0,0.0,0.0,0.0,0.0,19.0,0.0,00-0000869,3.9000000000000004
2000,4,0.0,0.0,0.0,0.0,0.0,-2.0,0.0,42.0,0.0,00-0000869,8.0
2001,9,0.0,0.0,0.0,0.0,0.0,0.0,0.0,160.0,1.0,00-0000869,31.0
2002,50,0.0,0.0,0.0,0.0,1.0,0.0,0.0,689.0,4.0,00-0000869,140.9
2003,15,0.0,0.0,0.0,0.0,0.0,0.0,0.0,151.0,1.0,00-0000869,36.1
2000,0,0.0,0.0,0.0,0.0,0.0,0.0,0.0,0.0,0.0,00-0007059,0.0
2000,5,0.0,0.0,0.0,0.0,0.0,24.0,0.0,42.0,0.0,00-0019135,11.600000000000001
2001,2,0.0,0.0,1.0,0.0,0.0,29.0,0.0,5.0,0.0,00-0019135,11.4
2002,18,0.0,0.0,0.0,0.0,0.0,16.0,1.0,122.0,1.0,00-0019135,39.800000000000004
2003,9,0.0,0.0,1.0,0.0,0.0,29.0,0.0,107.0,0.0,00-0019135,28.6
2004,10,0.0,0.0,0.0,0.0,0.0,18.0,0.0,75.0,1.0,00-0019135,25.3
2005,7,0.0,0.0,0.0,0.0,0.0,21.0,0.0,43.0,0.0,00-0019135,13.399999999999999
2006,8,0.0,0.0,0.0,0.0,0.0,5.0,0.0,62.0,0.0,00-0019135,14.7
2007,1,0.0,0.0,0.0,0.0,0.0,2.0,0.0,15.0,0.0,00-0019135,2.7
2008,0,0.0,0.0,0.0,0.0,0.0,0.0,0.0,0.0,0.0,00-0019135,0.0
2009,4,0.0,0.0,0.0,0.0,0.0,0.0,0.0,20.0,0.0,00-0019135,6.0
2000,0,-4.0,0.0,0.0,0.0,0.0,-1.0,0.0,0.0,0.0,00-0019623,-0.26
2001,0,21.0,0.0,0.0,0.0,0.0,-3.0,0.0,0.0,0.0,00-0019623,0.5399999999999999
2002,0,232.0,2.0,0.0,0.0,0.0,0.0,0.0,0.0,0.0,00-0019623,17.28
2003,0,856.0,7.0,0.0,2.0,0.0,0.0,0.0,0.0,0.0,00-0019623,58.24
2004,0,2169.0,10.0,0.0,10.0,6.0,55.0,3.0,0.0,0.0,00-0019623,106.26
2005,0,667.0,5.0,0.0,6.0,2.0,18.0,0.0,0.0,0.0,00-0019623,32.48
2006,0,748.0,4.0,0.0,2.0,1.0,3.0,0.0,0.0,0.0,00-0019623,40.22
2007,0,164.0,3.0,0.0,3.0,0.0,5.0,0.0,0.0,0.0,00-0019623,13.060000000000002
1999,1,0.0,0.0,0.0,0.0,0.0,0.0,0.0,20.0,0.0,00-0017829,3.0
2000,0,0.0,0.0,0.0,0.0,0.0,8.0,0.0,0.0,0.0,00-0017829,0.8
2001,2,0.0,0.0,0.0,0.0,0.0,0.0,0.0,11.0,0.0,00-0017829,3.1
2000,0,0.0,0.0,0.0,0.0,0.0,0.0,0.0,0.0,0.0,00-0013699,0.0
2000,0,67.0,1.0,0.0,0.0,0.0,0.0,0.0,0.0,0.0,00-0019559,6.68
2001,0,92.0,1.0,0.0,0.0,0.0,11.0,0.0,0.0,0.0,00-0019559,8.78
2002,0,3120.0,22.0,2.0,6.0,1.0,49.0,1.0,0.0,0.0,00-0019559,217.70000000000002
2003,0,2139.0,13.0,2.0,12.0,2.0,42.0,1.0,0.0,0.0,00-0019559,127.76
2004,0,2673.0,16.0,1.0,9.0,2.0,126.0,0.0,0.0,0.0,00-0019559,167.52
2005,0,530.0,2.0,0.0,3.0,2.0,27.0,0.0,0.0,0.0,00-0019559,21.9
2006,0,3352.0,17.0,0.0,16.0,4.0,111.0,0.0,0.0,0.0,00-0019559,173.18
2007,0,1766.0,10.0,1.0,9.0,1.0,32.0,1.0,0.0,0.0,00-0019559,101.84
2008,0,3653.0,19.0,1.0,7.0,1.0,58.0,0.0,0.0,0.0,00-0019559,217.92000000000002
2009,0,413.0,1.0,0.0,2.0,2.0,7.0,0.0,0.0,0.0,00-0019559,13.219999999999999
2010,0,19.0,0.0,0.0,0.0,0.0,0.0,0.0,0.0,0.0,00-0019559,0.76
2000,0,0.0,0.0,0.0,0.0,1.0,0.0,0.0,0.0,0.0,00-0008339,-2.0
2000,0,0.0,0.0,0.0,0.0,0.0,5.0,0.0,0.0,0.0,00-0006181,0.5
2000,0,0.0,0.0,0.0,0.0,0.0,0.0,0.0,0.0,0.0,00-0015577,0.0
1999,0,0.0,0.0,0.0,0.0,0.0,0.0,0.0,0.0,0.0,00-0015754,0.0
2000,11,0.0,0.0,0.0,0.0,0.0,6.0,0.0,184.0,2.0,00-0015754,42.0
2001,24,0.0,0.0,0.0,0.0,0.0,1.0,0.0,344.0,2.0,00-0015754,70.5
2002,24,0.0,0.0,0.0,0.0,1.0,31.0,0.0,357.0,2.0,00-0015754,72.80000000000001
2003,22,0.0,0.0,0.0,0.0,0.0,0.0,0.0,211.0,3.0,00-0015754,61.1
2004,68,0.0,0.0,0.0,0.0,1.0,0.0,0.0,1077.0,10.0,00-0015754,233.7
2005,41,0.0,0.0,0.0,0.0,0.0,0.0,0.0,543.0,1.0,00-0015754,101.30000000000001
2006,8,0.0,0.0,0.0,0.0,0.0,0.0,0.0,85.0,1.0,00-0015754,22.5
2007,40,0.0,0.0,0.0,0.0,0.0,-6.0,0.0,635.0,5.0,00-0015754,132.9
2008,49,0.0,0.0,0.0,0.0,0.0,0.0,0.0,525.0,3.0,00-0015754,119.5
2009,19,0.0,0.0,0.0,0.0,0.0,0.0,0.0,327.0,4.0,00-0015754,75.7
2010,31,0.0,0.0,0.0,0.0,0.0,0.0,0.0,354.0,0.0,00-0015754,66.4
2011,1,0.0,0.0,0.0,0.0,0.0,0.0,0.0,7.0,0.0,00-0015754,1.7000000000000002
2012,45,0.0,0.0,0.0,0.0,0.0,0.0,0.0,544.0,5.0,00-0015754,129.4
2013,13,0.0,0.0,0.0,0.0,0.0,0.0,0.0,115.0,0.0,00-0015754,24.5
1999,34,0.0,0.0,0.0,0.0,0.0,0.0,0.0,426.0,2.0,00-0010007,88.6
2000,33,0.0,0.0,0.0,0.0,1.0,0.0,0.0,422.0,2.0,00-0010007,85.2
2001,22,31.0,1.0,0.0,0.0,1.0,0.0,0.0,293.0,0.0,00-0010007,54.540000000000006
2002,16,14.0,1.0,0.0,0.0,1.0,0.0,0.0,205.0,4.0,00-0010007,63.06
2003,5,0.0,0.0,0.0,0.0,0.0,0.0,0.0,76.0,0.0,00-0010007,12.600000000000001
2000,0,0.0,0.0,0.0,0.0,0.0,-1.0,0.0,0.0,0.0,00-0019682,-0.1
2001,0,73.0,0.0,0.0,0.0,0.0,7.0,0.0,0.0,0.0,00-0019682,3.62
2003,0,41.0,0.0,0.0,1.0,0.0,9.0,0.0,0.0,0.0,00-0019682,0.5400000000000001
2000,5,0.0,0.0,0.0,0.0,0.0,0.0,0.0,44.0,0.0,00-0019255,9.4
2001,2,0.0,0.0,0.0,0.0,0.0,0.0,0.0,16.0,0.0,00-0019255,3.6
2000,0,0.0,0.0,0.0,0.0,0.0,0.0,0.0,0.0,0.0,00-0019192,0.0
2001,0,201.0,1.0,0.0,2.0,0.0,10.0,0.0,0.0,0.0,00-0019192,9.040000000000001
2003,0,160.0,0.0,0.0,1.0,0.0,5.0,0.0,0.0,0.0,00-0019192,4.9
2000,0,0.0,0.0,0.0,0.0,1.0,0.0,0.0,0.0,0.0,0,-2.0
2000,0,0.0,0.0,0.0,0.0,0.0,0.0,0.0,0.0,0.0,00-0009971,0.0
2002,0,0.0,0.0,0.0,0.0,0.0,0.0,0.0,0.0,0.0,00-0009971,0.0
2000,0,0.0,0.0,0.0,0.0,1.0,0.0,0.0,0.0,0.0,00-0019482,-2.0
1999,26,0.0,0.0,0.0,0.0,0.0,0.0,0.0,254.0,2.0,00-0005616,63.400000000000006
2000,41,0.0,0.0,0.0,0.0,0.0,16.0,0.0,548.0,5.0,00-0005616,127.4
2000,3,0.0,0.0,1.0,0.0,0.0,7.0,0.0,78.0,0.0,00-0000585,17.5
2002,0,0.0,0.0,0.0,0.0,3.0,4.0,0.0,0.0,0.0,00-0000585,-5.6
2004,1,0.0,0.0,0.0,0.0,0.0,0.0,0.0,11.0,0.0,00-0000585,2.1
2000,0,-2.0,0.0,0.0,0.0,0.0,-1.0,0.0,0.0,0.0,00-0019622,-0.18
2000,0,0.0,0.0,0.0,0.0,1.0,0.0,0.0,0.0,0.0,00-0017026,-2.0
2001,0,0.0,0.0,0.0,0.0,0.0,0.0,0.0,0.0,0.0,00-0017026,0.0
2000,0,0.0,0.0,0.0,0.0,0.0,28.0,0.0,0.0,0.0,00-0019516,2.8000000000000003
2001,4,0.0,0.0,2.0,0.0,1.0,579.0,0.0,62.0,0.0,00-0019516,78.10000000000001
2002,21,0.0,0.0,1.0,0.0,1.0,317.0,0.0,99.0,0.0,00-0019516,66.60000000000001
2003,17,0.0,0.0,5.0,0.0,3.0,972.0,0.0,99.0,0.0,00-0019516,148.1
2004,4,0.0,0.0,1.0,0.0,0.0,283.0,0.0,16.0,1.0,00-0019516,45.9
1999,3,0.0,0.0,0.0,0.0,0.0,0.0,0.0,31.0,1.0,00-0004541,12.1
2000,21,0.0,0.0,0.0,0.0,0.0,4.0,1.0,322.0,1.0,00-0004541,61.6
2001,13,0.0,0.0,1.0,0.0,0.0,38.0,0.0,167.0,1.0,00-0004541,45.5
2002,70,0.0,0.0,0.0,0.0,1.0,70.0,0.0,1064.0,9.0,00-0004541,235.4
2003,52,0.0,0.0,0.0,0.0,0.0,51.0,0.0,621.0,2.0,00-0004541,131.2
2004,84,0.0,0.0,0.0,0.0,2.0,4.0,1.0,1208.0,9.0,00-0004541,257.20000000000005
2005,86,0.0,0.0,0.0,0.0,0.0,13.0,0.0,1221.0,5.0,00-0004541,239.4
2006,91,0.0,0.0,0.0,0.0,0.0,16.0,0.0,1261.0,8.0,00-0004541,266.7
2007,82,0.0,0.0,0.0,0.0,0.0,4.0,0.0,1048.0,2.0,00-0004541,199.20000000000002
2008,74,0.0,0.0,0.0,0.0,0.0,4.0,0.0,1012.0,5.0,00-0004541,205.60000000000002
2009,70,0.0,0.0,0.0,0.0,1.0,13.0,0.0,1061.0,6.0,00-0004541,211.4
2010,51,0.0,0.0,0.0,0.0,1.0,0.0,0.0,565.0,4.0,00-0004541,129.5
2011,37,0.0,0.0,0.0,0.0,0.0,0.0,0.0,445.0,6.0,00-0004541,117.5
2012,8,0.0,0.0,0.0,0.0,0.0,0.0,0.0,77.0,2.0,00-0004541,27.7
1999,39,0.0,0.0,0.0,0.0,0.0,0.0,1.0,552.0,2.0,00-0008400,108.2
2000,20,0.0,0.0,0.0,0.0,0.0,0.0,0.0,356.0,2.0,00-0008400,67.6
2001,2,0.0,0.0,0.0,0.0,0.0,0.0,0.0,19.0,0.0,00-0008400,3.9000000000000004
2001,41,0.0,0.0,4.0,0.0,1.0,1206.0,0.0,347.0,1.0,00-0007180,224.3
2002,48,0.0,0.0,8.0,0.0,3.0,972.0,1.0,317.0,1.0,00-0007180,226.89999999999998
2003,25,0.0,0.0,3.0,0.0,2.0,768.0,0.0,211.0,1.0,00-0007180,142.9
2004,2,0.0,0.0,1.0,0.0,0.0,81.0,0.0,20.0,0.0,00-0007180,18.1
2001,22,0.0,0.0,4.0,0.0,0.0,512.0,0.0,247.0,1.0,00-0020474,127.9
2002,14,0.0,0.0,4.0,0.0,1.0,675.0,0.0,136.0,1.0,00-0020474,123.1
2003,35,0.0,0.0,6.0,0.0,4.0,1024.0,0.0,307.0,1.0,00-0020474,202.10000000000002
2004,35,0.0,0.0,7.0,0.0,2.0,822.0,0.0,212.0,0.0,00-0020474,176.39999999999998
2005,31,0.0,0.0,3.0,0.0,1.0,581.0,0.0,241.0,0.0,00-0020474,129.2
2006,7,0.0,0.0,6.0,0.0,0.0,370.0,0.0,21.0,0.0,00-0020474,82.1
2001,0,785.0,2.0,1.0,3.0,5.0,289.0,0.0,0.0,0.0,00-0020245,58.30000000000001
2002,0,2936.0,16.0,8.0,8.0,6.0,777.0,0.0,0.0,0.0,00-0020245,279.14
2003,0,585.0,4.0,1.0,3.0,1.0,255.0,0.0,0.0,0.0,00-0020245,62.900000000000006
2004,0,2313.0,14.0,3.0,12.0,7.0,902.0,0.0,0.0,0.0,00-0020245,218.71999999999997
2005,1,2412.0,15.0,6.0,13.0,5.0,610.0,1.0,-14.0,0.0,00-0020245,219.08
2006,1,2474.0,20.0,2.0,13.0,3.0,1039.0,0.0,1.0,0.0,00-0020245,263.96000000000004
2009,0,86.0,1.0,2.0,0.0,0.0,95.0,0.0,0.0,0.0,00-0020245,28.939999999999998
2010,0,3018.0,21.0,9.0,6.0,3.0,676.0,1.0,0.0,0.0,00-0020245,310.32
2011,0,3303.0,18.0,1.0,14.0,4.0,589.0,0.0,0.0,0.0,00-0020245,233.02
2012,0,2362.0,12.0,1.0,10.0,5.0,332.0,0.0,0.0,0.0,00-0020245,151.68
2013,0,1215.0,5.0,2.0,3.0,2.0,306.0,0.0,0.0,0.0,00-0020245,101.19999999999999
2014,0,604.0,3.0,0.0,2.0,2.0,153.0,0.0,0.0,0.0,00-0020245,43.459999999999994
2015,0,371.0,2.0,0.0,1.0,0.0,99.0,0.0,0.0,0.0,00-0020245,30.740000000000002
2001,29,0.0,0.0,2.0,0.0,0.0,682.0,0.0,226.0,1.0,00-0020514,137.8
2002,37,0.0,0.0,5.0,0.0,3.0,1296.0,0.0,351.0,1.0,00-0020514,231.7
2003,12,0.0,0.0,1.0,0.0,1.0,447.0,0.0,132.0,0.0,00-0020514,73.9
2004,21,0.0,0.0,1.0,0.0,0.0,276.0,0.0,207.0,1.0,00-0020514,81.30000000000001
2005,27,0.0,0.0,3.0,0.0,4.0,473.0,0.0,124.0,2.0,00-0020514,108.70000000000002
2006,9,0.0,0.0,0.0,0.0,0.0,200.0,0.0,77.0,0.0,00-0020514,36.7
2007,15,0.0,0.0,1.0,0.0,1.0,239.0,0.0,99.0,1.0,00-0020514,58.800000000000004
2008,1,0.0,0.0,0.0,0.0,0.0,12.0,0.0,2.0,0.0,00-0020514,2.4000000000000004
2009,6,0.0,0.0,0.0,0.0,0.0,65.0,0.0,65.0,0.0,00-0020514,19.0
2010,2,0.0,0.0,0.0,0.0,0.0,11.0,0.0,9.0,0.0,00-0020514,4.0
2001,8,0.0,0.0,0.0,0.0,0.0,197.0,0.0,39.0,0.0,00-0019831,31.6
2002,18,0.0,0.0,0.0,0.0,1.0,188.0,1.0,91.0,0.0,00-0019831,45.9
2003,12,0.0,0.0,0.0,0.0,0.0,69.0,0.0,97.0,1.0,00-0019831,34.6
2004,45,0.0,0.0,6.0,0.0,1.0,821.0,0.0,381.0,1.0,00-0019831,205.20000000000002
2005,14,0.0,0.0,0.0,0.0,0.0,133.0,0.0,151.0,0.0,00-0019831,42.400000000000006
2006,10,0.0,0.0,0.0,0.0,0.0,52.0,0.0,107.0,1.0,00-0019831,31.9
2007,0,0.0,0.0,0.0,0.0,1.0,0.0,0.0,0.0,0.0,00-0019831,-2.0
2008,3,0.0,0.0,0.0,0.0,0.0,10.0,0.0,1.0,0.0,00-0019831,4.1
2001,0,2931.0,11.0,6.0,19.0,3.0,128.0,0.0,0.0,0.0,00-0020434,166.04000000000002
2002,0,180.0,0.0,0.0,3.0,0.0,9.0,0.0,0.0,0.0,00-0020434,2.1
2005,0,64.0,1.0,0.0,0.0,0.0,-5.0,0.0,0.0,0.0,00-0020434,6.0600000000000005
2006,0,625.0,2.0,0.0,4.0,0.0,16.0,0.0,0.0,0.0,00-0020434,26.6
2007,0,104.0,1.0,0.0,0.0,0.0,0.0,0.0,0.0,0.0,00-0020434,8.16
2001,16,0.0,0.0,0.0,0.0,0.0,195.0,0.0,126.0,1.0,00-0019712,54.1
2002,0,0.0,0.0,0.0,0.0,0.0,89.0,0.0,0.0,0.0,00-0019712,8.9
2003,1,0.0,0.0,0.0,0.0,0.0,33.0,0.0,8.0,0.0,00-0019712,5.1000000000000005
2001,6,0.0,0.0,5.0,0.0,1.0,551.0,0.0,45.0,0.0,00-0019423,93.6
2001,22,0.0,0.0,7.0,0.0,0.0,1183.0,1.0,178.0,0.0,00-0020403,202.10000000000002
2002,24,0.0,0.0,6.0,0.0,3.0,721.0,0.0,163.0,0.0,00-0020403,142.4
2003,9,0.0,0.0,6.0,0.0,0.0,1024.0,0.0,36.0,0.0,00-0020403,151.0
2004,17,0.0,0.0,2.0,0.0,1.0,404.0,0.0,132.0,0.0,00-0020403,80.60000000000001
2005,4,0.0,0.0,0.0,0.0,0.0,92.0,0.0,13.0,0.0,00-0020403,14.500000000000002
2006,22,0.0,0.0,2.0,0.0,1.0,378.0,0.0,139.0,0.0,00-0020403,83.70000000000002
2007,15,0.0,0.0,0.0,0.0,0.0,89.0,0.0,95.0,1.0,00-0020403,39.4
2001,7,0.0,0.0,1.0,0.0,0.0,292.0,0.0,44.0,1.0,00-0020462,52.6
2002,17,0.0,0.0,3.0,0.0,2.0,316.0,0.0,160.0,0.0,00-0020462,78.6
2003,11,0.0,0.0,4.0,0.0,0.0,190.0,0.0,101.0,0.0,00-0020462,64.1
2004,15,0.0,0.0,2.0,1.0,0.0,479.0,0.0,112.0,0.0,00-0020462,84.10000000000001
2005,70,0.0,0.0,9.0,0.0,1.0,1025.0,1.0,563.0,2.0,00-0020462,294.8
2006,10,0.0,0.0,2.0,0.0,1.0,434.0,0.0,74.0,0.0,00-0020462,70.80000000000001
2007,28,0.0,0.0,3.0,0.0,0.0,549.0,0.0,247.0,0.0,00-0020462,125.60000000000001
2008,0,0.0,0.0,4.0,0.0,0.0,363.0,0.0,0.0,0.0,00-0020462,60.300000000000004
2009,0,0.0,0.0,0.0,0.0,0.0,86.0,0.0,0.0,0.0,00-0020462,8.6
2001,22,0.0,0.0,4.0,0.0,2.0,729.0,0.0,179.0,0.0,00-0020471,132.8
2002,43,0.0,0.0,13.0,0.0,8.0,1438.0,0.0,309.0,1.0,00-0020471,285.7
2003,28,0.0,0.0,10.0,1.0,4.0,1353.0,0.0,158.0,1.0,00-0020471,235.10000000000002
2004,10,0.0,0.0,0.0,0.0,0.0,326.0,0.0,45.0,0.0,00-0020471,47.1
2005,13,0.0,0.0,0.0,0.0,1.0,335.0,0.0,117.0,0.0,00-0020471,56.2
2006,18,0.0,0.0,7.0,0.0,1.0,1211.0,1.0,78.0,0.0,00-0020471,188.90000000000003
2007,7,0.0,0.0,4.0,0.0,1.0,691.0,0.0,65.0,0.0,00-0020471,104.60000000000001
2001,0,0.0,0.0,0.0,0.0,1.0,0.0,0.0,0.0,0.0,00-0019600,-2.0
2002,8,0.0,0.0,0.0,0.0,3.0,15.0,0.0,200.0,0.0,00-0019600,23.5
2003,12,0.0,0.0,0.0,0.0,1.0,2.0,0.0,219.0,1.0,00-0019600,38.1
2004,8,0.0,0.0,0.0,0.0,1.0,0.0,0.0,127.0,0.0,00-0019600,18.700000000000003
2005,0,0.0,0.0,0.0,0.0,0.0,0.0,0.0,0.0,0.0,00-0019600,0.0
2006,0,0.0,0.0,0.0,0.0,0.0,0.0,0.0,0.0,0.0,00-0019600,0.0
2007,0,0.0,0.0,0.0,0.0,1.0,0.0,0.0,0.0,0.0,00-0019600,-2.0
2001,0,0.0,0.0,0.0,0.0,0.0,0.0,0.0,0.0,0.0,00-0011626,0.0
2002,0,0.0,0.0,0.0,0.0,0.0,-6.0,0.0,0.0,0.0,00-0011626,-0.6000000000000001
2003,0,0.0,0.0,0.0,0.0,0.0,21.0,0.0,0.0,0.0,00-0011626,2.1
2004,0,24.0,0.0,0.0,0.0,0.0,-11.0,0.0,0.0,0.0,00-0011626,-0.14000000000000012
2006,0,0.0,0.0,0.0,0.0,1.0,2.0,0.0,0.0,0.0,00-0011626,-1.8
2007,0,0.0,0.0,0.0,0.0,0.0,14.0,0.0,0.0,0.0,00-0011626,1.4000000000000001
2008,0,19.0,1.0,0.0,0.0,0.0,0.0,0.0,0.0,0.0,00-0011626,4.76
2009,0,25.0,1.0,0.0,0.0,0.0,0.0,0.0,0.0,0.0,00-0011626,5.0
2010,0,0.0,0.0,0.0,0.0,0.0,1.0,0.0,0.0,0.0,00-0011626,0.1
2013,0,0.0,0.0,0.0,0.0,0.0,0.0,0.0,0.0,0.0,00-0011626,0.0
2001,15,12.0,1.0,1.0,0.0,0.0,91.0,0.0,166.0,1.0,00-0020527,57.18
2002,47,0.0,0.0,13.0,0.0,3.0,1388.0,0.0,352.0,3.0,00-0020527,311.0
2003,69,0.0,0.0,8.0,0.0,4.0,1641.0,0.0,511.0,0.0,00-0020527,324.20000000000005
2004,34,0.0,0.0,9.0,0.0,4.0,1074.0,0.0,228.0,0.0,00-0020527,210.20000000000002
2005,17,0.0,0.0,3.0,0.0,0.0,335.0,0.0,117.0,0.0,00-0020527,80.2
2006,30,0.0,0.0,11.0,0.0,1.0,1057.0,0.0,198.0,0.0,00-0020527,219.5
2007,4,0.0,0.0,0.0,0.0,1.0,92.0,0.0,15.0,0.0,00-0020527,12.700000000000001
2008,18,0.0,0.0,5.0,0.0,0.0,418.0,0.0,128.0,1.0,00-0020527,108.60000000000001
1999,5,0.0,0.0,0.0,0.0,0.0,0.0,0.0,12.0,1.0,00-0006804,12.2
2000,6,0.0,0.0,0.0,0.0,0.0,0.0,0.0,39.0,0.0,00-0006804,9.9
2001,15,0.0,0.0,0.0,0.0,0.0,0.0,0.0,96.0,3.0,00-0006804,42.6
2002,6,0.0,0.0,0.0,0.0,0.0,0.0,0.0,26.0,2.0,00-0006804,20.6
2003,3,0.0,0.0,0.0,0.0,0.0,0.0,0.0,30.0,0.0,00-0006804,6.0
2004,8,0.0,0.0,0.0,0.0,0.0,0.0,0.0,35.0,4.0,00-0006804,35.5
2001,0,0.0,0.0,0.0,0.0,0.0,6.0,0.0,0.0,0.0,00-0001980,0.6000000000000001
2005,0,0.0,0.0,0.0,0.0,0.0,4.0,0.0,0.0,0.0,00-0001980,0.4
2001,0,0.0,0.0,0.0,0.0,0.0,0.0,0.0,0.0,0.0,00-0006799,0.0
2001,2,0.0,0.0,0.0,0.0,0.0,19.0,0.0,13.0,0.0,00-0005932,5.2
2002,0,0.0,0.0,0.0,0.0,1.0,0.0,0.0,0.0,0.0,00-0005932,-2.0
2001,7,0.0,0.0,2.0,0.0,1.0,554.0,0.0,56.0,0.0,00-0020430,78.0
2002,3,0.0,0.0,0.0,0.0,0.0,54.0,0.0,10.0,0.0,00-0020430,9.4
2003,14,0.0,0.0,3.0,0.0,3.0,382.0,0.0,114.0,0.0,00-0020430,75.60000000000001
2004,6,0.0,0.0,0.0,0.0,1.0,81.0,0.0,22.0,0.0,00-0020430,14.3
2005,2,0.0,0.0,0.0,0.0,0.0,11.0,0.0,31.0,0.0,00-0020430,6.2
2001,4,0.0,0.0,0.0,0.0,1.0,31.0,0.0,32.0,0.0,00-0019794,8.3
2002,19,0.0,0.0,0.0,0.0,0.0,107.0,0.0,288.0,2.0,00-0019794,70.5
2003,17,37.0,0.0,2.0,0.0,1.0,220.0,0.0,142.0,0.0,00-0019794,64.68
2005,1,0.0,0.0,1.0,0.0,0.0,65.0,0.0,11.0,0.0,00-0019794,14.6
2006,5,0.0,0.0,0.0,0.0,0.0,94.0,0.0,26.0,0.0,00-0019794,17.0
2007,14,0.0,0.0,0.0,0.0,1.0,38.0,0.0,129.0,0.0,00-0019794,28.700000000000003
2008,4,0.0,0.0,0.0,0.0,0.0,7.0,0.0,27.0,0.0,00-0019794,7.4
2001,0,1072.0,5.0,1.0,7.0,2.0,150.0,0.0,0.0,0.0,00-0020404,65.88
2002,0,1465.0,7.0,0.0,8.0,3.0,91.0,0.0,0.0,0.0,00-0020404,73.69999999999999
2003,0,3302.0,17.0,2.0,21.0,3.0,257.0,0.0,0.0,0.0,00-0020404,189.78000000000003
2004,0,498.0,3.0,0.0,1.0,0.0,20.0,0.0,0.0,0.0,00-0020404,31.92
2001,59,0.0,0.0,10.0,0.0,5.0,1236.0,0.0,367.0,0.0,00-0020536,269.3
2002,79,0.0,0.0,14.0,0.0,1.0,1683.0,0.0,489.0,1.0,00-0020536,384.20000000000005
2003,100,21.0,1.0,13.0,0.0,0.0,1645.0,0.0,725.0,4.0,00-0020536,443.84000000000003
2004,53,38.0,0.0,17.0,0.0,3.0,1335.0,0.0,441.0,1.0,00-0020536,334.12
2005,51,47.0,3.0,18.0,0.0,1.0,1464.0,0.0,370.0,2.0,00-0020536,366.28
2006,56,20.0,2.0,28.0,0.0,1.0,1815.0,0.0,508.0,3.0,00-0020536,481.1
2007,60,17.0,1.0,15.0,0.0,0.0,1474.0,0.0,475.0,3.0,00-0020536,367.58000000000004
2008,52,0.0,0.0,11.0,0.0,0.0,1110.0,0.0,410.0,1.0,00-0020536,276.0
2009,20,0.0,0.0,12.0,0.0,2.0,730.0,0.0,154.0,0.0,00-0020536,176.4
2010,52,0.0,0.0,6.0,0.0,0.0,914.0,0.0,368.0,0.0,00-0020536,216.20000000000002
2011,42,0.0,0.0,1.0,0.0,0.0,280.0,0.0,449.0,2.0,00-0020536,132.9
2000,52,0.0,0.0,0.0,0.0,1.0,0.0,0.0,926.0,2.0,00-0010974,154.60000000000002
2001,55,0.0,0.0,0.0,0.0,3.0,39.0,1.0,684.0,3.0,00-0010974,141.3
2002,29,0.0,0.0,0.0,0.0,2.0,58.0,0.0,528.0,2.0,00-0010974,95.6
2003,23,0.0,0.0,1.0,0.0,0.0,75.0,0.0,285.0,2.0,00-0010974,77.0
2001,29,0.0,0.0,2.0,0.0,0.0,281.0,0.0,263.0,1.0,00-0020448,101.39999999999999
2002,0,0.0,0.0,2.0,0.0,0.0,180.0,0.0,0.0,0.0,00-0020448,30.0
2003,4,0.0,0.0,1.0,0.0,0.0,193.0,0.0,13.0,0.0,00-0020448,30.6
2004,13,0.0,0.0,3.0,0.0,0.0,395.0,0.0,75.0,0.0,00-0020448,78.0
2005,1,0.0,0.0,0.0,0.0,0.0,17.0,0.0,0.0,0.0,00-0020448,2.7
2006,3,0.0,0.0,0.0,0.0,0.0,74.0,0.0,2.0,0.0,00-0020448,10.6
2007,12,0.0,0.0,0.0,0.0,0.0,68.0,0.0,86.0,0.0,00-0020448,27.4
2008,5,0.0,0.0,0.0,0.0,0.0,29.0,0.0,35.0,0.0,00-0020448,11.4
2001,39,0.0,0.0,0.0,0.0,0.0,13.0,0.0,536.0,1.0,00-0020490,99.9
2002,78,0.0,0.0,0.0,0.0,0.0,56.0,0.0,1240.0,5.0,00-0020490,237.6
2003,65,0.0,0.0,0.0,0.0,1.0,15.0,0.0,896.0,4.0,00-0020490,178.10000000000002
2004,31,0.0,0.0,0.0,0.0,0.0,3.0,0.0,495.0,2.0,00-0020490,92.8
2005,22,0.0,0.0,1.0,0.0,1.0,27.0,0.0,347.0,1.0,00-0020490,69.4
2006,7,0.0,0.0,0.0,0.0,0.0,0.0,0.0,89.0,0.0,00-0020490,15.9
2007,21,0.0,0.0,0.0,0.0,0.0,5.0,0.0,241.0,1.0,00-0020490,51.6
2008,31,0.0,0.0,0.0,0.0,0.0,-4.0,0.0,400.0,2.0,00-0020490,82.6
2001,13,0.0,0.0,2.0,0.0,2.0,586.0,0.0,130.0,0.0,00-0020270,92.6
2003,10,0.0,0.0,8.0,0.0,2.0,542.0,0.0,133.0,1.0,00-0020270,127.5
2006,23,0.0,0.0,2.0,0.0,1.0,345.0,0.0,201.0,0.0,00-0020270,87.6
2007,12,0.0,0.0,4.0,0.0,0.0,313.0,0.0,87.0,0.0,00-0020270,76.0
2008,26,0.0,0.0,2.0,0.0,0.0,369.0,0.0,324.0,2.0,00-0020270,119.30000000000001
2009,31,0.0,0.0,1.0,0.0,2.0,642.0,0.0,240.0,0.0,00-0020270,121.2
2010,28,0.0,0.0,2.0,0.0,1.0,147.0,0.0,240.0,2.0,00-0020270,88.7
1999,31,0.0,0.0,0.0,0.0,0.0,0.0,0.0,325.0,0.0,00-0013268,63.5
2000,31,0.0,0.0,0.0,0.0,0.0,0.0,0.0,441.0,4.0,00-0013268,99.1
2001,40,0.0,0.0,0.0,0.0,0.0,5.0,1.0,563.0,5.0,00-0013268,128.8
2002,43,0.0,0.0,0.0,0.0,0.0,0.0,0.0,466.0,4.0,00-0013268,113.6
2003,27,0.0,0.0,0.0,0.0,0.0,0.0,0.0,389.0,4.0,00-0013268,89.9
2004,34,0.0,0.0,0.0,0.0,0.0,9.0,0.0,497.0,0.0,00-0013268,84.6
2005,25,0.0,0.0,0.0,0.0,0.0,-8.0,0.0,441.0,4.0,00-0013268,92.30000000000001
2006,3,0.0,0.0,0.0,0.0,0.0,0.0,0.0,30.0,0.0,00-0013268,6.0
2000,0,0.0,0.0,0.0,0.0,0.0,0.0,0.0,0.0,0.0,00-0019576,0.0
2001,12,0.0,0.0,1.0,2.0,0.0,71.0,0.0,64.0,1.0,00-0019576,33.5
2002,7,0.0,0.0,0.0,0.0,0.0,71.0,0.0,57.0,1.0,00-0019576,25.8
2001,2,0.0,0.0,0.0,0.0,0.0,37.0,0.0,31.0,0.0,00-0019534,8.8
2002,7,0.0,0.0,1.0,0.0,0.0,36.0,0.0,45.0,0.0,00-0019534,21.1
2001,10,0.0,0.0,0.0,0.0,3.0,43.0,0.0,154.0,0.0,00-0020337,23.700000000000003
2002,54,0.0,0.0,0.0,0.0,2.0,-4.0,0.0,867.0,3.0,00-0020337,154.3
2003,88,0.0,0.0,0.0,0.0,0.0,42.0,0.0,1078.0,7.0,00-0020337,242.0
2004,6,0.0,0.0,0.0,0.0,0.0,0.0,0.0,60.0,0.0,00-0020337,12.0
2005,103,0.0,0.0,1.0,0.0,1.0,25.0,0.0,1563.0,12.0,00-0020337,337.8
2006,83,0.0,0.0,1.0,0.0,0.0,61.0,0.0,1166.0,8.0,00-0020337,259.7
2007,87,0.0,0.0,0.0,0.0,1.0,66.0,0.0,1002.0,7.0,00-0020337,233.8
2008,78,0.0,0.0,0.0,0.0,1.0,40.0,0.0,1417.0,6.0,00-0020337,257.70000000000005
2009,65,0.0,0.0,0.0,0.0,0.0,22.0,1.0,954.0,7.0,00-0020337,206.60000000000002
2010,46,0.0,0.0,0.0,0.0,2.0,9.0,0.0,552.0,2.0,00-0020337,110.1
2011,79,0.0,0.0,0.0,0.0,2.0,56.0,1.0,1394.0,7.0,00-0020337,264.0
2012,73,0.0,0.0,0.0,0.0,1.0,27.0,0.0,1174.0,4.0,00-0020337,215.10000000000002
2013,64,0.0,0.0,0.0,0.0,0.0,0.0,0.0,745.0,4.0,00-0020337,162.5
2014,79,0.0,0.0,0.0,0.0,1.0,0.0,0.0,1065.0,6.0,00-0020337,219.5
2015,46,0.0,0.0,0.0,0.0,0.0,0.0,0.0,670.0,3.0,00-0020337,131.0
2016,70,0.0,0.0,0.0,0.0,0.0,0.0,2.0,799.0,5.0,00-0020337,183.9
2001,34,0.0,0.0,9.0,0.0,6.0,1104.0,0.0,224.0,0.0,00-0019863,208.8
2003,6,0.0,0.0,0.0,0.0,0.0,157.0,0.0,62.0,1.0,00-0019863,33.900000000000006
2004,2,0.0,0.0,1.0,0.0,1.0,254.0,0.0,24.0,0.0,00-0019863,33.800000000000004
2005,13,0.0,0.0,4.0,0.0,2.0,118.0,0.0,80.0,0.0,00-0019863,52.8
2006,36,0.0,0.0,5.0,0.0,3.0,641.0,0.0,251.0,0.0,00-0019863,149.20000000000002
2007,11,0.0,0.0,1.0,0.0,1.0,302.0,0.0,70.0,0.0,00-0019863,52.2
2008,45,0.0,0.0,6.0,0.0,0.0,538.0,1.0,302.0,3.0,00-0019863,185.0
2010,1,0.0,0.0,0.0,0.0,1.0,172.0,0.0,4.0,0.0,00-0019863,16.599999999999998
2001,0,57.0,0.0,0.0,0.0,0.0,0.0,0.0,0.0,0.0,00-0014234,2.2800000000000002
2001,0,40.0,0.0,0.0,0.0,0.0,6.0,0.0,0.0,0.0,00-0003315,2.2
2002,0,73.0,1.0,0.0,0.0,0.0,7.0,0.0,0.0,0.0,00-0003315,7.62
2003,0,74.0,0.0,0.0,0.0,0.0,-7.0,0.0,0.0,0.0,00-0003315,2.26
2004,0,42.0,0.0,0.0,0.0,0.0,4.0,0.0,0.0,0.0,00-0003315,2.08
2005,0,0.0,0.0,0.0,0.0,0.0,-2.0,0.0,0.0,0.0,00-0003315,-0.2
2007,0,888.0,5.0,0.0,0.0,2.0,1.0,0.0,0.0,0.0,00-0003315,51.620000000000005
2009,0,144.0,0.0,0.0,0.0,0.0,0.0,0.0,0.0,0.0,00-0003315,5.76
2010,0,68.0,0.0,0.0,5.0,0.0,0.0,0.0,0.0,0.0,00-0003315,-7.279999999999999
2001,4,0.0,0.0,0.0,0.0,1.0,89.0,0.0,25.0,0.0,00-0017239,13.4
2000,1,0.0,0.0,0.0,0.0,0.0,0.0,0.0,6.0,0.0,00-0019703,1.6
2001,19,0.0,0.0,0.0,0.0,0.0,13.0,0.0,220.0,0.0,00-0019703,42.3
2002,51,0.0,0.0,0.0,0.0,0.0,6.0,2.0,688.0,9.0,00-0019703,178.39999999999998
2003,28,0.0,0.0,0.0,0.0,1.0,10.0,0.0,361.0,1.0,00-0019703,69.1
2004,64,0.0,0.0,0.0,0.0,2.0,-4.0,0.0,998.0,9.0,00-0019703,213.4
2005,76,0.0,0.0,0.0,0.0,0.0,-8.0,0.0,942.0,5.0,00-0019703,199.4
2006,1,0.0,0.0,0.0,0.0,0.0,0.0,0.0,19.0,0.0,00-0019703,2.9000000000000004
2007,44,0.0,0.0,0.0,0.0,0.0,0.0,0.0,705.0,6.0,00-0019703,150.5
2008,11,0.0,0.0,0.0,0.0,0.0,0.0,0.0,181.0,1.0,00-0019703,35.1
2001,0,34.0,0.0,0.0,0.0,0.0,1.0,0.0,0.0,0.0,00-0020405,1.4600000000000002
2002,0,0.0,0.0,0.0,0.0,0.0,-3.0,0.0,0.0,0.0,00-0020405,-0.30000000000000004
2003,0,324.0,0.0,0.0,3.0,0.0,22.0,0.0,0.0,0.0,00-0020405,9.16
2005,0,124.0,1.0,0.0,2.0,2.0,19.0,0.0,0.0,0.0,00-0020405,2.860000000000001
2006,0,68.0,1.0,0.0,2.0,0.0,29.0,0.0,0.0,0.0,00-0020405,5.620000000000001
2008,0,4.0,0.0,0.0,0.0,0.0,11.0,0.0,0.0,0.0,00-0020405,1.26
2000,10,0.0,0.0,0.0,0.0,0.0,0.0,0.0,181.0,0.0,00-0019606,28.1
2001,42,0.0,0.0,0.0,0.0,0.0,5.0,0.0,586.0,4.0,00-0019606,125.1
2002,60,0.0,0.0,0.0,0.0,0.0,-15.0,0.0,798.0,7.0,00-0019606,180.3
2003,36,0.0,0.0,0.0,0.0,1.0,-11.0,0.0,575.0,2.0,00-0019606,102.4
2004,36,0.0,0.0,0.0,0.0,0.0,0.0,0.0,676.0,1.0,00-0019606,109.60000000000001
1999,7,0.0,0.0,0.0,0.0,0.0,0.0,0.0,76.0,3.0,00-0009842,32.6
2000,69,0.0,0.0,0.0,0.0,0.0,0.0,0.0,735.0,3.0,00-0009842,160.5
2001,41,0.0,0.0,0.0,0.0,1.0,0.0,0.0,422.0,6.0,00-0009842,117.2
2002,42,0.0,0.0,0.0,0.0,2.0,0.0,2.0,398.0,3.0,00-0009842,99.80000000000001
2003,23,0.0,0.0,0.0,0.0,0.0,0.0,0.0,293.0,1.0,00-0009842,58.3
2004,29,0.0,0.0,0.0,0.0,0.0,0.0,0.0,267.0,3.0,00-0009842,73.7
2005,5,0.0,0.0,0.0,0.0,0.0,0.0,0.0,64.0,0.0,00-0009842,11.4
1999,14,0.0,0.0,0.0,0.0,1.0,0.0,0.0,261.0,2.0,00-0002469,50.1
2000,22,0.0,0.0,0.0,0.0,0.0,0.0,0.0,241.0,2.0,00-0002469,58.1
2001,37,0.0,0.0,0.0,0.0,0.0,-2.0,0.0,492.0,1.0,00-0002469,92.0
2002,14,0.0,0.0,0.0,0.0,1.0,0.0,0.0,164.0,1.0,00-0002469,34.400000000000006
2001,18,0.0,0.0,0.0,0.0,2.0,294.0,0.0,183.0,2.0,00-0019889,73.7
2002,0,0.0,0.0,0.0,0.0,0.0,0.0,0.0,0.0,0.0,00-0019889,0.0
1999,37,0.0,0.0,0.0,0.0,0.0,0.0,0.0,496.0,4.0,00-0013728,110.6
2000,31,0.0,0.0,0.0,0.0,1.0,0.0,0.0,372.0,5.0,00-0013728,96.2
2001,53,0.0,0.0,0.0,0.0,0.0,0.0,0.0,590.0,3.0,00-0013728,130.0
2002,32,0.0,0.0,0.0,0.0,0.0,0.0,0.0,350.0,0.0,00-0013728,67.0
2003,10,0.0,0.0,0.0,0.0,0.0,0.0,0.0,138.0,1.0,00-0013728,29.8
2004,7,0.0,0.0,0.0,0.0,0.0,0.0,0.0,82.0,2.0,00-0013728,27.200000000000003
2001,0,0.0,0.0,0.0,0.0,0.0,0.0,0.0,0.0,0.0,00-0006034,0.0
2004,0,0.0,0.0,0.0,0.0,0.0,0.0,0.0,0.0,0.0,00-0006034,0.0
2001,30,0.0,0.0,0.0,0.0,1.0,27.0,0.0,432.0,2.0,00-0020427,85.9
2002,56,0.0,0.0,0.0,0.0,2.0,7.0,1.0,964.0,7.0,00-0020427,193.10000000000002
2003,38,0.0,0.0,0.0,0.0,0.0,-4.0,0.0,516.0,3.0,00-0020427,107.2
2004,31,0.0,0.0,0.0,0.0,1.0,23.0,0.0,404.0,3.0,00-0020427,89.7
2005,9,0.0,0.0,0.0,0.0,0.0,0.0,0.0,150.0,2.0,00-0020427,36.0
2001,0,0.0,0.0,0.0,0.0,1.0,0.0,0.0,0.0,0.0,00-0010693,-2.0
2001,1,0.0,0.0,0.0,0.0,0.0,43.0,0.0,6.0,0.0,00-0006208,5.9
2002,2,0.0,0.0,0.0,0.0,0.0,3.0,0.0,6.0,0.0,00-0006208,2.9
1999,44,0.0,0.0,0.0,0.0,0.0,0.0,0.0,487.0,4.0,00-0002942,116.7
2000,9,0.0,0.0,0.0,0.0,1.0,0.0,0.0,74.0,1.0,00-0002942,20.4
2001,10,0.0,0.0,0.0,0.0,0.0,3.0,0.0,107.0,2.0,00-0002942,33.0
2002,0,0.0,0.0,0.0,0.0,0.0,0.0,0.0,0.0,0.0,00-0002942,0.0
2001,4,0.0,0.0,0.0,0.0,0.0,72.0,0.0,21.0,1.0,00-0019610,19.3
2002,5,0.0,0.0,1.0,0.0,0.0,11.0,0.0,53.0,1.0,00-0019610,23.400000000000002
2003,9,0.0,0.0,0.0,0.0,0.0,14.0,0.0,87.0,2.0,00-0019610,31.1
2004,32,0.0,0.0,6.0,0.0,3.0,1240.0,0.0,241.0,2.0,00-0019610,222.1
2005,39,0.0,0.0,2.0,0.0,1.0,1232.0,0.0,369.0,0.0,00-0019610,209.1
2006,27,0.0,0.0,4.0,0.0,4.0,758.0,0.0,169.0,0.0,00-0019610,135.7
2007,7,0.0,0.0,6.0,0.0,0.0,275.0,0.0,49.0,0.0,00-0019610,75.4
2001,48,0.0,0.0,0.0,0.0,0.0,-11.0,0.0,883.0,7.0,00-0020446,177.20000000000002
2002,52,0.0,0.0,0.0,0.0,0.0,78.0,0.0,734.0,3.0,00-0020446,151.2
2003,64,0.0,0.0,0.0,0.0,1.0,30.0,0.0,963.0,11.0,00-0020446,227.3
2004,69,0.0,0.0,0.0,0.0,1.0,76.0,1.0,878.0,7.0,00-0020446,206.4
2005,82,0.0,0.0,0.0,0.0,2.0,92.0,0.0,1118.0,11.0,00-0020446,265.0
2006,59,0.0,0.0,0.0,0.0,0.0,95.0,0.0,677.0,4.0,00-0020446,160.2
2007,66,0.0,0.0,0.0,0.0,0.0,12.0,0.0,970.0,4.0,00-0020446,188.2
2008,33,0.0,0.0,0.0,0.0,0.0,1.0,0.0,462.0,5.0,00-0020446,109.30000000000001
2009,45,0.0,0.0,0.0,0.0,0.0,0.0,0.0,730.0,5.0,00-0020446,148.0
2010,22,0.0,0.0,0.0,0.0,0.0,0.0,0.0,213.0,1.0,00-0020446,49.3
2001,17,0.0,0.0,0.0,0.0,0.0,2.0,0.0,89.0,0.0,00-0020391,26.1
2002,4,0.0,0.0,0.0,0.0,0.0,0.0,0.0,43.0,0.0,00-0020391,8.3
2003,20,0.0,0.0,0.0,0.0,0.0,-1.0,0.0,120.0,1.0,00-0020391,37.9
2004,7,0.0,0.0,0.0,0.0,0.0,0.0,0.0,44.0,1.0,00-0020391,17.4
2005,7,0.0,0.0,0.0,0.0,0.0,0.0,0.0,43.0,1.0,00-0020391,17.3
2006,18,0.0,0.0,0.0,0.0,2.0,18.0,0.0,107.0,0.0,00-0020391,26.5
2007,8,0.0,0.0,0.0,0.0,0.0,24.0,0.0,40.0,0.0,00-0020391,14.4
2008,3,0.0,0.0,0.0,0.0,0.0,0.0,0.0,24.0,0.0,00-0020391,5.4
2001,0,0.0,0.0,0.0,0.0,0.0,0.0,0.0,0.0,0.0,00-0018587,0.0
2001,0,0.0,0.0,0.0,0.0,1.0,0.0,0.0,0.0,0.0,00-0020385,-2.0
2002,0,0.0,0.0,0.0,0.0,0.0,0.0,0.0,0.0,0.0,00-0020385,0.0
2005,0,0.0,0.0,0.0,0.0,1.0,0.0,0.0,0.0,0.0,00-0020385,-2.0
2001,0,795.0,8.0,0.0,4.0,0.0,61.0,0.0,0.0,0.0,00-0001545,61.9
2002,0,85.0,0.0,0.0,0.0,1.0,9.0,0.0,0.0,0.0,00-0001545,2.3
2003,0,81.0,1.0,0.0,0.0,1.0,1.0,1.0,0.0,0.0,00-0001545,7.34
2005,0,722.0,2.0,0.0,7.0,3.0,15.0,0.0,0.0,0.0,00-0001545,18.379999999999995
2010,0,222.0,2.0,0.0,2.0,0.0,8.0,0.0,0.0,0.0,00-0001545,13.680000000000003
2001,0,0.0,0.0,0.0,0.0,1.0,0.0,0.0,0.0,0.0,00-0001388,-2.0
2005,0,0.0,0.0,0.0,0.0,0.0,0.0,0.0,0.0,0.0,00-0001388,0.0
2009,0,0.0,0.0,0.0,0.0,1.0,0.0,0.0,0.0,0.0,00-0001388,-2.0
2001,0,0.0,0.0,0.0,0.0,1.0,0.0,0.0,0.0,0.0,00-0020521,-2.0
2001,0,0.0,0.0,0.0,0.0,0.0,2.0,0.0,0.0,0.0,00-0019714,0.2
2005,0,0.0,0.0,0.0,0.0,0.0,2.0,0.0,0.0,0.0,00-0019714,0.2
2007,0,0.0,0.0,0.0,0.0,0.0,-4.0,0.0,0.0,0.0,00-0019714,-0.4
2008,0,0.0,0.0,0.0,0.0,1.0,0.0,0.0,0.0,0.0,00-0019714,-2.0
2011,0,35.0,1.0,0.0,0.0,0.0,0.0,0.0,0.0,0.0,00-0019714,5.4
2012,0,4.0,0.0,0.0,0.0,0.0,0.0,0.0,0.0,0.0,00-0019714,0.16
2014,0,10.0,0.0,0.0,0.0,0.0,0.0,0.0,0.0,0.0,00-0019714,0.4
2001,0,0.0,0.0,0.0,0.0,0.0,0.0,0.0,0.0,0.0,00-0019921,0.0
2010,0,0.0,0.0,0.0,0.0,0.0,0.0,0.0,0.0,0.0,00-0019921,0.0
2001,0,154.0,1.0,1.0,1.0,0.0,9.0,0.0,0.0,0.0,00-0010261,15.06
2002,0,2836.0,20.0,0.0,16.0,3.0,43.0,3.0,0.0,0.0,00-0010261,165.74
2003,0,3414.0,18.0,0.0,17.0,2.0,12.0,0.0,0.0,0.0,00-0010261,171.76
2004,0,329.0,1.0,0.0,2.0,2.0,15.0,0.0,0.0,0.0,00-0010261,10.66
2005,0,406.0,2.0,0.0,4.0,2.0,26.0,0.0,0.0,0.0,00-0010261,14.840000000000002
2001,0,0.0,0.0,0.0,0.0,0.0,-5.0,0.0,0.0,0.0,00-0010373,-0.5
2001,0,133.0,1.0,0.0,3.0,0.0,8.0,0.0,0.0,0.0,00-0010206,4.12
2001,0,671.0,3.0,1.0,1.0,4.0,145.0,1.0,0.0,0.0,00-0020308,51.34
2002,1,874.0,7.0,3.0,9.0,1.0,96.0,1.0,7.0,0.0,00-0020308,74.26
2003,0,87.0,0.0,0.0,2.0,1.0,32.0,0.0,0.0,0.0,00-0020308,0.6800000000000002
2004,0,77.0,0.0,0.0,1.0,0.0,18.0,0.0,0.0,0.0,00-0020308,2.88
2005,0,1158.0,5.0,3.0,8.0,2.0,125.0,0.0,0.0,0.0,00-0020308,76.82
2001,1,0.0,0.0,0.0,0.0,0.0,16.0,0.0,5.0,0.0,00-0020273,3.1
2001,0,0.0,0.0,0.0,0.0,1.0,0.0,0.0,0.0,0.0,00-0019733,-2.0
1999,76,0.0,0.0,0.0,0.0,1.0,0.0,0.0,849.0,11.0,00-0006101,224.9
2000,89,0.0,0.0,0.0,0.0,0.0,0.0,0.0,1160.0,9.0,00-0006101,259.0
2001,73,40.0,0.0,0.0,0.0,0.0,9.0,1.0,917.0,6.0,00-0006101,205.2
2002,63,0.0,0.0,0.0,0.0,0.0,0.0,0.0,773.0,7.0,00-0006101,182.3
2003,71,0.0,0.0,0.0,0.0,0.0,0.0,0.0,915.0,10.0,00-0006101,222.5
2004,102,0.0,0.0,0.0,0.0,0.0,5.0,0.0,1258.0,7.0,00-0006101,270.3
2005,78,0.0,0.0,0.0,0.0,0.0,0.0,0.0,905.0,2.0,00-0006101,180.5
2006,73,0.0,0.0,0.0,0.0,0.0,0.0,1.0,900.0,5.0,00-0006101,195.0
2007,99,0.0,0.0,0.0,0.0,0.0,0.0,0.0,1172.0,5.0,00-0006101,246.2
2008,96,0.0,0.0,0.0,0.0,0.0,0.0,0.0,1058.0,10.0,00-0006101,261.8
2009,83,0.0,0.0,0.0,0.0,0.0,0.0,0.0,867.0,6.0,00-0006101,205.7
2010,70,0.0,0.0,0.0,0.0,0.0,0.0,0.0,656.0,6.0,00-0006101,171.60000000000002
2011,80,0.0,0.0,0.0,0.0,0.0,0.0,0.0,875.0,7.0,00-0006101,209.5
2012,93,0.0,0.0,0.0,0.0,0.0,0.0,0.0,930.0,8.0,00-0006101,234.0
2013,83,0.0,0.0,0.0,0.0,0.0,0.0,1.0,859.0,8.0,00-0006101,218.9
2001,0,221.0,1.0,0.0,0.0,0.0,18.0,0.0,0.0,0.0,00-0020531,14.64
2002,0,3284.0,17.0,1.0,16.0,0.0,130.0,1.0,0.0,0.0,00-0020531,188.36
2003,1,2108.0,11.0,0.0,15.0,3.0,84.0,1.0,21.0,1.0,00-0020531,111.82
2004,1,3159.0,27.0,2.0,7.0,1.0,85.0,0.0,38.0,0.0,00-0020531,243.66000000000003
2005,0,3576.0,24.0,1.0,15.0,5.0,49.0,0.0,0.0,0.0,00-0020531,209.94
2006,0,4424.0,26.0,0.0,11.0,3.0,32.0,2.0,0.0,0.0,00-0020531,260.16
2007,2,4428.0,28.0,1.0,18.0,4.0,52.0,0.0,10.0,0.0,00-0020531,259.32
2008,0,5069.0,34.0,0.0,17.0,1.0,-1.0,0.0,0.0,0.0,00-0020531,302.65999999999997
2009,1,4388.0,34.0,2.0,11.0,6.0,33.0,0.0,-4.0,0.0,00-0020531,293.42
2010,1,4620.0,33.0,0.0,22.0,2.0,-3.0,0.0,7.0,0.0,00-0020531,270.2
2011,0,5535.0,46.0,1.0,14.0,1.0,86.0,2.0,0.0,0.0,00-0020531,394.0
2012,0,5177.0,43.0,1.0,19.0,1.0,5.0,0.0,0.0,0.0,00-0020531,345.58000000000004
2013,0,5162.0,39.0,3.0,12.0,2.0,52.0,0.0,0.0,0.0,00-0020531,357.68
2014,1,4952.0,33.0,1.0,17.0,3.0,68.0,0.0,1.0,0.0,00-0020531,303.9800000000001
2015,0,4870.0,32.0,1.0,11.0,2.0,14.0,0.0,0.0,0.0,00-0020531,304.2
2016,0,5208.0,37.0,2.0,15.0,4.0,20.0,0.0,0.0,0.0,00-0020531,332.32
2017,0,4334.0,23.0,2.0,8.0,0.0,12.0,0.0,0.0,0.0,00-0020531,262.56
2018,1,3992.0,32.0,4.0,5.0,1.0,22.0,1.0,1.0,0.0,00-0020531,304.98
2019,0,2979.0,27.0,1.0,4.0,0.0,-4.0,0.0,0.0,0.0,00-0020531,224.76
2020,0,2942.0,24.0,2.0,6.0,2.0,-2.0,0.0,0.0,0.0,00-0020531,209.48000000000002
1999,35,0.0,0.0,0.0,0.0,0.0,0.0,0.0,376.0,0.0,00-0005101,72.6
2000,28,0.0,0.0,0.0,0.0,0.0,0.0,0.0,237.0,2.0,00-0005101,63.7
2001,21,0.0,0.0,0.0,0.0,1.0,0.0,1.0,188.0,1.0,00-0005101,45.8
2002,27,0.0,0.0,0.0,0.0,0.0,0.0,1.0,253.0,7.0,00-0005101,96.3
2003,28,0.0,0.0,0.0,0.0,0.0,0.0,0.0,285.0,2.0,00-0005101,68.5
2004,16,0.0,0.0,0.0,0.0,0.0,0.0,0.0,195.0,2.0,00-0005101,47.5
2005,8,0.0,0.0,0.0,0.0,0.0,0.0,0.0,57.0,2.0,00-0005101,25.7
2006,2,0.0,0.0,0.0,0.0,0.0,0.0,0.0,17.0,0.0,00-0005101,3.7
2007,5,0.0,0.0,0.0,0.0,0.0,0.0,0.0,39.0,2.0,00-0005101,20.9
2001,0,-11.0,0.0,0.0,0.0,0.0,0.0,0.0,0.0,0.0,00-0013682,-0.44
2002,0,0.0,0.0,0.0,0.0,0.0,0.0,0.0,0.0,0.0,00-0013682,0.0
2001,7,0.0,0.0,0.0,0.0,2.0,-4.0,0.0,117.0,1.0,00-0015980,20.3
2002,7,0.0,0.0,0.0,0.0,0.0,23.0,0.0,63.0,0.0,00-0015980,15.600000000000001
2003,9,0.0,0.0,0.0,0.0,2.0,11.0,0.0,100.0,0.0,00-0015980,16.1
2004,18,0.0,0.0,0.0,0.0,1.0,3.0,0.0,213.0,1.0,00-0015980,43.6
2005,0,0.0,0.0,0.0,0.0,1.0,0.0,0.0,0.0,0.0,00-0015980,-2.0
2001,0,0.0,0.0,0.0,0.0,0.0,0.0,0.0,0.0,0.0,00-0020112,0.0
2001,0,0.0,0.0,0.0,0.0,0.0,0.0,0.0,0.0,0.0,00-0019019,0.0
2002,0,0.0,0.0,0.0,0.0,0.0,-10.0,0.0,0.0,0.0,00-0019019,-1.0
2003,0,0.0,0.0,0.0,0.0,0.0,0.0,0.0,0.0,0.0,00-0019019,0.0
2001,1,0.0,0.0,0.0,0.0,0.0,48.0,1.0,10.0,0.0,00-0019268,8.8
2001,21,0.0,0.0,0.0,0.0,0.0,-4.0,0.0,283.0,1.0,00-0020497,54.900000000000006
2002,12,0.0,0.0,0.0,0.0,0.0,0.0,0.0,105.0,0.0,00-0020497,22.5
2003,35,25.0,1.0,0.0,0.0,0.0,0.0,0.0,498.0,2.0,00-0020497,101.80000000000001
2004,22,0.0,0.0,0.0,0.0,0.0,0.0,0.0,377.0,2.0,00-0020497,71.7
2001,0,0.0,0.0,0.0,0.0,0.0,0.0,0.0,0.0,0.0,00-0006223,0.0
2001,4,0.0,0.0,1.0,0.0,3.0,172.0,0.0,11.0,0.0,00-0020417,22.3
1999,116,0.0,0.0,0.0,0.0,1.0,0.0,1.0,1636.0,6.0,00-0015218,315.6
2000,91,0.0,0.0,0.0,0.0,0.0,0.0,0.0,1213.0,8.0,00-0015218,260.3
2001,112,0.0,0.0,0.0,0.0,0.0,-3.0,0.0,1373.0,8.0,00-0015218,297.0
2002,80,0.0,0.0,0.0,0.0,0.0,2.0,1.0,1027.0,7.0,00-0015218,226.9
2003,54,0.0,0.0,0.0,0.0,0.0,0.0,0.0,805.0,4.0,00-0015218,158.5
2004,74,0.0,0.0,0.0,0.0,1.0,0.0,0.0,1172.0,6.0,00-0015218,225.2
2005,70,0.0,0.0,0.0,0.0,0.0,0.0,0.0,1023.0,6.0,00-0015218,208.3
2001,2,0.0,0.0,0.0,0.0,0.0,-6.0,0.0,40.0,0.0,00-0020494,5.4
2002,30,0.0,0.0,0.0,0.0,0.0,48.0,0.0,433.0,4.0,00-0020494,102.1
2003,74,0.0,0.0,0.0,0.0,2.0,67.0,0.0,1105.0,10.0,00-0020494,247.2
2004,45,0.0,0.0,0.0,0.0,0.0,18.0,0.0,838.0,5.0,00-0020494,160.60000000000002
2005,84,0.0,0.0,0.0,0.0,1.0,-3.0,0.0,1483.0,9.0,00-0020494,284.0
2006,55,0.0,0.0,0.0,0.0,0.0,82.0,1.0,790.0,6.0,00-0020494,180.2
2007,61,0.0,0.0,0.0,0.0,2.0,13.0,0.0,808.0,3.0,00-0020494,157.10000000000002
2008,79,0.0,0.0,0.0,0.0,1.0,27.0,0.0,1044.0,6.0,00-0020494,220.10000000000002
2009,70,0.0,0.0,0.0,0.0,1.0,8.0,0.0,902.0,3.0,00-0020494,177.0
2010,93,0.0,0.0,0.0,0.0,2.0,-6.0,0.0,1115.0,6.0,00-0020494,235.9
2011,46,0.0,0.0,0.0,0.0,0.0,0.0,0.0,584.0,4.0,00-0020494,128.4
2012,41,0.0,0.0,0.0,0.0,1.0,14.0,0.0,573.0,8.0,00-0020494,145.70000000000002
2013,42,0.0,0.0,0.0,0.0,2.0,25.0,0.0,452.0,2.0,00-0020494,97.7
2014,10,0.0,0.0,0.0,0.0,0.0,0.0,0.0,116.0,0.0,00-0020494,21.6
2001,21,0.0,0.0,0.0,0.0,2.0,0.0,0.0,228.0,0.0,00-0020438,39.8
2002,41,0.0,0.0,0.0,0.0,2.0,0.0,0.0,492.0,1.0,00-0020438,92.2
2004,73,0.0,0.0,0.0,0.0,0.0,51.0,0.0,978.0,4.0,00-0020438,199.9
2005,78,0.0,0.0,1.0,0.0,1.0,62.0,0.0,956.0,7.0,00-0020438,225.8
2006,90,0.0,0.0,0.0,0.0,0.0,6.0,0.0,1081.0,9.0,00-0020438,252.7
2007,112,0.0,0.0,0.0,0.0,1.0,14.0,0.0,1143.0,12.0,00-0020438,297.70000000000005
2008,92,0.0,0.0,0.0,0.0,0.0,9.0,0.0,904.0,4.0,00-0020438,207.3
2009,79,0.0,0.0,0.0,0.0,1.0,0.0,0.0,911.0,3.0,00-0020438,186.10000000000002
2010,30,0.0,0.0,0.0,0.0,0.0,0.0,0.0,398.0,3.0,00-0020438,87.80000000000001
2011,11,0.0,0.0,0.0,0.0,0.0,0.0,0.0,146.0,1.0,00-0020438,31.6
2001,0,0.0,0.0,0.0,0.0,1.0,0.0,0.0,0.0,0.0,00-0000112,-2.0
1999,48,0.0,0.0,0.0,0.0,0.0,0.0,0.0,803.0,6.0,00-0005668,164.3
2000,53,0.0,0.0,0.0,0.0,0.0,0.0,0.0,753.0,6.0,00-0005668,164.3
2001,55,0.0,0.0,0.0,0.0,1.0,0.0,0.0,674.0,3.0,00-0005668,138.4
2002,16,0.0,0.0,0.0,0.0,0.0,0.0,0.0,228.0,0.0,00-0005668,38.8
2003,4,0.0,0.0,0.0,0.0,0.0,0.0,0.0,48.0,0.0,00-0005668,8.8
2001,0,0.0,0.0,0.0,0.0,1.0,0.0,0.0,0.0,0.0,00-0020495,-2.0
2002,0,0.0,0.0,0.0,0.0,1.0,0.0,0.0,0.0,0.0,00-0020495,-2.0
2003,0,0.0,0.0,0.0,0.0,1.0,0.0,0.0,0.0,0.0,00-0020495,-2.0
2004,0,0.0,0.0,0.0,0.0,2.0,0.0,0.0,0.0,0.0,00-0020495,-4.0
2009,0,0.0,0.0,0.0,0.0,0.0,0.0,0.0,0.0,0.0,00-0020495,0.0
2010,0,0.0,0.0,0.0,0.0,1.0,0.0,0.0,0.0,0.0,00-0020495,-2.0
2011,0,0.0,0.0,0.0,0.0,1.0,0.0,0.0,0.0,0.0,00-0020495,-2.0
2001,0,0.0,0.0,0.0,0.0,1.0,0.0,0.0,0.0,0.0,00-0019052,-2.0
2001,9,0.0,0.0,0.0,0.0,2.0,0.0,0.0,128.0,0.0,00-0019661,17.8
2003,3,0.0,0.0,0.0,0.0,0.0,8.0,0.0,36.0,0.0,00-0019661,7.4
2001,0,0.0,0.0,0.0,0.0,1.0,0.0,0.0,0.0,0.0,00-0017193,-2.0
2002,0,0.0,0.0,0.0,0.0,0.0,0.0,0.0,0.0,0.0,00-0017193,0.0
2001,0,114.0,1.0,0.0,0.0,0.0,0.0,0.0,0.0,0.0,00-0007576,8.56
2002,0,790.0,8.0,0.0,4.0,1.0,9.0,0.0,0.0,0.0,00-0007576,54.5
2003,0,1797.0,10.0,0.0,12.0,2.0,7.0,0.0,0.0,0.0,00-0007576,84.58
2004,0,737.0,7.0,0.0,5.0,0.0,-2.0,0.0,0.0,0.0,00-0007576,47.28
2005,0,1509.0,10.0,1.0,8.0,5.0,11.0,0.0,0.0,0.0,00-0007576,81.46
2007,0,511.0,2.0,0.0,1.0,0.0,0.0,0.0,0.0,0.0,00-0007576,26.44
2001,0,0.0,0.0,0.0,0.0,0.0,1.0,0.0,0.0,0.0,00-0005609,0.1
2001,0,0.0,0.0,0.0,0.0,0.0,16.0,0.0,0.0,0.0,00-0017923,1.6
2001,8,0.0,0.0,0.0,0.0,0.0,19.0,0.0,84.0,0.0,00-0020256,18.3
2002,15,0.0,0.0,0.0,0.0,0.0,19.0,0.0,180.0,3.0,00-0020256,52.9
2003,1,0.0,0.0,0.0,0.0,0.0,-4.0,0.0,23.0,0.0,00-0020256,2.9000000000000004
2001,0,0.0,0.0,0.0,0.0,0.0,0.0,0.0,0.0,0.0,00-0019041,0.0
2003,0,545.0,4.0,1.0,1.0,1.0,4.0,0.0,0.0,0.0,00-0019041,40.199999999999996
2004,1,2485.0,18.0,1.0,10.0,2.0,50.0,0.0,-1.0,0.0,00-0019041,159.3
2005,0,474.0,4.0,0.0,2.0,2.0,3.0,0.0,0.0,0.0,00-0019041,27.26
2006,0,4.0,0.0,0.0,0.0,0.0,-3.0,0.0,0.0,0.0,00-0019041,-0.14000000000000004
2007,0,6.0,0.0,0.0,1.0,1.0,-7.0,0.0,0.0,0.0,00-0019041,-4.46
2009,0,231.0,1.0,0.0,1.0,0.0,-9.0,0.0,0.0,0.0,00-0019041,10.34
2010,0,8.0,0.0,0.0,0.0,0.0,-5.0,0.0,0.0,0.0,00-0019041,-0.18
2011,0,0.0,0.0,0.0,0.0,0.0,-5.0,0.0,0.0,0.0,00-0019041,-0.5
2001,0,0.0,0.0,0.0,0.0,0.0,1.0,0.0,0.0,0.0,00-0006516,0.1
2001,0,0.0,0.0,0.0,0.0,0.0,11.0,0.0,0.0,0.0,00-0020507,1.1
2002,8,0.0,0.0,0.0,0.0,1.0,53.0,0.0,41.0,0.0,00-0020507,15.400000000000002
2003,2,0.0,0.0,0.0,0.0,0.0,24.0,0.0,34.0,0.0,00-0020507,7.800000000000001
2004,2,0.0,0.0,0.0,0.0,0.0,20.0,0.0,12.0,0.0,00-0020507,5.2
2005,14,0.0,0.0,0.0,0.0,0.0,192.0,1.0,105.0,0.0,00-0020507,45.7
2006,7,0.0,0.0,0.0,0.0,0.0,117.0,0.0,34.0,1.0,00-0020507,28.1
2007,4,0.0,0.0,3.0,0.0,0.0,121.0,0.0,43.0,0.0,00-0020507,38.4
2008,3,0.0,0.0,0.0,0.0,0.0,23.0,0.0,59.0,0.0,00-0020507,11.200000000000001
2009,10,0.0,0.0,1.0,0.0,0.0,16.0,0.0,70.0,2.0,00-0020507,36.6
2010,7,0.0,0.0,0.0,0.0,0.0,2.0,0.0,41.0,1.0,00-0020507,17.3
2000,1,0.0,0.0,0.0,0.0,0.0,0.0,0.0,10.0,0.0,00-0019109,2.0
2001,11,0.0,0.0,0.0,0.0,0.0,5.0,0.0,99.0,0.0,00-0019109,21.4
2002,4,0.0,0.0,0.0,0.0,0.0,27.0,0.0,51.0,1.0,00-0019109,17.8
2001,46,0.0,0.0,0.0,0.0,1.0,16.0,0.0,741.0,4.0,00-0020525,143.7
2002,71,0.0,0.0,0.0,0.0,0.0,1.0,0.0,1006.0,8.0,00-0020525,219.7
2003,59,46.0,2.0,0.0,0.0,0.0,0.0,0.0,600.0,5.0,00-0020525,158.84
2004,51,0.0,0.0,0.0,0.0,0.0,7.0,0.0,650.0,5.0,00-0020525,146.7
2005,13,0.0,0.0,0.0,0.0,0.0,0.0,0.0,151.0,1.0,00-0020525,34.1
2006,2,0.0,0.0,0.0,0.0,0.0,0.0,0.0,17.0,0.0,00-0020525,3.7
2001,0,0.0,0.0,0.0,0.0,0.0,-1.0,0.0,0.0,0.0,00-0002655,-0.1
2003,0,0.0,0.0,0.0,0.0,0.0,3.0,0.0,0.0,0.0,00-0002655,0.30000000000000004
2001,8,0.0,0.0,0.0,0.0,0.0,0.0,0.0,71.0,1.0,00-0019487,21.1
2002,0,0.0,0.0,0.0,0.0,1.0,0.0,0.0,0.0,0.0,00-0019487,-2.0
2001,0,27.0,1.0,0.0,0.0,0.0,-10.0,0.0,0.0,0.0,00-0010609,4.08
2002,0,12.0,1.0,0.0,0.0,0.0,20.0,0.0,0.0,0.0,00-0010609,6.48
2003,0,0.0,0.0,0.0,0.0,1.0,0.0,0.0,0.0,0.0,00-0010609,-2.0
2005,0,18.0,0.0,0.0,0.0,0.0,0.0,0.0,0.0,0.0,00-0010609,0.72
2006,0,37.0,0.0,0.0,0.0,0.0,0.0,0.0,0.0,0.0,00-0010609,1.48
2008,0,0.0,0.0,0.0,0.0,0.0,0.0,0.0,0.0,0.0,00-0010609,0.0
2009,0,0.0,0.0,0.0,0.0,0.0,0.0,0.0,0.0,0.0,00-0010609,0.0
2010,0,0.0,0.0,0.0,0.0,0.0,0.0,0.0,0.0,0.0,00-0010609,0.0
2001,0,0.0,0.0,0.0,0.0,0.0,0.0,0.0,0.0,0.0,00-0009561,0.0
2001,1,0.0,0.0,1.0,0.0,0.0,84.0,0.0,0.0,0.0,00-0019826,15.4
2002,0,0.0,0.0,0.0,0.0,0.0,0.0,0.0,0.0,0.0,00-0019826,0.0
2003,1,0.0,0.0,0.0,0.0,0.0,0.0,0.0,2.0,1.0,00-0019826,7.2
1999,3,0.0,0.0,0.0,0.0,0.0,0.0,0.0,8.0,1.0,00-0012809,9.8
2000,0,0.0,0.0,0.0,0.0,0.0,0.0,0.0,0.0,0.0,00-0012809,0.0
2001,0,0.0,0.0,0.0,0.0,1.0,0.0,0.0,0.0,0.0,00-0012809,-2.0
2002,0,0.0,0.0,0.0,0.0,0.0,0.0,0.0,0.0,0.0,00-0012809,0.0
1999,40,0.0,0.0,0.0,0.0,0.0,0.0,0.0,479.0,2.0,00-0004294,99.9
2000,47,0.0,0.0,0.0,0.0,1.0,0.0,0.0,538.0,3.0,00-0004294,116.80000000000001
2001,32,39.0,1.0,0.0,0.0,2.0,0.0,1.0,343.0,1.0,00-0004294,75.86000000000001
2002,34,0.0,0.0,0.0,0.0,0.0,0.0,0.0,329.0,2.0,00-0004294,78.9
2003,22,0.0,0.0,0.0,0.0,0.0,0.0,0.0,244.0,1.0,00-0004294,52.400000000000006
2004,39,0.0,0.0,0.0,0.0,0.0,0.0,1.0,345.0,3.0,00-0004294,93.5
2001,0,0.0,0.0,0.0,0.0,0.0,0.0,0.0,0.0,0.0,00-0009028,0.0
1999,1,0.0,0.0,0.0,0.0,0.0,0.0,0.0,4.0,0.0,00-0010951,1.4
2000,2,0.0,0.0,0.0,0.0,0.0,0.0,0.0,13.0,0.0,00-0010951,3.3
2001,1,0.0,0.0,0.0,0.0,0.0,1.0,0.0,10.0,0.0,00-0010951,2.1
2002,0,0.0,0.0,0.0,0.0,0.0,0.0,0.0,0.0,0.0,00-0010951,0.0
1999,1,0.0,0.0,0.0,0.0,0.0,0.0,0.0,3.0,0.0,00-0001397,1.3
2001,0,0.0,0.0,0.0,0.0,1.0,0.0,0.0,0.0,0.0,00-0001397,-2.0
2001,0,0.0,0.0,0.0,0.0,1.0,0.0,0.0,0.0,0.0,00-0020542,-2.0
2002,0,0.0,0.0,0.0,0.0,0.0,0.0,0.0,0.0,0.0,00-0020542,0.0
2001,0,0.0,0.0,0.0,0.0,0.0,-10.0,0.0,0.0,0.0,00-0015842,-1.0
2003,0,0.0,0.0,0.0,0.0,0.0,0.0,0.0,0.0,0.0,00-0015842,0.0
1999,90,0.0,0.0,0.0,0.0,0.0,0.0,0.0,1239.0,13.0,00-0002721,291.9
2000,96,0.0,0.0,0.0,0.0,1.0,0.0,0.0,1253.0,9.0,00-0002721,273.3
2001,73,0.0,0.0,0.0,0.0,2.0,4.0,0.0,871.0,6.0,00-0002721,192.5
2002,8,0.0,0.0,0.0,0.0,1.0,0.0,0.0,66.0,1.0,00-0002721,18.6
2001,0,0.0,0.0,0.0,0.0,0.0,0.0,0.0,0.0,0.0,00-0008941,0.0
2001,0,0.0,0.0,0.0,0.0,0.0,0.0,0.0,0.0,0.0,00-0000032,0.0
2001,3,0.0,0.0,0.0,0.0,0.0,11.0,0.0,53.0,0.0,00-0020340,9.4
2002,11,0.0,0.0,0.0,0.0,0.0,0.0,0.0,253.0,1.0,00-0020340,42.3
2003,9,0.0,0.0,0.0,0.0,0.0,2.0,0.0,121.0,0.0,00-0020340,21.3
2001,0,0.0,0.0,0.0,0.0,1.0,0.0,0.0,0.0,0.0,00-0019991,-2.0
1999,28,0.0,0.0,0.0,0.0,0.0,0.0,0.0,387.0,3.0,00-0014729,84.7
2000,40,0.0,0.0,0.0,0.0,2.0,0.0,0.0,672.0,4.0,00-0014729,127.2
2001,24,0.0,0.0,0.0,0.0,0.0,0.0,0.0,409.0,2.0,00-0014729,76.9
2002,44,0.0,0.0,0.0,0.0,0.0,0.0,0.0,525.0,1.0,00-0014729,102.5
2003,56,0.0,0.0,0.0,0.0,1.0,0.0,0.0,732.0,4.0,00-0014729,151.2
2004,5,0.0,0.0,0.0,0.0,0.0,1.0,0.0,59.0,0.0,00-0014729,11.0
2001,0,0.0,0.0,0.0,0.0,0.0,8.0,0.0,0.0,0.0,00-0019633,0.8
2003,0,69.0,0.0,0.0,1.0,1.0,28.0,0.0,0.0,0.0,00-0019633,1.5600000000000005
2001,0,0.0,0.0,0.0,0.0,0.0,6.0,0.0,0.0,0.0,00-0019453,0.6000000000000001
2002,0,0.0,0.0,0.0,0.0,0.0,2.0,0.0,0.0,0.0,00-0019453,0.2
2003,3,0.0,0.0,0.0,0.0,1.0,49.0,0.0,11.0,0.0,00-0019453,7.0
2004,1,0.0,0.0,0.0,0.0,0.0,4.0,0.0,5.0,0.0,00-0019453,1.9
2005,0,0.0,0.0,0.0,0.0,0.0,6.0,0.0,0.0,0.0,00-0019453,0.6000000000000001
2001,0,143.0,2.0,0.0,1.0,0.0,0.0,0.0,0.0,0.0,00-0020305,11.719999999999999
2002,0,1011.0,6.0,0.0,5.0,1.0,6.0,0.0,0.0,0.0,00-0020305,53.04
2004,0,1893.0,11.0,1.0,15.0,5.0,13.0,2.0,0.0,0.0,00-0020305,91.02
2006,0,342.0,3.0,0.0,0.0,1.0,3.0,0.0,0.0,0.0,00-0020305,23.98
2007,0,681.0,5.0,0.0,8.0,0.0,23.0,0.0,0.0,0.0,00-0020305,33.54
2011,0,548.0,1.0,0.0,2.0,2.0,4.0,0.0,0.0,0.0,00-0020305,18.32
1999,0,0.0,0.0,0.0,0.0,0.0,0.0,0.0,0.0,0.0,00-0008156,0.0
2000,1,0.0,0.0,0.0,0.0,0.0,0.0,0.0,5.0,0.0,00-0008156,1.5
2001,2,0.0,0.0,0.0,0.0,0.0,0.0,0.0,20.0,0.0,00-0019510,4.0
2002,14,0.0,0.0,0.0,0.0,2.0,5.0,0.0,100.0,0.0,00-0019510,20.5
2003,3,0.0,0.0,0.0,0.0,0.0,0.0,0.0,50.0,0.0,00-0019510,8.0
2000,10,0.0,0.0,0.0,0.0,1.0,0.0,0.0,87.0,1.0,00-0019660,22.700000000000003
2001,45,0.0,0.0,0.0,0.0,0.0,0.0,0.0,428.0,0.0,00-0019660,87.80000000000001
2002,51,0.0,0.0,0.0,0.0,1.0,11.0,0.0,656.0,4.0,00-0019660,139.7
2003,49,0.0,0.0,0.0,0.0,0.0,13.0,0.0,583.0,3.0,00-0019660,126.6
2004,30,0.0,0.0,0.0,0.0,0.0,14.0,0.0,370.0,2.0,00-0019660,80.4
2005,2,0.0,0.0,0.0,0.0,0.0,0.0,0.0,25.0,1.0,00-0019660,10.5
2001,2,0.0,0.0,0.0,0.0,0.0,0.0,0.0,14.0,0.0,00-0013467,3.4000000000000004
2001,3,0.0,0.0,0.0,0.0,0.0,0.0,0.0,52.0,1.0,00-0016373,14.2
2002,53,0.0,0.0,0.0,0.0,2.0,77.0,0.0,773.0,4.0,00-0016373,158.0
2003,26,0.0,0.0,0.0,0.0,0.0,0.0,0.0,359.0,0.0,00-0016373,61.9
2004,23,0.0,0.0,0.0,0.0,0.0,0.0,0.0,359.0,4.0,00-0016373,82.9
2001,9,0.0,0.0,0.0,0.0,0.0,0.0,0.0,44.0,0.0,00-0020018,13.4
2002,5,0.0,0.0,0.0,0.0,0.0,0.0,0.0,42.0,1.0,00-0020018,15.2
2002,32,0.0,0.0,1.0,0.0,0.0,534.0,0.0,253.0,1.0,00-0019808,122.7
2003,0,0.0,0.0,0.0,0.0,0.0,0.0,0.0,0.0,0.0,00-0019808,0.0
2004,25,0.0,0.0,0.0,0.0,1.0,158.0,0.0,171.0,1.0,00-0019808,61.9
2006,23,0.0,0.0,1.0,0.0,0.0,138.0,0.0,213.0,0.0,00-0019808,64.1
2007,52,0.0,0.0,7.0,0.0,2.0,763.0,0.0,373.0,0.0,00-0019808,203.60000000000002
2008,3,0.0,0.0,0.0,0.0,0.0,55.0,0.0,4.0,0.0,00-0019808,8.9
2002,23,0.0,0.0,0.0,0.0,1.0,11.0,0.0,319.0,1.0,00-0021153,60.0
2003,41,0.0,0.0,0.0,0.0,1.0,1.0,0.0,716.0,9.0,00-0021153,164.7
2004,89,0.0,0.0,0.0,0.0,2.0,0.0,0.0,1380.0,12.0,00-0021153,295.0
2005,4,0.0,0.0,0.0,0.0,0.0,0.0,0.0,27.0,0.0,00-0021153,6.7
2006,69,0.0,0.0,1.0,0.0,0.0,123.0,0.0,1084.0,8.0,00-0021153,243.70000000000002
2007,26,0.0,0.0,0.0,0.0,0.0,-3.0,0.0,287.0,0.0,00-0021153,54.400000000000006
2008,15,0.0,0.0,0.0,0.0,0.0,0.0,0.0,196.0,1.0,00-0021153,40.6
2009,0,0.0,0.0,0.0,0.0,0.0,0.0,0.0,0.0,0.0,00-0021153,0.0
2002,9,0.0,0.0,4.0,0.0,0.0,507.0,0.0,61.0,0.0,00-0021376,89.8
2003,11,0.0,0.0,11.0,0.0,2.0,779.0,0.0,94.0,0.0,00-0021376,160.3
2004,3,0.0,0.0,8.0,0.0,2.0,509.0,0.0,15.0,0.0,00-0021376,99.4
2005,6,0.0,0.0,8.0,0.0,2.0,380.0,0.0,63.0,0.0,00-0021376,94.3
2006,2,0.0,0.0,2.0,0.0,0.0,132.0,0.0,16.0,0.0,00-0021376,28.800000000000004
2007,4,0.0,0.0,3.0,0.0,0.0,335.0,0.0,54.0,0.0,00-0021376,60.9
2008,0,0.0,0.0,8.0,0.0,0.0,172.0,0.0,0.0,0.0,00-0021376,65.2
2002,5,0.0,0.0,1.0,0.0,1.0,184.0,0.0,33.0,0.0,00-0021252,30.700000000000003
2003,6,0.0,0.0,2.0,0.0,1.0,420.0,0.0,38.0,0.0,00-0021252,61.8
2004,4,0.0,0.0,2.0,0.0,0.0,359.0,0.0,33.0,0.0,00-0021252,55.199999999999996
2005,2,0.0,0.0,2.0,0.0,0.0,105.0,0.0,3.0,0.0,00-0021252,24.8
2006,15,0.0,0.0,1.0,0.0,0.0,221.0,0.0,193.0,1.0,00-0021252,68.4
2007,18,0.0,0.0,5.0,0.0,0.0,499.0,0.0,184.0,2.0,00-0021252,128.3
2008,4,0.0,0.0,0.0,0.0,0.0,31.0,0.0,54.0,0.0,00-0021252,12.5
2002,0,2592.0,9.0,3.0,15.0,7.0,282.0,2.0,0.0,0.0,00-0020608,145.88
2003,0,2013.0,9.0,2.0,13.0,0.0,151.0,0.0,0.0,0.0,00-0020608,117.62
2004,0,3539.0,16.0,0.0,14.0,2.0,303.0,0.0,0.0,0.0,00-0020608,203.86
2005,0,2488.0,14.0,1.0,11.0,6.0,308.0,1.0,0.0,0.0,00-0020608,160.32
2006,0,2765.0,11.0,2.0,12.0,7.0,193.0,1.0,0.0,0.0,00-0020608,149.90000000000003
2007,0,635.0,3.0,0.0,5.0,0.0,59.0,0.0,0.0,0.0,00-0020608,33.300000000000004
2008,0,115.0,2.0,0.0,0.0,0.0,10.0,0.0,0.0,0.0,00-0020608,13.600000000000001
2009,0,225.0,1.0,1.0,0.0,0.0,27.0,0.0,0.0,0.0,00-0020608,21.7
2010,0,67.0,0.0,0.0,1.0,0.0,0.0,0.0,0.0,0.0,00-0020608,0.6800000000000002
2012,0,19.0,0.0,0.0,0.0,0.0,-3.0,0.0,0.0,0.0,00-0020608,0.45999999999999996
2002,5,0.0,0.0,0.0,0.0,0.0,14.0,0.0,33.0,1.0,00-0021253,15.700000000000001
2004,1,0.0,0.0,0.0,0.0,0.0,1.0,0.0,3.0,0.0,00-0021253,1.4000000000000001
2005,1,0.0,0.0,0.0,0.0,0.0,0.0,0.0,4.0,0.0,00-0021253,1.4
2002,9,0.0,0.0,3.0,0.0,1.0,529.0,0.0,48.0,0.0,00-0021223,82.7
2003,2,0.0,0.0,0.0,0.0,0.0,14.0,0.0,17.0,0.0,00-0021223,5.1000000000000005
2004,11,0.0,0.0,3.0,0.0,1.0,299.0,1.0,79.0,2.0,00-0021223,78.80000000000001
2005,22,0.0,0.0,4.0,0.0,0.0,325.0,0.0,179.0,0.0,00-0021223,96.4
2001,3,0.0,0.0,0.0,0.0,0.0,0.0,0.0,28.0,0.0,00-0020425,5.800000000000001
2002,14,0.0,0.0,0.0,0.0,1.0,0.0,0.0,211.0,0.0,00-0020425,33.1
2002,0,0.0,0.0,0.0,0.0,0.0,0.0,0.0,0.0,0.0,00-0019745,0.0
2002,0,0.0,0.0,0.0,0.0,1.0,0.0,0.0,0.0,0.0,00-0021288,-2.0
2002,18,0.0,0.0,1.0,0.0,0.0,107.0,0.0,126.0,1.0,00-0004774,53.300000000000004
2002,0,2294.0,12.0,0.0,16.0,1.0,4.0,0.0,0.0,0.0,00-0021141,106.16
2003,1,2880.0,17.0,0.0,22.0,0.0,98.0,2.0,8.0,0.0,00-0021141,154.8
2004,0,3047.0,19.0,0.0,12.0,3.0,175.0,1.0,0.0,0.0,00-0021141,187.38
2005,1,2021.0,12.0,0.0,12.0,4.0,80.0,0.0,-4.0,0.0,00-0021141,105.44
2006,0,2236.0,12.0,0.0,15.0,0.0,17.0,2.0,0.0,0.0,00-0021141,113.14
2007,1,2215.0,7.0,0.0,8.0,0.0,33.0,0.0,4.0,0.0,00-0021141,105.30000000000001
2002,0,0.0,0.0,0.0,0.0,0.0,0.0,0.0,0.0,0.0,00-0019654,0.0
2002,16,0.0,0.0,6.0,0.0,2.0,887.0,0.0,113.0,0.0,00-0021150,148.0
2003,10,0.0,0.0,1.0,0.0,2.0,559.0,0.0,50.0,0.0,00-0021150,72.9
2004,14,0.0,0.0,2.0,0.0,2.0,585.0,0.0,84.0,0.0,00-0021150,88.9
2005,5,0.0,0.0,0.0,0.0,0.0,78.0,0.0,30.0,0.0,00-0021150,15.8
2002,0,0.0,0.0,0.0,0.0,0.0,28.0,0.0,0.0,0.0,00-0016021,2.8000000000000003
2002,16,0.0,0.0,1.0,0.0,1.0,18.0,0.0,167.0,3.0,00-0021031,56.5
2003,3,0.0,0.0,0.0,0.0,0.0,9.0,0.0,21.0,0.0,00-0021031,6.0
2002,9,25.0,1.0,0.0,0.0,2.0,193.0,0.0,86.0,0.0,00-0021216,37.9
2003,38,0.0,0.0,7.0,0.0,2.0,605.0,0.0,340.0,4.0,00-0021216,194.5
2004,73,0.0,0.0,3.0,0.0,1.0,808.0,0.0,703.0,6.0,00-0021216,276.1
2005,61,0.0,0.0,3.0,0.0,0.0,614.0,1.0,616.0,4.0,00-0021216,228.0
2006,77,0.0,0.0,7.0,0.0,2.0,1217.0,0.0,699.0,4.0,00-0021216,330.6
2007,90,0.0,0.0,7.0,0.0,1.0,1333.0,0.0,771.0,5.0,00-0021216,370.40000000000003
2008,54,0.0,0.0,9.0,0.0,1.0,936.0,0.0,400.0,5.0,00-0021216,269.6
2009,25,0.0,0.0,1.0,0.0,0.0,274.0,0.0,181.0,1.0,00-0021216,82.5
2010,16,0.0,0.0,4.0,0.0,0.0,340.0,0.0,150.0,1.0,00-0021216,95.0
2002,47,45.0,0.0,0.0,0.0,3.0,134.0,1.0,489.0,2.0,00-0021190,119.10000000000001
2003,37,6.0,0.0,0.0,0.0,1.0,85.0,0.0,364.0,1.0,00-0021190,86.14
2004,43,10.0,1.0,0.0,0.0,2.0,34.0,0.0,601.0,3.0,00-0021190,124.9
2005,35,67.0,1.0,0.0,0.0,3.0,73.0,0.0,558.0,1.0,00-0021190,104.78
2006,32,88.0,1.0,0.0,0.0,1.0,118.0,0.0,351.0,3.0,00-0021190,102.41999999999999
2007,51,19.0,0.0,0.0,0.0,0.0,-3.0,1.0,728.0,1.0,00-0021190,132.26
2008,53,46.0,1.0,0.0,0.0,1.0,5.0,0.0,593.0,4.0,00-0021190,140.64000000000001
2009,50,0.0,0.0,0.0,0.0,2.0,0.0,0.0,532.0,0.0,00-0021190,99.2
2010,22,42.0,2.0,0.0,0.0,0.0,2.0,0.0,253.0,0.0,00-0021190,57.18
2002,30,0.0,0.0,1.0,0.0,3.0,228.0,0.0,278.0,2.0,00-0021209,92.6
2003,8,0.0,0.0,1.0,0.0,0.0,298.0,0.0,59.0,0.0,00-0021209,49.699999999999996
2004,13,0.0,0.0,0.0,0.0,0.0,64.0,0.0,74.0,0.0,00-0021209,26.799999999999997
2005,11,0.0,0.0,1.0,0.0,2.0,182.0,0.0,79.0,0.0,00-0021209,39.1
2006,0,0.0,0.0,0.0,0.0,0.0,2.0,0.0,0.0,0.0,00-0021209,0.2
2002,33,0.0,0.0,15.0,0.0,3.0,1508.0,0.0,364.0,2.0,00-0021179,316.2
2003,38,0.0,0.0,14.0,0.0,1.0,1591.0,1.0,314.0,0.0,00-0021179,312.5
2004,40,15.0,1.0,5.0,0.0,4.0,1315.0,0.0,235.0,2.0,00-0021179,233.6
2005,30,17.0,1.0,11.0,0.0,2.0,1516.0,1.0,216.0,0.0,00-0021179,271.88
2006,17,0.0,0.0,7.0,0.0,0.0,523.0,0.0,170.0,0.0,00-0021179,128.3
2007,47,15.0,1.0,11.0,0.0,5.0,1262.0,0.0,389.0,0.0,00-0021179,272.70000000000005
2008,28,0.0,0.0,9.0,0.0,3.0,1487.0,0.0,218.0,0.0,00-0021179,246.50000000000003
2009,9,0.0,0.0,1.0,0.0,1.0,494.0,0.0,57.0,1.0,00-0021179,74.10000000000001
2010,5,0.0,0.0,2.0,0.0,0.0,227.0,0.0,55.0,0.0,00-0021179,45.2
2002,38,0.0,0.0,6.0,0.0,4.0,834.0,0.0,413.0,3.0,00-0020022,208.70000000000002
2003,30,0.0,0.0,0.0,0.0,3.0,830.0,0.0,184.0,0.0,00-0020022,125.4
2005,35,0.0,0.0,0.0,0.0,3.0,451.0,0.0,255.0,0.0,00-0020022,99.6
2006,6,0.0,0.0,4.0,0.0,0.0,41.0,0.0,60.0,0.0,00-0020022,40.1
2007,4,0.0,0.0,1.0,0.0,0.0,41.0,0.0,25.0,0.0,00-0020022,16.6
2002,3,0.0,0.0,0.0,0.0,1.0,153.0,0.0,25.0,0.0,00-0021182,18.8
2003,4,0.0,0.0,0.0,0.0,1.0,239.0,0.0,32.0,1.0,00-0021182,35.1
2004,9,0.0,0.0,0.0,0.0,0.0,126.0,0.0,53.0,0.0,00-0021182,26.900000000000002
2005,5,0.0,0.0,1.0,0.0,0.0,288.0,0.0,48.0,0.0,00-0021182,44.599999999999994
2006,11,0.0,0.0,0.0,0.0,1.0,604.0,0.0,46.0,0.0,00-0021182,74.0
2007,23,0.0,0.0,4.0,0.0,1.0,628.0,0.0,213.0,1.0,00-0021182,135.10000000000002
2008,19,0.0,0.0,0.0,0.0,1.0,574.0,0.0,136.0,2.0,00-0021182,100.0
2009,26,0.0,0.0,2.0,0.0,0.0,384.0,1.0,210.0,0.0,00-0021182,99.4
2010,25,0.0,0.0,5.0,0.0,0.0,336.0,0.0,170.0,0.0,00-0021182,105.6
2011,27,0.0,0.0,1.0,0.0,0.0,319.0,0.0,241.0,1.0,00-0021182,95.0
2002,0,0.0,0.0,0.0,0.0,1.0,0.0,0.0,0.0,0.0,00-0021097,-2.0
2002,6,0.0,0.0,0.0,0.0,0.0,67.0,0.0,34.0,0.0,00-0020407,16.1
2003,21,0.0,0.0,9.0,0.0,0.0,967.0,0.0,146.0,0.0,00-0020407,186.29999999999998
2004,15,0.0,0.0,12.0,0.0,4.0,1457.0,0.0,84.0,0.0,00-0020407,233.10000000000002
2005,23,0.0,0.0,12.0,0.0,0.0,1458.0,0.0,90.0,0.0,00-0020407,249.8
2006,23,0.0,0.0,12.0,0.0,2.0,1308.0,0.0,124.0,0.0,00-0020407,234.20000000000002
2007,13,0.0,0.0,3.0,0.0,2.0,497.0,1.0,110.0,1.0,00-0020407,95.7
2008,12,0.0,0.0,1.0,0.0,0.0,237.0,0.0,88.0,1.0,00-0020407,56.5
1999,71,0.0,0.0,0.0,0.0,0.0,0.0,0.0,1018.0,7.0,00-0010650,214.8
2000,104,0.0,0.0,0.0,0.0,0.0,0.0,1.0,1323.0,9.0,00-0010650,292.3
2001,6,0.0,0.0,0.0,0.0,0.0,0.0,0.0,94.0,1.0,00-0010650,21.4
2002,69,0.0,0.0,0.0,0.0,1.0,22.0,0.0,903.0,2.0,00-0010650,171.5
2003,19,0.0,0.0,0.0,0.0,0.0,0.0,0.0,195.0,0.0,00-0010650,38.5
2002,0,0.0,0.0,0.0,0.0,1.0,0.0,0.0,0.0,0.0,00-0020327,-2.0
2003,0,0.0,0.0,0.0,0.0,1.0,0.0,0.0,0.0,0.0,00-0020327,-2.0
2005,0,0.0,0.0,0.0,0.0,1.0,0.0,0.0,0.0,0.0,00-0020327,-2.0
2002,17,0.0,0.0,4.0,1.0,3.0,360.0,0.0,86.0,1.0,00-0020376,83.6
2005,3,0.0,0.0,0.0,0.0,0.0,21.0,0.0,23.0,1.0,00-0020376,13.4
2006,1,0.0,0.0,0.0,0.0,0.0,24.0,0.0,5.0,0.0,00-0020376,3.9000000000000004
2001,5,0.0,0.0,0.0,0.0,0.0,0.0,0.0,61.0,0.0,00-0020094,11.100000000000001
2002,2,0.0,0.0,0.0,0.0,0.0,0.0,0.0,13.0,0.0,00-0020094,3.3
2003,1,0.0,0.0,0.0,0.0,0.0,0.0,0.0,2.0,0.0,00-0020094,1.2
2004,4,0.0,0.0,0.0,0.0,0.0,0.0,0.0,37.0,0.0,00-0020094,7.7
2002,6,0.0,0.0,1.0,0.0,1.0,65.0,0.0,38.0,0.0,00-0020173,20.3
2003,1,0.0,0.0,0.0,0.0,0.0,14.0,1.0,5.0,0.0,00-0020173,4.9
1999,0,0.0,0.0,0.0,0.0,0.0,0.0,0.0,0.0,0.0,00-0016689,0.0
2002,0,0.0,0.0,0.0,1.0,0.0,14.0,0.0,0.0,0.0,00-0016689,-0.5999999999999999
2003,0,0.0,0.0,0.0,0.0,0.0,30.0,0.0,0.0,0.0,00-0016689,3.0
2004,0,0.0,0.0,0.0,0.0,0.0,3.0,0.0,0.0,0.0,00-0016689,0.30000000000000004
2006,0,0.0,0.0,0.0,0.0,0.0,19.0,0.0,0.0,0.0,00-0016689,1.9000000000000001
2007,0,0.0,0.0,0.0,0.0,0.0,0.0,0.0,0.0,0.0,00-0016689,0.0
2008,0,0.0,0.0,0.0,0.0,0.0,18.0,0.0,0.0,0.0,00-0016689,1.8
2010,0,0.0,0.0,0.0,0.0,0.0,-27.0,0.0,0.0,0.0,00-0016689,-2.7
2011,0,0.0,0.0,0.0,0.0,0.0,0.0,0.0,0.0,0.0,00-0016689,0.0
2002,0,3.0,0.0,0.0,0.0,0.0,-4.0,0.0,0.0,0.0,00-0021238,-0.28
2003,0,31.0,0.0,0.0,0.0,0.0,0.0,0.0,0.0,0.0,00-0021238,1.24
2004,0,54.0,0.0,0.0,0.0,0.0,-1.0,0.0,0.0,0.0,00-0021238,2.06
2002,14,0.0,0.0,0.0,0.0,1.0,122.0,1.0,129.0,2.0,00-0021314,51.1
2003,20,0.0,0.0,2.0,0.0,1.0,276.0,0.0,132.0,0.0,00-0021314,70.8
2004,30,0.0,0.0,2.0,0.0,1.0,714.0,0.0,184.0,0.0,00-0021314,129.8
2005,41,0.0,0.0,0.0,0.0,3.0,487.0,0.0,288.0,1.0,00-0021314,118.5
2006,42,0.0,0.0,6.0,0.0,3.0,1214.0,0.0,288.0,0.0,00-0021314,222.20000000000002
2007,29,0.0,0.0,7.0,0.0,4.0,844.0,0.0,281.0,0.0,00-0021314,175.5
2008,45,4.0,1.0,4.0,0.0,2.0,399.0,0.0,399.0,2.0,00-0021314,160.96
2009,44,0.0,0.0,1.0,0.0,0.0,332.0,0.0,389.0,1.0,00-0021314,128.10000000000002
2010,20,0.0,0.0,3.0,0.0,0.0,267.0,0.0,139.0,0.0,00-0021314,78.60000000000001
2011,14,0.0,0.0,1.0,0.0,0.0,77.0,0.0,91.0,0.0,00-0021314,36.8
2002,37,0.0,0.0,0.0,0.0,0.0,7.0,0.0,420.0,6.0,00-0021175,115.7
2003,40,0.0,0.0,0.0,0.0,1.0,28.0,0.0,576.0,5.0,00-0021175,128.4
2004,16,0.0,0.0,0.0,0.0,0.0,-3.0,0.0,416.0,2.0,00-0021175,69.3
2005,9,0.0,0.0,0.0,0.0,0.0,0.0,0.0,190.0,1.0,00-0021175,34.0
2006,2,0.0,0.0,0.0,0.0,0.0,0.0,0.0,13.0,0.0,00-0021175,3.3
2007,33,0.0,0.0,0.0,0.0,1.0,0.0,1.0,583.0,3.0,00-0021175,109.30000000000001
2008,13,0.0,0.0,0.0,0.0,0.0,0.0,0.0,213.0,0.0,00-0021175,34.3
2009,6,0.0,0.0,0.0,0.0,0.0,0.0,0.0,59.0,0.0,00-0021175,11.9
2002,44,0.0,0.0,0.0,0.0,2.0,40.0,0.0,733.0,6.0,00-0021191,153.3
2003,39,0.0,0.0,0.0,0.0,0.0,0.0,0.0,550.0,2.0,00-0021191,106.0
2004,58,0.0,0.0,0.0,0.0,1.0,0.0,0.0,812.0,4.0,00-0021191,161.2
2005,69,0.0,0.0,0.0,0.0,1.0,3.0,0.0,1009.0,4.0,00-0021191,192.2
2006,41,0.0,0.0,0.0,0.0,1.0,0.0,0.0,747.0,3.0,00-0021191,131.7
2008,83,0.0,0.0,0.0,0.0,1.0,22.0,0.0,1248.0,7.0,00-0021191,250.0
2009,39,0.0,0.0,0.0,0.0,0.0,0.0,0.0,600.0,4.0,00-0021191,123.0
2002,18,0.0,0.0,2.0,0.0,1.0,283.0,0.0,70.0,0.0,00-0020964,63.3
2003,21,0.0,0.0,1.0,0.0,0.0,200.0,0.0,206.0,2.0,00-0020964,79.6
2004,38,8.0,1.0,0.0,0.0,0.0,224.0,0.0,277.0,2.0,00-0020964,104.42
2005,48,14.0,0.0,1.0,0.0,0.0,173.0,0.0,347.0,1.0,00-0020964,112.56
2006,14,0.0,0.0,0.0,0.0,0.0,9.0,0.0,159.0,0.0,00-0020964,30.8
1999,37,0.0,0.0,0.0,0.0,1.0,0.0,1.0,637.0,5.0,00-0001627,130.7
2000,0,0.0,0.0,0.0,0.0,0.0,0.0,0.0,0.0,0.0,00-0001627,0.0
2001,31,0.0,0.0,0.0,0.0,0.0,0.0,0.0,526.0,2.0,00-0001627,95.6
2002,45,0.0,0.0,0.0,0.0,0.0,-11.0,0.0,697.0,6.0,00-0001627,149.60000000000002
2003,24,0.0,0.0,0.0,0.0,0.0,0.0,0.0,460.0,4.0,00-0001627,94.0
2004,27,0.0,0.0,0.0,0.0,0.0,0.0,0.0,399.0,3.0,00-0001627,84.9
2005,34,0.0,0.0,0.0,0.0,0.0,-2.0,1.0,436.0,5.0,00-0001627,109.4
2006,14,0.0,0.0,0.0,0.0,0.0,0.0,0.0,164.0,0.0,00-0001627,30.400000000000002
2002,22,20.0,0.0,0.0,0.0,3.0,9.0,1.0,208.0,3.0,00-0021176,58.5
2003,8,0.0,0.0,0.0,0.0,0.0,39.0,0.0,80.0,0.0,00-0021176,19.9
2004,18,0.0,0.0,0.0,0.0,0.0,45.0,0.0,310.0,3.0,00-0021176,71.5
2005,28,0.0,0.0,0.0,0.0,2.0,10.0,0.0,352.0,1.0,00-0021176,66.2
2006,61,0.0,0.0,0.0,0.0,1.0,5.0,1.0,760.0,4.0,00-0021176,161.5
2007,15,0.0,0.0,0.0,0.0,0.0,0.0,0.0,141.0,0.0,00-0021176,29.1
2002,8,0.0,0.0,0.0,0.0,0.0,4.0,0.0,90.0,0.0,00-0021330,17.4
2002,12,0.0,0.0,1.0,0.0,2.0,307.0,0.0,154.0,0.0,00-0021184,60.1
2003,15,0.0,0.0,2.0,0.0,0.0,255.0,0.0,167.0,0.0,00-0021184,69.2
2004,15,0.0,0.0,1.0,0.0,0.0,371.0,0.0,108.0,0.0,00-0021184,68.9
2005,10,0.0,0.0,1.0,0.0,3.0,338.0,0.0,78.0,1.0,00-0021184,57.60000000000001
2006,53,0.0,0.0,4.0,0.0,3.0,1154.0,0.0,445.0,1.0,00-0021184,236.9
2007,21,0.0,0.0,1.0,0.0,1.0,335.0,0.0,174.0,1.0,00-0021184,81.9
2008,22,0.0,0.0,1.0,0.0,1.0,206.0,0.0,200.0,0.0,00-0021184,66.6
2009,17,0.0,0.0,2.0,0.0,0.0,210.0,0.0,170.0,0.0,00-0021184,67.0
2010,23,0.0,0.0,2.0,0.0,1.0,150.0,0.0,141.0,0.0,00-0021184,62.1
2000,34,0.0,0.0,0.0,0.0,0.0,0.0,0.0,363.0,1.0,00-0019644,76.30000000000001
2001,36,0.0,0.0,0.0,0.0,0.0,0.0,0.0,322.0,9.0,00-0019644,122.2
2002,54,31.0,1.0,0.0,0.0,0.0,0.0,0.0,442.0,7.0,00-0019644,145.44
2003,30,0.0,0.0,0.0,0.0,0.0,0.0,2.0,241.0,4.0,00-0019644,82.1
2004,34,0.0,0.0,0.0,0.0,0.0,0.0,0.0,361.0,7.0,00-0019644,112.1
2005,26,0.0,0.0,0.0,0.0,0.0,0.0,0.0,218.0,1.0,00-0019644,53.8
2006,25,0.0,0.0,0.0,0.0,1.0,0.0,0.0,232.0,0.0,00-0019644,46.2
2007,18,0.0,0.0,0.0,0.0,0.0,0.0,0.0,132.0,3.0,00-0019644,49.2
2008,6,0.0,0.0,0.0,0.0,0.0,0.0,0.0,47.0,0.0,00-0019644,10.7
2002,0,0.0,0.0,0.0,0.0,0.0,0.0,0.0,0.0,0.0,00-0012875,0.0
2002,0,0.0,0.0,0.0,0.0,0.0,0.0,0.0,0.0,0.0,00-0010634,0.0
2002,0,0.0,0.0,0.0,0.0,0.0,0.0,0.0,0.0,0.0,00-0013102,0.0
2003,0,0.0,0.0,0.0,0.0,0.0,0.0,0.0,0.0,0.0,00-0013102,0.0
2004,0,0.0,0.0,0.0,0.0,0.0,0.0,0.0,0.0,0.0,00-0013102,0.0
2002,0,0.0,0.0,0.0,0.0,2.0,11.0,0.0,0.0,0.0,00-0020676,-2.9
2002,43,0.0,0.0,0.0,0.0,0.0,0.0,0.0,489.0,2.0,00-0021192,103.9
2003,57,0.0,0.0,0.0,0.0,0.0,11.0,0.0,803.0,3.0,00-0021192,156.4
2004,35,0.0,0.0,0.0,0.0,1.0,0.0,0.0,454.0,4.0,00-0021192,102.4
2005,78,0.0,0.0,0.0,0.0,0.0,0.0,0.0,998.0,5.0,00-0021192,207.8
2006,53,0.0,0.0,0.0,0.0,0.0,30.0,0.0,725.0,4.0,00-0021192,152.5
2007,49,0.0,0.0,0.0,0.0,0.0,0.0,0.0,661.0,4.0,00-0021192,139.10000000000002
2008,30,0.0,0.0,0.0,0.0,0.0,0.0,0.0,412.0,4.0,00-0021192,95.2
2009,45,0.0,0.0,0.0,0.0,0.0,-8.0,0.0,437.0,2.0,00-0021192,99.9
2010,61,0.0,0.0,0.0,0.0,1.0,0.0,0.0,818.0,6.0,00-0021192,176.8
2011,51,0.0,0.0,0.0,0.0,0.0,0.0,0.0,702.0,5.0,00-0021192,151.2
2012,16,0.0,0.0,0.0,0.0,0.0,0.0,0.0,145.0,0.0,00-0021192,30.5
2002,0,0.0,0.0,0.0,0.0,0.0,23.0,0.0,0.0,0.0,00-0020214,2.3000000000000003
2002,0,231.0,1.0,2.0,2.0,1.0,139.0,0.0,0.0,0.0,00-0021231,33.14
2003,0,86.0,1.0,0.0,0.0,0.0,0.0,0.0,0.0,0.0,00-0021231,7.4399999999999995
2004,0,374.0,2.0,1.0,1.0,0.0,76.0,0.0,0.0,0.0,00-0021231,34.56
2005,0,1117.0,4.0,3.0,1.0,1.0,185.0,1.0,0.0,0.0,00-0021231,95.18
2006,0,1735.0,10.0,0.0,9.0,2.0,250.0,0.0,0.0,0.0,00-0021231,112.4
2007,0,2509.0,18.0,1.0,3.0,2.0,182.0,1.0,0.0,0.0,00-0021231,188.56
2008,1,3620.0,15.0,2.0,13.0,3.0,322.0,0.0,-6.0,0.0,00-0021231,217.4
2009,0,3597.0,15.0,3.0,10.0,8.0,323.0,1.0,0.0,0.0,00-0021231,220.18
2010,0,2734.0,23.0,5.0,15.0,4.0,270.0,0.0,0.0,0.0,00-0021231,220.36
2002,3,0.0,0.0,0.0,0.0,0.0,65.0,0.0,36.0,0.0,00-0021048,13.1
2003,6,0.0,0.0,0.0,0.0,0.0,68.0,0.0,36.0,0.0,00-0021048,16.400000000000002
2004,0,0.0,0.0,0.0,0.0,0.0,2.0,0.0,0.0,0.0,00-0021048,0.2
2005,0,0.0,0.0,0.0,0.0,0.0,7.0,0.0,0.0,0.0,00-0021048,0.7000000000000001
2000,4,0.0,0.0,0.0,0.0,0.0,0.0,0.0,38.0,0.0,00-0006777,7.800000000000001
2002,9,0.0,0.0,0.0,0.0,0.0,-4.0,0.0,146.0,0.0,00-0006777,23.200000000000003
2003,2,0.0,0.0,0.0,0.0,0.0,0.0,0.0,27.0,0.0,00-0006777,4.7
2004,2,0.0,0.0,0.0,0.0,0.0,0.0,0.0,25.0,0.0,00-0006777,4.5
2006,3,0.0,0.0,0.0,0.0,0.0,0.0,0.0,31.0,0.0,00-0006777,6.1
2001,1,0.0,0.0,0.0,0.0,0.0,0.0,0.0,27.0,1.0,00-0019456,9.7
2002,0,0.0,0.0,0.0,0.0,0.0,0.0,0.0,0.0,0.0,00-0019456,0.0
2002,1,0.0,0.0,0.0,0.0,1.0,2.0,0.0,5.0,0.0,00-0020564,-0.30000000000000004
2003,3,0.0,0.0,0.0,0.0,1.0,39.0,0.0,7.0,0.0,00-0020564,5.6000000000000005
2002,0,0.0,0.0,0.0,0.0,0.0,0.0,0.0,0.0,0.0,00-0021151,0.0
2003,0,0.0,0.0,0.0,0.0,1.0,0.0,0.0,0.0,0.0,00-0021151,-2.0
2004,0,0.0,0.0,0.0,0.0,0.0,0.0,0.0,0.0,0.0,00-0021151,0.0
2005,0,0.0,0.0,0.0,0.0,0.0,0.0,0.0,0.0,0.0,00-0021151,0.0
2007,0,0.0,0.0,0.0,0.0,0.0,0.0,0.0,0.0,0.0,00-0021151,0.0
2009,0,0.0,0.0,0.0,0.0,0.0,0.0,0.0,0.0,0.0,00-0021151,0.0
2010,0,0.0,0.0,0.0,0.0,0.0,0.0,0.0,0.0,0.0,00-0021151,0.0
1999,78,0.0,0.0,0.0,0.0,0.0,0.0,1.0,891.0,5.0,00-0010668,199.10000000000002
2000,94,0.0,0.0,0.0,0.0,3.0,0.0,0.0,1207.0,5.0,00-0010668,238.7
2001,93,0.0,0.0,0.0,0.0,1.0,0.0,1.0,1110.0,6.0,00-0010668,240.0
2002,61,0.0,0.0,0.0,0.0,1.0,3.0,0.0,670.0,6.0,00-0010668,162.3
2003,84,0.0,0.0,0.0,0.0,1.0,0.0,0.0,1180.0,8.0,00-0010668,248.0
2004,31,0.0,0.0,0.0,0.0,0.0,3.0,0.0,393.0,1.0,00-0010668,76.6
2005,70,0.0,0.0,0.0,0.0,0.0,2.0,0.0,917.0,9.0,00-0010668,215.9
2006,36,0.0,0.0,0.0,0.0,1.0,8.0,0.0,437.0,0.0,00-0010668,78.5
2007,22,0.0,0.0,0.0,0.0,0.0,0.0,0.0,256.0,1.0,00-0010668,53.6
2002,0,1539.0,9.0,1.0,8.0,5.0,-1.0,1.0,0.0,0.0,00-0021379,79.46000000000001
2003,0,2169.0,14.0,1.0,9.0,5.0,62.0,2.0,0.0,0.0,00-0021379,130.95999999999998
2004,0,1665.0,10.0,0.0,11.0,1.0,19.0,0.0,0.0,0.0,00-0021379,84.5
2005,0,279.0,1.0,0.0,1.0,1.0,3.0,0.0,0.0,0.0,00-0021379,11.46
2006,0,0.0,0.0,0.0,0.0,0.0,0.0,0.0,0.0,0.0,00-0021379,0.0
2007,0,262.0,1.0,0.0,1.0,1.0,6.0,0.0,0.0,0.0,00-0021379,11.08
2008,0,19.0,0.0,0.0,0.0,1.0,0.0,0.0,0.0,0.0,00-0021379,-1.24
2001,9,0.0,0.0,0.0,0.0,0.0,0.0,0.0,129.0,0.0,00-0019172,21.9
2002,15,0.0,0.0,0.0,0.0,0.0,0.0,0.0,114.0,0.0,00-0019172,26.4
2003,9,0.0,0.0,0.0,0.0,0.0,5.0,0.0,71.0,0.0,00-0019172,16.6
2004,14,0.0,0.0,0.0,0.0,0.0,0.0,0.0,55.0,2.0,00-0019172,31.5
2005,5,0.0,0.0,0.0,0.0,0.0,5.0,0.0,15.0,0.0,00-0019172,7.0
2002,2,0.0,0.0,0.0,0.0,0.0,28.0,0.0,37.0,0.0,00-0021174,8.5
2003,26,0.0,0.0,0.0,0.0,0.0,0.0,0.0,309.0,0.0,00-0021174,56.900000000000006
2004,12,0.0,0.0,0.0,0.0,0.0,23.0,0.0,182.0,1.0,00-0021174,38.5
2005,10,0.0,0.0,0.0,0.0,0.0,46.0,0.0,184.0,0.0,00-0021174,33.0
2006,22,0.0,0.0,0.0,0.0,1.0,0.0,0.0,253.0,2.0,00-0021174,57.3
2007,8,0.0,0.0,0.0,0.0,0.0,0.0,0.0,117.0,1.0,00-0021174,25.700000000000003
2009,1,0.0,0.0,0.0,0.0,0.0,0.0,0.0,6.0,0.0,00-0021174,1.6
2001,16,0.0,0.0,0.0,0.0,1.0,0.0,0.0,206.0,1.0,00-0020516,40.6
2002,68,0.0,0.0,0.0,0.0,0.0,38.0,1.0,836.0,6.0,00-0020516,193.4
2003,57,0.0,0.0,0.0,0.0,0.0,21.0,4.0,693.0,3.0,00-0020516,154.39999999999998
2004,27,0.0,0.0,0.0,0.0,0.0,0.0,0.0,303.0,3.0,00-0020516,75.3
2005,75,0.0,0.0,0.0,0.0,1.0,0.0,0.0,855.0,7.0,00-0020516,200.5
2006,73,0.0,0.0,0.0,0.0,0.0,0.0,0.0,765.0,6.0,00-0020516,185.5
2007,23,0.0,0.0,0.0,0.0,0.0,0.0,0.0,239.0,1.0,00-0020516,52.900000000000006
2008,35,0.0,0.0,0.0,0.0,1.0,0.0,0.0,403.0,3.0,00-0020516,91.30000000000001
2009,53,0.0,0.0,0.0,0.0,0.0,2.0,0.0,593.0,6.0,00-0020516,148.5
2010,40,0.0,0.0,0.0,0.0,0.0,0.0,0.0,599.0,5.0,00-0020516,129.9
2011,24,0.0,0.0,0.0,0.0,0.0,0.0,0.0,283.0,1.0,00-0020516,58.3
2012,8,0.0,0.0,0.0,0.0,0.0,0.0,0.0,94.0,0.0,00-0020516,17.4
2002,5,0.0,0.0,0.0,0.0,0.0,9.0,0.0,35.0,0.0,00-0021313,9.4
2002,0,0.0,0.0,0.0,0.0,1.0,0.0,0.0,0.0,0.0,00-0021303,-2.0
2003,0,0.0,0.0,0.0,0.0,1.0,0.0,0.0,0.0,0.0,00-0021303,-2.0
2004,0,0.0,0.0,0.0,0.0,1.0,0.0,0.0,0.0,0.0,00-0021303,-2.0
2002,1,1826.0,14.0,1.0,6.0,2.0,-13.0,0.0,3.0,0.0,00-0019599,119.04000000000002
2003,0,3845.0,22.0,4.0,22.0,6.0,75.0,0.0,0.0,0.0,00-0019599,217.3
2004,0,3964.0,21.0,3.0,14.0,4.0,89.0,1.0,0.0,0.0,00-0019599,235.46
2005,1,2297.0,14.0,0.0,9.0,2.0,29.0,0.0,1.0,0.0,00-0019599,129.88
2006,0,4301.0,24.0,0.0,8.0,3.0,44.0,1.0,0.0,0.0,00-0019599,252.43999999999997
2007,0,2392.0,11.0,0.0,15.0,3.0,13.0,0.0,0.0,0.0,00-0019599,104.98
2008,2,2727.0,11.0,0.0,13.0,4.0,41.0,0.0,17.0,0.0,00-0019599,126.87999999999998
2009,0,1469.0,5.0,0.0,6.0,1.0,22.0,0.0,0.0,0.0,00-0019599,66.96
2002,3,0.0,0.0,0.0,0.0,0.0,51.0,0.0,10.0,0.0,00-0021279,9.100000000000001
2003,7,0.0,0.0,0.0,0.0,2.0,63.0,0.0,57.0,0.0,00-0021279,15.0
2004,18,0.0,0.0,0.0,0.0,0.0,272.0,0.0,142.0,2.0,00-0021279,71.4
2005,11,0.0,0.0,3.0,0.0,1.0,274.0,0.0,113.0,0.0,00-0021279,65.7
2006,18,0.0,0.0,0.0,0.0,1.0,78.0,0.0,95.0,0.0,00-0021279,33.3
2007,1,0.0,0.0,0.0,0.0,0.0,0.0,0.0,12.0,0.0,00-0021279,2.2
2009,3,0.0,0.0,0.0,0.0,0.0,0.0,0.0,20.0,0.0,00-0021279,5.0
2002,0,171.0,0.0,0.0,4.0,0.0,95.0,0.0,0.0,0.0,00-0021254,8.34
2002,5,0.0,0.0,0.0,0.0,0.0,72.0,0.0,47.0,0.0,00-0020315,16.9
2003,15,0.0,0.0,2.0,0.0,0.0,112.0,0.0,181.0,1.0,00-0020315,62.300000000000004
2004,25,0.0,0.0,8.0,0.0,0.0,539.0,0.0,244.0,1.0,00-0020315,157.3
2005,3,0.0,0.0,0.0,0.0,0.0,53.0,0.0,17.0,0.0,00-0020315,10.0
2006,5,0.0,0.0,0.0,0.0,0.0,43.0,0.0,29.0,0.0,00-0020315,12.200000000000001
2002,35,0.0,0.0,0.0,0.0,0.0,40.0,0.0,525.0,2.0,00-0021152,103.5
2003,37,0.0,0.0,0.0,0.0,0.0,43.0,0.0,628.0,2.0,00-0021152,116.1
2004,54,0.0,0.0,0.0,0.0,0.0,5.0,0.0,1084.0,7.0,00-0021152,204.9
2005,42,0.0,0.0,0.0,0.0,0.0,84.0,0.0,770.0,1.0,00-0021152,133.4
2006,28,0.0,0.0,0.0,0.0,0.0,0.0,0.0,430.0,1.0,00-0021152,77.0
2007,10,0.0,0.0,0.0,0.0,0.0,0.0,0.0,115.0,0.0,00-0021152,21.5
2008,11,0.0,0.0,0.0,0.0,0.0,0.0,0.0,197.0,2.0,00-0021152,42.7
2002,41,39.0,1.0,0.0,0.0,1.0,0.0,1.0,483.0,1.0,00-0021163,100.86000000000001
2003,34,0.0,0.0,0.0,0.0,0.0,13.0,0.0,402.0,2.0,00-0021163,87.5
2004,41,0.0,0.0,0.0,0.0,1.0,30.0,0.0,632.0,2.0,00-0021163,117.2
2005,55,0.0,0.0,0.0,0.0,0.0,13.0,0.0,492.0,2.0,00-0021163,117.5
2006,11,0.0,0.0,0.0,0.0,0.0,0.0,0.0,142.0,1.0,00-0021163,31.200000000000003
2007,36,0.0,0.0,0.0,0.0,0.0,0.0,0.0,449.0,5.0,00-0021163,110.9
2008,38,0.0,0.0,0.0,0.0,0.0,0.0,1.0,468.0,2.0,00-0021163,98.80000000000001
2009,54,0.0,0.0,0.0,0.0,0.0,0.0,0.0,732.0,2.0,00-0021163,139.2
2010,65,0.0,0.0,0.0,0.0,0.0,0.0,0.0,875.0,2.0,00-0021163,164.5
2011,68,0.0,0.0,0.0,0.0,1.0,0.0,0.0,947.0,5.0,00-0021163,190.7
2012,4,0.0,0.0,0.0,0.0,0.0,0.0,0.0,68.0,0.0,00-0021163,10.8
2002,0,0.0,0.0,0.0,0.0,0.0,0.0,0.0,0.0,0.0,00-0016082,0.0
2002,0,207.0,3.0,0.0,5.0,2.0,104.0,0.0,0.0,0.0,00-0019764,16.68
2002,0,0.0,0.0,0.0,0.0,0.0,7.0,0.0,0.0,0.0,00-0020917,0.7000000000000001
2003,7,0.0,0.0,0.0,0.0,0.0,113.0,0.0,62.0,0.0,00-0020917,24.5
2004,1,0.0,0.0,0.0,0.0,0.0,73.0,0.0,7.0,0.0,00-0020917,9.0
2005,1,0.0,0.0,0.0,0.0,0.0,0.0,0.0,19.0,1.0,00-0020917,8.9
2002,1,0.0,0.0,0.0,0.0,0.0,35.0,0.0,20.0,1.0,00-0020739,12.5
2003,22,0.0,0.0,2.0,0.0,2.0,155.0,0.0,157.0,1.0,00-0020739,67.2
2002,0,1555.0,7.0,0.0,8.0,8.0,74.0,0.0,0.0,0.0,00-0020562,65.60000000000001
2003,0,8.0,0.0,0.0,0.0,0.0,-3.0,0.0,0.0,0.0,00-0020562,0.019999999999999962
2004,0,903.0,4.0,0.0,3.0,4.0,14.0,0.0,0.0,0.0,00-0020562,39.519999999999996
2002,10,0.0,0.0,2.0,0.0,0.0,58.0,0.0,60.0,0.0,00-0018588,33.8
2003,9,0.0,0.0,0.0,0.0,0.0,79.0,0.0,62.0,0.0,00-0018588,23.099999999999998
2004,11,0.0,0.0,0.0,0.0,0.0,36.0,0.0,39.0,0.0,00-0018588,18.5
2005,2,0.0,0.0,0.0,0.0,0.0,0.0,0.0,18.0,0.0,00-0018588,3.8
2002,0,0.0,0.0,0.0,0.0,0.0,-12.0,0.0,0.0,0.0,00-0021235,-1.2000000000000002
2005,0,0.0,0.0,0.0,0.0,0.0,0.0,0.0,0.0,0.0,00-0021235,0.0
2007,0,0.0,0.0,0.0,0.0,0.0,-3.0,0.0,0.0,0.0,00-0021235,-0.30000000000000004
2002,0,0.0,0.0,0.0,0.0,0.0,-9.0,0.0,0.0,0.0,00-0020480,-0.9
2003,0,50.0,1.0,0.0,0.0,0.0,-1.0,0.0,0.0,0.0,00-0020480,5.9
2004,0,264.0,1.0,0.0,3.0,0.0,0.0,0.0,0.0,0.0,00-0020480,8.56
2005,0,462.0,4.0,0.0,3.0,0.0,15.0,0.0,0.0,0.0,00-0020480,29.980000000000004
2006,0,265.0,3.0,0.0,1.0,0.0,5.0,0.0,0.0,0.0,00-0020480,21.1
2007,0,1684.0,15.0,1.0,12.0,3.0,51.0,1.0,0.0,0.0,00-0020480,110.46
2008,0,1431.0,6.0,0.0,10.0,2.0,37.0,0.0,0.0,0.0,00-0020480,60.94000000000001
2010,0,0.0,0.0,0.0,0.0,0.0,-3.0,0.0,0.0,0.0,00-0020480,-0.30000000000000004
2002,39,0.0,0.0,0.0,0.0,1.0,8.0,0.0,485.0,4.0,00-0021236,110.3
2003,49,0.0,0.0,0.0,0.0,0.0,0.0,0.0,598.0,2.0,00-0021236,120.80000000000001
2004,73,0.0,0.0,0.0,0.0,0.0,0.0,1.0,791.0,4.0,00-0021236,178.10000000000002
2005,60,0.0,0.0,0.0,0.0,1.0,0.0,0.0,582.0,5.0,00-0021236,146.2
2006,62,0.0,0.0,0.0,0.0,0.0,0.0,0.0,640.0,3.0,00-0021236,144.0
2007,39,0.0,0.0,0.0,0.0,0.0,0.0,0.0,429.0,3.0,00-0021236,99.9
2008,11,0.0,0.0,0.0,0.0,0.0,0.0,0.0,139.0,0.0,00-0021236,24.9
2009,34,0.0,0.0,0.0,0.0,0.0,0.0,0.0,332.0,1.0,00-0021236,73.2
2010,20,0.0,0.0,0.0,0.0,0.0,0.0,0.0,221.0,2.0,00-0021236,54.1
2011,30,0.0,0.0,0.0,0.0,0.0,0.0,0.0,271.0,0.0,00-0021236,57.1
2012,9,0.0,0.0,0.0,0.0,0.0,0.0,0.0,51.0,0.0,00-0021236,14.100000000000001
2002,0,0.0,0.0,0.0,0.0,1.0,0.0,0.0,0.0,0.0,00-0021337,-2.0
2003,5,0.0,0.0,0.0,0.0,0.0,0.0,0.0,31.0,0.0,00-0021337,8.1
2004,50,0.0,0.0,0.0,0.0,0.0,-3.0,0.0,679.0,6.0,00-0021337,153.60000000000002
2005,2,0.0,0.0,0.0,0.0,0.0,0.0,0.0,12.0,0.0,00-0021337,3.2
2006,62,0.0,0.0,0.0,1.0,0.0,4.0,0.0,727.0,1.0,00-0021337,139.10000000000002
2007,55,0.0,0.0,0.0,0.0,0.0,1.0,2.0,717.0,4.0,00-0021337,154.8
2008,19,0.0,0.0,0.0,0.0,0.0,1.0,0.0,181.0,2.0,00-0021337,49.2
2002,13,0.0,0.0,8.0,0.0,2.0,336.0,0.0,81.0,0.0,00-0020700,98.69999999999999
2003,1,0.0,0.0,2.0,0.0,0.0,60.0,1.0,-4.0,0.0,00-0020700,20.6
2004,7,0.0,0.0,0.0,0.0,0.0,19.0,0.0,36.0,3.0,00-0020700,30.5
2005,3,0.0,0.0,0.0,0.0,0.0,15.0,0.0,28.0,0.0,00-0020700,7.300000000000001
2001,3,0.0,0.0,0.0,0.0,0.0,0.0,0.0,88.0,0.0,00-0020381,11.8
2002,19,0.0,0.0,0.0,0.0,0.0,18.0,0.0,301.0,2.0,00-0020381,62.9
2003,47,0.0,0.0,0.0,0.0,1.0,13.0,0.0,813.0,7.0,00-0020381,169.60000000000002
2004,56,0.0,0.0,0.0,0.0,0.0,-5.0,0.0,770.0,4.0,00-0020381,156.5
2005,43,0.0,0.0,0.0,0.0,0.0,8.0,0.0,713.0,2.0,00-0020381,127.1
2006,23,0.0,0.0,0.0,0.0,1.0,0.0,0.0,345.0,1.0,00-0020381,61.5
2007,19,0.0,0.0,0.0,0.0,0.0,0.0,0.0,232.0,0.0,00-0020381,42.2
2008,31,0.0,0.0,0.0,0.0,2.0,4.0,0.0,416.0,0.0,00-0020381,69.0
2002,1,0.0,0.0,0.0,0.0,0.0,0.0,0.0,6.0,0.0,00-0020780,1.6
2003,2,0.0,0.0,0.0,0.0,0.0,0.0,0.0,29.0,0.0,00-0020780,4.9
2004,13,0.0,0.0,0.0,0.0,1.0,4.0,0.0,168.0,0.0,00-0020780,28.200000000000003
2005,24,0.0,0.0,0.0,0.0,0.0,0.0,0.0,287.0,1.0,00-0020780,58.7
2002,13,0.0,0.0,0.0,0.0,0.0,11.0,0.0,176.0,3.0,00-0020754,49.7
2003,25,0.0,0.0,0.0,0.0,1.0,71.0,0.0,519.0,4.0,00-0020754,106.0
2004,19,0.0,0.0,0.0,0.0,1.0,4.0,0.0,364.0,1.0,00-0020754,59.8
2002,3,0.0,0.0,0.0,0.0,1.0,0.0,0.0,26.0,0.0,00-0018981,3.6
2002,42,0.0,0.0,0.0,0.0,0.0,2.0,0.0,594.0,8.0,00-0021147,149.60000000000002
2003,25,0.0,0.0,0.0,0.0,1.0,3.0,0.0,485.0,4.0,00-0021147,95.8
2004,58,0.0,0.0,0.0,0.0,0.0,37.0,0.0,767.0,5.0,00-0021147,168.4
2005,70,0.0,0.0,0.0,0.0,1.0,2.0,0.0,945.0,7.0,00-0021147,204.7
2006,38,0.0,0.0,0.0,0.0,0.0,0.0,0.0,725.0,5.0,00-0021147,140.5
2007,46,0.0,0.0,0.0,0.0,0.0,12.0,0.0,697.0,3.0,00-0021147,134.9
2008,17,0.0,0.0,0.0,0.0,0.0,-4.0,0.0,170.0,1.0,00-0021147,39.6
2010,2,0.0,0.0,0.0,0.0,1.0,45.0,0.0,82.0,0.0,00-0021147,12.700000000000001
2011,22,0.0,0.0,0.0,0.0,0.0,1.0,0.0,309.0,2.0,00-0021147,65.0
2012,1,0.0,0.0,0.0,0.0,0.0,0.0,0.0,63.0,1.0,00-0021147,13.3
2002,3,0.0,0.0,0.0,0.0,0.0,19.0,0.0,44.0,0.0,00-0020820,9.3
2003,5,0.0,0.0,0.0,0.0,0.0,17.0,0.0,54.0,0.0,00-0020820,12.100000000000001
2004,2,0.0,0.0,3.0,0.0,0.0,392.0,0.0,17.0,0.0,00-0020820,60.900000000000006
2007,27,0.0,0.0,1.0,0.0,1.0,515.0,0.0,161.0,0.0,00-0020820,98.6
2008,2,0.0,0.0,0.0,0.0,0.0,8.0,0.0,5.0,0.0,00-0020820,3.3
2002,2,0.0,0.0,0.0,0.0,1.0,38.0,0.0,-3.0,0.0,00-0020692,3.5
2003,0,0.0,0.0,0.0,0.0,0.0,1.0,0.0,0.0,0.0,00-0020692,0.1
2004,0,0.0,0.0,0.0,0.0,0.0,9.0,0.0,0.0,0.0,00-0020692,0.9
2005,0,0.0,0.0,0.0,0.0,1.0,-3.0,0.0,0.0,0.0,00-0020692,-2.3
2006,2,0.0,0.0,0.0,0.0,0.0,4.0,0.0,10.0,0.0,00-0020692,3.4
2007,0,0.0,0.0,0.0,0.0,2.0,-3.0,0.0,0.0,0.0,00-0020692,-4.3
1999,3,0.0,0.0,0.0,0.0,0.0,0.0,0.0,22.0,0.0,00-0004386,5.2
2002,18,0.0,0.0,0.0,0.0,0.0,0.0,1.0,192.0,2.0,00-0004386,51.2
2003,18,0.0,0.0,0.0,0.0,0.0,0.0,0.0,240.0,1.0,00-0004386,48.0
2002,0,66.0,0.0,0.0,2.0,1.0,20.0,0.0,0.0,0.0,00-0021206,-1.3599999999999999
2003,0,1018.0,5.0,1.0,6.0,2.0,164.0,0.0,0.0,0.0,00-0021206,67.12
2004,1,2511.0,11.0,2.0,10.0,5.0,112.0,1.0,-5.0,0.0,00-0021206,140.14
2005,0,1832.0,9.0,0.0,11.0,3.0,139.0,0.0,0.0,0.0,00-0021206,95.18
2006,2,0.0,0.0,0.0,0.0,0.0,0.0,0.0,15.0,0.0,00-0021206,3.5
2007,0,1151.0,10.0,0.0,11.0,4.0,149.0,1.0,0.0,0.0,00-0021206,72.94
2008,0,0.0,0.0,0.0,0.0,0.0,-3.0,0.0,0.0,0.0,00-0021206,-0.30000000000000004
2009,0,2.0,0.0,0.0,0.0,0.0,0.0,0.0,0.0,0.0,00-0021206,0.08
2011,0,414.0,2.0,0.0,4.0,0.0,68.0,1.0,0.0,0.0,00-0021206,25.36
2013,0,1829.0,13.0,1.0,1.0,1.0,69.0,1.0,0.0,0.0,00-0021206,136.06
2014,0,2206.0,11.0,3.0,14.0,4.0,127.0,0.0,0.0,0.0,00-0021206,126.94000000000001
2015,0,2109.0,12.0,1.0,4.0,6.0,98.0,2.0,0.0,0.0,00-0021206,132.16000000000003
2016,0,1100.0,6.0,0.0,6.0,4.0,21.0,1.0,0.0,0.0,00-0021206,52.1
2017,0,2926.0,18.0,5.0,9.0,4.0,124.0,0.0,0.0,0.0,00-0021206,205.44000000000003
2018,0,539.0,1.0,0.0,4.0,0.0,32.0,0.0,0.0,0.0,00-0021206,20.759999999999998
2019,0,24.0,0.0,0.0,0.0,0.0,-2.0,0.0,0.0,0.0,00-0021206,0.76
2002,11,0.0,0.0,0.0,0.0,0.0,22.0,0.0,121.0,1.0,00-0021357,31.3
2003,18,0.0,0.0,4.0,0.0,2.0,411.0,0.0,176.0,0.0,00-0021357,96.69999999999999
2004,0,0.0,0.0,0.0,0.0,0.0,0.0,0.0,0.0,0.0,00-0021357,0.0
2005,2,0.0,0.0,2.0,0.0,1.0,199.0,0.0,23.0,0.0,00-0021357,34.2
2006,0,0.0,0.0,0.0,0.0,1.0,15.0,0.0,0.0,0.0,00-0021357,-0.5
2007,0,0.0,0.0,0.0,0.0,0.0,0.0,0.0,0.0,0.0,00-0021357,0.0
2008,1,0.0,0.0,0.0,0.0,0.0,14.0,0.0,-7.0,0.0,00-0021357,1.7000000000000002
2009,27,0.0,0.0,0.0,0.0,0.0,228.0,0.0,242.0,1.0,00-0021357,80.0
2010,1,0.0,0.0,0.0,0.0,0.0,22.0,0.0,10.0,0.0,00-0021357,4.2
2011,4,0.0,0.0,0.0,0.0,0.0,45.0,0.0,24.0,0.0,00-0021357,10.9
2002,3,0.0,0.0,1.0,0.0,0.0,101.0,0.0,18.0,0.0,00-0021306,20.900000000000002
2003,1,0.0,0.0,0.0,0.0,0.0,70.0,0.0,5.0,0.0,00-0021306,8.5
2004,2,0.0,0.0,0.0,0.0,0.0,19.0,0.0,30.0,0.0,00-0021306,6.9
2005,7,0.0,0.0,2.0,0.0,0.0,391.0,0.0,48.0,0.0,00-0021306,62.900000000000006
2006,6,0.0,0.0,2.0,0.0,0.0,41.0,0.0,88.0,0.0,00-0021306,30.900000000000002
2007,51,9.0,1.0,3.0,0.0,2.0,510.0,0.0,420.0,0.0,00-0021306,162.36
2008,6,0.0,0.0,0.0,0.0,0.0,100.0,0.0,45.0,0.0,00-0021306,20.5
2009,2,0.0,0.0,0.0,0.0,0.0,51.0,0.0,11.0,0.0,00-0021306,8.200000000000001
2002,1,0.0,0.0,0.0,0.0,0.0,57.0,0.0,4.0,0.0,00-0019725,7.1000000000000005
2002,21,0.0,0.0,0.0,0.0,1.0,9.0,0.0,256.0,2.0,00-0020464,57.5
2003,27,0.0,0.0,0.0,0.0,0.0,0.0,2.0,360.0,6.0,00-0020464,103.0
2004,5,0.0,0.0,0.0,0.0,0.0,0.0,0.0,71.0,0.0,00-0020464,12.100000000000001
2005,5,0.0,0.0,0.0,0.0,0.0,0.0,0.0,87.0,0.0,00-0020464,13.700000000000001
2001,8,0.0,0.0,0.0,0.0,0.0,0.0,0.0,90.0,0.0,00-0019547,17.0
2002,6,0.0,0.0,0.0,0.0,1.0,0.0,0.0,52.0,0.0,00-0019547,9.2
2002,0,30.0,0.0,0.0,0.0,0.0,-3.0,0.0,0.0,0.0,00-0020483,0.8999999999999999
2003,0,532.0,3.0,0.0,4.0,1.0,23.0,0.0,0.0,0.0,00-0020483,25.580000000000002
2002,0,0.0,0.0,0.0,0.0,0.0,0.0,0.0,0.0,0.0,00-0019779,0.0
2004,0,0.0,0.0,0.0,0.0,1.0,0.0,0.0,0.0,0.0,00-0019779,-2.0
2002,2,0.0,0.0,0.0,0.0,1.0,5.0,0.0,11.0,0.0,00-0020479,1.6
2003,1,0.0,0.0,0.0,0.0,0.0,15.0,0.0,3.0,0.0,00-0020479,2.8
2004,1,0.0,0.0,0.0,0.0,0.0,12.0,0.0,6.0,0.0,00-0020479,2.8000000000000003
2002,0,0.0,0.0,0.0,0.0,0.0,0.0,0.0,0.0,0.0,00-0021156,0.0
2002,0,0.0,0.0,0.0,0.0,1.0,0.0,0.0,0.0,0.0,00-0020973,-2.0
2003,0,0.0,0.0,1.0,0.0,0.0,21.0,0.0,0.0,0.0,00-0020973,8.1
1999,2,0.0,0.0,0.0,0.0,0.0,0.0,0.0,21.0,0.0,00-0005231,4.1
2000,7,0.0,0.0,0.0,0.0,0.0,0.0,0.0,60.0,0.0,00-0005231,13.0
2001,23,0.0,0.0,0.0,0.0,0.0,0.0,0.0,491.0,3.0,00-0005231,90.1
2002,56,0.0,0.0,0.0,0.0,1.0,0.0,0.0,838.0,6.0,00-0005231,173.8
2003,26,0.0,0.0,0.0,0.0,0.0,0.0,0.0,368.0,2.0,00-0005231,74.80000000000001
2004,23,0.0,0.0,0.0,0.0,1.0,0.0,0.0,258.0,2.0,00-0005231,58.8
2005,50,0.0,0.0,0.0,0.0,0.0,0.0,3.0,611.0,2.0,00-0005231,129.1
2008,21,0.0,0.0,0.0,0.0,1.0,0.0,0.0,169.0,1.0,00-0005231,41.900000000000006
2009,11,0.0,0.0,0.0,0.0,0.0,0.0,0.0,111.0,0.0,00-0005231,22.1
2010,19,0.0,0.0,0.0,0.0,0.0,0.0,0.0,166.0,3.0,00-0005231,53.6
2002,0,0.0,0.0,0.0,0.0,0.0,0.0,0.0,0.0,0.0,00-0021243,0.0
1999,68,0.0,0.0,0.0,0.0,0.0,0.0,0.0,1022.0,7.0,00-0014544,212.2
2001,57,0.0,0.0,0.0,0.0,0.0,0.0,0.0,819.0,2.0,00-0014544,150.9
2002,22,0.0,0.0,0.0,0.0,0.0,14.0,0.0,218.0,1.0,00-0014544,51.2
2002,0,59.0,0.0,0.0,0.0,0.0,8.0,0.0,0.0,0.0,00-0014384,3.16
2002,15,0.0,0.0,0.0,0.0,0.0,0.0,0.0,166.0,1.0,00-0020452,37.6
2003,35,6.0,0.0,0.0,0.0,0.0,-4.0,0.0,396.0,2.0,00-0020452,86.44
2004,47,0.0,0.0,0.0,0.0,0.0,6.0,0.0,641.0,3.0,00-0020452,129.7
2005,26,0.0,0.0,0.0,0.0,0.0,0.0,0.0,451.0,0.0,00-0020452,71.1
2006,37,21.0,0.0,0.0,0.0,1.0,14.0,0.0,504.0,1.0,00-0020452,93.64000000000001
2007,18,0.0,0.0,0.0,0.0,0.0,37.0,1.0,207.0,1.0,00-0020452,50.400000000000006
2003,22,0.0,0.0,0.0,0.0,0.0,17.0,0.0,243.0,3.0,00-0022072,66.0
2005,14,0.0,0.0,0.0,0.0,0.0,0.0,0.0,197.0,1.0,00-0022072,39.7
2003,4,0.0,0.0,0.0,0.0,0.0,27.0,0.0,30.0,0.0,00-0021528,9.7
2003,101,0.0,0.0,0.0,1.0,3.0,40.0,0.0,1377.0,8.0,00-0022084,282.70000000000005
2004,56,0.0,0.0,0.0,0.0,1.0,3.0,0.0,623.0,1.0,00-0022084,122.6
2005,102,0.0,0.0,0.0,0.0,1.0,45.0,1.0,1398.0,7.0,00-0022084,288.3
2006,83,0.0,0.0,0.0,0.0,0.0,28.0,0.0,1203.0,4.0,00-0022084,230.10000000000002
2007,71,0.0,0.0,0.0,0.0,1.0,14.0,0.0,853.0,9.0,00-0022084,209.70000000000002
2008,89,0.0,0.0,0.0,0.0,3.0,67.0,0.0,1038.0,11.0,00-0022084,259.5
2009,85,0.0,0.0,0.0,0.0,2.0,7.0,0.0,1029.0,5.0,00-0022084,214.60000000000002
2010,64,-6.0,0.0,0.0,0.0,1.0,2.0,0.0,837.0,7.0,00-0022084,187.66000000000003
2011,57,0.0,0.0,0.0,0.0,0.0,0.0,0.0,887.0,3.0,00-0022084,163.7
2012,65,0.0,0.0,0.0,0.0,0.0,3.0,1.0,921.0,4.0,00-0022084,183.4
2013,85,0.0,0.0,0.0,0.0,0.0,11.0,0.0,1179.0,7.0,00-0022084,246.0
2014,83,0.0,0.0,0.0,0.0,0.0,4.0,0.0,1062.0,5.0,00-0022084,219.60000000000002
2015,69,0.0,0.0,0.0,0.0,1.0,0.0,0.0,789.0,4.0,00-0022084,169.9
2016,67,0.0,0.0,0.0,0.0,0.0,0.0,0.0,584.0,8.0,00-0022084,173.4
2003,21,0.0,0.0,0.0,0.0,0.0,168.0,0.0,122.0,2.0,00-0022011,62.0
2004,22,0.0,0.0,0.0,0.0,0.0,39.0,0.0,220.0,1.0,00-0022011,53.9
2005,21,0.0,0.0,0.0,0.0,1.0,65.0,0.0,111.0,3.0,00-0022011,54.6
2006,23,0.0,0.0,1.0,0.0,1.0,106.0,0.0,168.0,3.0,00-0022011,72.4
2007,26,0.0,0.0,0.0,0.0,0.0,27.0,0.0,165.0,1.0,00-0022011,51.2
2008,9,0.0,0.0,0.0,0.0,0.0,2.0,0.0,85.0,1.0,00-0022011,23.7
2009,19,0.0,0.0,0.0,0.0,1.0,6.0,0.0,118.0,1.0,00-0022011,35.400000000000006
2003,0,1260.0,7.0,0.0,9.0,5.0,52.0,4.0,0.0,0.0,00-0022164,63.60000000000001
2004,0,2559.0,13.0,1.0,11.0,7.0,189.0,1.0,0.0,0.0,00-0022164,145.26000000000002
2005,0,1799.0,11.0,1.0,12.0,2.0,66.0,0.0,0.0,0.0,00-0022164,100.56
2006,0,485.0,5.0,0.0,2.0,1.0,34.0,0.0,0.0,0.0,00-0022164,36.800000000000004
2007,0,1743.0,9.0,0.0,10.0,4.0,89.0,0.0,0.0,0.0,00-0022164,86.62
2009,0,899.0,3.0,0.0,6.0,2.0,76.0,0.0,0.0,0.0,00-0022164,39.56
2010,0,25.0,0.0,0.0,1.0,0.0,18.0,0.0,0.0,0.0,00-0022164,0.8
2011,0,161.0,0.0,0.0,3.0,0.0,38.0,0.0,0.0,0.0,00-0022164,4.24
2003,12,0.0,0.0,0.0,0.0,1.0,14.0,0.0,137.0,0.0,00-0022144,25.1
2004,42,0.0,0.0,0.0,0.0,1.0,76.0,0.0,481.0,0.0,00-0022144,95.7
2005,14,0.0,0.0,0.0,0.0,4.0,1.0,0.0,120.0,0.0,00-0022144,18.1
2006,33,0.0,0.0,0.0,0.0,0.0,0.0,0.0,461.0,2.0,00-0022144,91.1
2007,54,0.0,0.0,0.0,0.0,1.0,-9.0,0.0,654.0,3.0,00-0022144,134.5
2008,53,0.0,0.0,0.0,0.0,0.0,0.0,0.0,645.0,2.0,00-0022144,129.5
2009,37,0.0,0.0,0.0,0.0,0.0,11.0,0.0,367.0,2.0,00-0022144,86.80000000000001
2003,0,0.0,0.0,0.0,0.0,0.0,0.0,0.0,0.0,0.0,00-0018996,0.0
2003,0,0.0,0.0,0.0,0.0,0.0,136.0,0.0,0.0,0.0,00-0020587,13.600000000000001
2004,4,0.0,0.0,1.0,0.0,2.0,71.0,0.0,34.0,0.0,00-0020587,16.5
2005,0,0.0,0.0,1.0,0.0,0.0,41.0,0.0,0.0,0.0,00-0020587,10.100000000000001
2003,47,0.0,0.0,8.0,0.0,3.0,1031.0,0.0,351.0,0.0,00-0021979,227.20000000000002
2004,69,0.0,0.0,13.0,0.0,4.0,1180.0,0.0,596.0,1.0,00-0021979,322.6
2005,39,0.0,0.0,2.0,0.0,1.0,976.0,0.0,337.0,4.0,00-0021979,204.3
2003,14,32.0,0.0,2.0,0.0,0.0,212.0,0.0,105.0,1.0,00-0022057,64.98
2004,28,0.0,0.0,0.0,0.0,1.0,169.0,0.0,151.0,1.0,00-0022057,64.0
2005,3,0.0,0.0,4.0,0.0,0.0,142.0,0.0,17.0,0.0,00-0022057,42.900000000000006
2006,0,0.0,0.0,0.0,0.0,0.0,22.0,0.0,0.0,0.0,00-0022057,2.2
2007,1,0.0,0.0,1.0,0.0,0.0,27.0,0.0,4.0,0.0,00-0022057,10.1
2003,0,0.0,0.0,0.0,0.0,0.0,0.0,0.0,0.0,0.0,00-0017077,0.0
2003,26,0.0,0.0,0.0,0.0,3.0,429.0,0.0,207.0,2.0,00-0021164,95.60000000000001
2004,9,0.0,0.0,2.0,0.0,0.0,255.0,0.0,66.0,0.0,00-0021164,53.1
2005,34,0.0,0.0,2.0,0.0,1.0,882.0,0.0,372.0,1.0,00-0021164,175.39999999999998
2006,32,0.0,0.0,3.0,0.0,2.0,897.0,0.0,159.0,0.0,00-0021164,151.6
2007,24,0.0,0.0,3.0,0.0,4.0,876.0,0.0,173.0,1.0,00-0021164,144.9
2008,16,0.0,0.0,1.0,0.0,1.0,234.0,0.0,133.0,1.0,00-0021164,62.7
2003,0,0.0,0.0,0.0,0.0,1.0,0.0,0.0,0.0,0.0,00-0021229,-2.0
2005,0,0.0,0.0,0.0,0.0,0.0,0.0,0.0,0.0,0.0,00-0021229,0.0
2003,2,0.0,0.0,0.0,0.0,1.0,203.0,0.0,2.0,0.0,00-0022093,20.5
2004,11,0.0,0.0,1.0,0.0,1.0,126.0,0.0,68.0,0.0,00-0022093,34.400000000000006
2005,1,0.0,0.0,0.0,0.0,0.0,28.0,0.0,9.0,0.0,00-0022093,4.7
2006,13,0.0,0.0,1.0,0.0,0.0,659.0,0.0,91.0,0.0,00-0022093,94.0
2007,23,0.0,0.0,4.0,0.0,1.0,1009.0,0.0,188.0,0.0,00-0022093,164.70000000000002
2008,10,0.0,0.0,1.0,0.0,1.0,855.0,0.0,52.0,0.0,00-0022093,104.7
2009,17,0.0,0.0,3.0,0.0,0.0,491.0,0.0,113.0,0.0,00-0022093,95.39999999999999
2003,10,0.0,0.0,0.0,0.0,0.0,7.0,0.0,62.0,0.0,00-0021981,16.9
2004,37,0.0,0.0,0.0,0.0,2.0,0.0,0.0,494.0,3.0,00-0021981,100.4
2005,46,0.0,0.0,0.0,0.0,1.0,7.0,0.0,523.0,0.0,00-0021981,97.0
2006,13,0.0,0.0,0.0,0.0,1.0,0.0,0.0,136.0,1.0,00-0021981,30.6
2007,79,0.0,0.0,0.0,0.0,2.0,2.0,0.0,943.0,6.0,00-0021981,205.5
2008,35,0.0,0.0,0.0,0.0,1.0,0.0,0.0,339.0,1.0,00-0021981,72.9
2003,47,11.0,0.0,0.0,0.0,1.0,0.0,0.0,495.0,3.0,00-0019242,112.94
2004,13,0.0,0.0,0.0,0.0,1.0,0.0,0.0,183.0,0.0,00-0019242,29.3
2005,22,0.0,0.0,0.0,0.0,0.0,0.0,0.0,216.0,0.0,00-0019242,43.6
2006,0,0.0,0.0,0.0,0.0,1.0,13.0,0.0,0.0,0.0,00-0019242,-0.7
2007,6,0.0,0.0,0.0,0.0,0.0,0.0,0.0,38.0,0.0,00-0019242,9.8
2008,23,17.0,0.0,0.0,0.0,1.0,0.0,0.0,271.0,2.0,00-0019242,60.78
2003,15,0.0,0.0,4.0,0.0,2.0,255.0,0.0,102.0,0.0,00-0021750,70.7
2004,4,0.0,0.0,0.0,0.0,0.0,63.0,0.0,41.0,0.0,00-0021750,14.400000000000002
2005,4,0.0,0.0,1.0,0.0,0.0,21.0,1.0,34.0,0.0,00-0021750,17.5
2006,18,0.0,0.0,1.0,0.0,0.0,158.0,0.0,132.0,0.0,00-0021750,53.0
2003,0,0.0,0.0,0.0,0.0,0.0,0.0,0.0,0.0,0.0,00-0015781,0.0
2003,0,0.0,0.0,0.0,0.0,0.0,17.0,0.0,0.0,0.0,00-0021425,1.7000000000000002
2004,0,0.0,0.0,0.0,0.0,1.0,0.0,0.0,0.0,0.0,00-0021425,-2.0
2005,0,0.0,0.0,0.0,0.0,1.0,7.0,0.0,0.0,0.0,00-0021425,-1.2999999999999998
2003,0,2819.0,14.0,2.0,17.0,5.0,108.0,0.0,0.0,0.0,00-0022177,147.56
2004,1,2941.0,15.0,2.0,10.0,2.0,148.0,4.0,-7.0,0.0,00-0022177,188.74
2005,0,2123.0,15.0,2.0,5.0,3.0,67.0,0.0,0.0,0.0,00-0022177,147.62
2006,0,1158.0,7.0,2.0,5.0,0.0,41.0,0.0,0.0,0.0,00-0022177,80.41999999999999
2007,0,279.0,1.0,0.0,3.0,1.0,7.0,0.0,0.0,0.0,00-0022177,7.86
2008,0,303.0,2.0,1.0,0.0,0.0,7.0,0.0,0.0,0.0,00-0022177,26.82
2009,0,594.0,4.0,0.0,3.0,0.0,6.0,0.0,0.0,0.0,00-0022177,34.36000000000001
2010,0,42.0,0.0,0.0,0.0,0.0,0.0,0.0,0.0,0.0,00-0022177,1.68
2012,0,272.0,0.0,1.0,1.0,0.0,31.0,0.0,0.0,0.0,00-0022177,17.98
2003,15,0.0,0.0,5.0,0.0,0.0,579.0,1.0,129.0,0.0,00-0022138,117.80000000000001
2004,36,0.0,0.0,2.0,0.0,1.0,544.0,1.0,394.0,2.0,00-0022138,153.8
2003,0,0.0,0.0,0.0,0.0,1.0,0.0,0.0,0.0,0.0,00-0020961,-2.0
2003,0,0.0,0.0,0.0,0.0,0.0,7.0,0.0,0.0,0.0,00-0014902,0.7000000000000001
2004,0,0.0,0.0,0.0,0.0,0.0,1.0,0.0,0.0,0.0,00-0014902,0.1
2006,0,0.0,0.0,0.0,0.0,0.0,0.0,0.0,0.0,0.0,00-0014902,0.0
2003,0,0.0,0.0,0.0,0.0,1.0,0.0,0.0,0.0,0.0,00-0003139,-2.0
2003,2,0.0,0.0,0.0,0.0,2.0,102.0,0.0,25.0,0.0,00-0022116,10.700000000000001
2004,5,0.0,0.0,0.0,0.0,0.0,47.0,0.0,46.0,0.0,00-0022116,14.3
2003,1,0.0,0.0,1.0,0.0,0.0,85.0,0.0,2.0,0.0,00-0021976,15.7
2004,22,0.0,0.0,9.0,0.0,0.0,581.0,0.0,278.0,2.0,00-0021976,173.9
2005,33,0.0,0.0,20.0,0.0,4.0,1750.0,0.0,343.0,1.0,00-0021976,360.3
2006,41,0.0,0.0,17.0,0.0,2.0,1789.0,0.0,410.0,2.0,00-0021976,370.9
2007,30,0.0,0.0,3.0,0.0,1.0,559.0,0.0,186.0,1.0,00-0021976,126.5
2008,12,4.0,1.0,5.0,0.0,1.0,874.0,0.0,66.0,0.0,00-0021976,138.16
2009,15,0.0,0.0,0.0,0.0,1.0,562.0,0.0,80.0,0.0,00-0021976,77.2
2010,0,0.0,0.0,0.0,0.0,0.0,2.0,0.0,0.0,0.0,00-0021976,0.2
2011,0,0.0,0.0,0.0,0.0,0.0,2.0,0.0,0.0,0.0,00-0021976,0.2
2003,0,0.0,0.0,0.0,0.0,1.0,0.0,0.0,0.0,0.0,00-0021898,-2.0
2001,24,0.0,0.0,0.0,0.0,0.0,0.0,1.0,329.0,1.0,00-0019976,64.9
2002,33,0.0,0.0,0.0,0.0,0.0,0.0,0.0,478.0,2.0,00-0019976,92.80000000000001
2003,32,14.0,0.0,0.0,0.0,0.0,0.0,0.0,504.0,4.0,00-0019976,106.96000000000001
2004,80,26.0,1.0,0.0,0.0,0.0,12.0,0.0,1247.0,11.0,00-0019976,276.94
2005,58,0.0,0.0,0.0,0.0,0.0,3.0,0.0,738.0,4.0,00-0019976,156.1
2006,46,0.0,0.0,0.0,0.0,1.0,0.0,1.0,737.0,3.0,00-0019976,137.7
2007,33,0.0,0.0,0.0,0.0,0.0,0.0,0.0,375.0,3.0,00-0019976,88.5
2008,1,0.0,0.0,0.0,0.0,0.0,0.0,0.0,4.0,0.0,00-0019976,1.4
2003,8,0.0,0.0,0.0,0.0,1.0,345.0,0.0,61.0,0.0,00-0022095,46.6
2004,10,0.0,0.0,2.0,0.0,3.0,311.0,0.0,68.0,1.0,00-0022095,59.900000000000006
2000,22,0.0,0.0,0.0,0.0,1.0,0.0,0.0,273.0,0.0,00-0019642,47.3
2001,66,0.0,0.0,0.0,0.0,0.0,0.0,0.0,1008.0,6.0,00-0019642,202.8
2002,78,0.0,0.0,0.0,0.0,1.0,0.0,1.0,1325.0,7.0,00-0019642,252.5
2003,60,0.0,0.0,0.0,0.0,0.0,-7.0,0.0,860.0,4.0,00-0019642,169.3
2004,35,0.0,0.0,0.0,0.0,0.0,0.0,0.0,698.0,5.0,00-0019642,134.8
2005,76,0.0,0.0,0.0,0.0,1.0,0.0,0.0,1214.0,7.0,00-0019642,237.4
2006,63,0.0,0.0,0.0,0.0,1.0,0.0,0.0,988.0,10.0,00-0019642,219.8
2007,70,0.0,0.0,0.0,0.0,0.0,0.0,0.0,1025.0,12.0,00-0019642,244.5
2008,35,0.0,0.0,0.0,0.0,0.0,0.0,0.0,454.0,4.0,00-0019642,104.4
2011,45,0.0,0.0,0.0,0.0,0.0,0.0,0.0,612.0,8.0,00-0019642,154.2
2012,3,0.0,0.0,0.0,0.0,0.0,0.0,0.0,42.0,1.0,00-0019642,13.2
2003,0,0.0,0.0,0.0,0.0,2.0,0.0,0.0,0.0,0.0,00-0022007,-4.0
1999,11,0.0,0.0,0.0,0.0,0.0,0.0,0.0,122.0,2.0,00-0009443,35.2
2000,15,0.0,0.0,0.0,0.0,0.0,0.0,0.0,151.0,2.0,00-0009443,42.1
2001,15,0.0,0.0,0.0,0.0,0.0,0.0,0.0,270.0,1.0,00-0009443,48.0
2002,6,0.0,0.0,0.0,0.0,0.0,0.0,0.0,59.0,0.0,00-0009443,11.9
2003,10,0.0,0.0,0.0,0.0,1.0,0.0,0.0,87.0,0.0,00-0009443,16.700000000000003
2004,3,0.0,0.0,0.0,0.0,0.0,0.0,0.0,29.0,0.0,00-0009443,5.9
2005,2,0.0,0.0,0.0,0.0,0.0,0.0,0.0,26.0,0.0,00-0009443,4.6
2006,1,0.0,0.0,0.0,0.0,0.0,0.0,0.0,1.0,0.0,00-0009443,1.1
2007,1,0.0,0.0,0.0,0.0,0.0,0.0,0.0,5.0,0.0,00-0009443,1.5
2003,0,391.0,2.0,0.0,6.0,0.0,13.0,0.0,0.0,0.0,00-0021271,12.940000000000001
2002,0,0.0,0.0,0.0,0.0,0.0,0.0,0.0,0.0,0.0,00-0021345,0.0
2003,0,0.0,0.0,0.0,0.0,0.0,-1.0,0.0,0.0,0.0,00-0021345,-0.1
2001,1,0.0,0.0,0.0,0.0,0.0,0.0,0.0,1.0,1.0,00-0020342,7.1
2002,8,0.0,0.0,0.0,0.0,0.0,0.0,0.0,106.0,1.0,00-0020342,24.6
2003,29,0.0,0.0,0.0,0.0,0.0,15.0,0.0,238.0,2.0,00-0020342,66.3
2004,15,0.0,0.0,0.0,0.0,0.0,0.0,0.0,174.0,1.0,00-0020342,38.400000000000006
2005,13,0.0,0.0,0.0,0.0,2.0,2.0,0.0,129.0,1.0,00-0020342,28.1
2006,14,0.0,0.0,0.0,0.0,0.0,1.0,0.0,91.0,3.0,00-0020342,41.2
2007,10,0.0,0.0,0.0,0.0,0.0,0.0,0.0,86.0,1.0,00-0020342,24.6
2008,15,0.0,0.0,0.0,0.0,0.0,0.0,0.0,127.0,2.0,00-0020342,39.7
2009,5,0.0,0.0,0.0,0.0,0.0,0.0,0.0,13.0,0.0,00-0020342,6.3
2010,5,0.0,0.0,0.0,0.0,0.0,0.0,0.0,43.0,1.0,00-0020342,15.3
1999,26,0.0,0.0,0.0,0.0,0.0,0.0,1.0,325.0,1.0,00-0003103,66.5
2001,13,0.0,0.0,0.0,0.0,1.0,0.0,0.0,138.0,4.0,00-0003103,48.8
2002,16,0.0,0.0,0.0,0.0,0.0,0.0,0.0,112.0,1.0,00-0003103,33.2
2003,10,0.0,0.0,0.0,0.0,0.0,-5.0,0.0,145.0,0.0,00-0003103,24.0
2004,7,0.0,0.0,0.0,0.0,0.0,-2.0,0.0,57.0,0.0,00-0003103,12.5
2005,5,0.0,0.0,0.0,0.0,0.0,0.0,0.0,17.0,1.0,00-0003103,12.7
2003,15,0.0,0.0,1.0,0.0,0.0,41.0,0.0,82.0,1.0,00-0022141,39.300000000000004
2004,16,0.0,0.0,0.0,0.0,1.0,5.0,0.0,53.0,1.0,00-0022141,25.8
2005,12,0.0,0.0,0.0,0.0,0.0,14.0,0.0,65.0,3.0,00-0022141,37.9
2006,6,0.0,0.0,1.0,0.0,0.0,56.0,0.0,37.0,0.0,00-0022141,21.3
2007,6,0.0,0.0,0.0,0.0,0.0,25.0,0.0,32.0,1.0,00-0022141,17.7
2009,6,0.0,0.0,0.0,0.0,1.0,8.0,0.0,41.0,0.0,00-0022141,8.9
2003,1,0.0,0.0,0.0,0.0,1.0,0.0,0.0,2.0,0.0,00-0021969,-0.8
2004,2,0.0,0.0,0.0,0.0,0.0,0.0,0.0,12.0,0.0,00-0021969,3.2
2003,6,0.0,0.0,0.0,0.0,0.0,8.0,0.0,60.0,1.0,00-0020058,18.8
2004,2,0.0,0.0,0.0,0.0,1.0,0.0,0.0,8.0,0.0,00-0020058,0.8
2005,0,0.0,0.0,0.0,0.0,0.0,0.0,0.0,0.0,0.0,00-0020058,0.0
2002,0,0.0,0.0,0.0,0.0,1.0,0.0,0.0,0.0,0.0,00-0021377,-2.0
2003,0,0.0,0.0,0.0,0.0,1.0,0.0,0.0,0.0,0.0,00-0021377,-2.0
2004,0,0.0,0.0,0.0,0.0,0.0,0.0,0.0,0.0,0.0,00-0021377,0.0
2007,0,0.0,0.0,0.0,0.0,2.0,0.0,0.0,0.0,0.0,00-0021377,-4.0
2008,0,0.0,0.0,0.0,0.0,0.0,0.0,0.0,0.0,0.0,00-0021377,0.0
2009,0,0.0,0.0,0.0,0.0,1.0,0.0,0.0,0.0,0.0,00-0021377,-2.0
2010,0,0.0,0.0,0.0,0.0,0.0,0.0,0.0,0.0,0.0,00-0021377,0.0
2003,0,0.0,0.0,0.0,0.0,0.0,4.0,0.0,0.0,0.0,00-0020786,0.4
2002,17,0.0,0.0,0.0,0.0,0.0,0.0,0.0,268.0,1.0,00-0020904,49.8
2003,18,0.0,0.0,0.0,0.0,0.0,21.0,0.0,244.0,3.0,00-0020904,62.5
2004,47,0.0,0.0,0.0,0.0,2.0,53.0,0.0,690.0,4.0,00-0020904,141.3
2005,57,0.0,0.0,0.0,0.0,1.0,55.0,0.0,725.0,3.0,00-0020904,151.0
2006,48,0.0,0.0,0.0,0.0,0.0,19.0,0.0,659.0,0.0,00-0020904,115.80000000000001
2003,0,0.0,0.0,0.0,0.0,1.0,0.0,0.0,0.0,0.0,00-0004440,-2.0
2003,8,0.0,0.0,0.0,0.0,0.0,221.0,0.0,61.0,0.0,00-0022092,36.2
2004,20,0.0,0.0,6.0,0.0,4.0,1067.0,0.0,147.0,0.0,00-0022092,169.39999999999998
2005,25,0.0,0.0,5.0,0.0,3.0,851.0,0.0,311.0,2.0,00-0022092,177.20000000000002
2006,2,0.0,0.0,0.0,0.0,0.0,156.0,0.0,4.0,0.0,00-0022092,18.0
2007,19,0.0,0.0,5.0,0.0,1.0,464.0,0.0,128.0,0.0,00-0022092,106.2
2009,16,0.0,0.0,3.0,1.0,1.0,267.0,0.0,74.0,0.0,00-0022092,64.10000000000001
2003,2,0.0,0.0,0.0,0.0,0.0,7.0,0.0,9.0,0.0,00-0021387,3.6
2004,4,0.0,0.0,0.0,0.0,0.0,0.0,0.0,15.0,0.0,00-0021387,5.5
2003,0,0.0,0.0,0.0,0.0,0.0,0.0,0.0,0.0,0.0,00-0022157,0.0
2004,0,0.0,0.0,0.0,0.0,1.0,0.0,0.0,0.0,0.0,00-0022157,-2.0
2005,1,0.0,0.0,0.0,0.0,0.0,0.0,0.0,-1.0,0.0,00-0022157,0.9
2006,0,0.0,0.0,0.0,0.0,0.0,0.0,0.0,0.0,0.0,00-0022157,0.0
2009,0,0.0,0.0,0.0,0.0,0.0,0.0,0.0,0.0,0.0,00-0022157,0.0
2010,0,0.0,0.0,0.0,0.0,0.0,0.0,0.0,0.0,0.0,00-0022157,0.0
2011,0,0.0,0.0,0.0,0.0,0.0,0.0,0.0,0.0,0.0,00-0022157,0.0
2003,0,0.0,0.0,0.0,0.0,0.0,14.0,0.0,0.0,0.0,00-0022064,1.4000000000000001
2004,8,0.0,0.0,0.0,0.0,0.0,5.0,0.0,143.0,0.0,00-0022064,22.8
2005,32,27.0,0.0,0.0,0.0,1.0,11.0,0.0,363.0,3.0,00-0022064,86.48
2006,60,0.0,0.0,0.0,0.0,2.0,28.0,0.0,683.0,3.0,00-0022064,145.1
2007,50,0.0,0.0,1.0,0.0,1.0,4.0,0.0,600.0,5.0,00-0022064,144.4
2008,24,0.0,0.0,0.0,0.0,0.0,18.0,0.0,318.0,0.0,00-0022064,57.6
2009,5,0.0,0.0,0.0,0.0,2.0,0.0,0.0,40.0,0.0,00-0022064,5.0
2010,0,0.0,0.0,0.0,0.0,0.0,0.0,0.0,0.0,0.0,00-0022064,0.0
2011,0,0.0,0.0,0.0,0.0,0.0,0.0,0.0,0.0,0.0,00-0022064,0.0
2003,2,0.0,0.0,0.0,0.0,0.0,0.0,0.0,15.0,0.0,00-0022032,3.5
2004,1,0.0,0.0,0.0,0.0,0.0,0.0,0.0,3.0,0.0,00-0022032,1.3
2003,0,0.0,0.0,0.0,0.0,0.0,9.0,0.0,0.0,0.0,00-0022003,0.9
2004,2,0.0,0.0,0.0,0.0,0.0,23.0,0.0,12.0,0.0,00-0022003,5.500000000000001
2005,1,0.0,0.0,0.0,0.0,0.0,59.0,0.0,11.0,0.0,00-0022003,8.0
2006,9,0.0,0.0,0.0,0.0,0.0,11.0,0.0,50.0,0.0,00-0022003,15.1
2007,18,0.0,0.0,0.0,0.0,0.0,0.0,0.0,175.0,0.0,00-0022003,35.5
2008,13,0.0,0.0,2.0,0.0,0.0,14.0,0.0,66.0,0.0,00-0022003,33.0
2009,2,0.0,0.0,0.0,0.0,0.0,0.0,0.0,3.0,0.0,00-0022003,2.3
2003,0,0.0,0.0,0.0,0.0,0.0,5.0,0.0,0.0,0.0,00-0021955,0.5
2004,3,0.0,0.0,0.0,0.0,1.0,0.0,0.0,18.0,0.0,00-0021955,2.8
2006,1,0.0,0.0,0.0,0.0,0.0,0.0,0.0,2.0,1.0,00-0021955,7.2
2008,6,0.0,0.0,0.0,0.0,0.0,0.0,0.0,36.0,0.0,00-0021955,9.6
2003,3,0.0,0.0,0.0,0.0,0.0,0.0,0.0,46.0,0.0,00-0022024,7.6000000000000005
2003,3,0.0,0.0,2.0,0.0,0.0,191.0,0.0,37.0,0.0,00-0021938,37.800000000000004
2004,0,0.0,0.0,0.0,0.0,0.0,53.0,0.0,0.0,0.0,00-0021938,5.300000000000001
2002,13,0.0,0.0,0.0,0.0,1.0,0.0,0.0,88.0,3.0,00-0020849,37.8
2003,6,0.0,0.0,0.0,0.0,0.0,0.0,0.0,30.0,0.0,00-0020849,9.0
1999,0,0.0,0.0,0.0,0.0,0.0,0.0,0.0,0.0,0.0,00-0006915,0.0
2003,0,0.0,0.0,0.0,0.0,1.0,0.0,0.0,0.0,0.0,00-0006915,-2.0
2003,66,0.0,0.0,0.0,0.0,0.0,-10.0,0.0,976.0,4.0,00-0022044,186.60000000000002
2004,79,0.0,0.0,0.0,0.0,1.0,12.0,0.0,1142.0,6.0,00-0022044,228.4
2005,63,0.0,0.0,0.0,0.0,1.0,10.0,0.0,688.0,2.0,00-0022044,142.8
2006,103,0.0,0.0,0.0,0.0,0.0,14.0,0.0,1147.0,5.0,00-0022044,249.10000000000002
2007,60,0.0,0.0,0.0,0.0,1.0,0.0,0.0,851.0,8.0,00-0022044,191.10000000000002
2008,115,0.0,0.0,0.0,0.0,1.0,0.0,1.0,1575.0,8.0,00-0022044,320.5
2009,101,0.0,0.0,0.0,0.0,0.0,10.0,1.0,1569.0,9.0,00-0022044,314.9
2010,86,0.0,0.0,0.0,0.0,0.0,10.0,0.0,1216.0,8.0,00-0022044,256.6
2011,33,0.0,0.0,0.0,0.0,0.0,8.0,0.0,492.0,2.0,00-0022044,95.0
2012,112,0.0,0.0,0.0,0.0,0.0,0.0,0.0,1598.0,4.0,00-0022044,295.8
2013,109,0.0,0.0,0.0,0.0,0.0,0.0,0.0,1407.0,5.0,00-0022044,279.70000000000005
2014,85,0.0,0.0,0.0,0.0,3.0,0.0,0.0,936.0,3.0,00-0022044,190.60000000000002
2015,41,0.0,0.0,0.0,0.0,0.0,0.0,0.0,503.0,4.0,00-0022044,115.30000000000001
2016,9,0.0,0.0,0.0,0.0,0.0,0.0,0.0,85.0,2.0,00-0022044,29.5
2003,16,0.0,0.0,0.0,0.0,0.0,-12.0,0.0,209.0,2.0,00-0021993,47.7
2004,10,0.0,0.0,0.0,0.0,0.0,8.0,0.0,174.0,1.0,00-0021993,34.2
2005,4,0.0,0.0,0.0,0.0,0.0,0.0,0.0,67.0,1.0,00-0021993,16.7
2006,9,0.0,0.0,0.0,0.0,0.0,8.0,0.0,156.0,0.0,00-0021993,25.400000000000002
2003,0,0.0,0.0,0.0,0.0,0.0,7.0,0.0,0.0,0.0,00-0001611,0.7000000000000001
2002,1,0.0,0.0,0.0,0.0,0.0,0.0,0.0,14.0,0.0,00-0019302,2.4000000000000004
2003,17,0.0,0.0,0.0,0.0,0.0,0.0,0.0,213.0,2.0,00-0019302,50.3
2004,15,0.0,0.0,0.0,0.0,0.0,0.0,0.0,206.0,1.0,00-0019302,41.6
2005,5,0.0,0.0,0.0,0.0,0.0,0.0,0.0,105.0,1.0,00-0019302,21.5
2006,8,0.0,0.0,0.0,0.0,1.0,94.0,0.0,150.0,1.0,00-0019302,36.4
2007,7,0.0,0.0,0.0,0.0,0.0,-8.0,0.0,111.0,0.0,00-0019302,17.3
2003,0,0.0,0.0,0.0,0.0,0.0,0.0,0.0,0.0,0.0,00-0021891,0.0
2004,0,0.0,0.0,0.0,0.0,0.0,0.0,0.0,0.0,0.0,00-0021891,0.0
2003,0,0.0,0.0,0.0,0.0,1.0,0.0,0.0,0.0,0.0,00-0021335,-2.0
2003,3,0.0,0.0,0.0,0.0,0.0,9.0,0.0,13.0,0.0,00-0021581,5.2
2003,0,1012.0,5.0,0.0,7.0,2.0,41.0,0.0,0.0,0.0,00-0019816,46.580000000000005
2005,0,0.0,0.0,0.0,0.0,0.0,-3.0,0.0,0.0,0.0,00-0019816,-0.30000000000000004
2007,0,0.0,0.0,0.0,0.0,0.0,-1.0,0.0,0.0,0.0,00-0019816,-0.1
2002,37,0.0,0.0,0.0,0.0,1.0,0.0,0.0,509.0,2.0,00-0021166,97.9
2003,58,0.0,0.0,0.0,0.0,1.0,38.0,0.0,588.0,2.0,00-0021166,130.6
2004,16,0.0,0.0,0.0,0.0,0.0,-1.0,0.0,153.0,0.0,00-0021166,31.200000000000003
2005,32,0.0,0.0,0.0,0.0,0.0,-3.0,0.0,449.0,2.0,00-0021166,88.60000000000001
2006,34,0.0,0.0,0.0,0.0,0.0,13.0,0.0,410.0,2.0,00-0021166,88.3
2007,51,0.0,0.0,0.0,0.0,0.0,10.0,0.0,578.0,0.0,00-0021166,109.80000000000001
2008,56,0.0,0.0,0.0,0.0,0.0,0.0,0.0,597.0,1.0,00-0021166,121.7
2009,27,0.0,0.0,0.0,0.0,1.0,0.0,0.0,291.0,1.0,00-0021166,60.1
2003,0,0.0,0.0,0.0,0.0,0.0,0.0,0.0,0.0,0.0,00-0020267,0.0
2004,0,0.0,0.0,0.0,0.0,0.0,-7.0,0.0,0.0,0.0,00-0020267,-0.7000000000000001
2011,0,0.0,0.0,0.0,0.0,0.0,0.0,0.0,0.0,0.0,00-0020267,0.0
2003,0,0.0,0.0,0.0,0.0,1.0,0.0,0.0,0.0,0.0,00-0019655,-2.0
2003,0,0.0,0.0,0.0,0.0,0.0,0.0,0.0,0.0,0.0,00-0019563,0.0
2003,2,0.0,0.0,2.0,0.0,1.0,289.0,0.0,0.0,0.0,00-0022180,40.900000000000006
2004,20,0.0,0.0,2.0,0.0,3.0,744.0,0.0,178.0,1.0,00-0022180,124.2
2005,6,0.0,0.0,0.0,0.0,0.0,15.0,0.0,26.0,0.0,00-0022180,10.1
2006,0,0.0,0.0,0.0,0.0,0.0,26.0,0.0,0.0,0.0,00-0022180,2.6
2003,0,0.0,0.0,0.0,0.0,0.0,0.0,0.0,0.0,0.0,00-0021210,0.0
2003,0,0.0,0.0,0.0,0.0,0.0,-2.0,0.0,0.0,0.0,00-0021747,-0.2
2004,0,0.0,0.0,0.0,0.0,0.0,15.0,0.0,0.0,0.0,00-0021747,1.5
2003,0,0.0,0.0,0.0,0.0,0.0,0.0,0.0,0.0,0.0,00-0018168,0.0
2003,18,0.0,0.0,0.0,0.0,0.0,5.0,1.0,297.0,4.0,00-0022087,74.2
2004,2,0.0,0.0,0.0,0.0,0.0,0.0,0.0,13.0,0.0,00-0022087,3.3
2005,22,0.0,0.0,0.0,0.0,1.0,0.0,0.0,191.0,0.0,00-0022087,39.1
2003,0,0.0,0.0,0.0,0.0,1.0,0.0,0.0,0.0,0.0,00-0011641,-2.0
2004,1,0.0,0.0,0.0,0.0,0.0,0.0,0.0,8.0,0.0,00-0011641,1.8
2006,2,0.0,0.0,0.0,0.0,0.0,0.0,0.0,29.0,0.0,00-0011641,4.9
2007,8,0.0,0.0,0.0,0.0,0.0,13.0,0.0,131.0,0.0,00-0011641,22.400000000000002
2009,0,0.0,0.0,0.0,0.0,0.0,0.0,0.0,0.0,0.0,00-0011641,0.0
2003,2,0.0,0.0,0.0,0.0,1.0,10.0,0.0,10.0,0.0,00-0021921,2.0
2003,1,0.0,0.0,0.0,0.0,1.0,0.0,0.0,6.0,0.0,00-0022036,-0.3999999999999999
2003,20,0.0,0.0,0.0,0.0,0.0,5.0,0.0,189.0,0.0,00-0019281,39.400000000000006
2004,1,0.0,0.0,0.0,0.0,0.0,0.0,0.0,8.0,0.0,00-0019281,1.8
2006,98,0.0,0.0,0.0,0.0,1.0,0.0,0.0,1086.0,6.0,00-0019281,240.60000000000002
2007,61,0.0,0.0,0.0,0.0,0.0,0.0,0.0,664.0,1.0,00-0019281,133.4
2008,18,0.0,0.0,0.0,0.0,0.0,0.0,0.0,181.0,0.0,00-0019281,36.1
2009,23,0.0,0.0,0.0,0.0,0.0,0.0,0.0,170.0,0.0,00-0019281,40.0
2003,0,0.0,0.0,0.0,0.0,0.0,0.0,0.0,0.0,0.0,00-0021918,0.0
2003,0,0.0,0.0,0.0,0.0,1.0,0.0,0.0,0.0,0.0,00-0020499,-2.0
2003,2,0.0,0.0,0.0,0.0,1.0,0.0,0.0,55.0,0.0,00-0021102,5.5
2003,3,0.0,0.0,0.0,0.0,0.0,14.0,0.0,41.0,0.0,00-0018578,8.5
2004,6,0.0,0.0,0.0,0.0,0.0,0.0,0.0,61.0,0.0,00-0018578,12.100000000000001
2005,1,0.0,0.0,0.0,0.0,0.0,0.0,0.0,9.0,0.0,00-0018578,1.9
2006,1,0.0,0.0,0.0,0.0,0.0,0.0,0.0,4.0,1.0,00-0018578,7.4
2007,2,0.0,0.0,0.0,0.0,0.0,0.0,0.0,14.0,0.0,00-0018578,3.4000000000000004
2003,0,0.0,0.0,0.0,0.0,1.0,0.0,0.0,0.0,0.0,00-0021200,-2.0
2003,0,0.0,0.0,2.0,0.0,0.0,31.0,0.0,0.0,0.0,00-0022130,15.1
2004,2,0.0,0.0,0.0,0.0,0.0,48.0,0.0,31.0,0.0,00-0022130,9.9
2005,3,0.0,0.0,0.0,0.0,0.0,0.0,0.0,5.0,0.0,00-0022130,3.5
2006,22,0.0,0.0,0.0,0.0,1.0,153.0,0.0,135.0,0.0,00-0022130,48.8
2007,27,0.0,0.0,2.0,0.0,0.0,264.0,0.0,192.0,0.0,00-0022130,84.60000000000001
2003,0,0.0,0.0,0.0,0.0,1.0,0.0,0.0,0.0,0.0,00-0000559,-2.0
2004,0,0.0,0.0,0.0,0.0,0.0,0.0,0.0,0.0,0.0,00-0000559,0.0
2003,0,0.0,0.0,1.0,0.0,0.0,56.0,0.0,0.0,0.0,00-0022174,11.600000000000001
2003,1,135.0,0.0,0.0,1.0,1.0,51.0,0.0,-5.0,0.0,00-0022091,7.000000000000001
2001,2,0.0,0.0,0.0,0.0,0.0,0.0,0.0,28.0,0.0,00-0020485,4.800000000000001
2002,1,0.0,0.0,0.0,0.0,0.0,0.0,0.0,14.0,0.0,00-0020485,2.4000000000000004
2003,1,0.0,0.0,0.0,0.0,2.0,0.0,0.0,50.0,1.0,00-0020485,8.0
2004,20,0.0,0.0,0.0,0.0,0.0,0.0,0.0,278.0,1.0,00-0020485,53.8
2005,2,0.0,0.0,0.0,0.0,0.0,0.0,0.0,9.0,0.0,00-0020485,2.9
2003,0,0.0,0.0,0.0,0.0,0.0,15.0,0.0,0.0,0.0,00-0022105,1.5
2003,0,0.0,0.0,0.0,0.0,0.0,7.0,0.0,0.0,0.0,00-0017693,0.7000000000000001
2004,0,0.0,0.0,0.0,0.0,0.0,-5.0,0.0,0.0,0.0,00-0017693,-0.5
2005,0,0.0,0.0,0.0,0.0,0.0,-4.0,0.0,0.0,0.0,00-0017693,-0.4
2000,10,0.0,0.0,0.0,0.0,0.0,0.0,0.0,134.0,0.0,00-0019505,23.4
2001,3,0.0,0.0,0.0,0.0,0.0,0.0,0.0,32.0,1.0,00-0019505,12.2
2003,33,0.0,0.0,0.0,0.0,0.0,14.0,0.0,432.0,2.0,00-0019505,89.6
2004,15,0.0,0.0,0.0,0.0,1.0,0.0,0.0,207.0,0.0,00-0019505,33.7
2005,11,0.0,0.0,0.0,0.0,0.0,0.0,0.0,152.0,0.0,00-0019505,26.200000000000003
2003,5,0.0,0.0,0.0,0.0,0.0,99.0,0.0,40.0,0.0,00-0022006,18.9
2004,11,0.0,0.0,2.0,0.0,0.0,174.0,0.0,72.0,0.0,00-0022006,47.60000000000001
2005,21,0.0,0.0,3.0,0.0,0.0,349.0,0.0,181.0,0.0,00-0022006,92.0
2006,2,0.0,0.0,3.0,0.0,1.0,192.0,0.0,15.0,0.0,00-0022006,38.7
2007,0,0.0,0.0,0.0,0.0,0.0,46.0,0.0,0.0,0.0,00-0022006,4.6000000000000005
2002,22,0.0,0.0,0.0,0.0,0.0,0.0,0.0,293.0,3.0,00-0020428,69.3
2003,38,0.0,0.0,0.0,0.0,0.0,-8.0,0.0,520.0,4.0,00-0020428,113.2
2004,24,0.0,0.0,0.0,0.0,0.0,0.0,1.0,367.0,1.0,00-0020428,68.7
2005,27,0.0,0.0,0.0,0.0,0.0,0.0,1.0,366.0,3.0,00-0020428,83.6
2006,5,0.0,0.0,0.0,0.0,0.0,0.0,0.0,31.0,1.0,00-0020428,14.1
2007,32,0.0,0.0,0.0,0.0,0.0,0.0,0.0,391.0,1.0,00-0020428,77.1
2008,3,0.0,0.0,0.0,0.0,0.0,0.0,0.0,25.0,0.0,00-0020428,5.5
2003,0,437.0,2.0,0.0,1.0,0.0,-1.0,0.0,0.0,0.0,00-0022121,23.38
2004,0,607.0,1.0,1.0,3.0,2.0,48.0,0.0,0.0,0.0,00-0022121,29.080000000000002
2005,0,259.0,1.0,0.0,2.0,0.0,0.0,0.0,0.0,0.0,00-0022121,10.36
2006,1,3197.0,23.0,0.0,20.0,5.0,2.0,0.0,-4.0,0.0,00-0022121,170.67999999999998
2007,0,1411.0,4.0,0.0,7.0,3.0,23.0,0.0,0.0,0.0,00-0022121,54.739999999999995
2008,0,257.0,2.0,2.0,2.0,0.0,4.0,0.0,0.0,0.0,00-0022121,26.68
2009,0,33.0,0.0,0.0,1.0,0.0,5.0,0.0,0.0,0.0,00-0022121,-0.17999999999999994
2010,0,884.0,7.0,0.0,4.0,4.0,6.0,2.0,0.0,0.0,00-0022121,51.96
2011,0,3151.0,16.0,1.0,20.0,5.0,11.0,0.0,0.0,0.0,00-0022121,147.14000000000001
2003,16,0.0,0.0,0.0,0.0,0.0,-9.0,0.0,211.0,0.0,00-0021927,36.2
2004,10,0.0,0.0,0.0,0.0,0.0,0.0,0.0,155.0,1.0,00-0021927,31.5
2005,5,0.0,0.0,0.0,0.0,1.0,0.0,0.0,52.0,1.0,00-0021927,14.2
2006,19,0.0,0.0,0.0,0.0,0.0,0.0,0.0,197.0,2.0,00-0021927,50.7
2007,4,0.0,0.0,0.0,0.0,0.0,0.0,0.0,35.0,0.0,00-0021927,7.5
2003,22,0.0,0.0,0.0,0.0,0.0,5.0,0.0,299.0,4.0,00-0022171,76.4
2004,31,0.0,0.0,0.0,0.0,0.0,-1.0,0.0,378.0,3.0,00-0022171,86.7
2005,10,0.0,0.0,0.0,0.0,0.0,0.0,0.0,101.0,1.0,00-0022171,26.1
2006,9,0.0,0.0,0.0,0.0,0.0,0.0,0.0,115.0,1.0,00-0022171,26.5
2008,1,0.0,0.0,0.0,0.0,0.0,0.0,0.0,3.0,0.0,00-0022171,1.3
2009,34,0.0,0.0,0.0,0.0,0.0,1.0,0.0,431.0,2.0,00-0022171,89.2
2010,13,0.0,0.0,0.0,0.0,0.0,0.0,0.0,173.0,1.0,00-0022171,36.3
2003,0,0.0,0.0,0.0,0.0,0.0,0.0,0.0,0.0,0.0,00-0013282,0.0
2003,0,0.0,0.0,0.0,0.0,1.0,0.0,0.0,0.0,0.0,00-0021588,-2.0
2002,9,0.0,0.0,0.0,0.0,0.0,0.0,0.0,92.0,1.0,00-0021353,24.200000000000003
2003,34,0.0,0.0,0.0,1.0,0.0,0.0,0.0,510.0,6.0,00-0021353,119.0
2004,56,0.0,0.0,0.0,0.0,0.0,0.0,0.0,872.0,3.0,00-0021353,161.2
2005,59,0.0,0.0,0.0,0.0,0.0,13.0,0.0,738.0,2.0,00-0021353,146.1
2006,8,0.0,0.0,0.0,0.0,0.0,3.0,0.0,104.0,0.0,00-0021353,18.700000000000003
2003,0,0.0,0.0,0.0,0.0,0.0,0.0,0.0,0.0,0.0,00-0019084,0.0
2001,34,0.0,0.0,0.0,0.0,0.0,0.0,0.0,415.0,4.0,00-0020513,99.5
2002,9,0.0,0.0,0.0,0.0,0.0,0.0,0.0,127.0,3.0,00-0020513,39.7
2003,43,0.0,0.0,0.0,0.0,0.0,4.0,0.0,361.0,1.0,00-0020513,85.5
2004,42,0.0,0.0,0.0,0.0,1.0,10.0,0.0,699.0,1.0,00-0020513,116.9
2003,0,0.0,0.0,0.0,0.0,0.0,0.0,0.0,0.0,0.0,00-0021563,0.0
2003,0,0.0,0.0,0.0,0.0,0.0,31.0,0.0,0.0,0.0,00-0021845,3.1
2004,0,0.0,0.0,0.0,0.0,0.0,32.0,0.0,0.0,0.0,00-0021845,3.2
2005,2,0.0,0.0,0.0,0.0,0.0,21.0,0.0,17.0,0.0,00-0021845,5.8
2006,8,0.0,0.0,0.0,0.0,0.0,80.0,0.0,34.0,0.0,00-0021845,19.4
2007,14,0.0,0.0,2.0,0.0,0.0,59.0,0.0,51.0,1.0,00-0021845,43.0
2008,0,0.0,0.0,0.0,0.0,0.0,-3.0,0.0,0.0,0.0,00-0021845,-0.30000000000000004
1999,32,0.0,0.0,0.0,0.0,0.0,0.0,1.0,346.0,1.0,00-0001661,74.6
2000,64,0.0,0.0,0.0,0.0,0.0,0.0,1.0,729.0,3.0,00-0001661,156.9
2001,36,0.0,0.0,0.0,0.0,0.0,0.0,0.0,386.0,2.0,00-0001661,86.6
2002,43,0.0,0.0,0.0,0.0,0.0,0.0,0.0,461.0,4.0,00-0001661,113.1
2003,29,0.0,0.0,0.0,0.0,2.0,0.0,0.0,281.0,1.0,00-0001661,59.1
2004,14,0.0,0.0,0.0,0.0,0.0,0.0,0.0,103.0,1.0,00-0001661,30.3
2005,18,0.0,0.0,0.0,0.0,2.0,0.0,0.0,157.0,1.0,00-0001661,35.7
2006,5,0.0,0.0,0.0,0.0,0.0,0.0,0.0,37.0,0.0,00-0001661,8.7
2007,9,0.0,0.0,0.0,0.0,0.0,0.0,0.0,70.0,2.0,00-0001661,28.0
2003,0,7.0,0.0,0.0,0.0,0.0,0.0,0.0,0.0,0.0,00-0022112,0.28
2003,0,0.0,0.0,0.0,0.0,1.0,0.0,0.0,0.0,0.0,00-0005082,-2.0
2004,19,0.0,0.0,4.0,0.0,1.0,673.0,1.0,189.0,0.0,00-0022736,129.2
2005,43,0.0,0.0,8.0,0.0,3.0,1046.0,0.0,320.0,2.0,00-0022736,233.60000000000002
2006,90,0.0,0.0,13.0,0.0,2.0,1528.0,0.0,806.0,3.0,00-0022736,415.40000000000003
2007,38,2.0,1.0,5.0,0.0,2.0,1002.0,0.0,271.0,1.0,00-0022736,201.38
2008,40,0.0,0.0,7.0,0.0,3.0,1043.0,0.0,379.0,1.0,00-0022736,224.20000000000002
2009,50,0.0,0.0,4.0,0.0,2.0,1424.0,0.0,314.0,0.0,00-0022736,243.8
2010,46,0.0,0.0,6.0,0.0,1.0,1241.0,0.0,374.0,0.0,00-0022736,241.50000000000003
2011,42,0.0,0.0,5.0,0.0,1.0,1145.0,0.0,333.0,1.0,00-0022736,223.8
2012,38,0.0,0.0,4.0,0.0,0.0,1045.0,1.0,321.0,0.0,00-0022736,200.6
2013,33,0.0,0.0,6.0,0.0,0.0,543.0,0.0,191.0,1.0,00-0022736,148.4
2014,20,0.0,0.0,6.0,0.0,0.0,707.0,0.0,148.0,0.0,00-0022736,141.5
2015,1,0.0,0.0,1.0,0.0,0.0,50.0,0.0,20.0,0.0,00-0022736,14.0
2003,1,0.0,0.0,0.0,0.0,0.0,0.0,0.0,9.0,0.0,00-0021098,1.9
2004,18,0.0,0.0,0.0,0.0,0.0,89.0,0.0,191.0,0.0,00-0021098,46.0
2005,0,0.0,0.0,0.0,0.0,1.0,0.0,0.0,0.0,0.0,00-0021098,-2.0
2003,35,0.0,0.0,0.0,0.0,1.0,0.0,0.0,438.0,1.0,00-0022156,82.80000000000001
2004,49,0.0,0.0,0.0,0.0,0.0,-6.0,0.0,537.0,1.0,00-0022156,108.1
2005,40,0.0,0.0,0.0,0.0,0.0,0.0,0.0,432.0,1.0,00-0022156,89.2
2006,40,0.0,0.0,0.0,0.0,1.0,-3.0,0.0,740.0,4.0,00-0022156,135.7
2007,45,0.0,0.0,0.0,0.0,0.0,0.0,0.0,525.0,2.0,00-0022156,109.5
2008,45,0.0,0.0,0.0,0.0,0.0,0.0,0.0,546.0,3.0,00-0022156,117.6
2009,36,0.0,0.0,0.0,0.0,0.0,0.0,0.0,426.0,3.0,00-0022156,96.6
2010,18,0.0,0.0,0.0,0.0,0.0,0.0,1.0,210.0,0.0,00-0022156,41.0
2011,6,0.0,0.0,0.0,0.0,0.0,1.0,0.0,90.0,1.0,00-0022156,21.1
2004,58,0.0,0.0,0.0,0.0,0.0,14.0,0.0,780.0,8.0,00-0022921,185.4
2005,103,0.0,0.0,0.0,0.0,0.0,41.0,0.0,1409.0,10.0,00-0022921,308.0
2006,68,0.0,0.0,0.0,0.0,0.0,5.0,0.0,941.0,6.0,00-0022921,198.60000000000002
2007,101,0.0,0.0,0.0,0.0,3.0,0.0,0.0,1412.0,10.0,00-0022921,296.20000000000005
2008,96,0.0,0.0,0.0,0.0,0.0,0.0,0.0,1434.0,12.0,00-0022921,311.4
2009,97,0.0,0.0,0.0,0.0,0.0,0.0,0.0,1092.0,13.0,00-0022921,284.2
2010,90,0.0,0.0,0.0,0.0,0.0,0.0,1.0,1137.0,6.0,00-0022921,241.7
2011,80,0.0,0.0,0.0,0.0,0.0,0.0,0.0,1411.0,8.0,00-0022921,269.1
2012,71,0.0,0.0,0.0,0.0,0.0,0.0,0.0,798.0,4.0,00-0022921,174.8
2013,82,0.0,0.0,0.0,0.0,1.0,8.0,0.0,954.0,10.0,00-0022921,236.20000000000002
2014,63,0.0,0.0,0.0,0.0,1.0,0.0,0.0,784.0,2.0,00-0022921,151.4
2015,109,0.0,0.0,0.0,0.0,2.0,0.0,0.0,1215.0,9.0,00-0022921,280.5
2016,107,0.0,0.0,0.0,0.0,1.0,5.0,0.0,1023.0,6.0,00-0022921,243.8
2017,109,21.0,0.0,0.0,0.0,1.0,0.0,1.0,1156.0,6.0,00-0022921,261.44
2018,69,32.0,1.0,0.0,0.0,0.0,0.0,1.0,734.0,6.0,00-0022921,185.68
2019,73,0.0,0.0,0.0,0.0,1.0,0.0,0.0,835.0,4.0,00-0022921,178.5
2020,54,0.0,0.0,0.0,0.0,0.0,0.0,0.0,409.0,1.0,00-0022921,100.9
2004,0,1231.0,6.0,0.0,9.0,3.0,7.0,0.0,0.0,0.0,00-0022039,49.94000000000001
2005,0,481.0,2.0,0.0,2.0,1.0,11.0,1.0,0.0,0.0,00-0022039,24.340000000000003
2006,0,0.0,0.0,0.0,0.0,0.0,0.0,0.0,0.0,0.0,00-0022039,0.0
2008,0,374.0,0.0,0.0,7.0,0.0,0.0,0.0,0.0,0.0,00-0022039,0.9600000000000009
2001,0,0.0,0.0,0.0,0.0,0.0,0.0,0.0,0.0,0.0,00-0020343,0.0
2003,4,0.0,0.0,0.0,0.0,0.0,0.0,0.0,93.0,1.0,00-0020343,19.3
2004,10,0.0,0.0,0.0,0.0,1.0,0.0,0.0,173.0,1.0,00-0020343,31.3
2004,0,2897.0,18.0,1.0,18.0,2.0,47.0,0.0,0.0,0.0,00-0021429,158.57999999999998
2005,0,3836.0,32.0,1.0,12.0,2.0,44.0,1.0,0.0,0.0,00-0021429,265.84
2006,0,4036.0,28.0,0.0,13.0,7.0,35.0,0.0,0.0,0.0,00-0021429,236.94
2007,0,4130.0,26.0,0.0,20.0,1.0,10.0,0.0,0.0,0.0,00-0021429,228.20000000000005
2008,0,736.0,3.0,0.0,4.0,0.0,38.0,0.0,0.0,0.0,00-0021429,37.239999999999995
2009,0,3094.0,21.0,3.0,13.0,2.0,93.0,2.0,0.0,0.0,00-0021429,209.06
2010,0,3970.0,26.0,0.0,20.0,3.0,50.0,1.0,0.0,0.0,00-0021429,223.8
2011,0,2753.0,13.0,1.0,16.0,1.0,20.0,0.0,0.0,0.0,00-0021429,136.12
2012,0,4018.0,22.0,1.0,14.0,5.0,36.0,2.0,0.0,0.0,00-0021429,224.32
2013,0,4274.0,24.0,0.0,22.0,3.0,3.0,0.0,0.0,0.0,00-0021429,217.26000000000005
2014,0,1626.0,11.0,0.0,3.0,1.0,25.0,0.0,0.0,0.0,00-0021429,103.54
2015,0,4671.0,35.0,1.0,11.0,2.0,24.0,0.0,0.0,0.0,00-0021429,309.24
2016,0,4233.0,26.0,0.0,14.0,4.0,38.0,1.0,0.0,0.0,00-0021429,243.12
2017,0,1978.0,9.0,0.0,7.0,0.0,12.0,0.0,0.0,0.0,00-0021429,102.32000000000001
2003,1,0.0,0.0,0.0,0.0,0.0,0.0,0.0,6.0,0.0,00-0021371,1.6
2004,10,0.0,0.0,0.0,0.0,0.0,10.0,0.0,59.0,1.0,00-0021371,22.9
2006,3,0.0,0.0,0.0,0.0,0.0,0.0,0.0,22.0,0.0,00-0021371,5.2
2008,2,0.0,0.0,0.0,0.0,0.0,0.0,0.0,34.0,0.0,00-0021371,5.4
2004,0,0.0,0.0,0.0,0.0,0.0,0.0,0.0,0.0,0.0,00-0021488,0.0
2006,0,0.0,0.0,0.0,0.0,1.0,0.0,0.0,0.0,0.0,00-0021488,-2.0
2010,0,0.0,0.0,0.0,0.0,1.0,0.0,0.0,0.0,0.0,00-0021488,-2.0
2013,0,30.0,0.0,0.0,0.0,0.0,0.0,0.0,0.0,0.0,00-0021488,1.2
2004,27,0.0,0.0,0.0,0.0,0.0,379.0,0.0,238.0,0.0,00-0022217,88.7
2005,37,0.0,0.0,1.0,0.0,1.0,662.0,0.0,339.0,2.0,00-0022217,153.1
2006,46,15.0,1.0,0.0,0.0,1.0,131.0,0.0,468.0,1.0,00-0022217,114.5
2007,6,0.0,0.0,0.0,0.0,0.0,113.0,0.0,46.0,0.0,00-0022217,21.900000000000002
2008,40,0.0,0.0,5.0,0.0,0.0,588.0,0.0,320.0,1.0,00-0022217,166.8
2009,21,6.0,1.0,0.0,0.0,0.0,118.0,0.0,153.0,2.0,00-0022217,64.34
2010,26,0.0,0.0,0.0,0.0,0.0,99.0,2.0,205.0,0.0,00-0022217,60.4
2011,11,0.0,0.0,0.0,0.0,2.0,157.0,0.0,104.0,1.0,00-0022217,39.1
2012,6,0.0,0.0,0.0,0.0,1.0,20.0,0.0,77.0,1.0,00-0022217,19.7
2004,1,0.0,0.0,1.0,0.0,0.0,128.0,0.0,4.0,0.0,00-0021673,20.2
2005,1,0.0,0.0,0.0,0.0,2.0,16.0,0.0,5.0,0.0,00-0021673,-0.8999999999999999
2006,20,0.0,0.0,2.0,0.0,1.0,72.0,0.0,138.0,0.0,00-0021673,51.0
2004,28,0.0,0.0,5.0,0.0,1.0,1133.0,0.0,180.0,1.0,00-0022782,193.3
2005,20,0.0,0.0,5.0,0.0,0.0,664.0,0.0,109.0,0.0,00-0022782,127.30000000000001
2006,61,0.0,0.0,6.0,0.0,5.0,689.0,0.0,520.0,2.0,00-0022782,219.9
2007,33,0.0,0.0,8.0,0.0,1.0,581.0,0.0,197.0,0.0,00-0022782,156.8
2008,2,0.0,0.0,0.0,0.0,0.0,109.0,0.0,5.0,0.0,00-0022782,13.4
2004,15,0.0,0.0,0.0,0.0,0.0,28.0,0.0,225.0,2.0,00-0022807,52.3
2005,13,0.0,0.0,0.0,0.0,0.0,31.0,0.0,246.0,0.0,00-0022807,40.7
2006,51,0.0,0.0,0.0,0.0,1.0,5.0,0.0,775.0,6.0,00-0022807,163.0
2007,70,0.0,0.0,0.0,0.0,1.0,3.0,0.0,948.0,5.0,00-0022807,193.10000000000002
2008,48,0.0,0.0,0.0,0.0,1.0,26.0,0.0,964.0,7.0,00-0022807,187.0
2009,55,0.0,0.0,0.0,0.0,0.0,0.0,0.0,618.0,4.0,00-0022807,140.8
2010,28,0.0,0.0,0.0,0.0,0.0,-8.0,0.0,252.0,0.0,00-0022807,52.400000000000006
2011,7,0.0,0.0,0.0,0.0,0.0,0.0,0.0,91.0,0.0,00-0022807,16.1
2004,54,0.0,0.0,0.0,0.0,1.0,1.0,0.0,817.0,8.0,00-0022909,181.8
2005,45,0.0,0.0,0.0,0.0,0.0,0.0,0.0,687.0,8.0,00-0022909,161.7
2006,82,0.0,0.0,0.0,0.0,2.0,2.0,0.0,1310.0,7.0,00-0022909,251.2
2007,63,0.0,0.0,0.0,0.0,1.0,1.0,0.0,836.0,5.0,00-0022909,174.7
2008,36,0.0,0.0,0.0,0.0,0.0,13.0,0.0,430.0,2.0,00-0022909,92.3
2009,38,0.0,0.0,0.0,0.0,1.0,0.0,0.0,596.0,7.0,00-0022909,137.6
2010,37,0.0,0.0,0.0,0.0,2.0,0.0,1.0,538.0,5.0,00-0022909,118.80000000000001
2011,37,0.0,0.0,0.0,0.0,0.0,0.0,0.0,507.0,2.0,00-0022909,99.7
2002,1,0.0,0.0,0.0,0.0,0.0,0.0,0.0,7.0,0.0,00-0020805,1.7000000000000002
2004,13,0.0,0.0,0.0,0.0,1.0,1.0,0.0,70.0,2.0,00-0020805,30.1
2005,4,0.0,0.0,0.0,0.0,0.0,22.0,0.0,15.0,0.0,00-0020805,7.7
2006,25,0.0,0.0,0.0,0.0,0.0,18.0,0.0,162.0,0.0,00-0020805,43.0
2007,9,0.0,0.0,1.0,0.0,1.0,17.0,0.0,33.0,0.0,00-0020805,18.0
2008,11,0.0,0.0,2.0,0.0,1.0,26.0,0.0,64.0,1.0,00-0020805,36.0
2009,5,0.0,0.0,0.0,0.0,0.0,0.0,0.0,13.0,0.0,00-0020805,6.3
2004,3,0.0,0.0,3.0,0.0,0.0,162.0,0.0,13.0,0.0,00-0022897,38.5
2005,10,0.0,0.0,4.0,0.0,0.0,575.0,0.0,65.0,0.0,00-0022897,98.0
2007,11,0.0,0.0,2.0,0.0,0.0,119.0,0.0,99.0,2.0,00-0022897,56.8
2008,13,0.0,0.0,0.0,0.0,0.0,13.0,0.0,116.0,1.0,00-0022897,31.900000000000002
2009,5,0.0,0.0,0.0,0.0,0.0,23.0,0.0,14.0,0.0,00-0022897,8.700000000000001
2010,11,0.0,0.0,0.0,0.0,0.0,4.0,0.0,47.0,0.0,00-0022897,16.1
2011,4,0.0,0.0,1.0,0.0,0.0,7.0,0.0,19.0,0.0,00-0022897,12.6
2012,11,0.0,0.0,0.0,0.0,0.0,8.0,0.0,64.0,0.0,00-0022897,18.200000000000003
2013,5,0.0,0.0,0.0,0.0,0.0,2.0,0.0,34.0,0.0,00-0022897,8.600000000000001
2004,22,0.0,0.0,13.0,0.0,2.0,1128.0,0.0,169.0,0.0,00-0022178,225.70000000000002
2005,28,0.0,0.0,5.0,0.0,1.0,1247.0,0.0,178.0,0.0,00-0022178,198.5
2006,18,0.0,0.0,6.0,0.0,2.0,990.0,0.0,156.0,0.0,00-0022178,164.6
2007,43,0.0,0.0,7.0,0.0,3.0,1207.0,0.0,231.0,1.0,00-0022178,228.79999999999998
2008,24,0.0,0.0,7.0,0.0,3.0,671.0,0.0,173.0,0.0,00-0022178,144.4
2009,15,0.0,0.0,12.0,0.0,1.0,544.0,0.0,85.0,2.0,00-0022178,159.9
2010,14,0.0,0.0,5.0,0.0,2.0,380.0,0.0,55.0,1.0,00-0022178,89.5
2011,12,0.0,0.0,4.0,0.0,3.0,1199.0,1.0,51.0,1.0,00-0022178,163.0
2012,26,0.0,0.0,4.0,0.0,4.0,731.0,1.0,221.0,0.0,00-0022178,139.20000000000002
2013,8,0.0,0.0,2.0,0.0,1.0,377.0,0.0,20.0,0.0,00-0022178,57.7
2004,5,0.0,0.0,3.0,0.0,1.0,396.0,0.0,80.0,0.0,00-0022893,68.6
2005,18,0.0,0.0,8.0,0.0,1.0,921.0,0.0,104.0,0.0,00-0022893,166.50000000000003
2006,24,0.0,0.0,2.0,0.0,5.0,1025.0,0.0,115.0,0.0,00-0022893,140.0
2007,14,0.0,0.0,1.0,0.0,1.0,182.0,0.0,63.0,0.0,00-0022893,42.5
2008,10,0.0,0.0,2.0,0.0,0.0,249.0,0.0,57.0,0.0,00-0022893,52.60000000000001
2004,2,0.0,0.0,0.0,0.0,0.0,42.0,0.0,15.0,0.0,00-0022797,7.7
2006,16,0.0,0.0,0.0,0.0,0.0,9.0,0.0,85.0,1.0,00-0022797,31.4
2007,8,0.0,0.0,0.0,0.0,0.0,18.0,0.0,50.0,0.0,00-0022797,14.8
2008,1,0.0,0.0,0.0,0.0,0.0,0.0,0.0,7.0,0.0,00-0022797,1.7000000000000002
2003,1,0.0,0.0,0.0,0.0,0.0,0.0,0.0,5.0,0.0,00-0021509,1.5
2004,14,0.0,0.0,0.0,0.0,0.0,91.0,0.0,123.0,0.0,00-0021509,35.400000000000006
2005,12,0.0,0.0,0.0,0.0,0.0,87.0,0.0,68.0,0.0,00-0021509,27.500000000000004
2006,5,0.0,0.0,0.0,0.0,3.0,18.0,0.0,23.0,0.0,00-0021509,3.1
2007,1,0.0,0.0,0.0,0.0,0.0,0.0,0.0,11.0,0.0,00-0021509,2.1
2004,0,1043.0,6.0,0.0,9.0,1.0,35.0,0.0,0.0,0.0,00-0022803,49.22
2005,0,3762.0,24.0,1.0,17.0,2.0,80.0,1.0,0.0,0.0,00-0022803,224.48
2006,0,3244.0,24.0,0.0,18.0,2.0,21.0,0.0,0.0,0.0,00-0022803,187.85999999999999
2007,0,3336.0,23.0,1.0,20.0,7.0,69.0,0.0,0.0,0.0,00-0022803,184.34
2008,0,3238.0,21.0,1.0,10.0,2.0,10.0,1.0,0.0,0.0,00-0022803,198.52
2009,0,4021.0,27.0,0.0,14.0,8.0,65.0,0.0,0.0,0.0,00-0022803,231.34000000000003
2010,0,4002.0,31.0,0.0,25.0,5.0,70.0,0.0,0.0,0.0,00-0022803,231.08000000000004
2011,0,4933.0,29.0,1.0,16.0,4.0,15.0,0.0,0.0,0.0,00-0022803,280.82
2012,0,3948.0,26.0,0.0,15.0,1.0,30.0,0.0,0.0,0.0,00-0022803,232.92000000000002
2013,0,3818.0,18.0,0.0,27.0,2.0,36.0,0.0,0.0,0.0,00-0022803,170.32
2014,0,4410.0,30.0,1.0,14.0,4.0,31.0,0.0,0.0,0.0,00-0022803,269.5
2015,0,4432.0,35.0,0.0,14.0,4.0,61.0,0.0,0.0,0.0,00-0022803,287.38
2016,0,4027.0,26.0,0.0,16.0,4.0,-9.0,0.0,0.0,0.0,00-0022803,224.18000000000004
2017,0,3468.0,19.0,1.0,13.0,5.0,26.0,0.0,0.0,0.0,00-0022803,187.32
2018,0,4299.0,21.0,1.0,11.0,4.0,20.0,3.0,0.0,0.0,00-0022803,239.96
2019,0,1042.0,6.0,0.0,5.0,1.0,7.0,0.0,0.0,0.0,00-0022803,54.38000000000001
2003,1,0.0,0.0,0.0,0.0,0.0,0.0,0.0,17.0,0.0,00-0022102,2.7
2004,33,0.0,0.0,0.0,0.0,2.0,7.0,0.0,551.0,2.0,00-0022102,96.80000000000001
2005,37,0.0,0.0,0.0,0.0,0.0,5.0,0.0,554.0,3.0,00-0022102,110.9
2006,30,0.0,0.0,0.0,0.0,1.0,0.0,0.0,428.0,3.0,00-0022102,88.80000000000001
2004,17,0.0,0.0,7.0,0.0,3.0,819.0,0.0,109.0,0.0,00-0022840,145.8
2005,35,0.0,0.0,5.0,0.0,2.0,993.0,0.0,218.0,0.0,00-0022840,182.10000000000002
2006,9,0.0,0.0,4.0,0.0,1.0,1084.0,0.0,142.0,0.0,00-0022840,153.6
2007,23,0.0,0.0,2.0,0.0,0.0,584.0,0.0,203.0,0.0,00-0022840,113.7
2008,14,0.0,0.0,2.0,0.0,2.0,698.0,0.0,66.0,0.0,00-0022840,98.39999999999999
2009,35,0.0,0.0,2.0,0.0,0.0,663.0,0.0,232.0,2.0,00-0022840,148.5
2010,17,0.0,0.0,0.0,0.0,1.0,223.0,0.0,59.0,0.0,00-0022840,43.199999999999996
2004,0,608.0,4.0,0.0,7.0,0.0,25.0,1.0,0.0,0.0,00-0022864,30.82
2007,0,1009.0,5.0,0.0,3.0,2.0,117.0,0.0,0.0,0.0,00-0022864,62.06
2008,0,0.0,0.0,0.0,0.0,0.0,15.0,0.0,0.0,0.0,00-0022864,1.5
2009,0,2.0,0.0,0.0,0.0,0.0,0.0,0.0,0.0,0.0,00-0022864,0.08
2010,0,120.0,0.0,0.0,0.0,0.0,4.0,0.0,0.0,0.0,00-0022864,5.2
2011,0,296.0,0.0,0.0,4.0,1.0,23.0,0.0,0.0,0.0,00-0022864,4.140000000000001
2012,0,0.0,0.0,0.0,0.0,0.0,-3.0,0.0,0.0,0.0,00-0022864,-0.30000000000000004
2013,0,0.0,0.0,0.0,0.0,0.0,-4.0,0.0,0.0,0.0,00-0022864,-0.4
2015,0,335.0,0.0,0.0,1.0,0.0,0.0,0.0,0.0,0.0,00-0022864,11.4
2003,29,0.0,0.0,0.0,0.0,1.0,0.0,0.0,455.0,2.0,00-0021999,84.5
2004,68,0.0,0.0,0.0,0.0,0.0,49.0,1.0,1006.0,9.0,00-0021999,229.5
2005,30,0.0,0.0,0.0,0.0,0.0,-6.0,0.0,328.0,1.0,00-0021999,68.2
2006,18,0.0,0.0,0.0,0.0,0.0,0.0,0.0,192.0,2.0,00-0021999,49.2
2007,50,0.0,0.0,0.0,0.0,2.0,4.0,0.0,694.0,9.0,00-0021999,169.8
2008,5,0.0,0.0,0.0,0.0,0.0,0.0,0.0,60.0,1.0,00-0021999,17.0
2009,63,0.0,0.0,0.0,0.0,2.0,4.0,0.0,812.0,3.0,00-0021999,158.60000000000002
2010,55,0.0,0.0,0.0,0.0,2.0,81.0,0.0,625.0,6.0,00-0021999,157.6
2011,74,0.0,0.0,0.0,0.0,1.0,85.0,0.0,771.0,3.0,00-0021999,175.60000000000002
2012,27,0.0,0.0,0.0,0.0,0.0,48.0,1.0,240.0,2.0,00-0021999,69.8
2013,39,0.0,0.0,0.0,0.0,0.0,-8.0,0.0,461.0,1.0,00-0021999,90.30000000000001
2004,0,2621.0,17.0,1.0,11.0,2.0,144.0,0.0,0.0,0.0,00-0022924,167.24
2005,0,2385.0,17.0,3.0,9.0,1.0,69.0,0.0,0.0,0.0,00-0022924,168.3
2006,0,3528.0,18.0,2.0,23.0,2.0,98.0,0.0,0.0,0.0,00-0022924,184.92000000000002
2007,0,3158.0,32.0,2.0,11.0,3.0,204.0,1.0,0.0,0.0,00-0022924,260.72
2008,0,3314.0,17.0,2.0,15.0,7.0,101.0,0.0,0.0,0.0,00-0022924,178.66
2009,0,4328.0,26.0,2.0,12.0,3.0,79.0,0.0,0.0,0.0,00-0022924,267.02
2010,0,3200.0,17.0,2.0,5.0,3.0,176.0,0.0,0.0,0.0,00-0022924,209.6
2011,0,4077.0,21.0,0.0,14.0,5.0,70.0,0.0,0.0,0.0,00-0022924,216.08
2012,0,3265.0,26.0,0.0,8.0,3.0,92.0,1.0,0.0,0.0,00-0022924,223.79999999999998
2013,0,4261.0,28.0,1.0,14.0,6.0,99.0,0.0,0.0,0.0,00-0022924,258.34000000000003
2014,0,4952.0,32.0,0.0,9.0,5.0,27.0,3.0,0.0,0.0,00-0022924,306.78000000000003
2015,0,3938.0,21.0,0.0,16.0,1.0,29.0,8.0,0.0,0.0,00-0022924,226.42000000000002
2016,0,3819.0,29.0,1.0,13.0,2.0,14.0,3.0,0.0,0.0,00-0022924,252.16
2017,0,4259.0,28.0,0.0,14.0,1.0,47.0,2.0,0.0,0.0,00-0022924,261.06
2018,1,5129.0,34.0,3.0,16.0,2.0,98.0,4.0,-1.0,0.0,00-0022924,341.85999999999996
2019,0,351.0,0.0,0.0,1.0,0.0,7.0,0.0,0.0,0.0,00-0022924,12.74
2020,0,3803.0,33.0,0.0,10.0,1.0,11.0,2.0,0.0,0.0,00-0022924,267.22
2021,0,3496.0,21.0,1.0,9.0,5.0,9.0,2.0,0.0,0.0,00-0022924,206.74
2004,0,467.0,1.0,0.0,3.0,2.0,14.0,0.0,0.0,0.0,00-0022005,14.08
2005,1,2035.0,10.0,0.0,7.0,4.0,31.0,0.0,-3.0,0.0,00-0022005,103.2
2006,0,585.0,1.0,1.0,7.0,0.0,7.0,0.0,0.0,0.0,00-0022005,20.1
2008,0,7.0,0.0,0.0,0.0,0.0,0.0,0.0,0.0,0.0,00-0022005,0.28
2009,0,23.0,0.0,0.0,1.0,1.0,-4.0,0.0,0.0,0.0,00-0022005,-3.48
2003,7,0.0,0.0,0.0,0.0,0.0,0.0,0.0,35.0,0.0,00-0021923,10.5
2004,1,0.0,0.0,0.0,0.0,1.0,-4.0,0.0,3.0,0.0,00-0021923,-1.0999999999999999
2005,0,0.0,0.0,0.0,0.0,1.0,4.0,0.0,0.0,0.0,00-0021923,-1.6
2006,0,0.0,0.0,0.0,0.0,0.0,0.0,0.0,0.0,0.0,00-0021923,0.0
2004,1,0.0,0.0,1.0,0.0,2.0,19.0,0.0,2.0,0.0,00-0022449,5.1000000000000005
2004,3,0.0,0.0,0.0,0.0,1.0,134.0,0.0,12.0,0.0,00-0021343,15.600000000000001
2004,0,0.0,0.0,0.0,0.0,1.0,0.0,0.0,0.0,0.0,00-0022427,-2.0
2005,29,0.0,0.0,0.0,0.0,1.0,5.0,0.0,434.0,0.0,00-0022427,70.9
2006,67,0.0,0.0,0.0,0.0,1.0,0.0,0.0,687.0,1.0,00-0022427,139.7
2007,112,0.0,0.0,0.0,0.0,0.0,34.0,0.0,1175.0,8.0,00-0022427,280.9
2008,112,0.0,0.0,0.0,0.0,1.0,26.0,1.0,1165.0,3.0,00-0022427,249.1
2009,123,0.0,0.0,0.0,0.0,0.0,36.0,0.0,1348.0,4.0,00-0022427,285.4
2010,86,0.0,0.0,0.0,0.0,0.0,0.0,0.0,848.0,7.0,00-0022427,212.8
2011,122,0.0,0.0,0.0,0.0,0.0,30.0,0.0,1569.0,9.0,00-0022427,335.9
2012,118,0.0,0.0,0.0,0.0,1.0,20.0,0.0,1354.0,6.0,00-0022427,289.4
2013,73,0.0,0.0,0.0,0.0,1.0,0.0,0.0,778.0,10.0,00-0022427,208.8
2014,49,0.0,0.0,0.0,0.0,0.0,0.0,0.0,464.0,2.0,00-0022427,107.4
2015,13,0.0,0.0,0.0,0.0,0.0,0.0,0.0,102.0,0.0,00-0022427,23.200000000000003
2004,1,0.0,0.0,0.0,0.0,0.0,0.0,0.0,1.0,0.0,00-0020073,1.1
2004,0,329.0,1.0,0.0,4.0,0.0,26.0,0.0,0.0,0.0,00-0022787,11.76
2005,0,495.0,4.0,0.0,0.0,1.0,76.0,3.0,0.0,0.0,00-0022787,47.4
2006,0,208.0,1.0,0.0,2.0,0.0,21.0,0.0,0.0,0.0,00-0022787,10.42
2007,0,2241.0,9.0,0.0,9.0,3.0,52.0,0.0,0.0,0.0,00-0022787,106.84
2008,0,3043.0,15.0,2.0,10.0,4.0,68.0,1.0,0.0,0.0,00-0022787,174.52
2009,0,4770.0,29.0,0.0,15.0,2.0,61.0,1.0,0.0,0.0,00-0022787,280.90000000000003
2010,0,4370.0,24.0,0.0,12.0,3.0,28.0,1.0,0.0,0.0,00-0022787,245.60000000000002
2011,0,2479.0,15.0,2.0,6.0,1.0,9.0,0.0,0.0,0.0,00-0022787,158.06
2012,1,4008.0,22.0,0.0,12.0,0.0,-9.0,0.0,-6.0,0.0,00-0022787,223.82
2013,0,2310.0,10.0,0.0,14.0,1.0,24.0,0.0,0.0,0.0,00-0022787,104.80000000000001
2014,0,57.0,0.0,0.0,2.0,1.0,0.0,0.0,0.0,0.0,00-0022787,-3.7199999999999998
2015,0,540.0,3.0,0.0,4.0,0.0,10.0,0.0,0.0,0.0,00-0022787,26.6
2016,0,16.0,0.0,0.0,0.0,0.0,-2.0,0.0,0.0,0.0,00-0022787,0.44
2018,1,20.0,0.0,0.0,0.0,0.0,0.0,0.0,-7.0,0.0,00-0022787,1.1
2019,0,580.0,3.0,0.0,1.0,1.0,-3.0,1.0,0.0,0.0,00-0022787,32.900000000000006
2020,0,0.0,0.0,0.0,0.0,0.0,-4.0,0.0,0.0,0.0,00-0022787,-0.4
2003,2,0.0,0.0,0.0,0.0,0.0,0.0,0.0,10.0,0.0,00-0021212,3.0
2004,1,0.0,0.0,0.0,0.0,0.0,15.0,0.0,21.0,0.0,00-0021212,4.6
2006,2,0.0,0.0,0.0,0.0,0.0,0.0,0.0,14.0,0.0,00-0021212,3.4000000000000004
2004,0,0.0,0.0,0.0,0.0,0.0,0.0,0.0,0.0,0.0,00-0022713,0.0
2005,0,0.0,0.0,0.0,0.0,1.0,0.0,0.0,0.0,0.0,00-0022713,-2.0
2006,0,0.0,0.0,0.0,0.0,1.0,0.0,0.0,0.0,0.0,00-0022713,-2.0
2004,80,0.0,0.0,0.0,0.0,0.0,30.0,0.0,1193.0,7.0,00-0022725,244.3
2005,32,0.0,0.0,0.0,0.0,0.0,2.0,0.0,372.0,0.0,00-0022725,69.4
2006,33,0.0,0.0,0.0,0.0,0.0,41.0,0.0,356.0,1.0,00-0022725,78.7
2007,22,0.0,0.0,0.0,0.0,0.0,22.0,0.0,301.0,0.0,00-0022725,54.3
2008,38,0.0,0.0,0.0,0.0,1.0,5.0,0.0,484.0,1.0,00-0022725,90.9
2009,16,0.0,0.0,0.0,0.0,0.0,0.0,1.0,230.0,1.0,00-0022725,47.0
2010,2,0.0,0.0,0.0,0.0,0.0,0.0,0.0,19.0,0.0,00-0022725,3.9000000000000004
2011,0,0.0,0.0,0.0,0.0,0.0,0.0,0.0,0.0,0.0,00-0022725,0.0
2004,31,0.0,0.0,0.0,0.0,0.0,33.0,0.0,385.0,1.0,00-0022751,78.8
2005,2,0.0,0.0,0.0,0.0,0.0,0.0,0.0,22.0,0.0,00-0022751,4.2
2004,22,0.0,0.0,0.0,0.0,1.0,36.0,0.0,246.0,1.0,00-0019997,54.2
2005,49,0.0,0.0,0.0,0.0,0.0,34.0,0.0,549.0,4.0,00-0019997,131.3
2006,3,0.0,0.0,0.0,0.0,0.0,0.0,0.0,22.0,0.0,00-0019997,5.2
2007,19,0.0,0.0,0.0,0.0,0.0,5.0,0.0,149.0,1.0,00-0019997,40.4
2008,21,0.0,0.0,0.0,0.0,1.0,4.0,0.0,194.0,0.0,00-0019997,38.8
2004,0,314.0,4.0,0.0,0.0,0.0,7.0,0.0,0.0,0.0,00-0021277,29.26
2007,0,88.0,1.0,0.0,0.0,1.0,6.0,0.0,0.0,0.0,00-0021277,6.119999999999999
2003,6,0.0,0.0,0.0,0.0,0.0,0.0,0.0,95.0,0.0,00-0021508,15.5
2004,17,0.0,0.0,0.0,0.0,0.0,16.0,0.0,183.0,0.0,00-0021508,36.900000000000006
2005,48,0.0,0.0,0.0,0.0,0.0,13.0,0.0,561.0,1.0,00-0021508,111.4
2006,24,0.0,0.0,0.0,0.0,1.0,0.0,0.0,348.0,2.0,00-0021508,68.80000000000001
2007,13,0.0,0.0,0.0,0.0,1.0,0.0,0.0,265.0,3.0,00-0021508,55.5
2008,19,0.0,0.0,0.0,0.0,0.0,0.0,0.0,247.0,1.0,00-0021508,49.7
2009,8,0.0,0.0,0.0,0.0,0.0,0.0,0.0,96.0,1.0,00-0021508,23.6
2010,17,0.0,0.0,0.0,0.0,0.0,0.0,0.0,197.0,0.0,00-0021508,36.7
2004,11,0.0,0.0,1.0,0.0,0.0,6.0,0.0,71.0,0.0,00-0019134,24.700000000000003
2004,0,0.0,0.0,0.0,0.0,0.0,1.0,0.0,0.0,0.0,00-0021500,0.1
2007,0,0.0,0.0,0.0,0.0,0.0,0.0,0.0,0.0,0.0,00-0021500,0.0
2008,0,0.0,0.0,0.0,0.0,0.0,0.0,0.0,0.0,0.0,00-0021500,0.0
2004,0,0.0,0.0,0.0,0.0,0.0,0.0,0.0,0.0,0.0,00-0019807,0.0
2004,6,0.0,0.0,0.0,0.0,0.0,7.0,0.0,42.0,0.0,00-0022796,10.9
2005,10,0.0,0.0,0.0,0.0,0.0,12.0,0.0,61.0,0.0,00-0022796,17.3
2006,15,0.0,0.0,1.0,0.0,0.0,33.0,0.0,96.0,2.0,00-0022796,45.9
2007,13,0.0,0.0,2.0,0.0,0.0,17.0,0.0,78.0,0.0,00-0022796,34.5
2008,9,0.0,0.0,2.0,0.0,0.0,10.0,0.0,18.0,0.0,00-0022796,23.8
2009,6,0.0,0.0,0.0,0.0,0.0,8.0,0.0,16.0,0.0,00-0022796,8.4
2010,5,0.0,0.0,0.0,0.0,0.0,12.0,0.0,14.0,0.0,00-0022796,7.6000000000000005
2004,3,0.0,0.0,0.0,0.0,0.0,1.0,0.0,33.0,0.0,00-0022926,6.4
2005,51,0.0,0.0,0.0,0.0,1.0,279.0,0.0,328.0,2.0,00-0022926,121.70000000000002
2006,9,0.0,0.0,0.0,0.0,1.0,57.0,0.0,42.0,0.0,00-0022926,16.9
2008,21,0.0,0.0,2.0,0.0,3.0,264.0,0.0,76.0,0.0,00-0022926,61.00000000000001
2003,4,0.0,0.0,0.0,0.0,0.0,0.0,0.0,13.0,0.0,00-0022001,5.3
2004,32,0.0,0.0,0.0,0.0,1.0,24.0,1.0,421.0,2.0,00-0022001,88.5
2005,61,0.0,0.0,1.0,0.0,1.0,5.0,0.0,822.0,6.0,00-0022001,183.7
2006,39,0.0,0.0,0.0,0.0,1.0,4.0,0.0,469.0,4.0,00-0022001,108.30000000000001
2007,77,0.0,0.0,0.0,0.0,0.0,0.0,0.0,1110.0,6.0,00-0022001,224.0
2008,33,0.0,0.0,0.0,0.0,0.0,0.0,0.0,390.0,2.0,00-0022001,84.0
2009,6,0.0,0.0,0.0,0.0,0.0,0.0,0.0,77.0,0.0,00-0022001,13.7
2010,1,0.0,0.0,0.0,0.0,0.0,6.0,0.0,6.0,0.0,00-0022001,2.2
2004,0,718.0,3.0,0.0,6.0,6.0,41.0,1.0,0.0,0.0,00-0022818,22.82
2004,0,0.0,0.0,0.0,0.0,1.0,0.0,0.0,0.0,0.0,00-0022861,-2.0
2004,0,0.0,0.0,0.0,0.0,0.0,53.0,0.0,0.0,0.0,00-0022363,5.300000000000001
2004,2,0.0,0.0,0.0,0.0,1.0,76.0,0.0,16.0,0.0,00-0022384,9.200000000000001
2004,7,0.0,0.0,0.0,0.0,0.0,2.0,0.0,119.0,0.0,00-0022781,19.1
2005,36,0.0,0.0,0.0,0.0,1.0,0.0,0.0,508.0,3.0,00-0022781,102.80000000000001
2006,39,0.0,0.0,0.0,0.0,0.0,2.0,0.0,436.0,7.0,00-0022781,124.80000000000001
2007,53,0.0,0.0,0.0,0.0,0.0,0.0,0.0,532.0,4.0,00-0022781,130.2
2008,50,0.0,0.0,0.0,0.0,0.0,0.0,1.0,777.0,3.0,00-0022781,147.7
2009,50,0.0,0.0,0.0,0.0,0.0,0.0,0.0,635.0,1.0,00-0022781,119.5
2010,41,0.0,0.0,0.0,0.0,0.0,0.0,0.0,505.0,2.0,00-0022781,103.5
2011,38,0.0,0.0,0.0,0.0,2.0,0.0,0.0,466.0,3.0,00-0022781,98.6
2012,40,0.0,0.0,0.0,0.0,0.0,0.0,0.0,449.0,2.0,00-0022781,96.9
1999,1,0.0,0.0,0.0,0.0,0.0,0.0,0.0,1.0,1.0,00-0000849,7.1
2001,1,0.0,0.0,0.0,0.0,0.0,0.0,0.0,4.0,1.0,00-0000849,7.4
2002,1,0.0,0.0,0.0,0.0,0.0,0.0,0.0,8.0,0.0,00-0000849,1.8
2004,5,0.0,0.0,0.0,0.0,0.0,0.0,0.0,45.0,1.0,00-0000849,15.5
2005,2,0.0,0.0,0.0,0.0,0.0,0.0,0.0,6.0,2.0,00-0000849,14.6
2006,0,0.0,0.0,0.0,0.0,0.0,0.0,0.0,0.0,0.0,00-0000849,0.0
2004,0,0.0,0.0,0.0,0.0,0.0,0.0,0.0,0.0,0.0,00-0022871,0.0
2004,1,0.0,0.0,0.0,0.0,0.0,13.0,0.0,14.0,0.0,00-0019919,3.7
2005,13,0.0,0.0,0.0,0.0,0.0,0.0,0.0,164.0,0.0,00-0019919,29.400000000000002
2006,28,0.0,0.0,0.0,0.0,2.0,0.0,0.0,293.0,0.0,00-0019919,53.3
2004,0,0.0,0.0,0.0,0.0,1.0,0.0,0.0,0.0,0.0,00-0019790,-2.0
2004,0,0.0,0.0,0.0,0.0,1.0,50.0,0.0,0.0,0.0,00-0022872,3.0
2006,0,0.0,0.0,0.0,0.0,0.0,9.0,0.0,0.0,0.0,00-0022872,0.9
2004,0,0.0,0.0,0.0,0.0,0.0,73.0,0.0,0.0,0.0,00-0021755,7.300000000000001
2005,0,0.0,0.0,0.0,0.0,1.0,83.0,0.0,0.0,0.0,00-0021755,6.300000000000001
2006,1,0.0,0.0,0.0,0.0,0.0,59.0,0.0,4.0,0.0,00-0021755,7.300000000000001
2007,49,0.0,0.0,10.0,0.0,1.0,898.0,0.0,324.0,0.0,00-0021755,229.20000000000002
2008,23,3.0,1.0,4.0,0.0,2.0,563.0,0.0,174.0,0.0,00-0021755,120.82000000000001
2009,14,0.0,0.0,0.0,0.0,0.0,66.0,0.0,109.0,0.0,00-0021755,31.5
2010,16,2.0,1.0,1.0,0.0,1.0,99.0,0.0,130.0,1.0,00-0021755,52.980000000000004
2011,26,0.0,0.0,0.0,0.0,0.0,206.0,0.0,163.0,0.0,00-0021755,62.900000000000006
2004,0,0.0,0.0,0.0,0.0,1.0,0.0,0.0,0.0,0.0,00-0022610,-2.0
2004,0,4.0,1.0,0.0,0.0,0.0,0.0,0.0,0.0,0.0,00-0016919,4.16
2004,4,0.0,0.0,0.0,0.0,1.0,104.0,0.0,8.0,0.0,00-0022821,13.200000000000001
2005,0,0.0,0.0,3.0,0.0,0.0,335.0,0.0,0.0,0.0,00-0022821,51.5
2006,3,0.0,0.0,2.0,0.0,0.0,502.0,0.0,47.0,0.0,00-0022821,69.9
2007,4,0.0,0.0,1.0,0.0,1.0,316.0,0.0,16.0,0.0,00-0022821,41.2
2008,6,0.0,0.0,17.0,0.0,2.0,1699.0,0.0,41.0,0.0,00-0022821,278.0
2009,5,0.0,0.0,10.0,0.0,2.0,871.0,0.0,35.0,0.0,00-0022821,151.60000000000002
2010,12,0.0,0.0,12.0,0.0,2.0,1371.0,0.0,85.0,0.0,00-0022821,225.6
2011,17,0.0,0.0,11.0,0.0,2.0,1340.0,0.0,168.0,0.0,00-0022821,229.8
2012,19,0.0,0.0,10.0,0.0,1.0,800.0,0.0,128.0,1.0,00-0022821,175.8
2004,0,33.0,1.0,0.0,0.0,0.0,-5.0,0.0,0.0,0.0,00-0022942,4.82
2005,0,115.0,0.0,0.0,1.0,0.0,-1.0,0.0,0.0,0.0,00-0022942,2.5000000000000004
2006,0,3387.0,22.0,0.0,9.0,2.0,53.0,1.0,0.0,0.0,00-0022942,208.78
2007,0,3152.0,21.0,1.0,15.0,6.0,33.0,0.0,0.0,0.0,00-0022942,177.38
2008,0,4004.0,34.0,0.0,11.0,4.0,84.0,2.0,0.0,0.0,00-0022942,278.55999999999995
2009,0,4254.0,28.0,1.0,9.0,3.0,50.0,0.0,0.0,0.0,00-0022942,269.15999999999997
2010,0,4710.0,30.0,0.0,13.0,4.0,52.0,1.0,0.0,0.0,00-0022942,281.59999999999997
2011,0,4624.0,27.0,1.0,20.0,5.0,36.0,1.0,0.0,0.0,00-0022942,254.56000000000003
2012,0,3606.0,26.0,0.0,15.0,7.0,40.0,0.0,0.0,0.0,00-0022942,208.24
2013,0,4478.0,32.0,0.0,11.0,2.0,72.0,0.0,0.0,0.0,00-0022942,288.32
2014,0,4286.0,31.0,0.0,18.0,2.0,102.0,0.0,0.0,0.0,00-0022942,265.64
2015,0,4792.0,29.0,0.0,13.0,2.0,28.0,2.0,0.0,0.0,00-0022942,284.48
2016,0,4386.0,33.0,0.0,21.0,5.0,35.0,0.0,0.0,0.0,00-0022942,258.94
2017,0,4515.0,28.0,0.0,10.0,1.0,-2.0,0.0,0.0,0.0,00-0022942,270.40000000000003
2018,0,4308.0,32.0,0.0,12.0,1.0,7.0,5.0,0.0,0.0,00-0022942,285.02
2019,0,4615.0,23.0,0.0,20.0,3.0,29.0,1.0,0.0,0.0,00-0022942,235.50000000000003
2020,0,4169.0,24.0,0.0,11.0,1.0,-8.0,1.0,0.0,0.0,00-0022942,239.95999999999998
2004,0,0.0,0.0,0.0,0.0,0.0,-6.0,0.0,0.0,0.0,00-0022527,-0.6000000000000001
2004,0,0.0,0.0,0.0,0.0,0.0,0.0,0.0,0.0,0.0,00-0022008,0.0
2005,0,0.0,0.0,0.0,0.0,0.0,0.0,0.0,0.0,0.0,00-0022008,0.0
2006,0,0.0,0.0,0.0,0.0,1.0,0.0,0.0,0.0,0.0,00-0022008,-2.0
2004,3,0.0,0.0,0.0,0.0,0.0,186.0,0.0,16.0,0.0,00-0022250,23.200000000000003
2005,18,0.0,0.0,4.0,0.0,0.0,1202.0,0.0,218.0,1.0,00-0022250,190.0
2006,31,0.0,0.0,13.0,0.0,5.0,1494.0,0.0,222.0,3.0,00-0022250,288.59999999999997
2007,23,0.0,0.0,2.0,0.0,3.0,1316.0,0.0,164.0,0.0,00-0022250,177.0
2008,4,0.0,0.0,5.0,0.0,0.0,789.0,0.0,15.0,0.0,00-0022250,114.4
2009,6,0.0,0.0,0.0,0.0,1.0,389.0,0.0,64.0,1.0,00-0022250,55.300000000000004
2004,0,32.0,0.0,0.0,1.0,1.0,15.0,0.0,0.0,0.0,00-0022912,-1.2199999999999998
2005,0,1340.0,8.0,0.0,8.0,3.0,152.0,0.0,0.0,0.0,00-0022912,78.8
2006,0,3050.0,19.0,1.0,14.0,7.0,140.0,0.0,0.0,0.0,00-0022912,176.0
2007,0,1204.0,4.0,0.0,6.0,2.0,110.0,0.0,0.0,0.0,00-0022912,59.16
2008,0,584.0,2.0,2.0,5.0,4.0,70.0,0.0,0.0,0.0,00-0022912,32.36
2009,0,0.0,0.0,0.0,0.0,0.0,0.0,0.0,0.0,0.0,00-0022912,0.0
2011,0,60.0,0.0,0.0,0.0,0.0,1.0,0.0,0.0,0.0,00-0022912,2.5
2004,16,0.0,0.0,2.0,0.0,3.0,362.0,0.0,154.0,0.0,00-0020797,73.60000000000001
2005,12,0.0,0.0,3.0,0.0,0.0,308.0,0.0,47.0,0.0,00-0020797,65.5
2006,13,0.0,0.0,0.0,0.0,2.0,82.0,0.0,137.0,1.0,00-0020797,36.900000000000006
2007,14,0.0,0.0,1.0,0.0,1.0,117.0,0.0,86.0,0.0,00-0020797,38.300000000000004
2008,0,0.0,0.0,0.0,0.0,1.0,0.0,0.0,0.0,0.0,00-0020797,-2.0
2004,0,0.0,0.0,0.0,0.0,2.0,0.0,0.0,0.0,0.0,00-0022605,-4.0
2004,0,0.0,0.0,0.0,0.0,1.0,0.0,0.0,0.0,0.0,00-0022441,-2.0
2004,0,0.0,0.0,0.0,0.0,0.0,2.0,0.0,0.0,0.0,00-0021434,0.2
2004,0,0.0,0.0,0.0,0.0,0.0,0.0,0.0,0.0,0.0,00-0022882,0.0
2005,0,0.0,0.0,0.0,0.0,0.0,0.0,0.0,0.0,0.0,00-0022882,0.0
2008,2,0.0,0.0,0.0,0.0,0.0,0.0,0.0,32.0,0.0,00-0022882,5.2
2009,1,0.0,0.0,0.0,0.0,0.0,0.0,0.0,9.0,0.0,00-0022882,1.9
2002,6,0.0,0.0,0.0,0.0,0.0,0.0,0.0,123.0,0.0,00-0020984,18.3
2004,26,0.0,0.0,0.0,0.0,0.0,0.0,0.0,323.0,2.0,00-0020984,70.30000000000001
2005,11,0.0,0.0,0.0,0.0,0.0,0.0,0.0,132.0,2.0,00-0020984,36.2
2004,0,78.0,1.0,0.0,1.0,1.0,7.0,0.0,0.0,0.0,00-0022181,3.8200000000000003
2008,0,20.0,0.0,0.0,0.0,0.0,0.0,0.0,0.0,0.0,00-0022181,0.8
2004,0,0.0,0.0,0.0,0.0,0.0,42.0,0.0,0.0,0.0,00-0020046,4.2
2005,1,0.0,0.0,0.0,0.0,0.0,0.0,0.0,19.0,0.0,00-0020046,2.9000000000000004
2004,0,175.0,2.0,0.0,0.0,0.0,-5.0,0.0,0.0,0.0,00-0022744,14.5
2005,0,444.0,3.0,0.0,1.0,1.0,1.0,0.0,0.0,0.0,00-0022744,25.860000000000003
2007,0,132.0,1.0,0.0,0.0,0.0,-4.0,0.0,0.0,0.0,00-0022744,8.88
2008,0,178.0,0.0,0.0,0.0,0.0,8.0,0.0,0.0,0.0,00-0022744,7.92
2004,0,0.0,0.0,0.0,0.0,1.0,0.0,0.0,0.0,0.0,00-0019697,-2.0
2004,19,0.0,0.0,0.0,0.0,0.0,40.0,0.0,164.0,2.0,00-0022825,51.400000000000006
2005,10,0.0,0.0,0.0,0.0,0.0,0.0,0.0,69.0,1.0,00-0022825,22.9
2004,48,0.0,0.0,0.0,0.0,1.0,85.0,0.0,843.0,9.0,00-0022910,192.8
2005,49,0.0,0.0,0.0,0.0,0.0,38.0,0.0,743.0,7.0,00-0022910,169.1
2006,82,0.0,0.0,0.0,0.0,0.0,0.0,0.0,1291.0,8.0,00-0022910,259.1
2007,55,0.0,0.0,0.0,0.0,0.0,0.0,0.0,849.0,5.0,00-0022910,169.9
2008,63,0.0,0.0,0.0,0.0,1.0,22.0,1.0,1017.0,3.0,00-0022910,184.9
2009,44,0.0,0.0,0.0,0.0,0.0,0.0,0.0,612.0,7.0,00-0022910,147.2
2010,37,0.0,0.0,0.0,0.0,1.0,0.0,0.0,578.0,4.0,00-0022910,116.80000000000001
2011,4,0.0,0.0,0.0,0.0,0.0,0.0,0.0,74.0,0.0,00-0022910,11.4
2004,3,0.0,0.0,0.0,0.0,0.0,11.0,0.0,21.0,0.0,00-0022664,6.199999999999999
2005,5,0.0,0.0,0.0,0.0,0.0,1.0,0.0,56.0,1.0,00-0022664,16.7
2004,7,0.0,0.0,0.0,0.0,0.0,-1.0,0.0,84.0,1.0,00-0022388,21.3
2005,1,0.0,0.0,0.0,0.0,0.0,0.0,0.0,5.0,0.0,00-0022388,1.5
2006,23,0.0,0.0,0.0,0.0,2.0,8.0,0.0,385.0,3.0,00-0022388,76.3
2007,15,0.0,0.0,0.0,0.0,0.0,0.0,0.0,126.0,2.0,00-0022388,39.6
2009,4,0.0,0.0,0.0,0.0,0.0,0.0,0.0,68.0,0.0,00-0022388,10.8
2010,18,0.0,0.0,0.0,0.0,0.0,0.0,0.0,157.0,0.0,00-0022388,33.7
2011,8,0.0,0.0,0.0,0.0,0.0,0.0,0.0,114.0,0.0,00-0022388,19.4
2012,8,0.0,0.0,0.0,0.0,0.0,1.0,0.0,79.0,0.0,00-0022388,16.0
2001,28,0.0,0.0,0.0,0.0,0.0,0.0,0.0,329.0,1.0,00-0020397,66.9
2002,69,0.0,0.0,0.0,0.0,0.0,0.0,0.0,1166.0,5.0,00-0020397,215.60000000000002
2003,90,0.0,0.0,0.0,0.0,0.0,0.0,0.0,1355.0,10.0,00-0020397,285.5
2004,95,0.0,0.0,0.0,0.0,0.0,39.0,0.0,1274.0,9.0,00-0020397,280.3
2005,97,0.0,0.0,0.0,0.0,0.0,33.0,0.0,1432.0,9.0,00-0020397,297.5
2006,87,0.0,0.0,0.0,0.0,1.0,24.0,0.0,1370.0,7.0,00-0020397,266.4
2007,93,0.0,0.0,0.0,0.0,1.0,47.0,0.0,1440.0,8.0,00-0020397,287.7
2008,53,0.0,0.0,0.0,0.0,0.0,0.0,0.0,540.0,4.0,00-0020397,131.0
2009,72,0.0,0.0,0.0,0.0,2.0,32.0,0.0,1047.0,9.0,00-0020397,229.9
2010,67,0.0,0.0,0.0,0.0,0.0,0.0,0.0,831.0,4.0,00-0020397,174.10000000000002
2011,15,0.0,0.0,0.0,0.0,0.0,0.0,0.0,276.0,1.0,00-0020397,48.6
2004,0,0.0,0.0,0.0,0.0,1.0,0.0,0.0,0.0,0.0,00-0021890,-2.0
2001,27,0.0,0.0,0.0,0.0,0.0,0.0,0.0,345.0,0.0,00-0020498,61.5
2002,49,0.0,0.0,0.0,0.0,1.0,0.0,0.0,716.0,4.0,00-0020498,142.60000000000002
2003,68,0.0,0.0,0.0,0.0,0.0,0.0,0.0,838.0,7.0,00-0020498,193.8
2004,77,0.0,0.0,0.0,0.0,0.0,-4.0,0.0,1210.0,12.0,00-0020498,269.6
2005,83,0.0,0.0,0.0,0.0,0.0,0.0,0.0,1055.0,5.0,00-0020498,218.5
2006,86,0.0,0.0,0.0,0.0,0.0,0.0,1.0,1310.0,9.0,00-0020498,273.0
2007,104,0.0,0.0,0.0,0.0,3.0,4.0,0.0,1510.0,10.0,00-0020498,309.4
2008,82,0.0,0.0,0.0,0.0,0.0,0.0,1.0,1128.0,6.0,00-0020498,232.8
2009,100,0.0,0.0,0.0,1.0,0.0,0.0,0.0,1264.0,10.0,00-0020498,284.4
2010,111,0.0,0.0,0.0,0.0,1.0,0.0,0.0,1355.0,6.0,00-0020498,280.5
2011,75,0.0,0.0,0.0,0.0,0.0,0.0,0.0,960.0,4.0,00-0020498,195.0
2012,106,0.0,0.0,0.0,0.0,1.0,-5.0,0.0,1355.0,5.0,00-0020498,269.0
2013,38,0.0,0.0,0.0,0.0,0.0,5.0,1.0,503.0,2.0,00-0020498,102.80000000000001
2014,64,0.0,0.0,0.0,0.0,1.0,0.0,0.0,779.0,2.0,00-0020498,151.9
2004,0,60.0,0.0,0.0,0.0,0.0,2.0,0.0,0.0,0.0,00-0022026,2.6
2005,0,1558.0,7.0,0.0,6.0,1.0,138.0,0.0,0.0,0.0,00-0022026,90.11999999999999
2006,0,146.0,0.0,0.0,1.0,0.0,0.0,0.0,0.0,0.0,00-0022026,3.84
2007,0,391.0,1.0,0.0,1.0,1.0,18.0,1.0,0.0,0.0,00-0022026,19.44
2008,0,71.0,1.0,0.0,1.0,0.0,0.0,0.0,0.0,0.0,00-0022026,4.84
2004,6,0.0,0.0,0.0,0.0,0.0,-8.0,0.0,146.0,0.0,00-0022679,19.8
2004,0,0.0,0.0,0.0,0.0,0.0,0.0,0.0,0.0,0.0,00-0022809,0.0
2004,0,168.0,1.0,0.0,4.0,0.0,0.0,0.0,0.0,0.0,00-0022827,2.719999999999999
2005,0,174.0,1.0,0.0,1.0,0.0,0.0,0.0,0.0,0.0,00-0022827,8.96
2004,2,0.0,0.0,0.0,0.0,0.0,26.0,0.0,10.0,0.0,00-0021810,5.6
2004,1,0.0,0.0,0.0,0.0,0.0,9.0,0.0,8.0,0.0,00-0022224,2.7
2004,12,0.0,0.0,0.0,1.0,0.0,0.0,0.0,162.0,1.0,00-0022766,32.2
2005,22,0.0,0.0,0.0,0.0,0.0,0.0,0.0,341.0,2.0,00-0022766,68.1
2006,36,0.0,0.0,0.0,0.0,0.0,0.0,0.0,516.0,4.0,00-0022766,111.6
2007,50,0.0,0.0,0.0,0.0,1.0,0.0,0.0,697.0,7.0,00-0022766,159.7
2008,39,0.0,0.0,0.0,0.0,0.0,11.0,0.0,550.0,4.0,00-0022766,119.1
2009,37,0.0,0.0,0.0,0.0,1.0,28.0,0.0,622.0,5.0,00-0022766,130.0
2010,28,0.0,0.0,0.0,0.0,0.0,0.0,0.0,514.0,1.0,00-0022766,85.4
2011,23,0.0,0.0,0.0,0.0,0.0,0.0,0.0,248.0,1.0,00-0022766,53.8
2004,0,0.0,0.0,0.0,0.0,0.0,0.0,0.0,0.0,0.0,00-0022763,0.0
2005,0,0.0,0.0,0.0,0.0,1.0,0.0,0.0,0.0,0.0,00-0022763,-2.0
2006,0,0.0,0.0,0.0,0.0,1.0,0.0,0.0,0.0,0.0,00-0022763,-2.0
2003,7,0.0,0.0,0.0,0.0,0.0,0.0,0.0,40.0,0.0,00-0020508,11.0
2004,4,0.0,0.0,0.0,0.0,0.0,0.0,0.0,13.0,0.0,00-0020508,5.3
2005,1,0.0,0.0,0.0,0.0,0.0,0.0,0.0,4.0,1.0,00-0020508,7.4
2006,5,0.0,0.0,0.0,0.0,0.0,8.0,0.0,36.0,2.0,00-0020508,21.400000000000002
2007,6,0.0,0.0,0.0,0.0,0.0,17.0,0.0,38.0,0.0,00-0020508,11.5
2008,4,0.0,0.0,0.0,0.0,0.0,1.0,0.0,16.0,0.0,00-0020508,5.699999999999999
2009,7,0.0,0.0,1.0,0.0,0.0,41.0,0.0,31.0,0.0,00-0020508,20.200000000000003
2010,4,0.0,0.0,0.0,0.0,0.0,0.0,0.0,20.0,0.0,00-0020508,6.0
2004,0,0.0,0.0,0.0,0.0,0.0,4.0,0.0,0.0,0.0,00-0020199,0.4
2004,0,0.0,0.0,0.0,0.0,0.0,0.0,0.0,0.0,0.0,00-0022344,0.0
2004,3,0.0,0.0,0.0,0.0,1.0,25.0,0.0,25.0,0.0,00-0022883,6.0
2007,2,0.0,0.0,0.0,0.0,1.0,85.0,0.0,11.0,0.0,00-0022883,9.6
2004,0,0.0,0.0,1.0,0.0,0.0,11.0,0.0,0.0,0.0,00-0022589,7.1
2004,0,0.0,0.0,0.0,0.0,0.0,0.0,0.0,0.0,0.0,00-0022928,0.0
2006,0,0.0,0.0,0.0,0.0,0.0,0.0,0.0,0.0,0.0,00-0022928,0.0
2008,0,0.0,0.0,0.0,0.0,2.0,0.0,0.0,0.0,0.0,00-0022928,-4.0
2004,3,0.0,0.0,2.0,0.0,0.0,167.0,0.0,19.0,0.0,00-0022538,33.6
2005,17,0.0,0.0,0.0,0.0,0.0,161.0,0.0,116.0,0.0,00-0022538,44.7
2006,0,0.0,0.0,0.0,0.0,0.0,2.0,0.0,0.0,0.0,00-0022538,0.2
2002,25,0.0,0.0,0.0,0.0,0.0,0.0,0.0,362.0,1.0,00-0021094,67.2
2003,4,0.0,0.0,0.0,0.0,0.0,0.0,0.0,53.0,0.0,00-0021094,9.3
2004,2,0.0,0.0,0.0,0.0,1.0,0.0,0.0,38.0,0.0,00-0021094,3.8000000000000003
2005,7,0.0,0.0,0.0,0.0,0.0,0.0,0.0,125.0,0.0,00-0021094,19.5
2004,0,0.0,0.0,0.0,0.0,1.0,0.0,0.0,0.0,0.0,00-0022770,-2.0
2005,2,0.0,0.0,0.0,0.0,0.0,123.0,0.0,13.0,0.0,00-0022770,15.600000000000001
2006,0,0.0,0.0,0.0,0.0,0.0,0.0,0.0,0.0,0.0,00-0022770,0.0
2007,26,0.0,0.0,3.0,0.0,1.0,602.0,0.0,179.0,1.0,00-0022770,126.10000000000001
2008,41,0.0,0.0,2.0,0.0,0.0,1025.0,0.0,384.0,0.0,00-0022770,193.9
2009,20,0.0,0.0,1.0,0.0,0.0,414.0,0.0,150.0,2.0,00-0022770,94.4
2010,7,0.0,0.0,4.0,0.0,0.0,317.0,0.0,61.0,0.0,00-0022770,68.8
2011,0,0.0,0.0,2.0,0.0,0.0,154.0,0.0,0.0,0.0,00-0022770,27.4
2004,0,0.0,0.0,0.0,0.0,0.0,0.0,0.0,0.0,0.0,00-0022914,0.0
2006,0,0.0,0.0,0.0,0.0,1.0,0.0,0.0,0.0,0.0,00-0022914,-2.0
2009,0,0.0,0.0,0.0,0.0,1.0,0.0,0.0,0.0,0.0,00-0022914,-2.0
2004,0,0.0,0.0,0.0,0.0,0.0,10.0,0.0,0.0,0.0,00-0022288,1.0
2005,3,0.0,0.0,1.0,0.0,0.0,27.0,0.0,15.0,0.0,00-0022288,13.2
2006,6,0.0,0.0,0.0,0.0,1.0,189.0,0.0,82.0,0.0,00-0022288,31.1
2007,24,0.0,0.0,1.0,0.0,1.0,277.0,0.0,232.0,0.0,00-0022288,78.9
2008,22,0.0,0.0,0.0,0.0,0.0,85.0,0.0,156.0,1.0,00-0022288,52.1
2009,9,0.0,0.0,0.0,0.0,0.0,17.0,0.0,53.0,2.0,00-0022288,28.0
2010,8,0.0,0.0,0.0,0.0,1.0,28.0,0.0,42.0,0.0,00-0022288,13.0
2004,6,0.0,0.0,0.0,0.0,1.0,0.0,0.0,52.0,0.0,00-0022674,9.2
2002,3,0.0,0.0,0.0,0.0,0.0,0.0,0.0,23.0,1.0,00-0021087,11.3
2003,3,0.0,0.0,0.0,0.0,0.0,0.0,0.0,19.0,0.0,00-0021087,4.9
2004,0,0.0,0.0,0.0,0.0,0.0,1.0,0.0,0.0,0.0,00-0021087,0.1
2004,0,0.0,0.0,0.0,1.0,0.0,0.0,0.0,0.0,0.0,00-0019490,-2.0
2004,0,0.0,0.0,0.0,0.0,1.0,0.0,0.0,0.0,0.0,00-0021994,-2.0
2005,0,0.0,0.0,0.0,0.0,1.0,0.0,0.0,0.0,0.0,00-0021994,-2.0
2013,0,0.0,0.0,0.0,0.0,1.0,0.0,0.0,0.0,0.0,00-0021994,-2.0
2004,0,55.0,0.0,0.0,2.0,0.0,5.0,0.0,0.0,0.0,00-0022731,-1.2999999999999998
2005,0,140.0,0.0,0.0,2.0,0.0,42.0,0.0,0.0,0.0,00-0022731,5.800000000000001
2004,2,0.0,0.0,0.0,0.0,0.0,54.0,0.0,15.0,0.0,00-0020793,8.9
2004,0,0.0,0.0,0.0,0.0,1.0,0.0,0.0,0.0,0.0,00-0021503,-2.0
2005,0,0.0,0.0,0.0,0.0,1.0,0.0,0.0,0.0,0.0,00-0021503,-2.0
2001,3,0.0,0.0,0.0,0.0,0.0,0.0,0.0,11.0,2.0,00-0020187,16.1
2002,2,0.0,0.0,0.0,0.0,0.0,0.0,1.0,25.0,1.0,00-0020187,12.5
2003,17,0.0,0.0,0.0,0.0,0.0,0.0,0.0,155.0,0.0,00-0020187,32.5
2004,5,0.0,0.0,0.0,0.0,0.0,0.0,0.0,36.0,1.0,00-0020187,14.6
2005,24,0.0,0.0,0.0,0.0,0.0,0.0,0.0,168.0,0.0,00-0020187,40.8
2004,0,0.0,0.0,0.0,0.0,0.0,-2.0,0.0,0.0,0.0,00-0021296,-0.2
2007,0,148.0,1.0,0.0,2.0,1.0,-10.0,0.0,0.0,0.0,00-0021296,2.92
2008,0,1678.0,8.0,0.0,11.0,6.0,145.0,1.0,0.0,0.0,00-0021296,81.62
2009,0,40.0,0.0,0.0,0.0,2.0,12.0,0.0,0.0,0.0,00-0021296,-1.1999999999999997
2004,15,0.0,0.0,0.0,0.0,0.0,12.0,0.0,178.0,1.0,00-0021424,40.0
2005,18,0.0,0.0,0.0,0.0,0.0,0.0,0.0,187.0,0.0,00-0021424,36.7
2004,3,0.0,0.0,0.0,0.0,0.0,26.0,0.0,26.0,0.0,00-0021936,8.2
2005,0,0.0,0.0,0.0,0.0,0.0,4.0,0.0,0.0,0.0,00-0021936,0.4
2006,0,0.0,0.0,0.0,0.0,0.0,25.0,0.0,0.0,0.0,00-0021936,2.5
2007,1,0.0,0.0,0.0,0.0,0.0,1.0,0.0,5.0,0.0,00-0021936,1.6
2004,0,0.0,0.0,0.0,1.0,0.0,0.0,0.0,0.0,0.0,00-0022017,-2.0
2005,0,0.0,0.0,0.0,0.0,0.0,0.0,0.0,0.0,0.0,00-0022017,0.0
2006,0,0.0,0.0,0.0,0.0,0.0,-7.0,0.0,0.0,0.0,00-0022017,-0.7000000000000001
2007,0,0.0,0.0,0.0,0.0,0.0,0.0,0.0,0.0,0.0,00-0022017,0.0
2010,0,28.0,0.0,0.0,0.0,0.0,0.0,0.0,0.0,0.0,00-0022017,1.12
2013,0,0.0,0.0,0.0,0.0,0.0,0.0,0.0,0.0,0.0,00-0022017,0.0
2003,3,0.0,0.0,0.0,0.0,0.0,0.0,0.0,37.0,1.0,00-0022124,12.7
2004,16,0.0,0.0,0.0,0.0,0.0,-6.0,1.0,178.0,0.0,00-0022124,35.2
2005,11,0.0,0.0,0.0,0.0,0.0,0.0,0.0,100.0,0.0,00-0022124,21.0
2006,4,0.0,0.0,0.0,0.0,0.0,0.0,0.0,29.0,0.0,00-0022124,6.9
2007,3,0.0,0.0,0.0,0.0,0.0,-8.0,0.0,40.0,1.0,00-0022124,12.2
2004,0,0.0,0.0,0.0,0.0,0.0,-3.0,0.0,0.0,0.0,00-0022101,-0.30000000000000004
2009,0,12.0,1.0,0.0,1.0,0.0,2.0,0.0,0.0,0.0,00-0022101,2.6800000000000006
2010,0,173.0,1.0,0.0,2.0,0.0,0.0,0.0,0.0,0.0,00-0022101,6.92
2005,21,0.0,0.0,0.0,0.0,1.0,14.0,0.0,203.0,0.0,00-0021006,40.7
2004,6,0.0,0.0,0.0,0.0,0.0,0.0,0.0,60.0,0.0,00-0022811,12.0
2005,19,0.0,0.0,0.0,0.0,1.0,4.0,0.0,251.0,0.0,00-0022811,42.5
2006,82,0.0,0.0,0.0,0.0,0.0,25.0,0.0,961.0,6.0,00-0022811,216.60000000000002
2007,82,0.0,0.0,0.0,0.0,1.0,38.0,0.0,1129.0,2.0,00-0022811,208.7
2008,71,0.0,0.0,0.0,0.0,1.0,8.0,1.0,858.0,5.0,00-0022811,187.60000000000002
2009,57,0.0,0.0,1.0,0.0,0.0,7.0,0.0,821.0,3.0,00-0022811,163.8
2010,41,0.0,0.0,0.0,0.0,0.0,-3.0,0.0,433.0,2.0,00-0022811,96.0
2011,16,0.0,0.0,0.0,0.0,0.0,3.0,0.0,237.0,2.0,00-0022811,52.0
2012,17,0.0,0.0,0.0,0.0,0.0,0.0,0.0,205.0,0.0,00-0022811,37.5
2013,46,0.0,0.0,0.0,0.0,0.0,-5.0,0.0,607.0,10.0,00-0022811,166.2
2014,48,0.0,0.0,0.0,0.0,0.0,0.0,1.0,571.0,1.0,00-0022811,113.1
2015,39,0.0,0.0,0.0,0.0,0.0,16.0,0.0,485.0,3.0,00-0022811,107.1
2005,25,0.0,0.0,2.0,0.0,1.0,370.0,0.0,139.0,0.0,00-0023479,85.9
2006,8,0.0,0.0,0.0,0.0,0.0,19.0,0.0,58.0,0.0,00-0023479,15.700000000000001
2007,29,0.0,0.0,0.0,0.0,0.0,78.0,0.0,241.0,1.0,00-0023479,66.9
2008,30,0.0,0.0,1.0,0.0,0.0,188.0,0.0,254.0,1.0,00-0023479,86.2
2005,0,0.0,0.0,7.0,0.0,1.0,99.0,0.0,0.0,0.0,00-0023545,49.9
2006,11,0.0,0.0,9.0,0.0,1.0,423.0,0.0,149.0,0.0,00-0023545,120.20000000000002
2007,23,0.0,0.0,4.0,0.0,4.0,1011.0,0.0,174.0,2.0,00-0023545,169.50000000000003
2008,6,0.0,0.0,15.0,0.0,1.0,1089.0,0.0,36.0,0.0,00-0023545,206.5
2009,18,0.0,0.0,5.0,0.0,1.0,835.0,0.0,184.0,1.0,00-0023545,153.9
2010,7,0.0,0.0,9.0,0.0,2.0,823.0,0.0,59.0,0.0,00-0023545,145.20000000000002
2011,15,0.0,0.0,7.0,0.0,0.0,571.0,1.0,128.0,1.0,00-0023545,134.9
2012,0,0.0,0.0,0.0,0.0,0.0,7.0,0.0,0.0,0.0,00-0023545,0.7000000000000001
2013,2,0.0,0.0,4.0,0.0,1.0,238.0,0.0,13.0,0.0,00-0023545,49.099999999999994
2005,0,1869.0,9.0,0.0,13.0,5.0,44.0,0.0,0.0,0.0,00-0023541,79.16000000000001
2007,0,475.0,3.0,0.0,2.0,0.0,-1.0,1.0,0.0,0.0,00-0023541,28.9
2008,0,2979.0,18.0,3.0,12.0,5.0,49.0,1.0,0.0,0.0,00-0023541,182.06
2009,0,3802.0,21.0,0.0,12.0,2.0,71.0,0.0,0.0,0.0,00-0023541,215.18
2010,0,3652.0,20.0,0.0,9.0,4.0,98.0,0.0,0.0,0.0,00-0023541,209.88000000000002
2011,0,1758.0,9.0,0.0,9.0,2.0,13.0,0.0,0.0,0.0,00-0023541,85.62
2012,0,89.0,1.0,0.0,0.0,0.0,0.0,1.0,0.0,0.0,00-0023541,9.56
2013,0,398.0,2.0,0.0,2.0,0.0,8.0,0.0,0.0,0.0,00-0023541,20.720000000000002
2014,0,3018.0,18.0,1.0,10.0,3.0,14.0,1.0,0.0,0.0,00-0023541,176.12
2005,1,0.0,0.0,0.0,0.0,1.0,272.0,0.0,3.0,0.0,00-0023439,26.500000000000004
2006,8,0.0,0.0,6.0,0.0,0.0,647.0,0.0,54.0,0.0,00-0023439,114.10000000000001
2007,17,0.0,0.0,4.0,0.0,2.0,678.0,0.0,123.0,0.0,00-0023439,117.1
2008,20,0.0,0.0,2.0,0.0,1.0,747.0,0.0,185.0,0.0,00-0023439,123.2
2009,17,0.0,0.0,6.0,0.0,0.0,1251.0,0.0,111.0,0.0,00-0023439,189.20000000000002
2010,28,0.0,0.0,7.0,0.0,5.0,1111.0,1.0,178.0,1.0,00-0023439,196.90000000000003
2011,15,0.0,0.0,6.0,0.0,2.0,1067.0,0.0,82.0,0.0,00-0023439,161.89999999999998
2012,14,0.0,0.0,1.0,0.0,0.0,248.0,0.0,97.0,0.0,00-0023439,54.5
2005,1,0.0,0.0,0.0,0.0,0.0,0.0,0.0,7.0,0.0,00-0023176,1.7000000000000002
2006,10,0.0,0.0,0.0,0.0,2.0,11.0,0.0,91.0,0.0,00-0023176,16.2
2007,3,0.0,0.0,0.0,0.0,1.0,61.0,1.0,37.0,0.0,00-0023176,12.8
2008,2,8.0,0.0,1.0,0.0,0.0,163.0,0.0,18.0,1.0,00-0023176,32.42
2009,20,18.0,0.0,1.0,1.0,2.0,381.0,0.0,135.0,1.0,00-0023176,78.32
2010,23,19.0,0.0,0.0,0.0,0.0,67.0,0.0,292.0,1.0,00-0023176,65.66
2011,41,0.0,0.0,0.0,0.0,1.0,25.0,0.0,518.0,4.0,00-0023176,117.30000000000001
2012,7,0.0,0.0,0.0,0.0,3.0,42.0,0.0,63.0,0.0,00-0023176,11.5
2013,2,38.0,0.0,0.0,0.0,0.0,55.0,0.0,6.0,0.0,00-0023176,9.62
2014,1,0.0,0.0,0.0,0.0,0.0,0.0,0.0,8.0,0.0,00-0023176,1.8
2005,32,0.0,0.0,4.0,0.0,4.0,907.0,0.0,232.0,1.0,00-0023437,167.89999999999998
2006,33,0.0,0.0,5.0,0.0,3.0,1005.0,0.0,276.0,0.0,00-0023437,185.1
2007,39,0.0,0.0,4.0,0.0,0.0,602.0,1.0,389.0,1.0,00-0023437,170.1
2008,33,31.0,1.0,10.0,0.0,1.0,916.0,0.0,254.0,0.0,00-0023437,213.24
2009,14,22.0,1.0,8.0,0.0,1.0,648.0,0.0,98.0,0.0,00-0023437,139.48000000000002
2010,33,0.0,0.0,5.0,0.0,2.0,734.0,0.0,242.0,0.0,00-0023437,156.60000000000002
2011,0,0.0,0.0,1.0,0.0,1.0,136.0,0.0,0.0,0.0,00-0023437,17.6
2012,49,0.0,0.0,0.0,0.0,0.0,220.0,0.0,371.0,0.0,00-0023437,108.1
2013,8,0.0,0.0,1.0,0.0,0.0,157.0,0.0,60.0,0.0,00-0023437,35.7
2014,5,0.0,0.0,0.0,0.0,0.0,63.0,0.0,44.0,0.0,00-0023437,15.700000000000001
2005,0,4.0,0.0,0.0,0.0,0.0,-11.0,0.0,0.0,0.0,00-0022857,-0.9400000000000001
2003,5,0.0,0.0,0.0,0.0,0.0,0.0,0.0,35.0,0.0,00-0022129,8.5
2004,13,0.0,0.0,0.0,0.0,0.0,0.0,1.0,123.0,2.0,00-0022129,39.3
2005,0,0.0,0.0,0.0,0.0,1.0,0.0,0.0,0.0,0.0,00-0022129,-2.0
2005,0,0.0,0.0,0.0,0.0,2.0,0.0,0.0,0.0,0.0,00-0023008,-4.0
2006,0,0.0,0.0,0.0,0.0,1.0,0.0,0.0,0.0,0.0,00-0023008,-2.0
2008,0,0.0,0.0,0.0,0.0,0.0,0.0,0.0,0.0,0.0,00-0023008,0.0
2009,0,0.0,0.0,0.0,0.0,1.0,0.0,0.0,0.0,0.0,00-0023008,-2.0
2005,36,12.0,0.0,0.0,0.0,0.0,51.0,0.0,432.0,5.0,00-0023456,114.78
2006,41,0.0,0.0,0.0,0.0,1.0,-6.0,0.0,643.0,4.0,00-0023456,126.69999999999999
2007,24,0.0,0.0,0.0,0.0,0.0,0.0,0.0,317.0,4.0,00-0023456,79.7
2008,64,0.0,0.0,0.0,0.0,1.0,0.0,0.0,750.0,2.0,00-0023456,149.0
2005,32,0.0,0.0,1.0,0.0,2.0,149.0,0.0,240.0,0.0,00-0023561,72.9
2006,2,0.0,0.0,1.0,0.0,1.0,89.0,0.0,12.0,0.0,00-0023561,16.1
2007,1,0.0,0.0,0.0,0.0,0.0,0.0,0.0,1.0,0.0,00-0023561,1.1
2008,1,0.0,0.0,0.0,0.0,0.0,0.0,0.0,23.0,1.0,00-0023561,9.3
2009,0,0.0,0.0,0.0,0.0,1.0,0.0,0.0,0.0,0.0,00-0023561,-2.0
2005,15,0.0,0.0,3.0,0.0,2.0,608.0,0.0,131.0,0.0,00-0023500,102.9
2006,61,0.0,0.0,8.0,0.0,6.0,1695.0,0.0,485.0,1.0,00-0023500,321.0
2007,53,0.0,0.0,5.0,0.0,3.0,1102.0,0.0,436.0,1.0,00-0023500,236.79999999999998
2008,43,0.0,0.0,6.0,0.0,3.0,1036.0,1.0,373.0,2.0,00-0023500,227.90000000000003
2009,52,0.0,0.0,10.0,0.0,2.0,1120.0,0.0,406.0,3.0,00-0023500,278.6
2010,46,0.0,0.0,3.0,0.0,2.0,853.0,0.0,452.0,2.0,00-0023500,202.5
2011,17,0.0,0.0,8.0,0.0,2.0,1211.0,0.0,114.0,0.0,00-0023500,193.50000000000003
2012,28,0.0,0.0,8.0,0.0,1.0,1214.0,0.0,234.0,1.0,00-0023500,224.8
2013,16,0.0,0.0,9.0,0.0,3.0,1128.0,0.0,141.0,0.0,00-0023500,190.9
2014,11,0.0,0.0,4.0,0.0,2.0,1106.0,0.0,111.0,1.0,00-0023500,158.70000000000002
2015,34,0.0,0.0,6.0,0.0,3.0,967.0,0.0,267.0,1.0,00-0023500,193.39999999999998
2016,38,0.0,0.0,4.0,0.0,1.0,1025.0,0.0,277.0,4.0,00-0023500,214.2
2017,29,0.0,0.0,3.0,0.0,0.0,961.0,0.0,245.0,1.0,00-0023500,173.60000000000002
2018,12,0.0,0.0,0.0,0.0,0.0,722.0,0.0,124.0,1.0,00-0023500,102.60000000000001
2019,13,0.0,0.0,2.0,0.0,0.0,599.0,0.0,100.0,0.0,00-0023500,94.9
2020,16,0.0,0.0,2.0,0.0,1.0,653.0,0.0,89.0,0.0,00-0023500,100.2
2005,20,0.0,0.0,6.0,0.0,2.0,1178.0,0.0,81.0,0.0,00-0023440,177.9
2006,30,0.0,0.0,1.0,0.0,3.0,798.0,0.0,196.0,0.0,00-0023440,129.4
2007,3,0.0,0.0,3.0,0.0,2.0,208.0,0.0,17.0,0.0,00-0023440,39.5
2008,7,0.0,0.0,4.0,0.0,0.0,233.0,0.0,43.0,0.0,00-0023440,58.599999999999994
2009,29,0.0,0.0,4.0,0.0,0.0,816.0,0.0,219.0,3.0,00-0023440,174.50000000000003
2010,46,0.0,0.0,2.0,0.0,1.0,437.0,0.0,355.0,1.0,00-0023440,141.2
2011,14,0.0,0.0,1.0,0.0,1.0,361.0,0.0,93.0,0.0,00-0023440,63.400000000000006
2005,0,0.0,0.0,2.0,0.0,0.0,123.0,0.0,0.0,0.0,00-0023676,24.3
2006,29,0.0,0.0,1.0,0.0,2.0,150.0,0.0,211.0,2.0,00-0023676,79.1
2005,0,63.0,0.0,0.0,0.0,1.0,0.0,0.0,0.0,0.0,00-0023578,0.52
2008,0,1616.0,8.0,0.0,8.0,0.0,29.0,2.0,0.0,0.0,00-0023578,87.54
2011,0,1201.0,6.0,0.0,4.0,3.0,5.0,0.0,0.0,0.0,00-0023578,58.53999999999999
2012,0,51.0,0.0,0.0,0.0,0.0,0.0,0.0,0.0,0.0,00-0023578,2.04
2015,0,201.0,1.0,0.0,1.0,0.0,0.0,0.0,0.0,0.0,00-0023578,10.040000000000001
2005,0,0.0,0.0,0.0,0.0,0.0,0.0,0.0,0.0,0.0,00-0023618,0.0
2007,0,0.0,0.0,0.0,0.0,1.0,0.0,0.0,0.0,0.0,00-0023618,-2.0
2005,1,0.0,0.0,1.0,0.0,0.0,18.0,0.0,10.0,0.0,00-0022431,9.8
2006,0,0.0,0.0,1.0,0.0,0.0,4.0,0.0,0.0,0.0,00-0022431,6.4
2005,3,0.0,0.0,0.0,0.0,0.0,6.0,0.0,33.0,0.0,00-0022714,6.9
2006,15,0.0,0.0,0.0,0.0,0.0,0.0,0.0,132.0,3.0,00-0022714,46.2
2007,24,0.0,0.0,0.0,0.0,1.0,7.0,0.0,180.0,1.0,00-0022714,46.7
2009,4,0.0,0.0,0.0,0.0,0.0,0.0,0.0,28.0,1.0,00-0022714,12.8
2010,6,0.0,0.0,0.0,0.0,1.0,0.0,0.0,73.0,0.0,00-0022714,11.3
2005,0,0.0,0.0,0.0,0.0,1.0,0.0,0.0,0.0,0.0,00-0023053,-2.0
2008,0,0.0,0.0,0.0,0.0,0.0,0.0,0.0,0.0,0.0,00-0023053,0.0
2005,3,0.0,0.0,0.0,0.0,2.0,50.0,0.0,10.0,0.0,00-0023564,5.0
2007,10,0.0,0.0,2.0,0.0,0.0,164.0,0.0,31.0,0.0,00-0023564,41.50000000000001
2008,29,0.0,0.0,1.0,0.0,2.0,330.0,1.0,342.0,5.0,00-0023564,130.2
2009,45,0.0,0.0,3.0,0.0,1.0,343.0,0.0,497.0,4.0,00-0023564,169.0
2010,59,0.0,0.0,0.0,0.0,3.0,270.0,0.0,520.0,2.0,00-0023564,144.0
2011,86,0.0,0.0,2.0,0.0,0.0,604.0,0.0,710.0,7.0,00-0023564,271.4
2012,75,0.0,0.0,1.0,0.0,0.0,244.0,1.0,667.0,7.0,00-0023564,216.10000000000002
2013,71,0.0,0.0,2.0,0.0,2.0,220.0,0.0,604.0,2.0,00-0023564,173.4
2014,40,0.0,0.0,6.0,0.0,1.0,329.0,0.0,387.0,0.0,00-0023564,145.60000000000002
2015,55,0.0,0.0,3.0,0.0,0.0,317.0,0.0,388.0,1.0,00-0023564,149.5
2016,52,0.0,0.0,2.0,0.0,0.0,438.0,0.0,427.0,2.0,00-0023564,162.5
2017,7,0.0,0.0,0.0,0.0,1.0,61.0,0.0,73.0,0.0,00-0023564,18.400000000000002
2018,15,0.0,0.0,1.0,0.0,0.0,120.0,0.0,160.0,2.0,00-0023564,61.0
2019,6,0.0,0.0,0.0,0.0,0.0,66.0,1.0,24.0,0.0,00-0023564,17.0
2005,0,0.0,0.0,0.0,0.0,0.0,0.0,0.0,0.0,0.0,00-0023491,0.0
2006,0,0.0,0.0,0.0,0.0,1.0,0.0,0.0,0.0,0.0,00-0023491,-2.0
2004,9,0.0,0.0,0.0,0.0,0.0,0.0,0.0,126.0,2.0,00-0021260,33.6
2005,17,0.0,0.0,1.0,0.0,0.0,9.0,0.0,160.0,5.0,00-0021260,69.9
2006,7,0.0,0.0,0.0,0.0,0.0,30.0,0.0,37.0,1.0,00-0021260,19.7
2005,0,875.0,1.0,0.0,11.0,3.0,103.0,0.0,0.0,0.0,00-0023436,21.3
2006,0,2901.0,16.0,2.0,15.0,4.0,151.0,0.0,0.0,0.0,00-0023436,169.14000000000001
2007,0,914.0,2.0,0.0,4.0,5.0,89.0,0.0,0.0,0.0,00-0023436,35.46
2009,1,2350.0,18.0,0.0,12.0,1.0,51.0,0.0,-6.0,0.0,00-0023436,145.5
2010,0,2370.0,14.0,0.0,10.0,2.0,60.0,1.0,0.0,0.0,00-0023436,134.8
2011,0,3144.0,17.0,2.0,5.0,2.0,179.0,1.0,0.0,0.0,00-0023436,211.66
2012,0,1737.0,13.0,0.0,5.0,1.0,132.0,0.0,0.0,0.0,00-0023436,122.68
2013,1,3313.0,23.0,1.0,7.0,3.0,431.0,0.0,-4.0,0.0,00-0023436,254.22
2014,0,3265.0,18.0,1.0,6.0,1.0,254.0,0.0,0.0,0.0,00-0023436,220.0
2015,0,3486.0,20.0,2.0,7.0,0.0,498.0,2.0,0.0,0.0,00-0023436,271.24
2016,1,3502.0,15.0,5.0,8.0,4.0,134.0,2.0,3.0,0.0,00-0023436,224.78000000000003
2017,0,4042.0,26.0,1.0,5.0,1.0,323.0,0.0,0.0,0.0,00-0023436,291.98
2018,0,2180.0,10.0,1.0,5.0,1.0,168.0,0.0,0.0,0.0,00-0023436,138.0
2020,0,1582.0,6.0,0.0,8.0,0.0,3.0,0.0,0.0,0.0,00-0023436,71.58
2005,3,0.0,0.0,0.0,0.0,1.0,182.0,0.0,16.0,0.0,00-0023192,20.8
2006,0,0.0,0.0,1.0,0.0,0.0,30.0,0.0,0.0,0.0,00-0023192,9.0
2007,0,0.0,0.0,0.0,0.0,1.0,54.0,0.0,0.0,0.0,00-0023192,3.4000000000000004
2005,0,173.0,1.0,0.0,1.0,0.0,-5.0,0.0,0.0,0.0,00-0022055,8.42
2006,0,927.0,8.0,0.0,7.0,3.0,119.0,0.0,0.0,0.0,00-0022055,60.98
2007,2,215.0,2.0,0.0,1.0,1.0,17.0,0.0,47.0,0.0,00-0022055,21.0
2008,0,1532.0,11.0,0.0,3.0,3.0,78.0,0.0,0.0,0.0,00-0022055,101.08
2009,2,700.0,3.0,1.0,2.0,2.0,2.0,0.0,29.0,0.0,00-0022055,43.1
2010,1,694.0,4.0,0.0,2.0,0.0,9.0,0.0,9.0,0.0,00-0022055,42.56
2011,1,567.0,2.0,0.0,2.0,1.0,70.0,0.0,21.0,0.0,00-0022055,34.78
2013,0,139.0,0.0,0.0,1.0,0.0,0.0,0.0,0.0,0.0,00-0022055,3.5600000000000005
2005,1,0.0,0.0,0.0,0.0,0.0,80.0,0.0,12.0,0.0,00-0023063,10.2
2007,39,0.0,0.0,1.0,0.0,0.0,146.0,0.0,313.0,0.0,00-0023063,90.9
2008,20,0.0,0.0,0.0,0.0,1.0,130.0,0.0,222.0,2.0,00-0023063,65.2
2009,15,0.0,0.0,2.0,0.0,0.0,323.0,0.0,140.0,2.0,00-0023063,85.30000000000001
2010,0,0.0,0.0,0.0,0.0,0.0,0.0,0.0,0.0,0.0,00-0023063,0.0
2005,0,0.0,0.0,0.0,0.0,1.0,0.0,0.0,0.0,0.0,00-0022923,-2.0
2006,1,0.0,0.0,0.0,0.0,0.0,0.0,0.0,0.0,0.0,00-0022923,1.0
2009,0,0.0,0.0,0.0,0.0,0.0,0.0,0.0,0.0,0.0,00-0022923,0.0
2012,0,0.0,0.0,0.0,0.0,0.0,0.0,0.0,0.0,0.0,00-0022923,0.0
2004,1,0.0,0.0,0.0,0.0,0.0,0.0,0.0,4.0,0.0,00-0022405,1.4
2005,9,0.0,0.0,0.0,0.0,0.0,8.0,0.0,72.0,1.0,00-0022405,23.0
2006,2,0.0,0.0,0.0,0.0,0.0,18.0,0.0,21.0,0.0,00-0022405,5.9
2008,6,0.0,0.0,0.0,0.0,0.0,85.0,0.0,24.0,0.0,00-0022405,16.9
2009,11,0.0,0.0,0.0,0.0,0.0,123.0,0.0,51.0,0.0,00-0022405,28.400000000000002
2010,12,0.0,0.0,1.0,0.0,0.0,62.0,0.0,61.0,0.0,00-0022405,30.3
2012,1,0.0,0.0,0.0,0.0,0.0,0.0,0.0,8.0,0.0,00-0022405,1.8
2005,0,0.0,0.0,0.0,0.0,3.0,0.0,0.0,0.0,0.0,00-0023492,-6.0
2006,0,0.0,0.0,0.0,0.0,0.0,0.0,0.0,0.0,0.0,00-0023492,0.0
2007,0,0.0,0.0,0.0,0.0,0.0,0.0,0.0,0.0,0.0,00-0023492,0.0
2008,0,0.0,0.0,0.0,0.0,0.0,0.0,0.0,0.0,0.0,00-0023492,0.0
2005,18,0.0,0.0,5.0,0.0,0.0,538.0,0.0,115.0,0.0,00-0023544,113.30000000000001
2006,23,0.0,0.0,14.0,0.0,0.0,654.0,0.0,196.0,2.0,00-0023544,204.0
2007,44,0.0,0.0,10.0,0.0,0.0,973.0,0.0,282.0,2.0,00-0023544,241.5
2008,52,0.0,0.0,7.0,0.0,3.0,885.0,0.0,417.0,2.0,00-0023544,230.2
2009,26,0.0,0.0,7.0,0.0,2.0,932.0,0.0,221.0,0.0,00-0023544,179.29999999999998
2010,11,0.0,0.0,4.0,0.0,0.0,374.0,0.0,49.0,0.0,00-0023544,77.30000000000001
2011,5,0.0,0.0,6.0,0.0,1.0,422.0,0.0,50.0,0.0,00-0023544,86.2
2005,0,0.0,0.0,0.0,0.0,0.0,-13.0,0.0,0.0,0.0,00-0023441,-1.3
2006,2,0.0,0.0,0.0,0.0,0.0,8.0,0.0,31.0,0.0,00-0023441,5.9
2008,0,0.0,0.0,0.0,0.0,1.0,0.0,0.0,0.0,0.0,00-0023441,-2.0
2014,0,0.0,0.0,0.0,0.0,0.0,0.0,0.0,0.0,0.0,00-0023441,0.0
2016,0,0.0,0.0,0.0,0.0,1.0,0.0,0.0,0.0,0.0,00-0023441,-2.0
2005,23,0.0,0.0,0.0,0.0,0.0,1.0,0.0,299.0,2.0,00-0023531,65.0
2006,27,0.0,0.0,0.0,0.0,0.0,3.0,0.0,384.0,4.0,00-0023531,89.7
2007,21,0.0,0.0,0.0,0.0,0.0,37.0,0.0,248.0,2.0,00-0023531,61.5
2008,41,0.0,0.0,0.0,0.0,0.0,35.0,0.0,449.0,1.0,00-0023531,95.4
2009,1,0.0,0.0,0.0,0.0,0.0,0.0,0.0,18.0,0.0,00-0023531,2.8
2005,6,0.0,0.0,2.0,0.0,0.0,105.0,0.0,30.0,0.0,00-0022255,31.5
2005,0,183.0,2.0,0.0,1.0,0.0,13.0,0.0,0.0,0.0,00-0023662,14.620000000000001
2006,0,32.0,0.0,0.0,0.0,1.0,4.0,0.0,0.0,0.0,00-0023662,-0.31999999999999995
2007,0,38.0,0.0,1.0,1.0,0.0,12.0,0.0,0.0,0.0,00-0023662,6.720000000000001
2008,0,3693.0,21.0,2.0,11.0,4.0,271.0,2.0,0.0,0.0,00-0023662,244.82
2009,0,2924.0,16.0,0.0,16.0,3.0,196.0,1.0,0.0,0.0,00-0023662,164.56
2010,0,3116.0,27.0,0.0,7.0,1.0,125.0,0.0,0.0,0.0,00-0023662,229.14
2011,1,1713.0,10.0,0.0,9.0,2.0,99.0,0.0,-4.0,0.0,00-0023662,97.02
2012,0,1796.0,6.0,1.0,12.0,7.0,145.0,0.0,0.0,0.0,00-0023662,78.34
2013,0,1807.0,11.0,1.0,9.0,1.0,57.0,0.0,0.0,0.0,00-0023662,107.98
2014,0,425.0,3.0,0.0,4.0,0.0,18.0,0.0,0.0,0.0,00-0023662,22.8
2015,0,1276.0,5.0,0.0,7.0,0.0,78.0,1.0,0.0,0.0,00-0023662,66.83999999999999
2016,0,284.0,2.0,0.0,2.0,0.0,3.0,0.0,0.0,0.0,00-0023662,15.66
2017,0,162.0,1.0,0.0,2.0,2.0,0.0,0.0,0.0,0.0,00-0023662,2.4800000000000004
2018,0,59.0,0.0,0.0,1.0,0.0,13.0,0.0,0.0,0.0,00-0023662,1.66
2005,9,0.0,0.0,0.0,0.0,0.0,0.0,0.0,69.0,0.0,00-0023683,15.9
2006,7,0.0,0.0,0.0,0.0,0.0,2.0,0.0,29.0,0.0,00-0023683,10.100000000000001
2007,7,0.0,0.0,0.0,0.0,0.0,0.0,0.0,52.0,0.0,00-0023683,12.2
2008,8,0.0,0.0,0.0,0.0,0.0,0.0,0.0,52.0,1.0,00-0023683,19.2
2009,4,0.0,0.0,0.0,0.0,0.0,0.0,0.0,23.0,1.0,00-0023683,12.3
2010,2,0.0,0.0,0.0,0.0,0.0,0.0,0.0,8.0,0.0,00-0023683,2.8
2004,27,0.0,0.0,0.0,0.0,1.0,0.0,2.0,268.0,1.0,00-0022889,61.8
2005,35,0.0,0.0,0.0,0.0,1.0,3.0,0.0,445.0,0.0,00-0022889,77.8
2006,53,0.0,0.0,0.0,0.0,0.0,34.0,0.0,615.0,4.0,00-0022889,141.9
2007,38,0.0,0.0,0.0,0.0,2.0,8.0,0.0,629.0,10.0,00-0022889,157.7
2008,38,0.0,0.0,0.0,0.0,0.0,0.0,0.0,375.0,3.0,00-0022889,93.5
2005,5,0.0,0.0,1.0,0.0,1.0,12.0,0.0,26.0,0.0,00-0022970,12.799999999999999
2006,4,0.0,0.0,0.0,0.0,0.0,3.0,0.0,23.0,0.0,00-0022970,6.6
2005,0,0.0,0.0,0.0,0.0,0.0,0.0,0.0,0.0,0.0,00-0022684,0.0
2006,0,0.0,0.0,0.0,0.0,0.0,0.0,0.0,0.0,0.0,00-0022684,0.0
2008,0,0.0,0.0,0.0,0.0,0.0,0.0,0.0,0.0,0.0,00-0022684,0.0
2011,0,0.0,0.0,0.0,0.0,0.0,9.0,0.0,0.0,0.0,00-0022684,0.9
2016,0,0.0,0.0,0.0,0.0,0.0,0.0,0.0,0.0,0.0,00-0022684,0.0
2005,0,65.0,0.0,0.0,1.0,2.0,7.0,0.0,0.0,0.0,00-0023459,-2.6999999999999997
2006,0,46.0,0.0,0.0,0.0,1.0,11.0,0.0,0.0,0.0,00-0023459,0.9400000000000002
2007,0,218.0,1.0,0.0,0.0,0.0,29.0,0.0,0.0,0.0,00-0023459,15.620000000000001
2008,0,4038.0,28.0,4.0,13.0,3.0,207.0,2.0,0.0,0.0,00-0023459,290.21999999999997
2009,0,4434.0,30.0,5.0,7.0,4.0,304.0,3.0,0.0,0.0,00-0023459,341.76
2010,0,3922.0,28.0,4.0,11.0,1.0,356.0,0.0,0.0,0.0,00-0023459,304.48
2011,0,4636.0,45.0,3.0,6.0,0.0,257.0,0.0,0.0,0.0,00-0023459,397.14
2012,1,4295.0,39.0,2.0,8.0,4.0,259.0,1.0,-1.0,0.0,00-0023459,344.59999999999997
2013,0,2536.0,17.0,0.0,6.0,0.0,120.0,0.0,0.0,0.0,00-0023459,169.44
2014,0,4381.0,38.0,2.0,5.0,2.0,269.0,1.0,0.0,0.0,00-0023459,354.14
2015,0,3821.0,31.0,1.0,8.0,4.0,344.0,4.0,0.0,0.0,00-0023459,301.24
2016,0,4428.0,40.0,4.0,7.0,4.0,369.0,2.0,0.0,0.0,00-0023459,380.02
2017,0,1675.0,16.0,0.0,6.0,1.0,126.0,0.0,0.0,0.0,00-0023459,129.6
2018,0,4442.0,25.0,2.0,2.0,3.0,269.0,3.0,0.0,0.0,00-0023459,312.58
2019,0,4002.0,26.0,1.0,4.0,4.0,183.0,3.0,0.0,0.0,00-0023459,278.38000000000005
2020,1,4299.0,48.0,3.0,5.0,2.0,149.0,0.0,-6.0,0.0,00-0023459,383.26
2021,1,3977.0,35.0,3.0,4.0,0.0,94.0,0.0,-4.0,0.0,00-0023459,319.08000000000004
2022,0,3490.0,25.0,1.0,11.0,4.0,84.0,2.0,0.0,0.0,00-0023459,228.0
2023,0,0.0,0.0,0.0,0.0,0.0,0.0,0.0,0.0,0.0,00-0023459,0.0
2024,0,3623.0,24.0,0.0,10.0,2.0,107.0,2.0,0.0,0.0,00-0023459,231.62
2005,0,0.0,0.0,0.0,0.0,0.0,-2.0,0.0,0.0,0.0,00-0021678,-0.2
2006,0,2903.0,19.0,0.0,13.0,3.0,102.0,2.0,0.0,0.0,00-0021678,174.32
2007,0,4211.0,36.0,2.0,19.0,2.0,128.0,0.0,0.0,0.0,00-0021678,295.24
2008,0,3448.0,26.0,0.0,14.0,7.0,41.0,0.0,0.0,0.0,00-0021678,204.02
2009,0,4483.0,26.0,1.0,9.0,4.0,105.0,0.0,0.0,0.0,00-0021678,273.82
2010,0,1605.0,11.0,0.0,7.0,0.0,38.0,0.0,0.0,0.0,00-0021678,98.0
2011,0,4184.0,31.0,1.0,10.0,3.0,46.0,0.0,0.0,0.0,00-0021678,275.96000000000004
2012,1,4903.0,28.0,1.0,19.0,3.0,49.0,2.0,-1.0,0.0,00-0021678,279.91999999999996
2013,0,3828.0,31.0,0.0,10.0,1.0,38.0,1.0,0.0,0.0,00-0021678,260.92
2014,0,3705.0,34.0,0.0,9.0,3.0,61.0,0.0,0.0,0.0,00-0021678,266.30000000000007
2015,0,884.0,5.0,0.0,7.0,1.0,13.0,0.0,0.0,0.0,00-0021678,40.66
2016,0,29.0,1.0,0.0,0.0,0.0,0.0,0.0,0.0,0.0,00-0021678,5.16
2005,0,0.0,0.0,0.0,0.0,0.0,0.0,0.0,0.0,0.0,00-0021949,0.0
2010,0,0.0,0.0,0.0,0.0,0.0,0.0,0.0,0.0,0.0,00-0021949,0.0
2002,2,0.0,0.0,0.0,0.0,0.0,0.0,0.0,14.0,0.0,00-0021213,3.4000000000000004
2003,14,0.0,0.0,0.0,0.0,0.0,0.0,0.0,137.0,0.0,00-0021213,27.700000000000003
2004,18,0.0,0.0,0.0,0.0,1.0,0.0,0.0,182.0,4.0,00-0021213,58.2
2005,18,0.0,0.0,0.0,0.0,1.0,0.0,0.0,269.0,1.0,00-0021213,48.900000000000006
2006,31,0.0,0.0,0.0,0.0,0.0,0.0,0.0,300.0,4.0,00-0021213,85.0
2007,41,0.0,0.0,0.0,0.0,1.0,0.0,0.0,411.0,3.0,00-0021213,98.1
2008,21,0.0,0.0,0.0,0.0,0.0,0.0,0.0,194.0,0.0,00-0021213,40.400000000000006
2009,14,0.0,0.0,0.0,0.0,0.0,0.0,0.0,142.0,2.0,00-0021213,40.2
2010,9,0.0,0.0,0.0,0.0,0.0,0.0,0.0,116.0,1.0,00-0021213,26.6
2005,5,0.0,0.0,0.0,0.0,1.0,0.0,0.0,65.0,1.0,00-0023549,15.5
2007,1,0.0,0.0,0.0,0.0,0.0,0.0,0.0,15.0,0.0,00-0023549,2.5
2005,22,0.0,0.0,0.0,0.0,0.0,9.0,0.0,343.0,3.0,00-0022929,75.2
2006,32,0.0,0.0,1.0,0.0,0.0,14.0,0.0,745.0,5.0,00-0022929,143.9
2007,20,0.0,0.0,0.0,0.0,0.0,20.0,0.0,409.0,3.0,00-0022929,80.9
2008,32,0.0,0.0,0.0,0.0,0.0,33.0,0.0,793.0,3.0,00-0022929,132.60000000000002
2009,51,0.0,0.0,0.0,0.0,0.0,13.0,0.0,804.0,2.0,00-0022929,144.7
2010,34,0.0,0.0,0.0,0.0,0.0,8.0,0.0,464.0,1.0,00-0022929,87.2
2011,32,0.0,0.0,0.0,0.0,0.0,9.0,0.0,503.0,2.0,00-0022929,95.2
2012,22,0.0,0.0,0.0,0.0,0.0,13.0,0.0,316.0,1.0,00-0022929,60.900000000000006
2005,4,0.0,0.0,1.0,0.0,0.0,9.0,0.0,21.0,1.0,00-0023623,19.0
2006,5,0.0,0.0,0.0,0.0,0.0,4.0,0.0,81.0,0.0,00-0023623,13.5
2007,1,0.0,0.0,0.0,0.0,1.0,9.0,0.0,7.0,0.0,00-0023623,0.6
2005,21,0.0,0.0,0.0,0.0,0.0,16.0,0.0,289.0,1.0,00-0023503,57.5
2006,2,0.0,0.0,0.0,0.0,0.0,3.0,0.0,28.0,0.0,00-0023503,5.1
2009,1,0.0,0.0,0.0,0.0,1.0,0.0,0.0,6.0,0.0,00-0023503,-0.3999999999999999
2010,0,0.0,0.0,0.0,0.0,1.0,0.0,0.0,0.0,0.0,00-0023503,-2.0
2012,1,0.0,0.0,0.0,0.0,0.0,0.0,0.0,9.0,0.0,00-0023503,1.9
2014,1,0.0,0.0,0.0,0.0,0.0,0.0,0.0,11.0,0.0,00-0023503,2.1
2005,10,0.0,0.0,2.0,0.0,0.0,184.0,0.0,87.0,0.0,00-0023508,49.10000000000001
2006,17,0.0,0.0,2.0,0.0,1.0,434.0,0.0,114.0,0.0,00-0023508,81.80000000000001
2007,30,0.0,0.0,0.0,0.0,0.0,108.0,0.0,199.0,0.0,00-0023508,60.7
2005,0,0.0,0.0,0.0,0.0,0.0,0.0,0.0,0.0,0.0,00-0022307,0.0
2006,6,0.0,0.0,0.0,0.0,0.0,0.0,0.0,108.0,1.0,00-0022307,22.8
2005,1,0.0,0.0,0.0,0.0,2.0,-7.0,0.0,-1.0,0.0,00-0023607,-3.8000000000000003
2005,0,136.0,0.0,0.0,1.0,1.0,39.0,0.0,0.0,0.0,00-0022768,5.340000000000001
2005,0,0.0,0.0,0.0,0.0,0.0,0.0,0.0,0.0,0.0,00-0005771,0.0
2005,15,3.0,0.0,0.0,0.0,1.0,-2.0,0.0,148.0,1.0,00-0023490,33.72
2006,23,0.0,0.0,0.0,0.0,1.0,18.0,0.0,320.0,2.0,00-0023490,66.8
2007,35,0.0,0.0,1.0,0.0,0.0,19.0,0.0,352.0,1.0,00-0023490,84.1
2008,24,0.0,0.0,0.0,0.0,1.0,9.0,0.0,232.0,1.0,00-0023490,52.1
2009,3,0.0,0.0,0.0,0.0,3.0,4.0,0.0,14.0,0.0,00-0023490,-1.1999999999999995
2010,33,0.0,0.0,0.0,0.0,0.0,23.0,0.0,392.0,2.0,00-0023490,86.5
2011,1,0.0,0.0,0.0,0.0,0.0,0.0,0.0,16.0,0.0,00-0023490,2.6
2012,0,0.0,0.0,0.0,0.0,0.0,0.0,0.0,0.0,0.0,00-0023490,0.0
2004,3,0.0,0.0,0.0,0.0,0.0,0.0,0.0,51.0,0.0,00-0021530,8.100000000000001
2005,40,0.0,0.0,0.0,0.0,0.0,7.0,0.0,417.0,0.0,00-0021530,82.4
2005,10,0.0,0.0,6.0,0.0,1.0,582.0,0.0,77.0,1.0,00-0023074,115.9
2006,17,0.0,0.0,1.0,0.0,0.0,210.0,0.0,85.0,0.0,00-0023074,52.5
2007,12,0.0,0.0,4.0,0.0,0.0,150.0,1.0,106.0,0.0,00-0023074,63.6
2008,1,0.0,0.0,0.0,0.0,0.0,4.0,0.0,-1.0,0.0,00-0023074,1.2999999999999998
2009,3,0.0,0.0,0.0,0.0,0.0,26.0,0.0,25.0,0.0,00-0023074,8.1
2005,29,0.0,0.0,0.0,0.0,1.0,12.0,0.0,444.0,3.0,00-0023462,90.60000000000001
2006,30,0.0,0.0,0.0,0.0,1.0,0.0,0.0,509.0,0.0,00-0023462,78.9
2007,83,0.0,0.0,0.0,0.0,2.0,-2.0,0.0,1202.0,6.0,00-0023462,235.0
2008,88,0.0,0.0,0.0,0.0,1.0,4.0,0.0,1382.0,7.0,00-0023462,266.6
2009,85,0.0,0.0,0.0,0.0,0.0,2.0,0.0,1153.0,11.0,00-0023462,266.5
2010,115,0.0,0.0,0.0,0.0,1.0,3.0,2.0,1389.0,10.0,00-0023462,316.20000000000005
2011,100,0.0,0.0,0.0,0.0,0.0,0.0,0.0,1296.0,8.0,00-0023462,277.6
2012,92,0.0,0.0,0.0,0.0,0.0,0.0,0.0,1351.0,7.0,00-0023462,269.1
2013,63,0.0,0.0,0.0,0.0,1.0,0.0,0.0,711.0,3.0,00-0023462,150.10000000000002
2014,80,0.0,0.0,0.0,0.0,1.0,0.0,0.0,921.0,7.0,00-0023462,212.10000000000002
2015,43,0.0,0.0,0.0,0.0,0.0,0.0,0.0,506.0,1.0,00-0023462,99.6
2005,0,0.0,0.0,4.0,0.0,1.0,62.0,0.0,0.0,0.0,00-0023547,28.2
2006,3,0.0,0.0,1.0,0.0,0.0,99.0,0.0,19.0,0.0,00-0023547,20.799999999999997
2005,8,0.0,0.0,2.0,0.0,1.0,302.0,0.0,66.0,0.0,00-0023615,54.800000000000004
2006,7,0.0,0.0,5.0,0.0,0.0,374.0,0.0,43.0,0.0,00-0023615,78.7
2005,44,0.0,0.0,1.0,0.0,0.0,33.0,0.0,459.0,2.0,00-0023457,111.2
2006,67,0.0,0.0,0.0,0.0,0.0,-30.0,0.0,938.0,5.0,00-0023457,187.8
2007,48,0.0,0.0,0.0,0.0,0.0,0.0,0.0,531.0,0.0,00-0023457,101.1
2008,41,32.0,1.0,1.0,0.0,0.0,81.0,0.0,695.0,3.0,00-0023457,147.88
2009,34,0.0,0.0,0.0,0.0,1.0,28.0,0.0,480.0,2.0,00-0023457,94.8
2010,23,0.0,0.0,0.0,0.0,0.0,6.0,0.0,306.0,2.0,00-0023457,66.2
2011,3,0.0,0.0,0.0,0.0,0.0,0.0,0.0,26.0,0.0,00-0023457,5.6
2005,0,0.0,0.0,0.0,0.0,1.0,0.0,0.0,0.0,0.0,00-0023464,-2.0
2005,0,0.0,0.0,0.0,0.0,1.0,0.0,0.0,0.0,0.0,00-0022790,-2.0
2003,13,0.0,0.0,0.0,0.0,0.0,0.0,0.0,278.0,2.0,00-0021570,52.8
2004,15,0.0,0.0,0.0,0.0,0.0,0.0,0.0,308.0,2.0,00-0021570,57.8
2005,2,0.0,0.0,0.0,0.0,0.0,4.0,0.0,21.0,0.0,00-0021570,4.5
2007,2,0.0,0.0,0.0,0.0,0.0,0.0,0.0,23.0,0.0,00-0021570,4.300000000000001
2009,1,0.0,0.0,0.0,0.0,0.0,0.0,0.0,17.0,0.0,00-0021570,2.7
2010,6,0.0,0.0,0.0,0.0,0.0,0.0,0.0,60.0,1.0,00-0021570,18.0
2011,5,0.0,0.0,0.0,0.0,0.0,0.0,0.0,42.0,0.0,00-0021570,9.2
2013,1,0.0,0.0,0.0,0.0,0.0,0.0,0.0,17.0,0.0,00-0021570,2.7
2014,0,0.0,0.0,0.0,0.0,0.0,0.0,0.0,0.0,0.0,00-0021570,0.0
2005,0,1002.0,4.0,1.0,6.0,3.0,53.0,0.0,0.0,0.0,00-0023502,49.379999999999995
2006,0,2449.0,10.0,3.0,17.0,7.0,215.0,0.0,0.0,0.0,00-0023502,129.46
2007,0,34.0,0.0,0.0,1.0,0.0,1.0,0.0,0.0,0.0,00-0023502,-0.5399999999999999
2008,0,83.0,2.0,0.0,2.0,0.0,30.0,0.0,0.0,0.0,00-0023502,10.32
2009,0,581.0,1.0,0.0,4.0,0.0,41.0,0.0,0.0,0.0,00-0023502,23.340000000000003
2005,24,0.0,0.0,0.0,0.0,0.0,28.0,0.0,372.0,2.0,00-0023442,76.0
2006,37,0.0,0.0,0.0,0.0,0.0,0.0,0.0,455.0,0.0,00-0023442,82.5
2007,18,0.0,0.0,0.0,0.0,0.0,29.0,0.0,236.0,1.0,00-0023442,50.5
2008,5,0.0,0.0,0.0,0.0,0.0,1.0,0.0,30.0,1.0,00-0023442,14.1
2009,3,0.0,0.0,0.0,0.0,1.0,0.0,0.0,34.0,0.0,00-0023442,4.4
2005,0,17.0,0.0,0.0,0.0,0.0,0.0,0.0,0.0,0.0,00-0022027,0.68
2005,7,0.0,0.0,0.0,0.0,0.0,4.0,1.0,32.0,0.0,00-0023591,12.600000000000001
2006,4,0.0,0.0,0.0,0.0,0.0,0.0,0.0,17.0,0.0,00-0023591,5.7
2007,2,0.0,0.0,0.0,0.0,0.0,0.0,0.0,16.0,0.0,00-0023591,3.6
2004,47,0.0,0.0,0.0,0.0,1.0,0.0,1.0,754.0,5.0,00-0022726,152.4
2005,25,0.0,0.0,0.0,0.0,1.0,6.0,0.0,282.0,2.0,00-0022726,63.800000000000004
2006,5,0.0,0.0,0.0,0.0,0.0,0.0,0.0,56.0,0.0,00-0022726,10.600000000000001
2007,32,0.0,0.0,0.0,0.0,0.0,0.0,0.0,332.0,0.0,00-0022726,65.2
2008,12,0.0,0.0,0.0,0.0,0.0,0.0,0.0,116.0,1.0,00-0022726,29.6
2011,9,0.0,0.0,0.0,0.0,0.0,0.0,0.0,89.0,0.0,00-0022726,17.9
2005,0,0.0,0.0,0.0,0.0,0.0,4.0,0.0,0.0,0.0,00-0022045,0.4
2006,0,0.0,0.0,0.0,0.0,1.0,0.0,0.0,0.0,0.0,00-0022045,-2.0
2007,0,0.0,0.0,0.0,0.0,0.0,0.0,0.0,0.0,0.0,00-0022045,0.0
2009,0,0.0,0.0,0.0,0.0,0.0,0.0,0.0,0.0,0.0,00-0022045,0.0
2005,4,0.0,0.0,3.0,0.0,1.0,278.0,0.0,7.0,0.0,00-0023512,48.5
2006,0,0.0,0.0,0.0,0.0,0.0,69.0,0.0,0.0,0.0,00-0023512,6.9
2008,3,0.0,0.0,1.0,0.0,0.0,94.0,0.0,14.0,0.0,00-0023512,19.799999999999997
2009,13,0.0,0.0,4.0,0.0,2.0,390.0,0.0,106.0,1.0,00-0023512,88.6
2004,2,0.0,0.0,0.0,0.0,0.0,0.0,0.0,12.0,0.0,00-0022621,3.2
2005,7,0.0,0.0,0.0,0.0,1.0,0.0,0.0,92.0,0.0,00-0022621,14.200000000000001
2005,0,0.0,0.0,0.0,0.0,1.0,0.0,0.0,0.0,0.0,00-0023042,-2.0
2005,0,777.0,4.0,2.0,8.0,1.0,64.0,0.0,0.0,0.0,00-0023682,47.48
2006,0,0.0,0.0,0.0,0.0,0.0,0.0,0.0,0.0,0.0,00-0023682,0.0
2008,1,1905.0,8.0,2.0,9.0,5.0,304.0,0.0,-3.0,0.0,00-0023682,123.30000000000001
2009,0,1422.0,9.0,1.0,10.0,2.0,141.0,0.0,0.0,0.0,00-0023682,88.97999999999999
2010,0,2992.0,23.0,0.0,15.0,5.0,269.0,0.0,0.0,0.0,00-0023682,198.58
2011,0,3832.0,24.0,0.0,23.0,2.0,215.0,1.0,0.0,0.0,00-0023682,222.78
2012,0,3400.0,24.0,1.0,16.0,6.0,197.0,0.0,0.0,0.0,00-0023682,213.7
2013,1,2454.0,14.0,3.0,12.0,2.0,225.0,0.0,0.0,0.0,00-0023682,167.66
2014,0,2483.0,17.0,2.0,8.0,1.0,184.0,0.0,0.0,0.0,00-0023682,179.72
2015,0,3905.0,31.0,2.0,15.0,2.0,270.0,0.0,0.0,0.0,00-0023682,285.20000000000005
2016,0,2710.0,12.0,0.0,17.0,1.0,130.0,0.0,0.0,0.0,00-0023682,133.4
2017,0,1103.0,7.0,0.0,3.0,0.0,78.0,0.0,0.0,0.0,00-0023682,73.92
2018,0,2366.0,17.0,2.0,12.0,1.0,152.0,1.0,0.0,0.0,00-0023682,165.83999999999997
2019,0,3529.0,20.0,4.0,13.0,2.0,243.0,1.0,0.0,0.0,00-0023682,241.46
2020,1,2091.0,13.0,2.0,8.0,0.0,151.0,3.0,0.0,0.0,00-0023682,153.73999999999998
2021,0,13.0,0.0,0.0,0.0,0.0,2.0,0.0,0.0,0.0,00-0023682,0.72
2005,0,7.0,0.0,1.0,0.0,0.0,48.0,0.0,0.0,0.0,00-0022774,11.080000000000002
2005,0,0.0,0.0,0.0,0.0,0.0,0.0,0.0,0.0,0.0,00-0023429,0.0
2006,22,0.0,0.0,0.0,0.0,1.0,0.0,0.0,307.0,2.0,00-0023429,62.7
2007,17,0.0,0.0,0.0,0.0,0.0,0.0,0.0,165.0,0.0,00-0023429,33.5
2008,35,0.0,0.0,0.0,0.0,0.0,14.0,0.0,445.0,2.0,00-0023429,92.9
2009,5,0.0,0.0,0.0,0.0,1.0,0.0,0.0,35.0,0.0,00-0023429,6.5
2010,9,0.0,0.0,0.0,0.0,0.0,0.0,0.0,84.0,1.0,00-0023429,23.4
2011,4,0.0,0.0,0.0,0.0,0.0,0.0,0.0,63.0,0.0,00-0023429,10.3
2005,0,0.0,0.0,0.0,0.0,0.0,3.0,0.0,0.0,0.0,00-0023654,0.30000000000000004
2005,0,0.0,0.0,0.0,0.0,0.0,0.0,0.0,0.0,0.0,00-0021604,0.0
2005,0,0.0,0.0,0.0,0.0,1.0,0.0,0.0,0.0,0.0,00-0019188,-2.0
2005,0,0.0,0.0,0.0,0.0,1.0,-9.0,0.0,0.0,0.0,00-0022954,-2.9
2006,0,0.0,0.0,0.0,0.0,0.0,0.0,0.0,0.0,0.0,00-0022954,0.0
2005,43,0.0,0.0,0.0,0.0,0.0,5.0,0.0,571.0,4.0,00-0023470,124.6
2006,47,0.0,0.0,1.0,0.0,0.0,24.0,0.0,836.0,8.0,00-0023470,187.0
2007,61,0.0,0.0,0.0,0.0,0.0,36.0,0.0,780.0,4.0,00-0023470,166.6
2008,18,0.0,0.0,0.0,0.0,0.0,6.0,0.0,252.0,1.0,00-0023470,49.800000000000004
2009,9,0.0,0.0,0.0,0.0,0.0,-3.0,0.0,155.0,0.0,00-0023470,24.2
2003,4,0.0,0.0,0.0,0.0,0.0,0.0,0.0,38.0,0.0,00-0020794,7.800000000000001
2005,6,0.0,0.0,0.0,0.0,1.0,0.0,0.0,103.0,1.0,00-0020794,20.3
2006,3,0.0,0.0,0.0,0.0,2.0,5.0,0.0,22.0,0.0,00-0020794,1.7000000000000002
2005,0,0.0,0.0,0.0,0.0,1.0,0.0,0.0,0.0,0.0,00-0019469,-2.0
2005,0,0.0,0.0,0.0,0.0,0.0,74.0,0.0,0.0,0.0,00-0022733,7.4
2005,0,0.0,0.0,0.0,0.0,0.0,-2.0,0.0,0.0,0.0,00-0020679,-0.2
2007,0,501.0,5.0,1.0,2.0,1.0,14.0,0.0,0.0,0.0,00-0020679,41.44
2008,0,2046.0,13.0,2.0,8.0,1.0,115.0,0.0,0.0,0.0,00-0020679,139.34
2009,0,943.0,5.0,0.0,2.0,1.0,70.0,0.0,0.0,0.0,00-0020679,58.72
2010,0,2686.0,16.0,0.0,12.0,1.0,120.0,1.0,0.0,0.0,00-0020679,159.44
2011,0,33.0,0.0,0.0,0.0,0.0,-1.0,0.0,0.0,0.0,00-0020679,1.22
2012,0,172.0,2.0,0.0,0.0,0.0,-1.0,0.0,0.0,0.0,00-0020679,14.78
2013,0,0.0,0.0,0.0,0.0,0.0,-2.0,0.0,0.0,0.0,00-0020679,-0.2
2014,1,1657.0,8.0,1.0,7.0,1.0,10.0,0.0,0.0,0.0,00-0020679,90.28
2015,0,15.0,0.0,0.0,0.0,0.0,-5.0,0.0,0.0,0.0,00-0020679,0.09999999999999998
2016,0,242.0,0.0,0.0,0.0,0.0,5.0,0.0,0.0,0.0,00-0020679,10.18
2005,0,0.0,0.0,0.0,0.0,1.0,0.0,0.0,0.0,0.0,00-0022913,-2.0
2008,0,0.0,0.0,0.0,0.0,1.0,0.0,0.0,0.0,0.0,00-0022913,-2.0
2005,0,100.0,2.0,0.0,0.0,1.0,1.0,0.0,0.0,0.0,00-0020613,10.1
2006,0,166.0,0.0,2.0,0.0,0.0,26.0,0.0,0.0,0.0,00-0020613,21.240000000000002
2007,0,986.0,10.0,0.0,5.0,1.0,57.0,0.0,0.0,0.0,00-0020613,73.14
2008,0,76.0,1.0,0.0,0.0,0.0,27.0,0.0,0.0,0.0,00-0020613,9.74
2005,3,0.0,0.0,0.0,0.0,0.0,32.0,0.0,14.0,0.0,00-0023576,7.6000000000000005
2006,4,0.0,0.0,0.0,0.0,0.0,66.0,0.0,41.0,0.0,00-0023576,14.700000000000003
2007,0,0.0,0.0,0.0,0.0,0.0,0.0,0.0,0.0,0.0,00-0022815,0.0
2005,0,0.0,0.0,0.0,0.0,0.0,0.0,0.0,0.0,0.0,00-0023519,0.0
2007,0,0.0,0.0,0.0,0.0,1.0,0.0,0.0,0.0,0.0,00-0023519,-2.0
2008,0,0.0,0.0,0.0,0.0,0.0,0.0,0.0,0.0,0.0,00-0023519,0.0
2009,0,0.0,0.0,0.0,0.0,1.0,0.0,0.0,0.0,0.0,00-0023519,-2.0
2010,0,0.0,0.0,0.0,0.0,0.0,0.0,0.0,0.0,0.0,00-0023519,0.0
2006,13,0.0,0.0,2.0,0.0,0.0,633.0,0.0,102.0,0.0,00-0024294,98.50000000000001
2007,28,0.0,0.0,1.0,0.0,0.0,615.0,0.0,277.0,0.0,00-0024294,123.2
2008,36,0.0,0.0,4.0,0.0,1.0,489.0,0.0,338.0,2.0,00-0024294,152.70000000000002
2009,19,0.0,0.0,0.0,0.0,1.0,252.0,0.0,186.0,1.0,00-0024294,66.80000000000001
2010,1,0.0,0.0,0.0,0.0,0.0,8.0,0.0,9.0,0.0,00-0024294,2.7
2011,0,0.0,0.0,0.0,1.0,0.0,61.0,0.0,0.0,0.0,00-0024294,4.1000000000000005
2005,5,0.0,0.0,0.0,0.0,0.0,0.0,0.0,103.0,1.0,00-0022879,21.3
2006,28,0.0,0.0,0.0,0.0,0.0,18.0,0.0,357.0,3.0,00-0022879,83.5
2007,38,0.0,0.0,0.0,0.0,0.0,0.0,0.0,517.0,4.0,00-0022879,113.7
2006,0,1661.0,9.0,0.0,9.0,6.0,161.0,0.0,0.0,0.0,00-0024408,88.53999999999999
2007,0,130.0,0.0,0.0,1.0,0.0,20.0,0.0,0.0,0.0,00-0024408,5.2
2008,0,26.0,0.0,0.0,3.0,0.0,2.0,0.0,0.0,0.0,00-0024408,-4.76
2009,0,1004.0,6.0,0.0,3.0,3.0,108.0,0.0,0.0,0.0,00-0024408,62.959999999999994
2010,0,1059.0,5.0,0.0,7.0,1.0,41.0,0.0,0.0,0.0,00-0024408,50.46
2011,0,109.0,1.0,0.0,1.0,0.0,1.0,0.0,0.0,0.0,00-0024408,6.459999999999999
2012,0,65.0,0.0,0.0,0.0,0.0,-2.0,0.0,0.0,0.0,00-0024408,2.4
2014,0,0.0,0.0,0.0,0.0,0.0,-2.0,0.0,0.0,0.0,00-0024408,-0.2
2006,22,0.0,0.0,6.0,0.0,1.0,745.0,0.0,194.0,1.0,00-0024236,155.9
2007,4,0.0,0.0,6.0,0.0,0.0,835.0,1.0,116.0,0.0,00-0024236,137.1
2008,0,0.0,0.0,0.0,0.0,0.0,93.0,0.0,0.0,0.0,00-0024236,9.3
2009,14,0.0,0.0,9.0,0.0,4.0,757.0,0.0,99.0,0.0,00-0024236,145.6
2010,4,0.0,0.0,0.0,0.0,0.0,74.0,0.0,50.0,0.0,00-0024236,16.4
2006,0,16.0,0.0,0.0,0.0,0.0,-11.0,0.0,0.0,0.0,00-0023742,-0.4600000000000001
2007,0,0.0,0.0,0.0,0.0,0.0,7.0,0.0,0.0,0.0,00-0023742,0.7000000000000001
2009,0,42.0,0.0,0.0,0.0,0.0,0.0,0.0,0.0,0.0,00-0023742,1.68
2010,0,0.0,0.0,0.0,0.0,0.0,-9.0,0.0,0.0,0.0,00-0023742,-0.9
2012,0,0.0,0.0,0.0,0.0,0.0,-18.0,0.0,0.0,0.0,00-0023742,-1.8
2014,0,0.0,0.0,0.0,0.0,2.0,5.0,0.0,0.0,0.0,00-0023742,-3.5
2016,0,0.0,0.0,0.0,0.0,0.0,26.0,0.0,0.0,0.0,00-0023742,2.6
2017,0,-4.0,0.0,0.0,0.0,0.0,0.0,0.0,0.0,0.0,00-0023742,-0.16
2006,0,0.0,0.0,0.0,0.0,0.0,4.0,0.0,0.0,0.0,00-0024442,0.4
2006,46,0.0,0.0,13.0,0.0,1.0,941.0,0.0,436.0,2.0,00-0024275,271.70000000000005
2007,40,0.0,0.0,9.0,0.0,2.0,768.0,0.0,407.0,0.0,00-0024275,207.5
2008,62,0.0,0.0,12.0,0.0,3.0,824.0,0.0,568.0,2.0,00-0024275,279.2
2009,53,0.0,0.0,15.0,0.0,1.0,1391.0,0.0,374.0,1.0,00-0024275,323.5
2010,34,0.0,0.0,5.0,1.0,2.0,1324.0,0.0,317.0,2.0,00-0024275,234.10000000000002
2011,43,0.0,0.0,8.0,0.0,1.0,1606.0,0.0,374.0,3.0,00-0024275,305.0
2012,14,0.0,0.0,1.0,0.0,0.0,414.0,0.0,86.0,1.0,00-0024275,76.0
2013,43,8.0,1.0,5.0,0.0,1.0,803.0,0.0,314.0,0.0,00-0024275,187.02
2014,11,0.0,0.0,0.0,0.0,0.0,96.0,0.0,71.0,0.0,00-0024275,27.700000000000003
2006,20,0.0,0.0,8.0,0.0,0.0,677.0,0.0,158.0,0.0,00-0024011,151.5
2007,1,0.0,0.0,0.0,0.0,1.0,3.0,0.0,7.0,0.0,00-0024011,1.1102230246251565e-16
2008,1,0.0,0.0,1.0,0.0,0.0,42.0,0.0,14.0,0.0,00-0024011,12.6
2009,4,0.0,0.0,5.0,0.0,2.0,654.0,0.0,12.0,0.0,00-0024011,96.60000000000001
2010,7,0.0,0.0,0.0,0.0,0.0,99.0,0.0,67.0,0.0,00-0024011,23.599999999999998
2006,40,0.0,0.0,7.0,0.0,2.0,1076.0,0.0,325.0,1.0,00-0024245,224.10000000000002
2007,41,0.0,0.0,12.0,0.0,0.0,1072.0,1.0,364.0,3.0,00-0024245,276.59999999999997
2008,25,0.0,0.0,5.0,0.0,1.0,544.0,0.0,206.0,2.0,00-0024245,140.0
2009,51,22.0,1.0,10.0,0.0,1.0,828.0,0.0,336.0,3.0,00-0024245,248.28
2010,19,0.0,0.0,4.0,0.0,1.0,495.0,0.0,124.0,0.0,00-0024245,102.9
2011,15,0.0,0.0,1.0,0.0,0.0,433.0,0.0,93.0,0.0,00-0024245,73.60000000000001
2006,35,0.0,0.0,0.0,0.0,0.0,8.0,0.0,624.0,4.0,00-0023367,122.2
2007,29,0.0,0.0,0.0,0.0,0.0,0.0,0.0,450.0,5.0,00-0023367,104.0
2008,40,0.0,0.0,0.0,0.0,0.0,18.0,0.0,631.0,3.0,00-0023367,122.9
2009,47,0.0,0.0,0.0,0.0,0.0,15.0,0.0,569.0,6.0,00-0023367,141.4
2010,42,0.0,0.0,0.0,0.0,0.0,-8.0,0.0,687.0,6.0,00-0023367,145.9
2011,74,0.0,0.0,1.0,0.0,0.0,5.0,0.0,1023.0,7.0,00-0023367,224.8
2012,46,0.0,0.0,0.0,0.0,0.0,0.0,0.0,746.0,4.0,00-0023367,144.60000000000002
2013,58,0.0,0.0,0.0,0.0,0.0,0.0,0.0,919.0,3.0,00-0023367,167.9
2014,40,0.0,0.0,0.0,0.0,0.0,0.0,0.0,647.0,2.0,00-0023367,116.7
2015,47,0.0,0.0,0.0,0.0,0.0,0.0,0.0,658.0,4.0,00-0023367,136.8
2006,0,0.0,0.0,0.0,0.0,0.0,0.0,0.0,0.0,0.0,00-0023060,0.0
2007,0,27.0,0.0,0.0,0.0,0.0,0.0,0.0,0.0,0.0,00-0023060,1.08
2008,0,0.0,0.0,0.0,0.0,0.0,-7.0,0.0,0.0,0.0,00-0023060,-0.7000000000000001
2009,0,0.0,0.0,0.0,0.0,0.0,0.0,0.0,0.0,0.0,00-0023060,0.0
2011,0,0.0,0.0,0.0,0.0,0.0,-12.0,0.0,0.0,0.0,00-0023060,-1.2000000000000002
2006,89,0.0,0.0,6.0,1.0,2.0,558.0,0.0,748.0,2.0,00-0024217,261.6
2007,73,0.0,0.0,4.0,0.0,3.0,581.0,3.0,417.0,2.0,00-0024217,208.8
2008,52,0.0,0.0,2.0,0.0,2.0,404.0,0.0,440.0,4.0,00-0024217,168.4
2009,47,0.0,0.0,5.0,0.0,2.0,390.0,0.0,335.0,3.0,00-0024217,163.5
2010,34,0.0,0.0,0.0,0.0,1.0,150.0,0.0,208.0,1.0,00-0024217,73.8
2011,43,0.0,0.0,6.0,0.0,2.0,1086.0,0.0,296.0,1.0,00-0024217,219.20000000000002
2012,35,0.0,0.0,6.0,0.0,2.0,986.0,0.0,292.0,2.0,00-0024217,206.8
2013,54,0.0,0.0,4.0,0.0,4.0,1006.0,0.0,506.0,3.0,00-0024217,239.20000000000002
2014,40,0.0,0.0,2.0,0.0,0.0,297.0,0.0,253.0,0.0,00-0024217,107.0
2015,4,0.0,0.0,0.0,0.0,0.0,28.0,0.0,19.0,0.0,00-0024217,8.700000000000001
2016,7,0.0,0.0,1.0,0.0,0.0,-3.0,1.0,90.0,0.0,00-0024217,23.7
2006,9,0.0,0.0,0.0,0.0,0.0,60.0,0.0,47.0,0.0,00-0024359,19.7
2007,2,0.0,0.0,0.0,0.0,0.0,142.0,0.0,19.0,0.0,00-0024359,18.1
2008,12,0.0,0.0,1.0,0.0,0.0,246.0,0.0,116.0,1.0,00-0024359,60.2
2009,34,0.0,0.0,5.0,0.0,2.0,862.0,0.0,220.0,2.0,00-0024359,180.2
2010,12,0.0,0.0,1.0,0.0,1.0,330.0,0.0,85.0,0.0,00-0024359,57.5
2011,1,0.0,0.0,0.0,0.0,0.0,41.0,0.0,3.0,0.0,00-0024359,5.4
2006,6,0.0,0.0,0.0,0.0,0.0,2.0,0.0,60.0,0.0,00-0024394,12.2
2007,13,0.0,0.0,0.0,0.0,0.0,43.0,0.0,91.0,2.0,00-0024394,38.4
2008,10,0.0,0.0,0.0,0.0,0.0,31.0,0.0,78.0,0.0,00-0024394,20.9
2009,8,0.0,0.0,0.0,0.0,0.0,0.0,0.0,27.0,1.0,00-0024394,16.7
2010,4,0.0,0.0,0.0,0.0,0.0,11.0,0.0,15.0,0.0,00-0024394,6.6
2011,4,0.0,0.0,0.0,0.0,0.0,0.0,0.0,29.0,0.0,00-0024394,6.9
2012,13,0.0,0.0,0.0,0.0,0.0,11.0,0.0,104.0,0.0,00-0024394,24.5
2006,0,2199.0,12.0,7.0,13.0,3.0,553.0,1.0,0.0,0.0,00-0024218,203.26000000000002
2007,0,2546.0,9.0,3.0,17.0,3.0,395.0,0.0,0.0,0.0,00-0024218,155.34
2008,0,219.0,1.0,0.0,2.0,0.0,27.0,0.0,0.0,0.0,00-0024218,11.46
2009,0,1879.0,10.0,2.0,7.0,2.0,281.0,0.0,0.0,0.0,00-0024218,137.26
2010,0,1255.0,10.0,0.0,3.0,4.0,125.0,0.0,0.0,0.0,00-0024218,88.7
2011,0,866.0,4.0,0.0,9.0,0.0,79.0,0.0,0.0,0.0,00-0024218,40.54
2006,9,0.0,0.0,0.0,0.0,0.0,103.0,0.0,64.0,0.0,00-0024318,25.700000000000003
2007,32,0.0,0.0,0.0,0.0,0.0,45.0,0.0,325.0,2.0,00-0024318,81.0
2008,12,18.0,0.0,0.0,0.0,1.0,113.0,0.0,71.0,0.0,00-0024318,29.120000000000005
2009,7,27.0,0.0,1.0,0.0,0.0,207.0,0.0,63.0,0.0,00-0024318,41.08
2010,4,6.0,1.0,1.0,0.0,1.0,298.0,0.0,44.0,0.0,00-0024318,46.44
2011,23,0.0,0.0,1.0,1.0,0.0,87.0,0.0,240.0,1.0,00-0024318,65.7
2012,14,0.0,0.0,1.0,1.0,0.0,116.0,0.0,152.0,2.0,00-0024318,56.800000000000004
2013,2,0.0,0.0,0.0,0.0,0.0,2.0,0.0,27.0,0.0,00-0024318,4.9
2014,1,0.0,0.0,0.0,0.0,0.0,0.0,0.0,11.0,0.0,00-0024318,2.1
2006,33,0.0,0.0,4.0,0.0,1.0,476.0,1.0,204.0,0.0,00-0024384,125.0
2006,0,1677.0,3.0,0.0,13.0,9.0,30.0,0.0,0.0,0.0,00-0023504,38.08
2007,0,38.0,0.0,0.0,0.0,0.0,0.0,0.0,0.0,0.0,00-0023504,1.52
2008,0,204.0,0.0,0.0,3.0,0.0,19.0,0.0,0.0,0.0,00-0023504,4.0600000000000005
2006,2,0.0,0.0,0.0,0.0,0.0,14.0,0.0,20.0,0.0,00-0024289,5.4
2007,5,0.0,0.0,0.0,0.0,0.0,35.0,0.0,35.0,0.0,00-0024289,12.0
2006,9,0.0,0.0,2.0,0.0,0.0,116.0,0.0,47.0,0.0,00-0024315,37.300000000000004
2007,11,0.0,0.0,0.0,0.0,0.0,121.0,0.0,73.0,0.0,00-0024315,30.400000000000002
2008,17,0.0,0.0,0.0,0.0,1.0,50.0,0.0,202.0,0.0,00-0024315,40.2
2009,6,0.0,0.0,0.0,0.0,0.0,2.0,0.0,24.0,0.0,00-0024315,8.600000000000001
2010,8,28.0,0.0,0.0,0.0,0.0,77.0,0.0,37.0,0.0,00-0024315,20.52
2011,9,0.0,0.0,0.0,0.0,1.0,7.0,0.0,74.0,1.0,00-0024315,21.1
2012,13,0.0,0.0,0.0,0.0,0.0,49.0,0.0,126.0,2.0,00-0024315,42.5
2013,2,0.0,0.0,0.0,0.0,0.0,0.0,0.0,27.0,0.0,00-0024315,4.7
2006,33,0.0,0.0,1.0,0.0,0.0,501.0,0.0,313.0,1.0,00-0024242,126.39999999999999
2007,24,0.0,0.0,4.0,0.0,2.0,717.0,0.0,161.0,1.0,00-0024242,137.8
2008,22,0.0,0.0,18.0,0.0,0.0,1518.0,1.0,121.0,2.0,00-0024242,307.90000000000003
2009,29,0.0,0.0,7.0,0.0,3.0,1117.0,1.0,252.0,0.0,00-0024242,203.89999999999998
2010,11,0.0,0.0,1.0,0.0,1.0,361.0,0.0,61.0,0.0,00-0024242,57.2
2011,16,0.0,0.0,7.0,0.0,0.0,831.0,0.0,135.0,0.0,00-0024242,154.60000000000002
2012,13,0.0,0.0,5.0,0.0,2.0,723.0,0.0,187.0,2.0,00-0024242,142.0
2013,26,0.0,0.0,3.0,0.0,2.0,843.0,0.0,333.0,1.0,00-0024242,163.60000000000002
2014,5,0.0,0.0,0.0,0.0,1.0,219.0,0.0,44.0,0.0,00-0024242,29.300000000000004
2015,40,0.0,0.0,11.0,0.0,1.0,907.0,1.0,367.0,0.0,00-0024242,233.39999999999998
2016,18,0.0,0.0,4.0,0.0,0.0,343.0,0.0,118.0,2.0,00-0024242,100.10000000000001
2006,0,16.0,1.0,0.0,0.0,0.0,0.0,0.0,0.0,0.0,00-0010072,4.64
2006,25,0.0,0.0,4.0,0.0,1.0,650.0,0.0,270.0,0.0,00-0024332,139.0
2007,36,36.0,0.0,3.0,0.0,2.0,353.0,1.0,213.0,0.0,00-0024332,110.04
2008,47,0.0,0.0,6.0,0.0,2.0,448.0,1.0,355.0,2.0,00-0024332,173.3
2009,15,0.0,0.0,0.0,0.0,1.0,330.0,0.0,131.0,0.0,00-0024332,59.1
2010,9,0.0,0.0,1.0,0.0,1.0,100.0,0.0,79.0,0.0,00-0024332,30.9
2011,10,0.0,0.0,1.0,0.0,0.0,248.0,0.0,48.0,0.0,00-0024332,45.599999999999994
2012,4,0.0,0.0,1.0,0.0,1.0,83.0,0.0,31.0,0.0,00-0024332,19.400000000000002
2013,0,0.0,0.0,0.0,0.0,0.0,1.0,0.0,0.0,0.0,00-0024332,0.1
2014,22,0.0,0.0,0.0,0.0,1.0,57.0,0.0,159.0,2.0,00-0024332,53.6
2006,14,0.0,0.0,0.0,0.0,0.0,244.0,0.0,60.0,0.0,00-0024260,44.400000000000006
2007,20,0.0,0.0,7.0,0.0,4.0,1108.0,0.0,114.0,0.0,00-0024260,176.20000000000002
2008,5,0.0,0.0,15.0,0.0,1.0,773.0,0.0,16.0,0.0,00-0024260,171.9
2009,3,0.0,0.0,2.0,0.0,1.0,222.0,0.0,14.0,0.0,00-0024260,36.6
2006,0,0.0,0.0,1.0,0.0,0.0,13.0,0.0,0.0,0.0,00-0024296,7.3
2010,0,507.0,2.0,1.0,3.0,0.0,43.0,2.0,0.0,0.0,00-0024296,36.58
2011,0,298.0,1.0,0.0,1.0,1.0,13.0,0.0,0.0,0.0,00-0024296,13.22
2013,0,0.0,0.0,0.0,0.0,0.0,-5.0,0.0,0.0,0.0,00-0024296,-0.5
2014,0,1326.0,7.0,0.0,2.0,0.0,90.0,0.0,0.0,0.0,00-0024296,86.03999999999999
2015,0,150.0,0.0,0.0,1.0,0.0,1.0,0.0,0.0,0.0,00-0024296,4.1
2016,0,182.0,1.0,0.0,1.0,0.0,1.0,0.0,0.0,0.0,00-0024296,9.38
2006,0,2542.0,11.0,2.0,12.0,2.0,44.0,0.0,0.0,0.0,00-0024225,134.08
2007,0,647.0,2.0,0.0,4.0,0.0,42.0,0.0,0.0,0.0,00-0024225,30.079999999999995
2008,0,264.0,1.0,0.0,1.0,1.0,5.0,0.0,0.0,0.0,00-0024225,11.06
2009,0,435.0,0.0,0.0,3.0,0.0,-6.0,0.0,0.0,0.0,00-0024225,10.800000000000002
2011,0,57.0,1.0,0.0,0.0,0.0,-1.0,0.0,0.0,0.0,00-0024225,6.180000000000001
2012,0,115.0,0.0,0.0,1.0,0.0,0.0,0.0,0.0,0.0,00-0024225,2.6000000000000005
2006,13,0.0,0.0,0.0,0.0,0.0,22.0,0.0,152.0,3.0,00-0024251,48.400000000000006
2008,1,0.0,0.0,0.0,0.0,0.0,0.0,0.0,19.0,0.0,00-0024251,2.9000000000000004
2006,0,0.0,0.0,0.0,0.0,0.0,2.0,0.0,0.0,0.0,00-0022801,0.2
2006,0,0.0,0.0,0.0,0.0,2.0,0.0,0.0,0.0,0.0,00-0024272,-4.0
2007,20,0.0,0.0,0.0,0.0,1.0,-10.0,0.0,299.0,2.0,00-0024272,58.900000000000006
2008,52,0.0,0.0,0.0,0.0,2.0,61.0,0.0,665.0,3.0,00-0024272,138.6
2009,57,0.0,0.0,0.0,0.0,1.0,-1.0,0.0,757.0,3.0,00-0024272,148.60000000000002
2010,40,0.0,0.0,0.0,0.0,0.0,30.0,0.0,475.0,4.0,00-0024272,114.5
2011,26,0.0,0.0,0.0,0.0,0.0,-6.0,0.0,369.0,1.0,00-0024272,68.3
2012,23,0.0,0.0,0.0,0.0,0.0,6.0,0.0,242.0,1.0,00-0024272,53.800000000000004
2013,0,0.0,0.0,0.0,0.0,1.0,0.0,0.0,0.0,0.0,00-0024272,-2.0
2014,38,0.0,0.0,1.0,0.0,1.0,36.0,0.0,504.0,2.0,00-0024272,108.0
2016,0,0.0,0.0,0.0,0.0,1.0,0.0,0.0,0.0,0.0,00-0024272,-2.0
2006,0,0.0,0.0,0.0,0.0,0.0,8.0,0.0,0.0,0.0,00-0023064,0.8
2005,1,0.0,0.0,0.0,0.0,0.0,0.0,0.0,15.0,0.0,00-0022564,2.5
2006,2,0.0,0.0,0.0,0.0,0.0,19.0,0.0,20.0,0.0,00-0022564,5.9
2006,0,23.0,0.0,0.0,2.0,0.0,-3.0,0.0,0.0,0.0,00-0024300,-3.38
2007,0,1227.0,6.0,0.0,6.0,3.0,18.0,0.0,0.0,0.0,00-0024300,56.879999999999995
2008,0,151.0,0.0,0.0,0.0,0.0,0.0,0.0,0.0,0.0,00-0024300,6.04
2009,0,230.0,2.0,0.0,0.0,0.0,0.0,0.0,0.0,0.0,00-0024300,17.200000000000003
2010,0,38.0,0.0,0.0,1.0,0.0,0.0,0.0,0.0,0.0,00-0024300,-0.48
2006,0,0.0,0.0,0.0,0.0,1.0,10.0,0.0,0.0,0.0,00-0024264,-1.0
2007,0,1529.0,5.0,1.0,10.0,1.0,111.0,0.0,0.0,0.0,00-0024264,76.25999999999999
2008,0,26.0,0.0,0.0,1.0,0.0,-3.0,0.0,0.0,0.0,00-0024264,-1.26
2009,0,125.0,0.0,0.0,0.0,0.0,1.0,0.0,0.0,0.0,00-0024264,5.1
2010,0,6.0,0.0,1.0,0.0,0.0,9.0,0.0,0.0,0.0,00-0024264,7.140000000000001
2011,0,546.0,2.0,1.0,1.0,0.0,37.0,0.0,0.0,0.0,00-0024264,37.54
2012,0,39.0,0.0,0.0,1.0,0.0,5.0,0.0,0.0,0.0,00-0024264,0.06000000000000005
2013,0,1673.0,8.0,0.0,7.0,4.0,64.0,1.0,0.0,0.0,00-0024264,85.32000000000001
2014,0,10.0,0.0,0.0,0.0,0.0,0.0,0.0,0.0,0.0,00-0024264,0.4
2015,0,63.0,1.0,0.0,0.0,0.0,-1.0,0.0,0.0,0.0,00-0024264,6.42
2016,0,0.0,0.0,0.0,0.0,0.0,-1.0,0.0,0.0,0.0,00-0024264,-0.1
2017,0,36.0,0.0,0.0,1.0,0.0,-5.0,0.0,0.0,0.0,00-0024264,-1.06
2006,0,0.0,0.0,0.0,0.0,0.0,-2.0,0.0,0.0,0.0,00-0023497,-0.2
2006,1,0.0,0.0,0.0,0.0,0.0,23.0,0.0,6.0,0.0,00-0023489,3.9000000000000004
2006,49,0.0,0.0,0.0,0.0,2.0,13.0,0.0,824.0,2.0,00-0024240,140.7
2007,52,0.0,0.0,0.0,0.0,0.0,17.0,1.0,942.0,8.0,00-0024240,197.9
2008,55,0.0,0.0,0.0,0.0,1.0,9.0,0.0,821.0,5.0,00-0024240,166.0
2009,79,0.0,0.0,0.0,1.0,0.0,6.0,0.0,1248.0,5.0,00-0024240,232.4
2010,52,0.0,0.0,0.0,0.0,2.0,17.0,0.0,746.0,6.0,00-0024240,160.3
2011,51,0.0,0.0,0.0,0.0,1.0,27.0,0.0,654.0,8.0,00-0024240,165.10000000000002
2012,20,0.0,0.0,0.0,0.0,1.0,0.0,0.0,272.0,1.0,00-0024240,51.2
2013,23,0.0,0.0,0.0,0.0,0.0,0.0,0.0,456.0,1.0,00-0024240,74.6
2014,8,0.0,0.0,0.0,0.0,0.0,0.0,0.0,67.0,0.0,00-0024240,14.7
2006,0,0.0,0.0,0.0,0.0,1.0,8.0,0.0,0.0,0.0,00-0024189,-1.2
2006,5,0.0,0.0,0.0,0.0,0.0,12.0,0.0,49.0,0.0,00-0021129,11.100000000000001
2006,2,0.0,0.0,0.0,0.0,0.0,0.0,0.0,24.0,0.0,00-0020024,4.4
2006,0,0.0,0.0,0.0,0.0,0.0,5.0,0.0,0.0,0.0,00-0023950,0.5
2006,4,0.0,0.0,0.0,0.0,0.0,3.0,0.0,41.0,0.0,00-0024044,8.4
2004,9,0.0,0.0,0.0,0.0,0.0,0.0,0.0,137.0,1.0,00-0022754,28.700000000000003
2005,36,0.0,0.0,0.0,0.0,2.0,0.0,0.0,533.0,3.0,00-0022754,103.30000000000001
2006,41,0.0,0.0,0.0,0.0,0.0,7.0,0.0,561.0,1.0,00-0022754,103.80000000000001
2007,24,0.0,0.0,0.0,0.0,0.0,2.0,0.0,272.0,2.0,00-0022754,63.400000000000006
2006,0,0.0,0.0,0.0,0.0,0.0,0.0,0.0,0.0,0.0,00-0024273,0.0
2006,18,0.0,0.0,0.0,0.0,0.0,3.0,0.0,286.0,4.0,00-0024276,70.9
2007,49,0.0,0.0,0.0,0.0,1.0,0.0,0.0,549.0,5.0,00-0024276,131.9
2008,40,0.0,0.0,0.0,0.0,1.0,-1.0,0.0,645.0,3.0,00-0024276,120.4
2009,31,0.0,0.0,0.0,0.0,0.0,0.0,0.0,416.0,2.0,00-0024276,84.6
2010,45,0.0,0.0,0.0,0.0,1.0,0.0,0.0,378.0,1.0,00-0024276,86.80000000000001
2011,26,0.0,0.0,0.0,0.0,0.0,5.0,1.0,347.0,6.0,00-0024276,99.2
2012,42,0.0,0.0,0.0,0.0,0.0,0.0,0.0,504.0,1.0,00-0024276,98.4
2013,7,0.0,0.0,0.0,0.0,0.0,0.0,0.0,82.0,0.0,00-0024276,15.200000000000001
2006,0,0.0,0.0,0.0,0.0,1.0,0.0,0.0,0.0,0.0,00-0023534,-2.0
2008,0,0.0,0.0,0.0,0.0,0.0,0.0,0.0,0.0,0.0,00-0023534,0.0
2009,0,0.0,0.0,0.0,0.0,0.0,0.0,0.0,0.0,0.0,00-0023534,0.0
2011,0,0.0,0.0,0.0,0.0,0.0,-3.0,0.0,0.0,0.0,00-0023534,-0.30000000000000004
2012,0,0.0,0.0,0.0,0.0,0.0,0.0,0.0,0.0,0.0,00-0023534,0.0
2014,0,6.0,0.0,0.0,0.0,0.0,0.0,0.0,0.0,0.0,00-0023534,0.24
2015,0,0.0,0.0,0.0,0.0,0.0,0.0,0.0,0.0,0.0,00-0023534,0.0
2019,0,0.0,0.0,0.0,0.0,0.0,0.0,0.0,0.0,0.0,00-0023534,0.0
2005,32,0.0,0.0,0.0,0.0,0.0,0.0,0.0,512.0,3.0,00-0023438,101.2
2006,60,0.0,0.0,0.0,0.0,0.0,12.0,0.0,879.0,6.0,00-0023438,185.10000000000002
2007,80,0.0,0.0,0.0,0.0,2.0,0.0,0.0,1289.0,16.0,00-0023438,300.9
2008,55,0.0,0.0,0.0,0.0,0.0,0.0,2.0,877.0,3.0,00-0023438,164.7
2009,45,0.0,0.0,0.0,0.0,1.0,0.0,1.0,680.0,4.0,00-0023438,137.0
2010,53,0.0,0.0,0.0,0.0,1.0,4.0,1.0,904.0,7.0,00-0023438,185.8
2011,15,0.0,0.0,0.0,0.0,0.0,0.0,0.0,181.0,0.0,00-0023438,33.1
2012,18,0.0,0.0,0.0,0.0,0.0,0.0,0.0,199.0,1.0,00-0023438,43.900000000000006
2006,0,0.0,0.0,0.0,0.0,0.0,0.0,0.0,0.0,0.0,00-0023287,0.0
2007,0,0.0,0.0,0.0,0.0,0.0,0.0,0.0,0.0,0.0,00-0023287,0.0
2008,0,0.0,0.0,0.0,0.0,0.0,0.0,0.0,0.0,0.0,00-0023287,0.0
2012,0,0.0,0.0,0.0,0.0,0.0,0.0,0.0,0.0,0.0,00-0023287,0.0
2014,0,0.0,0.0,0.0,0.0,1.0,0.0,0.0,0.0,0.0,00-0023287,-2.0
2006,15,0.0,0.0,0.0,0.0,1.0,21.0,0.0,138.0,0.0,00-0024489,28.9
2007,9,0.0,0.0,0.0,0.0,0.0,8.0,0.0,60.0,0.0,00-0024489,15.8
2008,13,0.0,0.0,0.0,0.0,1.0,21.0,1.0,138.0,2.0,00-0024489,40.900000000000006
2009,12,0.0,0.0,0.0,0.0,2.0,5.0,0.0,79.0,0.0,00-0024489,16.4
2010,15,0.0,0.0,0.0,0.0,0.0,1.0,0.0,100.0,0.0,00-0024489,25.1
2011,9,0.0,0.0,0.0,0.0,1.0,24.0,0.0,46.0,0.0,00-0024489,14.0
2006,0,0.0,0.0,0.0,0.0,0.0,5.0,0.0,0.0,0.0,00-0022228,0.5
2005,37,0.0,0.0,0.0,0.0,0.0,0.0,0.0,273.0,2.0,00-0023612,76.3
2006,29,0.0,0.0,1.0,0.0,1.0,13.0,0.0,370.0,2.0,00-0023612,83.3
2007,46,0.0,0.0,0.0,0.0,2.0,0.0,0.0,421.0,1.0,00-0023612,90.1
2008,58,0.0,0.0,0.0,0.0,0.0,0.0,0.0,562.0,2.0,00-0023612,126.2
2009,45,0.0,0.0,0.0,0.0,1.0,0.0,0.0,440.0,1.0,00-0023612,93.0
2010,36,0.0,0.0,0.0,0.0,1.0,0.0,0.0,318.0,4.0,00-0023612,89.8
2005,1,0.0,0.0,0.0,0.0,0.0,0.0,0.0,26.0,0.0,00-0022100,3.6
2006,0,0.0,0.0,0.0,0.0,0.0,0.0,0.0,0.0,0.0,00-0022100,0.0
2006,0,0.0,0.0,0.0,0.0,0.0,2.0,0.0,0.0,0.0,00-0019153,0.2
2006,0,0.0,0.0,0.0,0.0,0.0,9.0,0.0,0.0,0.0,00-0023426,0.9
2006,0,0.0,0.0,0.0,0.0,1.0,0.0,0.0,0.0,0.0,00-0023790,-2.0
2007,4,0.0,0.0,0.0,0.0,2.0,0.0,0.0,23.0,0.0,00-0023790,2.3000000000000003
2008,1,0.0,0.0,0.0,0.0,0.0,0.0,0.0,12.0,0.0,00-0023790,2.2
2009,6,0.0,0.0,0.0,0.0,0.0,0.0,0.0,65.0,0.0,00-0023790,12.5
2010,0,0.0,0.0,0.0,0.0,0.0,0.0,0.0,0.0,0.0,00-0023790,0.0
2006,0,0.0,0.0,0.0,0.0,0.0,0.0,0.0,0.0,0.0,00-0018137,0.0
2006,0,0.0,0.0,0.0,0.0,0.0,-4.0,0.0,0.0,0.0,00-0024398,-0.4
2007,6,0.0,0.0,0.0,0.0,0.0,0.0,0.0,62.0,1.0,00-0024398,18.2
2008,0,0.0,0.0,0.0,0.0,3.0,0.0,0.0,0.0,0.0,00-0024398,-6.0
2003,3,0.0,0.0,0.0,0.0,0.0,0.0,0.0,18.0,0.0,00-0021931,4.8
2004,8,0.0,0.0,0.0,0.0,0.0,0.0,0.0,67.0,0.0,00-0021931,14.7
2005,19,0.0,0.0,0.0,0.0,0.0,0.0,0.0,211.0,1.0,00-0021931,46.1
2006,17,0.0,0.0,0.0,0.0,0.0,3.0,0.0,160.0,0.0,00-0021931,33.3
2007,65,0.0,0.0,0.0,0.0,0.0,30.0,0.0,800.0,4.0,00-0021931,172.0
2008,60,0.0,0.0,0.0,0.0,0.0,23.0,0.0,899.0,8.0,00-0021931,200.2
2009,53,0.0,0.0,0.0,0.0,0.0,26.0,0.0,611.0,2.0,00-0021931,128.7
2010,51,0.0,0.0,0.0,0.0,0.0,0.0,0.0,621.0,5.0,00-0021931,143.1
2011,39,0.0,0.0,0.0,0.0,0.0,0.0,0.0,474.0,3.0,00-0021931,104.4
2012,41,0.0,0.0,0.0,0.0,0.0,0.0,0.0,518.0,2.0,00-0021931,104.80000000000001
2006,0,0.0,0.0,0.0,0.0,0.0,0.0,0.0,0.0,0.0,00-0008484,0.0
2008,0,10.0,0.0,0.0,0.0,0.0,0.0,0.0,0.0,0.0,00-0008484,0.4
2009,0,0.0,0.0,0.0,0.0,0.0,0.0,0.0,0.0,0.0,00-0008484,0.0
2006,0,1297.0,10.0,0.0,6.0,0.0,112.0,0.0,0.0,0.0,00-0023460,91.08
2007,0,2700.0,12.0,1.0,11.0,8.0,186.0,2.0,0.0,0.0,00-0023460,146.6
2008,0,3245.0,13.0,1.0,6.0,1.0,258.0,0.0,0.0,0.0,00-0023460,199.60000000000002
2009,0,3618.0,20.0,1.0,15.0,3.0,236.0,0.0,0.0,0.0,00-0023460,218.32
2010,1,2387.0,13.0,1.0,8.0,1.0,220.0,0.0,1.0,0.0,00-0023460,158.58
2011,0,1170.0,6.0,2.0,4.0,1.0,60.0,0.0,0.0,0.0,00-0023460,78.80000000000001
2012,0,265.0,2.0,0.0,2.0,0.0,28.0,0.0,0.0,0.0,00-0023460,17.400000000000002
2013,0,2015.0,11.0,0.0,8.0,2.0,107.0,0.0,0.0,0.0,00-0023460,115.30000000000001
2014,0,74.0,0.0,0.0,0.0,1.0,1.0,0.0,0.0,0.0,00-0023460,1.06
2003,5,0.0,0.0,0.0,0.0,0.0,0.0,0.0,48.0,0.0,00-0021273,9.8
2004,8,0.0,0.0,0.0,0.0,0.0,0.0,0.0,70.0,4.0,00-0021273,39.0
2005,18,0.0,0.0,0.0,0.0,0.0,0.0,0.0,131.0,1.0,00-0021273,37.1
2006,23,0.0,0.0,0.0,0.0,0.0,-9.0,0.0,233.0,3.0,00-0021273,63.400000000000006
2007,25,0.0,0.0,0.0,0.0,2.0,0.0,0.0,248.0,3.0,00-0021273,63.8
2008,33,0.0,0.0,0.0,0.0,2.0,0.0,0.0,351.0,1.0,00-0021273,70.1
2009,11,0.0,0.0,0.0,0.0,0.0,0.0,0.0,130.0,1.0,00-0021273,30.0
2010,5,0.0,0.0,0.0,0.0,0.0,0.0,0.0,56.0,1.0,00-0021273,16.6
2006,0,412.0,2.0,0.0,1.0,0.0,7.0,0.0,0.0,0.0,00-0020565,23.18
2007,0,1773.0,6.0,4.0,6.0,3.0,92.0,0.0,0.0,0.0,00-0020565,110.12
2008,0,0.0,0.0,0.0,0.0,0.0,-3.0,0.0,0.0,0.0,00-0020565,-0.30000000000000004
2006,22,0.0,0.0,0.0,1.0,0.0,0.0,0.0,464.0,2.0,00-0024013,78.4
2007,16,0.0,0.0,0.0,0.0,0.0,0.0,0.0,142.0,1.0,00-0024013,36.2
2008,33,0.0,0.0,0.0,0.0,0.0,0.0,0.0,437.0,3.0,00-0024013,94.7
2009,5,0.0,0.0,0.0,0.0,0.0,0.0,0.0,34.0,0.0,00-0024013,8.4
2010,1,0.0,0.0,0.0,0.0,0.0,0.0,0.0,18.0,0.0,00-0024013,2.8
2005,3,0.0,0.0,0.0,0.0,1.0,0.0,0.0,13.0,0.0,00-0022143,2.3
2006,21,0.0,0.0,0.0,0.0,1.0,50.0,0.0,182.0,2.0,00-0022143,54.2
2007,6,0.0,0.0,1.0,0.0,0.0,7.0,0.0,36.0,0.0,00-0022143,16.3
2008,8,0.0,0.0,0.0,0.0,0.0,16.0,0.0,57.0,0.0,00-0022143,15.3
2009,7,0.0,0.0,0.0,0.0,0.0,10.0,0.0,51.0,1.0,00-0022143,19.1
2010,13,0.0,0.0,0.0,0.0,0.0,36.0,0.0,126.0,1.0,00-0022143,35.2
2011,4,0.0,0.0,0.0,0.0,0.0,1.0,0.0,25.0,2.0,00-0022143,18.6
2006,0,0.0,0.0,0.0,0.0,1.0,0.0,0.0,0.0,0.0,00-0018605,-2.0
2002,27,0.0,0.0,0.0,0.0,0.0,0.0,0.0,212.0,2.0,00-0021084,60.2
2003,24,0.0,0.0,0.0,0.0,0.0,0.0,0.0,332.0,2.0,00-0021084,69.2
2004,21,0.0,0.0,0.0,0.0,1.0,0.0,0.0,201.0,4.0,00-0021084,63.1
2005,18,0.0,0.0,0.0,0.0,1.0,0.0,1.0,193.0,1.0,00-0021084,43.3
2006,14,0.0,0.0,0.0,0.0,0.0,0.0,0.0,214.0,2.0,00-0021084,47.400000000000006
2007,11,0.0,0.0,0.0,0.0,0.0,0.0,0.0,108.0,1.0,00-0021084,27.8
2008,2,0.0,0.0,0.0,0.0,0.0,0.0,0.0,10.0,0.0,00-0021084,3.0
2006,0,793.0,5.0,0.0,8.0,1.0,47.0,0.0,0.0,0.0,00-0023645,38.42
2007,0,3786.0,29.0,3.0,19.0,2.0,77.0,1.0,0.0,0.0,00-0023645,253.14
2008,0,1615.0,9.0,0.0,8.0,2.0,58.0,2.0,0.0,0.0,00-0023645,90.39999999999999
2009,0,888.0,3.0,2.0,10.0,3.0,8.0,0.0,0.0,0.0,00-0023645,34.32000000000001
2010,0,2065.0,7.0,0.0,10.0,3.0,25.0,1.0,0.0,0.0,00-0023645,89.10000000000001
2011,0,0.0,0.0,0.0,0.0,0.0,-2.0,0.0,0.0,0.0,00-0023645,-0.2
2012,0,58.0,0.0,0.0,0.0,0.0,0.0,0.0,0.0,0.0,00-0023645,2.32
2013,0,0.0,0.0,0.0,0.0,0.0,0.0,0.0,0.0,0.0,00-0023645,0.0
2014,0,701.0,5.0,0.0,0.0,0.0,24.0,0.0,0.0,0.0,00-0023645,50.44
2015,0,36.0,0.0,0.0,0.0,0.0,-2.0,0.0,0.0,0.0,00-0023645,1.24
2016,0,453.0,2.0,0.0,5.0,1.0,4.0,1.0,0.0,0.0,00-0023645,16.520000000000003
2017,0,17.0,0.0,0.0,0.0,0.0,-2.0,0.0,0.0,0.0,00-0023645,0.48000000000000004
2018,0,465.0,0.0,0.0,4.0,2.0,-1.0,0.0,0.0,0.0,00-0023645,6.500000000000002
2003,2,0.0,0.0,0.0,0.0,0.0,0.0,0.0,16.0,0.0,00-0020550,3.6
2004,9,0.0,0.0,0.0,0.0,0.0,0.0,0.0,94.0,1.0,00-0020550,24.4
2005,6,0.0,0.0,0.0,0.0,0.0,0.0,0.0,55.0,0.0,00-0020550,11.5
2006,2,0.0,0.0,0.0,0.0,1.0,0.0,0.0,14.0,1.0,00-0020550,7.4
2007,1,0.0,0.0,0.0,0.0,0.0,0.0,0.0,8.0,0.0,00-0020550,1.8
2008,5,0.0,0.0,0.0,0.0,0.0,0.0,0.0,41.0,1.0,00-0020550,15.100000000000001
2009,5,0.0,0.0,0.0,0.0,0.0,0.0,0.0,22.0,1.0,00-0020550,13.2
2006,0,0.0,0.0,0.0,0.0,1.0,0.0,0.0,0.0,0.0,00-0021224,-2.0
2006,0,475.0,2.0,1.0,4.0,1.0,79.0,0.0,0.0,0.0,00-0024279,30.9
2007,0,1911.0,9.0,3.0,12.0,3.0,260.0,2.0,0.0,0.0,00-0024279,130.44
2008,0,1056.0,9.0,0.0,2.0,3.0,140.0,0.0,0.0,0.0,00-0024279,82.24000000000001
2009,0,201.0,1.0,0.0,0.0,0.0,-10.0,0.0,0.0,0.0,00-0024279,11.040000000000001
2010,0,341.0,3.0,0.0,4.0,0.0,63.0,1.0,0.0,0.0,00-0024279,25.94
2011,0,3091.0,14.0,1.0,13.0,5.0,108.0,0.0,0.0,0.0,00-0024279,160.44
2013,0,151.0,1.0,1.0,0.0,0.0,1.0,0.0,0.0,0.0,00-0024279,16.14
2014,0,0.0,0.0,0.0,0.0,0.0,0.0,0.0,0.0,0.0,00-0024279,0.0
2015,0,37.0,0.0,0.0,0.0,0.0,-8.0,0.0,0.0,0.0,00-0024279,0.6799999999999999
2005,3,0.0,0.0,0.0,0.0,0.0,0.0,0.0,59.0,0.0,00-0023496,8.9
2006,27,0.0,0.0,0.0,0.0,0.0,16.0,1.0,453.0,6.0,00-0023496,111.9
2007,41,0.0,0.0,0.0,0.0,0.0,0.0,0.0,623.0,3.0,00-0023496,121.30000000000001
2008,59,0.0,0.0,0.0,0.0,1.0,69.0,0.0,1098.0,7.0,00-0023496,215.70000000000002
2009,68,0.0,0.0,0.0,0.0,0.0,11.0,0.0,1167.0,9.0,00-0023496,239.8
2010,14,0.0,0.0,0.0,0.0,0.0,14.0,0.0,248.0,3.0,00-0023496,58.2
2011,60,0.0,0.0,0.0,0.0,0.0,51.0,0.0,1106.0,9.0,00-0023496,229.7
2012,72,0.0,0.0,0.0,0.0,0.0,0.0,1.0,1384.0,8.0,00-0023496,260.4
2013,78,0.0,0.0,0.0,0.0,0.0,0.0,0.0,1224.0,7.0,00-0023496,242.4
2014,70,0.0,0.0,0.0,0.0,1.0,0.0,0.0,1002.0,2.0,00-0023496,180.2
2015,33,0.0,0.0,0.0,0.0,0.0,0.0,1.0,543.0,3.0,00-0023496,107.30000000000001
2016,15,0.0,0.0,0.0,0.0,0.0,0.0,0.0,173.0,0.0,00-0023496,32.3
2006,0,1001.0,9.0,0.0,5.0,2.0,18.0,0.0,0.0,0.0,00-0024226,63.83999999999999
2007,0,3497.0,20.0,1.0,14.0,4.0,205.0,0.0,0.0,0.0,00-0024226,210.38
2008,0,4525.0,25.0,2.0,18.0,2.0,200.0,2.0,0.0,0.0,00-0024226,277.0
2009,0,3666.0,27.0,1.0,26.0,1.0,172.0,2.0,0.0,0.0,00-0024226,227.84
2010,0,3274.0,23.0,1.0,16.0,6.0,232.0,1.0,0.0,0.0,00-0024226,210.16000000000003
2011,0,2319.0,13.0,1.0,7.0,3.0,46.0,0.0,0.0,0.0,00-0024226,135.35999999999999
2012,0,3033.0,19.0,0.0,14.0,4.0,233.0,0.0,0.0,0.0,00-0024226,184.62
2013,0,2621.0,19.0,0.0,12.0,3.0,118.0,3.0,0.0,0.0,00-0024226,168.64000000000001
2014,0,3812.0,28.0,2.0,18.0,6.0,191.0,4.0,0.0,0.0,00-0024226,255.58
2015,0,3659.0,21.0,1.0,11.0,5.0,201.0,1.0,0.0,0.0,00-0024226,226.46
2016,0,1059.0,4.0,0.0,5.0,2.0,24.0,0.0,0.0,0.0,00-0024226,46.76
2017,0,2666.0,19.0,0.0,14.0,0.0,32.0,0.0,0.0,0.0,00-0024226,157.83999999999997
2006,0,0.0,0.0,0.0,0.0,0.0,2.0,0.0,0.0,0.0,00-0004811,0.2
2006,1,0.0,0.0,0.0,0.0,0.0,18.0,0.0,15.0,0.0,00-0022999,4.3
2007,2,0.0,0.0,0.0,0.0,0.0,0.0,0.0,7.0,0.0,00-0022999,2.7
2008,4,0.0,0.0,1.0,0.0,0.0,10.0,0.0,21.0,2.0,00-0022999,25.1
2009,7,0.0,0.0,1.0,0.0,0.0,18.0,0.0,47.0,2.0,00-0022999,31.5
2010,15,0.0,0.0,4.0,0.0,0.0,281.0,0.0,97.0,2.0,00-0022999,88.8
2011,15,0.0,0.0,4.0,0.0,0.0,78.0,0.0,77.0,2.0,00-0022999,66.5
2012,15,0.0,0.0,1.0,0.0,0.0,63.0,0.0,148.0,0.0,00-0022999,42.1
2013,13,0.0,0.0,1.0,0.0,1.0,38.0,0.0,81.0,0.0,00-0022999,28.9
2014,4,0.0,0.0,1.0,0.0,0.0,85.0,0.0,23.0,0.0,00-0022999,20.8
2015,6,0.0,0.0,2.0,0.0,0.0,28.0,0.0,56.0,0.0,00-0022999,26.400000000000002
2016,16,0.0,0.0,4.0,0.0,0.0,37.0,0.0,70.0,1.0,00-0022999,56.7
2017,0,0.0,0.0,0.0,0.0,0.0,2.0,0.0,0.0,0.0,00-0022999,0.2
2006,0,0.0,0.0,0.0,0.0,1.0,0.0,0.0,0.0,0.0,00-0024234,-2.0
2008,0,0.0,0.0,0.0,0.0,0.0,0.0,0.0,0.0,0.0,00-0024234,0.0
2011,0,0.0,0.0,0.0,0.0,2.0,1.0,0.0,0.0,0.0,00-0024234,-3.9
2012,1,0.0,0.0,0.0,0.0,0.0,0.0,0.0,-2.0,0.0,00-0024234,0.8
2006,20,0.0,0.0,0.0,0.0,1.0,5.0,0.0,265.0,3.0,00-0024221,63.0
2007,52,0.0,0.0,0.0,0.0,1.0,0.0,0.0,509.0,4.0,00-0024221,124.9
2008,31,0.0,0.0,0.0,0.0,1.0,11.0,0.0,358.0,2.0,00-0024221,77.9
2009,78,0.0,0.0,0.0,0.0,0.0,0.0,0.0,965.0,13.0,00-0024221,252.5
2010,56,0.0,0.0,0.0,0.0,0.0,0.0,1.0,914.0,7.0,00-0024221,191.4
2011,67,0.0,0.0,0.0,0.0,1.0,-5.0,0.0,792.0,6.0,00-0024221,179.7
2012,41,0.0,0.0,0.0,0.0,0.0,0.0,0.0,548.0,5.0,00-0024221,125.80000000000001
2013,52,0.0,0.0,0.0,0.0,1.0,0.0,0.0,850.0,13.0,00-0024221,213.0
2014,26,0.0,0.0,0.0,0.0,0.0,4.0,0.0,245.0,2.0,00-0024221,62.9
2015,38,0.0,0.0,0.0,0.0,0.0,0.0,0.0,395.0,0.0,00-0024221,77.5
2016,44,0.0,0.0,0.0,0.0,0.0,0.0,0.0,581.0,2.0,00-0024221,114.1
2017,43,0.0,0.0,0.0,0.0,2.0,0.0,0.0,648.0,3.0,00-0024221,121.8
2018,25,0.0,0.0,0.0,0.0,0.0,0.0,1.0,367.0,2.0,00-0024221,75.7
2019,10,0.0,0.0,0.0,0.0,0.0,0.0,0.0,123.0,1.0,00-0024221,28.3
2006,0,0.0,0.0,0.0,0.0,1.0,0.0,0.0,0.0,0.0,00-0023921,-2.0
2007,5,0.0,0.0,0.0,0.0,0.0,0.0,0.0,76.0,0.0,00-0023921,12.600000000000001
2008,13,0.0,0.0,0.0,0.0,0.0,0.0,0.0,278.0,3.0,00-0023921,58.8
2009,81,0.0,0.0,0.0,0.0,0.0,-2.0,0.0,1320.0,11.0,00-0023921,278.8
2010,69,0.0,0.0,1.0,0.0,1.0,93.0,0.0,1041.0,7.0,00-0023921,228.4
2011,43,0.0,0.0,0.0,0.0,0.0,3.0,0.0,579.0,7.0,00-0023921,143.2
2012,66,0.0,0.0,0.0,0.0,1.0,0.0,0.0,943.0,6.0,00-0023921,194.3
2013,24,0.0,0.0,0.0,0.0,0.0,0.0,0.0,244.0,0.0,00-0023921,48.400000000000006
2014,47,0.0,0.0,0.0,0.0,0.0,0.0,0.0,568.0,2.0,00-0023921,115.80000000000001
2015,13,0.0,0.0,0.0,0.0,0.0,0.0,0.0,224.0,1.0,00-0023921,41.400000000000006
2006,0,0.0,0.0,0.0,0.0,0.0,8.0,0.0,0.0,0.0,00-0024407,0.8
2004,5,0.0,0.0,0.0,0.0,0.0,0.0,0.0,50.0,0.0,00-0022922,10.0
2006,89,0.0,0.0,0.0,0.0,0.0,0.0,0.0,875.0,3.0,00-0022922,194.5
2007,82,0.0,0.0,0.0,0.0,1.0,0.0,1.0,1106.0,5.0,00-0022922,222.60000000000002
2008,43,0.0,0.0,0.0,0.0,1.0,0.0,0.0,428.0,3.0,00-0022922,101.80000000000001
2009,77,0.0,0.0,0.0,0.0,0.0,7.0,0.0,887.0,5.0,00-0022922,196.4
2010,66,0.0,0.0,0.0,0.0,0.0,0.0,0.0,730.0,5.0,00-0022922,169.0
2011,75,0.0,0.0,0.0,0.0,1.0,0.0,2.0,763.0,2.0,00-0022922,165.3
2012,1,0.0,0.0,0.0,0.0,0.0,0.0,0.0,12.0,0.0,00-0022922,2.2
2013,31,0.0,0.0,0.0,0.0,0.0,0.0,0.0,388.0,2.0,00-0022922,81.80000000000001
2006,20,0.0,0.0,0.0,0.0,0.0,12.0,0.0,309.0,2.0,00-0024334,64.10000000000001
2007,102,0.0,0.0,0.0,0.0,1.0,57.0,0.0,1325.0,7.0,00-0024334,280.2
2008,104,0.0,0.0,0.0,0.0,3.0,-4.0,0.0,1265.0,6.0,00-0024334,260.1
2009,101,0.0,0.0,0.0,0.0,0.0,39.0,0.0,1120.0,10.0,00-0024334,276.9
2010,86,0.0,0.0,0.0,0.0,1.0,3.0,0.0,1014.0,3.0,00-0024334,203.7
2011,81,0.0,0.0,0.0,0.0,1.0,13.0,0.0,1214.0,6.0,00-0024334,237.7
2012,118,0.0,0.0,0.0,0.0,0.0,-2.0,0.0,1508.0,11.0,00-0024334,334.6
2013,100,0.0,0.0,0.0,0.0,0.0,0.0,2.0,1295.0,12.0,00-0024334,305.5
2014,61,0.0,0.0,0.0,0.0,1.0,0.0,0.0,721.0,8.0,00-0024334,179.10000000000002
2015,109,0.0,0.0,0.0,0.0,2.0,0.0,0.0,1502.0,14.0,00-0024334,339.20000000000005
2016,59,0.0,0.0,0.0,0.0,0.0,0.0,0.0,788.0,4.0,00-0024334,161.8
2017,18,0.0,0.0,0.0,0.0,0.0,0.0,0.0,154.0,0.0,00-0024334,33.4
2018,11,0.0,0.0,0.0,0.0,0.0,0.0,0.0,136.0,1.0,00-0024334,30.6
2006,0,0.0,0.0,0.0,0.0,0.0,0.0,0.0,0.0,0.0,00-0023825,0.0
2008,0,0.0,0.0,0.0,0.0,1.0,0.0,0.0,0.0,0.0,00-0023825,-2.0
2006,0,56.0,0.0,0.0,1.0,0.0,2.0,0.0,0.0,0.0,00-0023859,0.4400000000000002
2006,3,0.0,0.0,1.0,0.0,0.0,123.0,0.0,40.0,0.0,00-0023844,25.3
2008,0,0.0,0.0,0.0,0.0,0.0,37.0,0.0,0.0,0.0,00-0023844,3.7
2006,9,0.0,0.0,0.0,0.0,0.0,0.0,0.0,126.0,0.0,00-0023222,21.6
2006,0,0.0,0.0,0.0,0.0,0.0,0.0,0.0,0.0,0.0,00-0022581,0.0
2006,0,0.0,0.0,0.0,0.0,1.0,0.0,0.0,0.0,0.0,00-0020836,-2.0
2006,0,0.0,0.0,0.0,0.0,0.0,0.0,0.0,0.0,0.0,00-0024148,0.0
2007,0,0.0,0.0,1.0,0.0,2.0,72.0,0.0,0.0,0.0,00-0024148,9.2
2006,5,0.0,0.0,0.0,0.0,0.0,29.0,0.0,14.0,1.0,00-0024202,15.3
2006,0,0.0,0.0,0.0,0.0,0.0,-5.0,0.0,0.0,0.0,00-0024362,-0.5
2006,1,0.0,0.0,0.0,0.0,0.0,8.0,0.0,9.0,0.0,00-0022308,2.7
2006,0,0.0,0.0,0.0,0.0,0.0,2.0,0.0,0.0,0.0,00-0022590,0.2
2007,0,28.0,0.0,0.0,0.0,0.0,2.0,0.0,0.0,0.0,00-0022590,1.32
2006,7,0.0,0.0,0.0,0.0,0.0,29.0,0.0,102.0,0.0,00-0024305,20.1
2007,10,0.0,0.0,0.0,0.0,0.0,0.0,0.0,86.0,1.0,00-0024305,24.6
2008,3,0.0,0.0,0.0,0.0,1.0,0.0,0.0,25.0,0.0,00-0024305,3.5
2009,24,0.0,0.0,0.0,0.0,0.0,0.0,0.0,366.0,1.0,00-0024305,66.6
2010,7,0.0,0.0,0.0,0.0,0.0,0.0,0.0,81.0,1.0,00-0024305,21.1
2011,1,0.0,0.0,0.0,0.0,0.0,0.0,0.0,8.0,0.0,00-0024305,1.8
2006,0,0.0,0.0,0.0,0.0,0.0,0.0,0.0,0.0,0.0,00-0024299,0.0
2007,0,0.0,0.0,0.0,0.0,1.0,0.0,0.0,0.0,0.0,00-0024299,-2.0
2006,2,0.0,0.0,0.0,0.0,0.0,9.0,0.0,20.0,0.0,00-0023159,4.9
2007,0,0.0,0.0,0.0,0.0,0.0,5.0,0.0,0.0,0.0,00-0024110,0.5
2009,0,0.0,0.0,0.0,1.0,0.0,42.0,0.0,0.0,0.0,00-0024110,2.2
2010,0,0.0,0.0,0.0,0.0,0.0,17.0,0.0,0.0,0.0,00-0024110,1.7000000000000002
2011,0,0.0,0.0,0.0,0.0,0.0,0.0,0.0,0.0,0.0,00-0024110,0.0
2013,0,0.0,0.0,0.0,0.0,0.0,0.0,0.0,0.0,0.0,00-0024110,0.0
2014,0,0.0,0.0,0.0,0.0,0.0,0.0,0.0,0.0,0.0,00-0024110,0.0
2005,3,0.0,0.0,0.0,0.0,0.0,0.0,0.0,20.0,0.0,00-0021813,5.0
2006,4,0.0,0.0,0.0,0.0,0.0,0.0,0.0,37.0,0.0,00-0021813,7.7
2003,29,0.0,0.0,0.0,0.0,0.0,0.0,0.0,340.0,1.0,00-0022165,69.0
2004,25,0.0,0.0,0.0,0.0,1.0,0.0,0.0,423.0,5.0,00-0022165,95.30000000000001
2005,37,0.0,0.0,0.0,0.0,0.0,0.0,0.0,488.0,4.0,00-0022165,109.80000000000001
2006,30,0.0,0.0,0.0,0.0,0.0,0.0,0.0,367.0,4.0,00-0022165,90.7
2007,58,0.0,0.0,0.0,0.0,0.0,29.0,0.0,616.0,11.0,00-0022165,188.5
2008,77,0.0,0.0,0.0,0.0,1.0,0.0,0.0,848.0,6.0,00-0022165,195.8
2009,100,0.0,0.0,0.0,0.0,0.0,11.0,0.0,1106.0,10.0,00-0022165,271.7
2010,37,0.0,0.0,0.0,0.0,0.0,0.0,0.0,347.0,3.0,00-0022165,89.7
2011,34,0.0,0.0,0.0,0.0,1.0,0.0,0.0,352.0,2.0,00-0022165,79.2
2012,47,0.0,0.0,0.0,0.0,0.0,0.0,0.0,435.0,4.0,00-0022165,114.5
2013,31,0.0,0.0,0.0,0.0,0.0,0.0,0.0,343.0,3.0,00-0022165,83.30000000000001
2007,19,0.0,0.0,12.0,0.0,3.0,1341.0,0.0,268.0,1.0,00-0025394,251.9
2008,21,0.0,0.0,10.0,0.0,4.0,1757.0,0.0,125.0,0.0,00-0025394,261.20000000000005
2009,43,0.0,0.0,18.0,0.0,6.0,1389.0,0.0,436.0,0.0,00-0025394,321.5
2010,36,0.0,0.0,12.0,0.0,1.0,1298.0,0.0,341.0,1.0,00-0025394,275.90000000000003
2011,18,0.0,0.0,12.0,0.0,0.0,970.0,0.0,131.0,1.0,00-0025394,206.1
2012,40,0.0,0.0,12.0,0.0,2.0,2097.0,1.0,217.0,1.0,00-0025394,347.40000000000003
2013,29,0.0,0.0,10.0,0.0,3.0,1266.0,0.0,171.0,1.0,00-0025394,232.70000000000002
2014,2,0.0,0.0,0.0,0.0,0.0,75.0,0.0,18.0,0.0,00-0025394,11.3
2015,30,0.0,0.0,11.0,0.0,3.0,1485.0,0.0,222.0,0.0,00-0025394,260.7
2016,3,0.0,0.0,0.0,0.0,1.0,72.0,0.0,8.0,0.0,00-0025394,9.0
2017,11,0.0,0.0,2.0,0.0,2.0,529.0,0.0,70.0,0.0,00-0025394,78.9
2018,20,0.0,0.0,7.0,0.0,2.0,1042.0,0.0,208.0,1.0,00-0025394,189.0
2019,17,0.0,0.0,5.0,0.0,2.0,898.0,0.0,142.0,0.0,00-0025394,147.0
2020,12,0.0,0.0,7.0,0.0,0.0,604.0,0.0,101.0,0.0,00-0025394,124.5
2021,4,0.0,0.0,2.0,0.0,0.0,98.0,0.0,8.0,0.0,00-0025394,26.6
2007,1,0.0,0.0,0.0,0.0,0.0,15.0,0.0,7.0,0.0,00-0023774,3.2
2008,16,0.0,0.0,0.0,0.0,1.0,0.0,0.0,37.0,0.0,00-0023774,17.7
2009,10,0.0,0.0,0.0,0.0,0.0,5.0,0.0,67.0,1.0,00-0023774,23.2
2010,6,0.0,0.0,0.0,0.0,0.0,1.0,0.0,39.0,1.0,00-0023774,16.0
2007,20,0.0,0.0,0.0,0.0,0.0,9.0,0.0,188.0,1.0,00-0025417,45.7
2008,4,0.0,0.0,0.0,0.0,0.0,0.0,0.0,59.0,0.0,00-0025417,9.9
2009,6,0.0,0.0,0.0,0.0,0.0,4.0,0.0,52.0,0.0,00-0025417,11.600000000000001
2010,21,0.0,0.0,0.0,0.0,0.0,0.0,0.0,259.0,1.0,00-0025417,52.900000000000006
2007,0,0.0,0.0,0.0,0.0,1.0,0.0,0.0,0.0,0.0,00-0023354,-2.0
2007,18,8.0,1.0,7.0,0.0,1.0,1115.0,1.0,184.0,0.0,00-0025399,194.22
2008,47,0.0,0.0,8.0,0.0,1.0,1047.0,0.0,300.0,1.0,00-0025399,233.7
2009,28,0.0,0.0,2.0,0.0,1.0,450.0,0.0,179.0,0.0,00-0025399,100.9
2010,22,0.0,0.0,6.0,0.0,4.0,737.0,0.0,145.0,0.0,00-0025399,138.2
2011,28,0.0,0.0,12.0,0.0,2.0,1204.0,0.0,212.0,1.0,00-0025399,243.60000000000002
2012,23,0.0,0.0,11.0,0.0,2.0,1590.0,0.0,196.0,1.0,00-0025399,269.6
2013,36,0.0,0.0,12.0,0.0,1.0,1257.0,0.0,316.0,2.0,00-0025399,275.3
2014,37,0.0,0.0,13.0,0.0,2.0,1306.0,0.0,367.0,4.0,00-0025399,302.3
2015,13,0.0,0.0,3.0,0.0,0.0,417.0,1.0,80.0,0.0,00-0025399,82.7
2017,20,0.0,0.0,7.0,0.0,1.0,891.0,0.0,151.0,0.0,00-0025399,164.20000000000002
2018,15,0.0,0.0,3.0,0.0,0.0,376.0,0.0,84.0,0.0,00-0025399,79.0
2019,0,0.0,0.0,1.0,0.0,0.0,34.0,0.0,0.0,0.0,00-0025399,9.4
2007,35,0.0,0.0,1.0,0.0,1.0,729.0,0.0,231.0,0.0,00-0024549,135.0
2008,3,0.0,0.0,1.0,0.0,1.0,303.0,0.0,16.0,0.0,00-0024549,38.9
2007,15,0.0,0.0,0.0,0.0,2.0,-1.0,0.0,149.0,0.0,00-0025460,25.8
2008,3,0.0,0.0,0.0,0.0,1.0,-5.0,0.0,81.0,0.0,00-0025460,8.6
2009,27,0.0,0.0,0.0,0.0,0.0,22.0,0.0,437.0,6.0,00-0025460,108.9
2010,51,0.0,0.0,0.0,0.0,0.0,7.0,1.0,562.0,3.0,00-0025460,127.9
2011,31,0.0,0.0,0.0,0.0,0.0,17.0,0.0,512.0,2.0,00-0025460,95.9
2012,30,0.0,0.0,0.0,0.0,0.0,6.0,0.0,406.0,1.0,00-0025460,77.2
2013,37,0.0,0.0,0.0,0.0,0.0,0.0,0.0,449.0,2.0,00-0025460,93.9
2014,9,0.0,0.0,0.0,0.0,2.0,16.0,0.0,131.0,0.0,00-0025460,19.700000000000003
2015,0,0.0,0.0,0.0,0.0,1.0,0.0,0.0,0.0,0.0,00-0025460,-2.0
2007,34,0.0,0.0,0.0,0.0,1.0,3.0,0.0,420.0,2.0,00-0025396,86.3
2008,56,0.0,0.0,2.0,0.0,0.0,73.0,0.0,790.0,2.0,00-0025396,166.3
2009,38,0.0,0.0,0.0,0.0,0.0,48.0,0.0,454.0,1.0,00-0025396,94.2
2010,12,0.0,0.0,0.0,0.0,0.0,11.0,0.0,163.0,1.0,00-0025396,35.400000000000006
2011,19,0.0,0.0,0.0,0.0,0.0,68.0,0.0,220.0,0.0,00-0025396,47.8
2012,2,0.0,0.0,0.0,0.0,1.0,7.0,0.0,1.0,0.0,00-0025396,0.8000000000000002
2013,36,0.0,0.0,0.0,0.0,0.0,29.0,0.0,556.0,5.0,00-0025396,124.5
2014,14,10.0,0.0,0.0,0.0,0.0,6.0,0.0,190.0,0.0,00-0025396,34.0
2015,44,0.0,0.0,0.0,0.0,0.0,60.0,0.0,739.0,10.0,00-0025396,183.9
2016,54,0.0,0.0,0.0,0.0,2.0,98.0,0.0,752.0,4.0,00-0025396,159.0
2017,53,0.0,0.0,0.0,0.0,0.0,39.0,0.0,787.0,4.0,00-0025396,159.60000000000002
2018,17,0.0,0.0,0.0,0.0,1.0,26.0,1.0,209.0,2.0,00-0025396,52.5
2019,30,0.0,0.0,0.0,0.0,0.0,18.0,0.0,421.0,2.0,00-0025396,85.9
2020,3,0.0,0.0,0.0,0.0,0.0,0.0,0.0,40.0,0.0,00-0025396,7.0
2007,0,15.0,0.0,0.0,0.0,0.0,-13.0,0.0,0.0,0.0,00-0024824,-0.7000000000000001
2009,0,3.0,0.0,0.0,0.0,0.0,0.0,0.0,0.0,0.0,00-0024824,0.12
2007,13,0.0,0.0,3.0,0.0,0.0,533.0,0.0,77.0,1.0,00-0022206,98.00000000000001
2007,2,0.0,0.0,1.0,0.0,1.0,190.0,0.0,12.0,0.0,00-0025637,26.2
2008,5,0.0,0.0,1.0,0.0,0.0,355.0,0.0,42.0,1.0,00-0025637,56.7
2009,21,0.0,0.0,7.0,0.0,2.0,778.0,0.0,207.0,0.0,00-0025637,157.5
2010,47,0.0,0.0,8.0,0.0,6.0,1235.0,1.0,314.0,0.0,00-0025637,239.9
2011,34,0.0,0.0,9.0,0.0,1.0,659.0,1.0,267.0,2.0,00-0025637,192.60000000000002
2012,23,0.0,0.0,6.0,0.0,3.0,1015.0,0.0,245.0,0.0,00-0025637,179.0
2013,7,0.0,0.0,2.0,0.0,0.0,186.0,0.0,42.0,0.0,00-0025637,41.800000000000004
2014,38,0.0,0.0,2.0,0.0,2.0,425.0,0.0,300.0,6.0,00-0025637,154.5
2015,10,0.0,0.0,0.0,0.0,0.0,85.0,0.0,64.0,3.0,00-0025637,42.9
2007,16,0.0,0.0,1.0,0.0,0.0,267.0,0.0,130.0,0.0,00-0025450,61.7
2008,30,0.0,0.0,1.0,0.0,0.0,248.0,0.0,185.0,0.0,00-0025450,79.3
2009,21,0.0,0.0,2.0,0.0,0.0,111.0,1.0,187.0,1.0,00-0025450,70.8
2010,43,0.0,0.0,3.0,0.0,0.0,703.0,0.0,342.0,1.0,00-0025450,171.5
2012,2,0.0,0.0,0.0,0.0,0.0,54.0,0.0,20.0,0.0,00-0025450,9.4
2007,9,0.0,0.0,4.0,0.0,0.0,203.0,0.0,73.0,0.0,00-0025615,60.599999999999994
2008,3,0.0,0.0,1.0,0.0,0.0,110.0,0.0,30.0,0.0,00-0025615,23.0
2009,2,0.0,0.0,0.0,0.0,0.0,19.0,0.0,19.0,0.0,00-0025615,5.800000000000001
2007,0,0.0,0.0,0.0,0.0,1.0,0.0,0.0,0.0,0.0,00-0022791,-2.0
2007,12,0.0,0.0,0.0,0.0,0.0,68.0,0.0,49.0,0.0,00-0022434,23.700000000000003
2008,5,0.0,0.0,0.0,0.0,0.0,35.0,0.0,27.0,0.0,00-0022434,11.2
2009,0,0.0,0.0,0.0,0.0,0.0,15.0,0.0,0.0,0.0,00-0022434,1.5
2007,0,0.0,0.0,0.0,0.0,0.0,0.0,0.0,0.0,0.0,00-0025406,0.0
2006,5,0.0,0.0,0.0,0.0,0.0,0.0,0.0,25.0,0.0,00-0024259,7.5
2007,21,0.0,0.0,0.0,0.0,1.0,4.0,0.0,225.0,0.0,00-0024259,41.9
2008,12,0.0,0.0,0.0,0.0,0.0,0.0,0.0,153.0,2.0,00-0024259,39.3
2009,1,0.0,0.0,0.0,0.0,1.0,0.0,0.0,18.0,1.0,00-0024259,6.8
2005,5,0.0,0.0,0.0,0.0,0.0,0.0,0.0,19.0,0.0,00-0022397,6.9
2006,6,0.0,0.0,0.0,0.0,0.0,0.0,0.0,61.0,1.0,00-0022397,18.1
2007,25,0.0,0.0,1.0,0.0,1.0,2.0,0.0,108.0,2.0,00-0022397,52.0
2008,12,0.0,0.0,1.0,0.0,0.0,1.0,0.0,103.0,0.0,00-0022397,28.400000000000002
2009,20,0.0,0.0,0.0,0.0,0.0,0.0,0.0,155.0,1.0,00-0022397,41.5
2010,8,0.0,0.0,0.0,0.0,0.0,0.0,0.0,91.0,0.0,00-0022397,17.1
2011,15,0.0,0.0,0.0,0.0,0.0,35.0,0.0,69.0,0.0,00-0022397,25.4
2012,21,0.0,0.0,1.0,0.0,0.0,32.0,0.0,143.0,0.0,00-0022397,44.5
2013,11,0.0,0.0,0.0,0.0,0.0,23.0,0.0,47.0,1.0,00-0022397,24.0
2007,5,0.0,0.0,0.0,0.0,3.0,19.0,0.0,38.0,0.0,00-0025515,4.700000000000001
2008,2,0.0,0.0,0.0,0.0,0.0,0.0,0.0,31.0,0.0,00-0025515,5.1
2007,0,0.0,0.0,0.0,0.0,1.0,-15.0,0.0,0.0,0.0,00-0022875,-3.5
2007,48,0.0,0.0,1.0,0.0,0.0,52.0,0.0,756.0,4.0,00-0025389,158.8
2008,78,0.0,0.0,0.0,0.0,2.0,-1.0,1.0,1331.0,12.0,00-0025389,281.0
2009,67,0.0,0.0,0.0,0.0,2.0,73.0,0.0,984.0,5.0,00-0025389,198.7
2010,77,0.0,0.0,0.0,0.0,0.0,32.0,1.0,1120.0,12.0,00-0025389,266.2
2011,97,0.0,0.0,0.0,0.0,1.0,11.0,0.0,1686.0,16.0,00-0025389,360.70000000000005
2012,122,0.0,0.0,0.0,0.0,3.0,0.0,0.0,1964.0,5.0,00-0025389,342.4
2013,84,0.0,0.0,0.0,0.0,1.0,0.0,0.0,1492.0,12.0,00-0025389,303.20000000000005
2014,71,0.0,0.0,0.0,0.0,0.0,0.0,0.0,1077.0,8.0,00-0025389,226.7
2015,88,0.0,0.0,0.0,0.0,1.0,0.0,0.0,1214.0,9.0,00-0025389,261.4
2007,9,0.0,0.0,0.0,0.0,1.0,18.0,0.0,55.0,1.0,00-0025524,20.3
2008,19,0.0,0.0,10.0,0.0,1.0,907.0,0.0,123.0,1.0,00-0025524,186.0
2009,21,0.0,0.0,2.0,0.0,0.0,180.0,0.0,141.0,0.0,00-0025524,65.1
2010,21,0.0,0.0,0.0,0.0,0.0,85.0,0.0,134.0,0.0,00-0025524,42.9
2011,14,0.0,0.0,1.0,0.0,0.0,51.0,0.0,82.0,1.0,00-0025524,39.300000000000004
2012,8,0.0,0.0,0.0,0.0,0.0,42.0,0.0,29.0,0.0,00-0025524,15.1
2013,2,0.0,0.0,0.0,0.0,0.0,32.0,0.0,6.0,0.0,00-0025524,5.800000000000001
2007,1,0.0,0.0,0.0,0.0,1.0,-1.0,0.0,36.0,0.0,00-0025461,2.5
2008,1,0.0,0.0,0.0,0.0,0.0,0.0,0.0,43.0,1.0,00-0025461,11.3
2009,1,0.0,0.0,0.0,0.0,0.0,-2.0,0.0,7.0,0.0,00-0025461,1.5
2010,2,0.0,0.0,0.0,0.0,0.0,-4.0,0.0,17.0,0.0,00-0025461,3.3000000000000003
2007,0,0.0,0.0,0.0,0.0,0.0,0.0,0.0,0.0,0.0,00-0025442,0.0
2008,0,0.0,0.0,0.0,0.0,2.0,0.0,0.0,0.0,0.0,00-0025442,-4.0
2010,0,0.0,0.0,0.0,0.0,1.0,0.0,0.0,0.0,0.0,00-0025442,-2.0
2007,0,1630.0,7.0,0.0,8.0,0.0,49.0,0.0,0.0,0.0,00-0025479,82.10000000000001
2008,0,2699.0,11.0,3.0,10.0,5.0,117.0,1.0,0.0,0.0,00-0025479,153.66
2009,0,1169.0,6.0,0.0,7.0,0.0,106.0,0.0,0.0,0.0,00-0025479,67.35999999999999
2010,0,521.0,2.0,0.0,5.0,0.0,58.0,0.0,0.0,0.0,00-0025479,24.64
2012,0,14.0,0.0,0.0,0.0,0.0,0.0,0.0,0.0,0.0,00-0025479,0.56
2007,3,0.0,0.0,0.0,0.0,1.0,94.0,0.0,17.0,0.0,00-0025498,12.100000000000001
2007,0,0.0,0.0,0.0,0.0,1.0,0.0,0.0,0.0,0.0,00-0023234,-2.0
2009,0,0.0,0.0,0.0,0.0,0.0,0.0,0.0,0.0,0.0,00-0023234,0.0
2012,0,0.0,0.0,0.0,0.0,1.0,0.0,0.0,0.0,0.0,00-0023234,-2.0
2013,0,0.0,0.0,0.0,0.0,0.0,0.0,0.0,0.0,0.0,00-0023234,0.0
2007,4,0.0,0.0,0.0,0.0,0.0,1.0,0.0,40.0,0.0,00-0024340,8.1
2008,0,0.0,0.0,0.0,0.0,1.0,0.0,0.0,0.0,0.0,00-0024340,-2.0
2006,1,0.0,0.0,0.0,0.0,0.0,0.0,0.0,3.0,0.0,00-0024174,1.3
2007,15,0.0,0.0,0.0,0.0,2.0,2.0,0.0,136.0,1.0,00-0024174,30.8
2008,3,0.0,0.0,0.0,0.0,1.0,0.0,0.0,26.0,1.0,00-0024174,9.6
2007,0,0.0,0.0,0.0,0.0,0.0,0.0,0.0,0.0,0.0,00-0023252,0.0
2007,0,0.0,0.0,1.0,0.0,0.0,16.0,0.0,0.0,0.0,00-0025477,7.6
2008,6,0.0,0.0,1.0,0.0,1.0,9.0,0.0,42.0,0.0,00-0025477,15.100000000000001
2007,0,0.0,0.0,0.0,0.0,1.0,-2.0,0.0,0.0,0.0,00-0025423,-2.2
2008,0,144.0,0.0,0.0,4.0,0.0,2.0,0.0,0.0,0.0,00-0025423,-2.04
2009,0,741.0,4.0,1.0,3.0,1.0,5.0,0.0,0.0,0.0,00-0025423,44.14
2010,0,1197.0,7.0,0.0,7.0,3.0,66.0,0.0,0.0,0.0,00-0025423,62.48
2011,0,1955.0,9.0,0.0,8.0,3.0,65.0,0.0,0.0,0.0,00-0025423,98.7
2012,0,1169.0,8.0,1.0,3.0,2.0,100.0,0.0,0.0,0.0,00-0025423,84.75999999999999
2007,1,0.0,0.0,0.0,0.0,1.0,-8.0,0.0,5.0,0.0,00-0024345,-1.2999999999999998
2008,43,0.0,0.0,0.0,0.0,0.0,26.0,1.0,596.0,2.0,00-0024345,119.2
2009,15,0.0,0.0,0.0,0.0,2.0,0.0,0.0,187.0,1.0,00-0024345,35.7
2011,4,0.0,0.0,0.0,0.0,0.0,0.0,0.0,50.0,1.0,00-0024345,15.0
2012,39,0.0,0.0,0.0,0.0,0.0,0.0,0.0,567.0,2.0,00-0024345,107.7
2013,7,0.0,0.0,0.0,0.0,0.0,0.0,0.0,55.0,1.0,00-0024345,18.5
2007,30,0.0,0.0,8.0,0.0,1.0,956.0,0.0,147.0,0.0,00-0022984,186.3
2008,18,0.0,0.0,4.0,0.0,3.0,1203.0,0.0,116.0,1.0,00-0022984,173.9
2009,25,0.0,0.0,11.0,0.0,1.0,1253.0,0.0,197.0,0.0,00-0022984,234.0
2010,0,0.0,0.0,0.0,0.0,0.0,45.0,0.0,0.0,0.0,00-0022984,4.5
2011,19,0.0,0.0,2.0,0.0,1.0,559.0,0.0,268.0,1.0,00-0022984,117.7
2012,1,0.0,0.0,2.0,0.0,1.0,132.0,0.0,34.0,0.0,00-0022984,27.6
2007,0,0.0,0.0,0.0,0.0,0.0,4.0,0.0,0.0,0.0,00-0023384,0.4
2008,3,0.0,0.0,0.0,0.0,1.0,0.0,0.0,25.0,0.0,00-0023384,3.5
2007,30,0.0,0.0,0.0,0.0,0.0,303.0,0.0,183.0,0.0,00-0025439,78.6
2008,0,0.0,0.0,0.0,0.0,0.0,7.0,0.0,0.0,0.0,00-0025439,0.7000000000000001
2009,30,0.0,0.0,0.0,0.0,1.0,84.0,1.0,217.0,0.0,00-0025439,60.1
2010,20,0.0,0.0,0.0,0.0,0.0,61.0,0.0,137.0,1.0,00-0025439,45.800000000000004
2011,22,0.0,0.0,0.0,0.0,0.0,85.0,0.0,210.0,0.0,00-0025439,51.5
2012,11,0.0,0.0,0.0,0.0,0.0,106.0,0.0,67.0,0.0,00-0025439,28.3
2013,29,0.0,0.0,0.0,0.0,0.0,182.0,0.0,179.0,0.0,00-0025439,65.10000000000001
2014,1,0.0,0.0,0.0,0.0,0.0,0.0,0.0,15.0,0.0,00-0025439,2.5
2005,21,0.0,0.0,0.0,0.0,0.0,0.0,0.0,299.0,2.0,00-0023570,62.900000000000006
2006,8,0.0,0.0,0.0,0.0,0.0,0.0,0.0,121.0,0.0,00-0023570,20.1
2007,55,0.0,0.0,0.0,0.0,0.0,-17.0,0.0,719.0,4.0,00-0023570,149.2
2010,8,0.0,0.0,0.0,0.0,0.0,0.0,0.0,109.0,0.0,00-0023570,18.9
2007,9,0.0,0.0,0.0,0.0,0.0,85.0,0.0,117.0,0.0,00-0025480,29.200000000000003
2008,0,0.0,0.0,0.0,0.0,0.0,69.0,0.0,0.0,0.0,00-0025480,6.9
2009,2,0.0,0.0,1.0,0.0,0.0,120.0,0.0,12.0,0.0,00-0025480,21.2
2010,0,0.0,0.0,0.0,0.0,0.0,8.0,0.0,0.0,0.0,00-0025480,0.8
2007,2,0.0,0.0,0.0,0.0,1.0,9.0,0.0,10.0,0.0,00-0022290,1.9
2007,4,0.0,0.0,0.0,0.0,0.0,13.0,0.0,29.0,1.0,00-0022529,14.200000000000001
2008,6,0.0,0.0,0.0,0.0,0.0,0.0,0.0,30.0,0.0,00-0022529,9.0
2009,7,0.0,0.0,0.0,0.0,0.0,0.0,0.0,31.0,0.0,00-0022529,10.1
2006,8,0.0,0.0,0.0,0.0,0.0,0.0,0.0,40.0,1.0,00-0022746,18.0
2007,7,0.0,0.0,0.0,0.0,1.0,7.0,0.0,57.0,0.0,00-0022746,11.4
2008,2,0.0,0.0,0.0,0.0,0.0,7.0,0.0,12.0,0.0,00-0022746,3.9000000000000004
2009,6,0.0,0.0,0.0,0.0,0.0,7.0,0.0,52.0,2.0,00-0022746,23.9
2010,4,0.0,0.0,0.0,0.0,0.0,2.0,0.0,30.0,0.0,00-0022746,7.2
2007,1,0.0,0.0,2.0,0.0,0.0,87.0,0.0,6.0,0.0,00-0023251,22.300000000000004
2008,0,0.0,0.0,0.0,0.0,0.0,79.0,0.0,0.0,0.0,00-0023251,7.9
2009,2,0.0,0.0,0.0,0.0,0.0,6.0,0.0,14.0,0.0,00-0023251,4.0
2007,2,0.0,0.0,0.0,0.0,0.0,5.0,0.0,5.0,0.0,00-0025568,3.0
2010,2,0.0,0.0,0.0,0.0,0.0,0.0,0.0,20.0,0.0,00-0025568,4.0
2011,1,0.0,0.0,0.0,0.0,0.0,0.0,0.0,12.0,0.0,00-0025568,2.2
2012,1,0.0,0.0,0.0,0.0,0.0,0.0,0.0,7.0,0.0,00-0025568,1.7000000000000002
2007,6,0.0,0.0,0.0,0.0,2.0,3.0,0.0,48.0,0.0,00-0025486,7.1000000000000005
2008,22,0.0,0.0,0.0,0.0,1.0,34.0,0.0,366.0,4.0,00-0025486,84.0
2009,19,0.0,0.0,0.0,0.0,1.0,21.0,0.0,263.0,0.0,00-0025486,45.400000000000006
2010,10,1.0,0.0,0.0,0.0,0.0,0.0,0.0,103.0,0.0,00-0025486,20.34
2007,0,730.0,3.0,0.0,5.0,0.0,5.0,0.0,0.0,0.0,00-0025708,31.700000000000003
2009,0,1053.0,8.0,0.0,2.0,0.0,-3.0,0.0,0.0,0.0,00-0025708,69.82000000000001
2010,0,857.0,5.0,0.0,10.0,2.0,25.0,0.0,0.0,0.0,00-0025708,32.78
2011,0,2497.0,16.0,2.0,9.0,6.0,65.0,0.0,0.0,0.0,00-0025708,152.38
2012,0,131.0,1.0,0.0,0.0,0.0,-3.0,0.0,0.0,0.0,00-0025708,8.94
2013,0,53.0,0.0,0.0,2.0,0.0,0.0,0.0,0.0,0.0,00-0025708,-1.88
2014,0,21.0,0.0,0.0,0.0,0.0,-2.0,0.0,0.0,0.0,00-0025708,0.6399999999999999
2015,0,14.0,0.0,0.0,0.0,0.0,-2.0,0.0,0.0,0.0,00-0025708,0.36000000000000004
2016,0,721.0,8.0,0.0,3.0,0.0,-1.0,0.0,0.0,0.0,00-0025708,54.74
2017,0,861.0,4.0,0.0,5.0,0.0,9.0,0.0,0.0,0.0,00-0025708,41.339999999999996
2019,0,659.0,4.0,0.0,0.0,0.0,-1.0,0.0,0.0,0.0,00-0025708,42.26
2007,19,0.0,0.0,1.0,0.0,0.0,251.0,1.0,152.0,1.0,00-0024813,73.3
2008,31,0.0,0.0,9.0,0.0,1.0,625.0,0.0,284.0,3.0,00-0024813,191.9
2009,39,0.0,0.0,6.0,0.0,1.0,793.0,0.0,302.0,2.0,00-0024813,194.5
2010,29,0.0,0.0,2.0,0.0,0.0,269.0,0.0,201.0,0.0,00-0024813,88.0
2011,50,0.0,0.0,5.0,0.0,1.0,562.0,0.0,425.0,1.0,00-0024813,182.7
2012,39,0.0,0.0,1.0,0.0,0.0,473.0,0.0,354.0,1.0,00-0024813,133.70000000000002
2013,77,0.0,0.0,2.0,0.0,1.0,549.0,0.0,513.0,3.0,00-0024813,211.20000000000002
2014,45,0.0,0.0,2.0,0.0,0.0,222.0,0.0,378.0,1.0,00-0024813,123.0
2015,9,0.0,0.0,0.0,0.0,0.0,64.0,0.0,84.0,0.0,00-0024813,23.8
1999,1,0.0,0.0,0.0,0.0,0.0,0.0,0.0,19.0,0.0,00-0018227,2.9000000000000004
2000,1,0.0,0.0,0.0,0.0,0.0,0.0,0.0,8.0,0.0,00-0018227,1.8
2007,0,0.0,0.0,0.0,0.0,1.0,0.0,0.0,0.0,0.0,00-0018227,-2.0
2015,0,0.0,0.0,0.0,0.0,0.0,-3.0,0.0,0.0,0.0,00-0018227,-0.30000000000000004
2004,2,0.0,0.0,0.0,0.0,0.0,0.0,0.0,16.0,0.0,00-0022943,3.6
2005,29,0.0,0.0,0.0,0.0,1.0,0.0,0.0,441.0,4.0,00-0022943,95.1
2006,50,0.0,0.0,0.0,0.0,2.0,0.0,0.0,657.0,3.0,00-0022943,129.7
2007,36,0.0,0.0,0.0,0.0,0.0,11.0,0.0,389.0,6.0,00-0022943,112.0
2008,22,0.0,0.0,0.0,0.0,1.0,0.0,0.0,209.0,2.0,00-0022943,52.900000000000006
2009,29,0.0,0.0,0.0,0.0,0.0,0.0,0.0,404.0,5.0,00-0022943,99.4
2010,68,0.0,0.0,0.0,0.0,0.0,-1.0,0.0,763.0,3.0,00-0022943,162.2
2011,37,0.0,0.0,0.0,0.0,0.0,0.0,0.0,410.0,2.0,00-0022943,90.0
2012,49,0.0,0.0,0.0,0.0,0.0,0.0,0.0,501.0,3.0,00-0022943,117.1
2013,19,0.0,0.0,0.0,0.0,0.0,0.0,0.0,226.0,2.0,00-0022943,53.6
2014,20,0.0,0.0,0.0,0.0,0.0,0.0,0.0,136.0,2.0,00-0022943,45.6
2015,74,0.0,0.0,0.0,0.0,1.0,0.0,0.0,825.0,6.0,00-0022943,190.5
2017,61,0.0,0.0,0.0,0.0,0.0,0.0,0.0,522.0,4.0,00-0022943,137.2
2018,35,0.0,0.0,0.0,0.0,0.0,0.0,0.0,400.0,2.0,00-0022943,87.0
2019,17,0.0,0.0,0.0,0.0,0.0,0.0,0.0,173.0,0.0,00-0022943,34.3
2007,2,0.0,0.0,1.0,0.0,0.0,64.0,0.0,15.0,0.0,00-0024698,15.9
2007,8,0.0,0.0,0.0,0.0,0.0,8.0,0.0,92.0,0.0,00-0025529,18.0
2008,77,0.0,0.0,0.0,0.0,0.0,8.0,0.0,1003.0,3.0,00-0025529,196.10000000000002
2009,55,0.0,0.0,0.0,0.0,1.0,44.0,0.0,712.0,3.0,00-0025529,146.60000000000002
2010,47,17.0,0.0,0.0,0.0,0.0,35.0,0.0,718.0,1.0,00-0025529,128.98
2011,61,0.0,0.0,0.0,0.0,0.0,25.0,0.0,785.0,2.0,00-0025529,154.0
2012,7,0.0,0.0,0.0,0.0,0.0,0.0,0.0,74.0,0.0,00-0025529,14.4
2007,3,0.0,0.0,0.0,0.0,0.0,3.0,0.0,14.0,0.0,00-0023714,4.7
2007,0,0.0,0.0,0.0,0.0,1.0,0.0,0.0,0.0,0.0,00-0024374,-2.0
2007,0,0.0,0.0,0.0,0.0,0.0,0.0,0.0,0.0,0.0,00-0024453,0.0
2006,1,0.0,0.0,0.0,0.0,0.0,0.0,0.0,10.0,0.0,00-0023310,2.0
2007,32,0.0,0.0,1.0,0.0,1.0,7.0,0.0,302.0,2.0,00-0023310,78.9
2008,79,0.0,0.0,0.0,1.0,0.0,0.0,0.0,930.0,10.0,00-0023310,230.0
2009,14,0.0,0.0,0.0,0.0,0.0,0.0,0.0,153.0,2.0,00-0023310,41.3
2010,66,0.0,0.0,0.0,0.0,1.0,0.0,0.0,763.0,8.0,00-0023310,188.3
2011,52,0.0,0.0,0.0,0.0,0.0,0.0,2.0,627.0,8.0,00-0023310,166.7
2012,65,0.0,0.0,0.0,0.0,0.0,0.0,0.0,1041.0,6.0,00-0023310,205.10000000000002
2013,37,0.0,0.0,0.0,0.0,1.0,0.0,0.0,457.0,2.0,00-0023310,92.7
2014,14,0.0,0.0,0.0,0.0,0.0,0.0,1.0,198.0,2.0,00-0023310,47.8
2015,29,0.0,0.0,0.0,0.0,1.0,0.0,0.0,337.0,4.0,00-0023310,84.7
2007,3,0.0,0.0,0.0,0.0,0.0,139.0,0.0,15.0,0.0,00-0025494,18.4
2008,18,0.0,0.0,0.0,0.0,0.0,295.0,0.0,129.0,0.0,00-0025494,60.4
2007,8,0.0,0.0,0.0,0.0,0.0,-4.0,0.0,101.0,0.0,00-0024358,17.700000000000003
2008,1,5.0,0.0,0.0,0.0,0.0,2.0,0.0,7.0,0.0,00-0024358,2.1
2007,0,0.0,0.0,0.0,0.0,0.0,0.0,0.0,0.0,0.0,00-0023918,0.0
2008,0,0.0,0.0,0.0,0.0,1.0,0.0,0.0,0.0,0.0,00-0023918,-2.0
2007,0,0.0,0.0,0.0,0.0,1.0,0.0,0.0,0.0,0.0,00-0022077,-2.0
2007,2,0.0,0.0,1.0,0.0,0.0,47.0,0.0,20.0,0.0,00-0024172,14.7
2008,19,0.0,0.0,1.0,0.0,0.0,88.0,0.0,275.0,2.0,00-0024172,73.3
2009,3,0.0,0.0,0.0,0.0,0.0,36.0,0.0,23.0,0.0,00-0024172,8.9
2010,8,0.0,0.0,0.0,0.0,0.0,0.0,0.0,91.0,2.0,00-0024172,29.1
2007,4,0.0,0.0,0.0,0.0,0.0,183.0,0.0,19.0,0.0,00-0023806,24.2
2008,2,0.0,0.0,0.0,0.0,0.0,8.0,0.0,49.0,0.0,00-0023806,7.7
2007,6,0.0,0.0,2.0,0.0,0.0,119.0,0.0,53.0,0.0,00-0025437,35.2
2008,0,0.0,0.0,0.0,0.0,0.0,3.0,0.0,0.0,0.0,00-0025437,0.30000000000000004
2006,1,0.0,0.0,0.0,0.0,0.0,0.0,0.0,27.0,0.0,00-0024465,3.7
2007,12,0.0,0.0,0.0,0.0,1.0,0.0,0.0,131.0,1.0,00-0024465,29.1
2008,19,0.0,0.0,0.0,0.0,0.0,0.0,0.0,241.0,2.0,00-0024465,55.1
2009,38,0.0,0.0,0.0,0.0,0.0,0.0,0.0,370.0,0.0,00-0024465,75.0
2010,11,0.0,0.0,0.0,0.0,0.0,0.0,0.0,117.0,0.0,00-0024465,22.700000000000003
2011,7,0.0,0.0,0.0,0.0,0.0,0.0,0.0,79.0,1.0,00-0024465,20.9
2007,22,0.0,0.0,0.0,0.0,0.0,300.0,0.0,190.0,0.0,00-0024204,71.0
2008,37,0.0,0.0,3.0,0.0,1.0,560.0,0.0,317.0,0.0,00-0024204,140.7
2009,46,27.0,1.0,2.0,0.0,2.0,1062.0,0.0,368.0,2.0,00-0024204,214.08
2010,31,0.0,0.0,5.0,0.0,2.0,927.0,0.0,215.0,2.0,00-0024204,183.2
2011,39,0.0,0.0,6.0,0.0,2.0,934.0,0.0,442.0,0.0,00-0024204,208.60000000000002
2012,34,0.0,0.0,3.0,0.0,4.0,437.0,0.0,217.0,1.0,00-0024204,115.4
2013,47,0.0,0.0,9.0,0.0,0.0,890.0,0.0,387.0,1.0,00-0024204,234.7
2014,66,0.0,0.0,2.0,0.0,0.0,525.0,1.0,501.0,1.0,00-0024204,188.6
2015,32,0.0,0.0,0.0,0.0,1.0,100.0,0.0,257.0,2.0,00-0024204,77.7
2007,2,0.0,0.0,2.0,0.0,0.0,216.0,0.0,69.0,0.0,00-0023764,42.5
2008,3,0.0,0.0,0.0,0.0,2.0,144.0,0.0,25.0,0.0,00-0023764,15.9
2007,4,0.0,0.0,0.0,0.0,2.0,0.0,0.0,35.0,0.0,00-0025505,3.5
2002,74,0.0,0.0,0.0,0.0,2.0,0.0,0.0,894.0,2.0,00-0021148,171.4
2003,49,0.0,0.0,0.0,0.0,1.0,0.0,0.0,562.0,2.0,00-0021148,115.2
2004,61,0.0,0.0,0.0,0.0,0.0,0.0,0.0,666.0,6.0,00-0021148,163.60000000000002
2005,65,0.0,0.0,0.0,0.0,0.0,0.0,1.0,891.0,7.0,00-0021148,198.10000000000002
2006,66,0.0,0.0,0.0,0.0,0.0,0.0,0.0,623.0,7.0,00-0021148,170.3
2007,57,0.0,0.0,0.0,0.0,0.0,6.0,0.0,619.0,3.0,00-0021148,137.5
2008,50,0.0,0.0,0.0,0.0,2.0,0.0,0.0,483.0,0.0,00-0021148,94.30000000000001
2009,48,0.0,0.0,0.0,0.0,0.0,0.0,0.0,569.0,3.0,00-0021148,122.9
2010,41,0.0,0.0,0.0,0.0,0.0,0.0,0.0,408.0,3.0,00-0021148,99.80000000000001
2011,37,0.0,0.0,0.0,0.0,1.0,0.0,0.0,455.0,4.0,00-0021148,104.5
2007,1,0.0,0.0,0.0,0.0,0.0,3.0,0.0,3.0,0.0,00-0025794,1.6
2007,0,0.0,0.0,0.0,0.0,0.0,0.0,0.0,0.0,0.0,00-0022777,0.0
2007,22,0.0,0.0,2.0,0.0,0.0,407.0,0.0,148.0,0.0,00-0025535,89.5
2008,10,0.0,0.0,1.0,0.0,0.0,100.0,0.0,52.0,0.0,00-0025535,31.2
2009,2,0.0,0.0,0.0,0.0,0.0,33.0,0.0,9.0,0.0,00-0025535,6.200000000000001
2007,0,0.0,0.0,0.0,0.0,1.0,-2.0,0.0,0.0,0.0,00-0025488,-2.2
2011,0,0.0,0.0,0.0,0.0,0.0,0.0,0.0,0.0,0.0,00-0025488,0.0
2012,0,0.0,0.0,0.0,0.0,0.0,0.0,1.0,0.0,0.0,00-0025488,2.0
2007,0,559.0,1.0,1.0,3.0,5.0,12.0,1.0,0.0,0.0,00-0025427,19.56
2011,0,858.0,2.0,2.0,4.0,1.0,43.0,1.0,0.0,0.0,00-0025427,50.62
2007,31,94.0,0.0,0.0,0.0,0.0,0.0,0.0,396.0,4.0,00-0025431,98.36
2008,15,0.0,0.0,0.0,0.0,0.0,0.0,0.0,141.0,4.0,00-0025431,53.1
2009,84,0.0,0.0,0.0,0.0,1.0,0.0,0.0,1312.0,8.0,00-0025431,261.20000000000005
2010,17,0.0,0.0,0.0,0.0,0.0,0.0,0.0,280.0,2.0,00-0025431,57.0
2011,32,55.0,0.0,0.0,0.0,0.0,3.0,0.0,484.0,2.0,00-0025431,94.9
2012,50,25.0,0.0,0.0,0.0,0.0,6.0,0.0,748.0,7.0,00-0025431,168.39999999999998
2013,15,0.0,0.0,0.0,0.0,1.0,0.0,0.0,231.0,3.0,00-0025431,54.1
2007,0,0.0,0.0,1.0,0.0,0.0,43.0,0.0,0.0,0.0,00-0025631,10.3
2008,8,0.0,0.0,0.0,0.0,0.0,62.0,0.0,89.0,0.0,00-0025631,23.1
2009,30,0.0,0.0,4.0,0.0,1.0,613.0,0.0,259.0,1.0,00-0025631,145.20000000000002
2010,44,0.0,0.0,2.0,0.0,0.0,324.0,0.0,303.0,3.0,00-0025631,136.70000000000002
2011,26,0.0,0.0,0.0,0.0,0.0,151.0,0.0,179.0,1.0,00-0025631,65.0
2012,31,0.0,0.0,0.0,0.0,1.0,63.0,0.0,203.0,1.0,00-0025631,61.599999999999994
2013,29,0.0,0.0,1.0,0.0,0.0,164.0,0.0,216.0,3.0,00-0025631,91.0
2004,33,0.0,0.0,0.0,0.0,0.0,0.0,0.0,329.0,1.0,00-0022916,71.9
2005,55,0.0,0.0,0.0,0.0,0.0,0.0,0.0,530.0,4.0,00-0022916,132.0
2006,13,0.0,0.0,0.0,0.0,0.0,0.0,0.0,150.0,2.0,00-0022916,40.0
2007,5,0.0,0.0,0.0,0.0,0.0,-1.0,0.0,47.0,0.0,00-0022916,9.600000000000001
2005,1,0.0,0.0,0.0,0.0,0.0,0.0,0.0,11.0,0.0,00-0022613,2.1
2007,14,0.0,0.0,0.0,0.0,1.0,0.0,0.0,165.0,0.0,00-0022613,28.5
2008,3,0.0,0.0,0.0,0.0,0.0,0.0,0.0,32.0,0.0,00-0022613,6.2
2007,0,0.0,0.0,0.0,0.0,1.0,0.0,0.0,0.0,0.0,00-0025638,-2.0
2007,3,0.0,0.0,0.0,0.0,0.0,9.0,0.0,38.0,0.0,00-0025337,7.7
2006,7,0.0,0.0,0.0,0.0,1.0,0.0,0.0,68.0,1.0,00-0024324,17.8
2007,23,0.0,0.0,0.0,0.0,0.0,1.0,0.0,267.0,2.0,00-0024324,61.800000000000004
2008,32,0.0,0.0,0.0,0.0,0.0,0.0,0.0,377.0,2.0,00-0024324,81.7
2009,41,0.0,0.0,0.0,0.0,0.0,0.0,1.0,587.0,3.0,00-0024324,119.7
2010,51,0.0,0.0,0.0,0.0,0.0,0.0,1.0,574.0,1.0,00-0024324,116.4
2011,52,0.0,0.0,0.0,0.0,2.0,0.0,0.0,679.0,1.0,00-0024324,121.9
2012,53,0.0,0.0,0.0,0.0,0.0,0.0,0.0,634.0,0.0,00-0024324,116.4
2013,38,0.0,0.0,0.0,0.0,1.0,0.0,0.0,447.0,2.0,00-0024324,92.7
2014,34,0.0,0.0,0.0,0.0,0.0,1.0,0.0,353.0,1.0,00-0024324,75.4
2015,15,0.0,0.0,0.0,0.0,0.0,0.0,0.0,119.0,0.0,00-0024324,26.9
2007,0,0.0,0.0,0.0,0.0,0.0,21.0,0.0,0.0,0.0,00-0024846,2.1
2008,1,0.0,0.0,3.0,0.0,0.0,77.0,0.0,-2.0,0.0,00-0024846,26.5
2009,12,0.0,0.0,0.0,0.0,0.0,0.0,0.0,96.0,0.0,00-0024846,21.6
2007,0,373.0,2.0,0.0,4.0,2.0,4.0,1.0,0.0,0.0,00-0025388,13.320000000000002
2008,0,2423.0,13.0,1.0,8.0,7.0,127.0,0.0,0.0,0.0,00-0025388,137.62
2009,0,1290.0,3.0,0.0,11.0,6.0,45.0,0.0,0.0,0.0,00-0025388,34.1
2007,2,0.0,0.0,0.0,0.0,0.0,3.0,0.0,13.0,0.0,00-0023858,3.5999999999999996
2007,28,0.0,0.0,0.0,0.0,0.0,125.0,0.0,237.0,0.0,00-0025458,64.2
2008,6,0.0,0.0,0.0,0.0,0.0,53.0,0.0,11.0,0.0,00-0025458,12.4
2010,5,0.0,0.0,0.0,0.0,1.0,0.0,0.0,32.0,0.0,00-0025458,6.2
2011,8,0.0,0.0,0.0,0.0,2.0,52.0,0.0,82.0,0.0,00-0025458,17.4
2007,0,41.0,0.0,0.0,1.0,0.0,0.0,0.0,0.0,0.0,00-0025604,-0.3599999999999999
2008,1,2608.0,18.0,3.0,12.0,2.0,386.0,1.0,37.0,1.0,00-0025604,217.61999999999998
2009,0,83.0,1.0,0.0,2.0,0.0,3.0,0.0,0.0,0.0,00-0025604,3.62
2010,0,435.0,2.0,0.0,2.0,0.0,70.0,0.0,0.0,0.0,00-0025604,28.400000000000002
2011,0,25.0,0.0,0.0,1.0,0.0,8.0,0.0,0.0,0.0,00-0025604,-0.19999999999999996
2012,0,30.0,0.0,0.0,0.0,0.0,-1.0,0.0,0.0,0.0,00-0025604,1.0999999999999999
2007,0,452.0,2.0,1.0,0.0,2.0,54.0,0.0,0.0,0.0,00-0025561,33.480000000000004
2008,1,82.0,1.0,0.0,0.0,0.0,24.0,0.0,36.0,0.0,00-0025561,14.28
2009,0,24.0,0.0,1.0,1.0,0.0,31.0,0.0,0.0,0.0,00-0025561,8.06
2010,0,1176.0,5.0,1.0,4.0,0.0,121.0,0.0,0.0,0.0,00-0025561,77.13999999999999
2006,3,0.0,0.0,0.0,0.0,0.0,0.0,0.0,23.0,0.0,00-0024404,5.300000000000001
2007,28,0.0,0.0,0.0,0.0,1.0,5.0,0.0,315.0,1.0,00-0024404,64.0
2008,5,0.0,0.0,0.0,0.0,0.0,0.0,0.0,46.0,0.0,00-0024404,9.600000000000001
2007,0,0.0,0.0,0.0,0.0,0.0,0.0,0.0,0.0,0.0,00-0023917,0.0
2007,0,0.0,0.0,0.0,0.0,0.0,0.0,0.0,0.0,0.0,00-0022341,0.0
2011,0,0.0,0.0,0.0,0.0,0.0,6.0,0.0,0.0,0.0,00-0022341,0.6000000000000001
2007,0,0.0,0.0,0.0,0.0,1.0,0.0,0.0,0.0,0.0,00-0025557,-2.0
2007,0,153.0,0.0,0.0,1.0,1.0,-16.0,0.0,0.0,0.0,00-0023158,0.52
2008,0,6.0,0.0,0.0,0.0,0.0,0.0,0.0,0.0,0.0,00-0023158,0.24
2007,13,0.0,0.0,1.0,0.0,0.0,264.0,1.0,81.0,0.0,00-0024850,55.50000000000001
2007,8,0.0,0.0,0.0,0.0,1.0,3.0,0.0,113.0,0.0,00-0025533,17.6
2008,10,0.0,0.0,0.0,0.0,0.0,1.0,0.0,109.0,0.0,00-0025533,21.0
2007,0,0.0,0.0,0.0,0.0,0.0,5.0,0.0,0.0,0.0,00-0025636,0.5
2008,6,0.0,0.0,0.0,0.0,2.0,0.0,0.0,119.0,1.0,00-0025636,19.9
2007,0,0.0,0.0,0.0,0.0,0.0,0.0,0.0,0.0,0.0,00-0024452,0.0
2007,0,0.0,0.0,0.0,0.0,0.0,37.0,0.0,0.0,0.0,00-0023761,3.7
2007,1,0.0,0.0,1.0,0.0,0.0,47.0,0.0,4.0,0.0,00-0025701,12.1
2008,1,0.0,0.0,0.0,0.0,0.0,0.0,0.0,-2.0,0.0,00-0025701,0.8
2009,2,0.0,0.0,0.0,0.0,0.0,21.0,0.0,-3.0,0.0,00-0025701,3.8
2010,1,0.0,0.0,1.0,0.0,0.0,50.0,0.0,9.0,0.0,00-0025701,12.9
2011,9,0.0,0.0,2.0,0.0,0.0,597.0,0.0,68.0,0.0,00-0025701,87.5
2012,15,0.0,0.0,3.0,0.0,0.0,311.0,0.0,108.0,1.0,00-0025701,80.89999999999999
2013,4,0.0,0.0,1.0,0.0,0.0,142.0,0.0,36.0,0.0,00-0025701,27.800000000000004
2014,5,0.0,0.0,1.0,0.0,0.0,9.0,0.0,28.0,0.0,00-0025701,14.700000000000001
2007,0,0.0,0.0,0.0,0.0,0.0,0.0,0.0,0.0,0.0,00-0025717,0.0
2007,0,32.0,0.0,0.0,0.0,0.0,0.0,0.0,0.0,0.0,00-0025499,1.28
2011,0,33.0,0.0,0.0,0.0,0.0,0.0,0.0,0.0,0.0,00-0025499,1.32
2007,6,0.0,0.0,0.0,0.0,0.0,11.0,0.0,73.0,0.0,00-0025432,14.4
2008,10,0.0,0.0,0.0,0.0,0.0,0.0,0.0,119.0,0.0,00-0025432,21.9
2009,17,0.0,0.0,0.0,0.0,0.0,0.0,0.0,196.0,1.0,00-0025432,42.6
2010,2,0.0,0.0,0.0,0.0,0.0,0.0,0.0,40.0,0.0,00-0025432,6.0
2007,2,0.0,0.0,0.0,0.0,0.0,9.0,0.0,16.0,0.0,00-0025633,4.5
2008,19,0.0,0.0,0.0,0.0,1.0,140.0,0.0,183.0,0.0,00-0025633,49.3
2009,18,0.0,0.0,0.0,0.0,0.0,152.0,0.0,96.0,0.0,00-0025633,42.800000000000004
2010,10,0.0,0.0,2.0,0.0,0.0,107.0,0.0,61.0,1.0,00-0025633,44.800000000000004
2007,0,0.0,0.0,0.0,0.0,0.0,4.0,0.0,0.0,0.0,00-0021187,0.4
2009,0,0.0,0.0,0.0,0.0,0.0,4.0,0.0,0.0,0.0,00-0021187,0.4
2011,0,0.0,0.0,0.0,0.0,1.0,0.0,0.0,0.0,0.0,00-0021187,-2.0
2007,4,0.0,0.0,0.0,0.0,1.0,0.0,0.0,54.0,0.0,00-0024310,7.4
2007,0,45.0,0.0,0.0,0.0,0.0,0.0,0.0,0.0,0.0,00-0025409,1.8
2008,0,518.0,2.0,0.0,2.0,0.0,21.0,0.0,0.0,0.0,00-0025409,26.82
2009,1,1339.0,8.0,1.0,7.0,3.0,98.0,0.0,18.0,0.0,00-0025409,84.16
2012,0,1141.0,2.0,0.0,8.0,0.0,66.0,0.0,0.0,0.0,00-0025409,44.24
2006,4,0.0,0.0,0.0,0.0,0.0,0.0,0.0,31.0,0.0,00-0023968,7.1
2009,0,0.0,0.0,0.0,0.0,0.0,3.0,0.0,0.0,0.0,00-0023968,0.30000000000000004
2010,17,0.0,0.0,0.0,0.0,1.0,0.0,0.0,250.0,2.0,00-0023968,52.0
2011,2,0.0,0.0,0.0,0.0,0.0,0.0,0.0,13.0,0.0,00-0023968,3.3
2012,23,0.0,0.0,0.0,0.0,0.0,0.0,0.0,200.0,1.0,00-0023968,49.0
2014,1,0.0,0.0,0.0,0.0,0.0,0.0,0.0,8.0,0.0,00-0023968,1.8
2008,33,0.0,0.0,10.0,0.0,0.0,399.0,0.0,230.0,0.0,00-0026289,155.9
2009,63,0.0,0.0,8.0,0.0,4.0,598.0,0.0,428.0,0.0,00-0026289,205.60000000000002
2010,21,0.0,0.0,5.0,0.0,4.0,736.0,0.0,136.0,0.0,00-0026289,130.20000000000002
2011,10,0.0,0.0,1.0,0.0,0.0,299.0,0.0,78.0,1.0,00-0026289,59.7
2015,12,0.0,0.0,4.0,0.0,0.0,375.0,0.0,129.0,0.0,00-0026289,86.4
2016,22,0.0,0.0,4.0,0.0,0.0,548.0,0.0,200.0,1.0,00-0026289,126.80000000000001
2008,0,0.0,0.0,0.0,0.0,1.0,0.0,0.0,0.0,0.0,00-0015474,-2.0
2008,8,0.0,0.0,10.0,0.0,1.0,835.0,0.0,47.0,0.0,00-0026153,154.2
2009,18,0.0,0.0,10.0,0.0,2.0,1133.0,0.0,139.0,1.0,00-0026153,207.20000000000002
2010,8,0.0,0.0,2.0,0.0,4.0,770.0,0.0,103.0,1.0,00-0026153,105.3
2011,47,0.0,0.0,4.0,0.0,0.0,761.0,0.0,413.0,1.0,00-0026153,194.40000000000003
2012,17,0.0,0.0,1.0,0.0,0.0,336.0,0.0,157.0,1.0,00-0026153,78.3
2013,7,0.0,0.0,0.0,0.0,0.0,180.0,0.0,44.0,0.0,00-0026153,29.4
2014,25,0.0,0.0,3.0,0.0,1.0,809.0,0.0,181.0,1.0,00-0026153,146.0
2015,16,0.0,0.0,6.0,0.0,2.0,989.0,0.0,99.0,1.0,00-0026153,162.8
2016,8,0.0,0.0,9.0,0.0,2.0,824.0,0.0,60.0,0.0,00-0026153,146.4
2017,8,0.0,0.0,6.0,0.0,3.0,680.0,0.0,52.0,1.0,00-0026153,117.2
2018,0,0.0,0.0,0.0,0.0,0.0,17.0,0.0,0.0,0.0,00-0026153,1.7000000000000002
2008,13,0.0,0.0,0.0,0.0,0.0,37.0,0.0,171.0,1.0,00-0026069,39.8
2009,17,0.0,0.0,1.0,0.0,0.0,148.0,0.0,192.0,3.0,00-0026069,75.0
2010,25,0.0,0.0,11.0,0.0,3.0,735.0,1.0,216.0,0.0,00-0026069,182.1
2011,54,0.0,0.0,8.0,0.0,1.0,490.0,0.0,433.0,2.0,00-0026069,204.3
2012,27,0.0,0.0,7.0,0.0,0.0,183.0,0.0,268.0,0.0,00-0026069,114.1
2013,27,0.0,0.0,5.0,0.0,0.0,361.0,0.0,184.0,2.0,00-0026069,123.5
2014,12,0.0,0.0,0.0,0.0,0.0,78.0,0.0,93.0,0.0,00-0026069,29.1
2015,18,0.0,0.0,1.0,0.0,0.0,256.0,0.0,154.0,3.0,00-0026069,83.0
2016,10,0.0,0.0,0.0,0.0,0.0,114.0,0.0,72.0,1.0,00-0026069,34.6
2017,14,0.0,0.0,1.0,0.0,1.0,247.0,0.0,78.0,0.0,00-0026069,50.5
2008,64,0.0,0.0,8.0,0.0,1.0,1231.0,0.0,484.0,4.0,00-0026184,305.5
2009,57,0.0,0.0,4.0,0.0,3.0,929.0,1.0,471.0,0.0,00-0026184,217.0
2010,51,0.0,0.0,6.0,0.0,2.0,1069.0,1.0,547.0,3.0,00-0026184,264.6
2011,52,0.0,0.0,3.0,0.0,2.0,997.0,0.0,490.0,1.0,00-0026184,220.7
2012,44,0.0,0.0,5.0,0.0,1.0,1094.0,0.0,340.0,1.0,00-0026184,221.4
2013,74,0.0,0.0,9.0,0.0,2.0,1339.0,1.0,594.0,3.0,00-0026184,337.29999999999995
2014,102,0.0,0.0,6.0,0.0,2.0,1038.0,2.0,808.0,4.0,00-0026184,346.6
2015,44,0.0,0.0,4.0,0.0,1.0,898.0,1.0,389.0,3.0,00-0026184,214.70000000000002
2016,30,0.0,0.0,7.0,0.0,1.0,813.0,0.0,263.0,1.0,00-0026184,183.60000000000002
2017,37,0.0,0.0,2.0,0.0,1.0,381.0,0.0,293.0,1.0,00-0026184,120.39999999999999
2008,1,0.0,0.0,0.0,0.0,0.0,9.0,0.0,18.0,0.0,00-0026342,3.7
2009,5,0.0,0.0,1.0,0.0,0.0,70.0,0.0,54.0,0.0,00-0026342,23.4
2010,6,0.0,0.0,1.0,0.0,0.0,185.0,0.0,25.0,0.0,00-0026342,33.0
2008,33,0.0,0.0,0.0,0.0,1.0,435.0,0.0,273.0,0.0,00-0026195,101.8
2009,78,0.0,0.0,7.0,0.0,3.0,1339.0,0.0,702.0,1.0,00-0026195,324.1
2010,63,0.0,0.0,5.0,0.0,0.0,1220.0,0.0,556.0,1.0,00-0026195,276.6
2011,76,1.0,1.0,12.0,0.0,2.0,1364.0,0.0,704.0,3.0,00-0026195,372.84000000000003
2012,61,0.0,0.0,9.0,0.0,0.0,1143.0,0.0,478.0,1.0,00-0026195,283.1
2013,58,0.0,0.0,4.0,0.0,2.0,660.0,1.0,321.0,0.0,00-0026195,178.1
2008,1,2971.0,14.0,2.0,12.0,2.0,181.0,1.0,43.0,0.0,00-0026158,184.24
2009,0,3613.0,21.0,0.0,12.0,2.0,62.0,0.0,0.0,0.0,00-0026158,206.72
2010,0,3622.0,25.0,1.0,10.0,4.0,84.0,0.0,0.0,0.0,00-0026158,231.28
2011,1,3610.0,20.0,1.0,12.0,6.0,88.0,0.0,-8.0,0.0,00-0026158,203.4
2012,0,3817.0,22.0,3.0,10.0,4.0,22.0,1.0,0.0,0.0,00-0026158,234.88
2013,0,3912.0,19.0,1.0,22.0,2.0,131.0,2.0,0.0,0.0,00-0026158,207.57999999999998
2014,0,3986.0,27.0,2.0,12.0,0.0,70.0,0.0,0.0,0.0,00-0026158,262.44
2015,0,2791.0,14.0,3.0,12.0,2.0,23.0,1.0,0.0,0.0,00-0026158,161.94
2016,0,4317.0,20.0,2.0,15.0,3.0,58.0,4.0,0.0,0.0,00-0026158,242.48000000000002
2017,0,3141.0,18.0,1.0,13.0,0.0,54.0,1.0,0.0,0.0,00-0026158,185.04
2018,0,2465.0,12.0,0.0,6.0,1.0,45.0,0.0,0.0,0.0,00-0026158,137.10000000000002
2019,0,1822.0,6.0,0.0,5.0,3.0,20.0,1.0,0.0,0.0,00-0026158,84.88
2020,0,864.0,6.0,0.0,3.0,0.0,22.0,0.0,0.0,0.0,00-0026158,54.760000000000005
2021,0,338.0,3.0,0.0,0.0,1.0,3.0,0.0,0.0,0.0,00-0026158,23.82
2022,0,902.0,5.0,0.0,3.0,4.0,6.0,0.0,0.0,0.0,00-0026158,42.68
2023,0,1616.0,13.0,0.0,8.0,1.0,2.0,1.0,0.0,0.0,00-0026158,100.84
2024,0,1497.0,11.0,0.0,7.0,4.0,26.0,0.0,0.0,0.0,00-0026158,84.47999999999999
2008,2,0.0,0.0,3.0,0.0,0.0,266.0,0.0,10.0,0.0,00-0026162,47.6
2009,19,0.0,0.0,3.0,0.0,2.0,685.0,0.0,119.0,0.0,00-0026162,113.4
2010,48,0.0,0.0,1.0,0.0,1.0,800.0,0.0,450.0,1.0,00-0026162,183.0
2011,33,0.0,0.0,1.0,0.0,2.0,575.0,0.0,231.0,0.0,00-0026162,115.6
2012,25,0.0,0.0,3.0,0.0,2.0,402.0,0.0,262.0,2.0,00-0026162,117.4
2013,9,0.0,0.0,0.0,0.0,1.0,184.0,0.0,63.0,0.0,00-0026162,31.700000000000003
2008,21,0.0,0.0,2.0,0.0,0.0,472.0,0.0,185.0,0.0,00-0026262,98.7
2009,15,0.0,0.0,3.0,0.0,0.0,349.0,1.0,132.0,0.0,00-0026262,83.10000000000001
2010,17,0.0,0.0,3.0,0.0,1.0,243.0,0.0,109.0,0.0,00-0026262,68.2
2011,19,0.0,0.0,1.0,0.0,2.0,152.0,0.0,124.0,0.0,00-0026262,48.6
2012,4,0.0,0.0,1.0,0.0,0.0,193.0,0.0,9.0,0.0,00-0026262,30.2
2013,5,0.0,0.0,0.0,0.0,0.0,170.0,0.0,15.0,0.0,00-0026262,23.5
2008,91,0.0,0.0,0.0,0.0,1.0,109.0,1.0,980.0,5.0,00-0026182,229.9
2009,37,0.0,0.0,0.0,0.0,0.0,1.0,0.0,345.0,0.0,00-0026182,71.6
2010,59,0.0,0.0,0.0,0.0,2.0,61.0,0.0,627.0,3.0,00-0026182,141.8
2011,19,0.0,0.0,0.0,0.0,0.0,48.0,0.0,155.0,1.0,00-0026182,45.3
2012,23,0.0,0.0,0.0,0.0,0.0,22.0,0.0,234.0,1.0,00-0026182,54.6
2013,47,0.0,0.0,0.0,0.0,1.0,21.0,0.0,625.0,8.0,00-0026182,157.6
2014,62,0.0,0.0,0.0,0.0,1.0,14.0,0.0,778.0,7.0,00-0026182,181.20000000000002
2015,37,0.0,0.0,0.0,0.0,0.0,-1.0,0.0,238.0,1.0,00-0026182,66.7
2016,33,0.0,0.0,0.0,0.0,0.0,0.0,0.0,369.0,2.0,00-0026182,81.9
2008,29,0.0,0.0,4.0,0.0,1.0,499.0,0.0,269.0,0.0,00-0026144,127.80000000000001
2009,21,0.0,0.0,1.0,0.0,3.0,356.0,0.0,245.0,0.0,00-0026144,81.1
2010,47,0.0,0.0,7.0,0.0,3.0,1157.0,0.0,507.0,3.0,00-0026144,267.4
2011,19,0.0,0.0,4.0,0.0,1.0,614.0,0.0,154.0,1.0,00-0026144,123.80000000000001
2012,42,0.0,0.0,2.0,0.0,2.0,707.0,0.0,258.0,1.0,00-0026144,152.5
2013,17,16.0,1.0,5.0,0.0,1.0,379.0,0.0,108.0,0.0,00-0026144,98.33999999999999
2014,36,0.0,0.0,2.0,0.0,1.0,534.0,0.0,212.0,0.0,00-0026144,120.60000000000001
2015,40,0.0,0.0,3.0,0.0,3.0,1089.0,1.0,328.0,0.0,00-0026144,195.70000000000002
2016,3,0.0,0.0,0.0,0.0,0.0,87.0,0.0,17.0,0.0,00-0026144,13.400000000000002
2017,0,0.0,0.0,0.0,0.0,0.0,-2.0,0.0,0.0,0.0,00-0026144,-0.2
2008,14,0.0,0.0,5.0,0.0,0.0,343.0,0.0,179.0,1.0,00-0026367,102.20000000000002
2009,4,0.0,0.0,1.0,0.0,1.0,54.0,0.0,19.0,0.0,00-0026367,15.3
2010,61,13.0,0.0,11.0,0.0,5.0,1177.0,0.0,477.0,2.0,00-0026367,294.92
2011,22,0.0,0.0,3.0,0.0,1.0,587.0,0.0,130.0,0.0,00-0026367,109.7
2012,10,0.0,0.0,1.0,0.0,2.0,309.0,0.0,62.0,0.0,00-0026367,49.10000000000001
2013,13,0.0,0.0,2.0,0.0,1.0,247.0,0.0,96.0,0.0,00-0026367,57.300000000000004
2014,10,0.0,0.0,0.0,0.0,0.0,115.0,0.0,87.0,0.0,00-0026367,30.200000000000003
2008,0,3440.0,16.0,1.0,11.0,1.0,104.0,1.0,0.0,0.0,00-0026143,196.0
2009,0,2916.0,22.0,1.0,14.0,2.0,49.0,0.0,0.0,0.0,00-0026143,183.54
2010,0,3705.0,28.0,0.0,9.0,3.0,122.0,2.0,0.0,0.0,00-0026143,252.40000000000003
2011,0,4177.0,29.0,2.0,12.0,3.0,84.0,0.0,0.0,0.0,00-0026143,273.48
2012,0,4719.0,32.0,1.0,14.0,2.0,141.0,0.0,0.0,0.0,00-0026143,304.86
2013,0,4515.0,26.0,0.0,17.0,4.0,55.0,0.0,0.0,0.0,00-0026143,248.10000000000002
2014,0,4694.0,28.0,0.0,14.0,2.0,145.0,1.0,0.0,0.0,00-0026143,284.26
2015,0,4591.0,21.0,0.0,16.0,5.0,63.0,1.0,0.0,0.0,00-0026143,233.94
2016,0,4944.0,38.0,0.0,7.0,2.0,117.0,2.0,0.0,0.0,00-0026143,347.46
2017,0,4095.0,20.0,0.0,12.0,3.0,143.0,0.0,0.0,0.0,00-0026143,228.10000000000002
2018,1,4924.0,35.0,3.0,7.0,5.0,125.0,2.0,5.0,1.0,00-0026143,354.96000000000004
2019,0,4466.0,26.0,1.0,14.0,5.0,147.0,1.0,0.0,0.0,00-0026143,267.34
2020,0,4581.0,26.0,2.0,11.0,3.0,92.0,1.0,0.0,0.0,00-0026143,282.44
2021,0,3752.0,19.0,1.0,11.0,4.0,80.0,1.0,0.0,0.0,00-0026143,212.08
2022,0,3057.0,14.0,1.0,13.0,5.0,70.0,0.0,0.0,0.0,00-0026143,155.28
2008,39,0.0,0.0,8.0,0.0,1.0,975.0,0.0,286.0,0.0,00-0026204,211.1
2009,40,0.0,0.0,4.0,0.0,2.0,747.0,0.0,409.0,1.0,00-0026204,181.6
2010,11,0.0,0.0,0.0,0.0,0.0,125.0,0.0,123.0,0.0,00-0026204,35.8
2011,24,0.0,0.0,5.0,0.0,1.0,364.0,0.0,202.0,3.0,00-0026204,126.60000000000001
2012,10,0.0,0.0,1.0,0.0,0.0,134.0,0.0,79.0,1.0,00-0026204,43.3
2008,23,0.0,0.0,1.0,0.0,1.0,69.0,0.0,320.0,1.0,00-0026224,71.9
2010,22,0.0,0.0,0.0,0.0,0.0,-5.0,0.0,294.0,1.0,00-0026224,56.900000000000006
2011,39,0.0,0.0,0.0,0.0,0.0,3.0,0.0,498.0,1.0,00-0026224,95.1
2012,38,0.0,0.0,0.0,0.0,0.0,4.0,0.0,395.0,1.0,00-0026224,83.9
2013,85,0.0,0.0,0.0,0.0,2.0,0.0,0.0,1067.0,2.0,00-0026224,199.7
2014,51,0.0,0.0,0.0,0.0,0.0,0.0,1.0,556.0,2.0,00-0026224,120.6
2015,36,0.0,0.0,0.0,0.0,1.0,-6.0,0.0,411.0,2.0,00-0026224,86.5
2016,15,0.0,0.0,0.0,0.0,0.0,0.0,0.0,210.0,0.0,00-0026224,36.0
2017,1,0.0,0.0,0.0,0.0,0.0,0.0,0.0,8.0,0.0,00-0026224,1.8
2008,50,0.0,0.0,9.0,0.0,2.0,1282.0,0.0,377.0,1.0,00-0026229,271.90000000000003
2009,44,0.0,0.0,3.0,0.0,5.0,437.0,0.0,417.0,4.0,00-0026229,161.4
2010,3,0.0,0.0,0.0,0.0,0.0,93.0,0.0,11.0,0.0,00-0026229,13.4
2011,3,0.0,0.0,1.0,0.0,0.0,84.0,0.0,3.0,0.0,00-0026229,17.7
2008,2,0.0,0.0,0.0,0.0,0.0,58.0,0.0,17.0,0.0,00-0026163,9.5
2009,25,0.0,0.0,7.0,0.0,3.0,1108.0,0.0,261.0,1.0,00-0026163,203.9
2010,23,0.0,0.0,13.0,0.0,2.0,1273.0,0.0,167.0,0.0,00-0026163,241.0
2011,18,0.0,0.0,9.0,0.0,1.0,928.0,0.0,154.0,0.0,00-0026163,178.20000000000002
2012,9,0.0,0.0,0.0,0.0,1.0,182.0,0.0,62.0,1.0,00-0026163,37.4
2013,18,0.0,0.0,8.0,0.0,3.0,687.0,1.0,134.0,0.0,00-0026163,144.1
2008,43,0.0,0.0,9.0,0.0,1.0,1228.0,0.0,260.0,1.0,00-0026164,249.8
2009,50,0.0,0.0,14.0,0.0,3.0,2006.0,1.0,503.0,2.0,00-0026164,392.90000000000003
2010,44,0.0,0.0,11.0,0.0,2.0,1364.0,0.0,245.0,1.0,00-0026164,272.9
2011,57,0.0,0.0,4.0,0.0,1.0,1047.0,0.0,418.0,0.0,00-0026164,225.5
2012,36,0.0,0.0,6.0,0.0,4.0,1243.0,0.0,239.0,0.0,00-0026164,212.20000000000002
2013,42,0.0,0.0,6.0,0.0,2.0,1077.0,0.0,345.0,4.0,00-0026164,240.2
2014,24,0.0,0.0,1.0,0.0,1.0,663.0,0.0,151.0,1.0,00-0026164,115.4
2015,6,0.0,0.0,3.0,0.0,2.0,814.0,0.0,58.0,0.0,00-0026164,107.2
2016,0,0.0,0.0,1.0,0.0,0.0,95.0,0.0,0.0,0.0,00-0026164,15.5
2017,5,0.0,0.0,0.0,0.0,0.0,114.0,0.0,43.0,0.0,00-0026164,20.7
2008,27,0.0,0.0,0.0,0.0,2.0,357.0,0.0,272.0,1.0,00-0026213,91.9
2009,40,0.0,0.0,7.0,0.0,3.0,1120.0,1.0,297.0,1.0,00-0026213,225.7
2010,45,0.0,0.0,5.0,0.0,2.0,1467.0,0.0,468.0,3.0,00-0026213,282.5
2011,5,0.0,0.0,0.0,0.0,1.0,83.0,0.0,9.0,1.0,00-0026213,18.2
2012,35,0.0,0.0,5.0,0.0,3.0,1509.0,0.0,236.0,1.0,00-0026213,239.5
2013,70,0.0,0.0,12.0,0.0,2.0,1287.0,0.0,693.0,7.0,00-0026213,378.00000000000006
2014,40,0.0,0.0,9.0,0.0,3.0,1033.0,0.0,291.0,5.0,00-0026213,250.4
2015,21,0.0,0.0,4.0,0.0,2.0,364.0,0.0,177.0,1.0,00-0026213,101.10000000000001
2016,2,0.0,0.0,1.0,0.0,0.0,40.0,0.0,14.0,0.0,00-0026213,13.4
2017,23,0.0,0.0,1.0,0.0,2.0,296.0,0.0,129.0,0.0,00-0026213,67.5
2018,2,0.0,0.0,0.0,0.0,0.0,7.0,0.0,7.0,0.0,00-0026213,3.4000000000000004
2008,0,0.0,0.0,0.0,0.0,1.0,0.0,0.0,0.0,0.0,00-0026293,-2.0
2009,0,0.0,0.0,0.0,0.0,0.0,6.0,0.0,0.0,0.0,00-0026293,0.6000000000000001
2010,0,0.0,0.0,0.0,0.0,0.0,0.0,0.0,0.0,0.0,00-0026293,0.0
2011,1,0.0,0.0,0.0,0.0,1.0,0.0,0.0,46.0,0.0,00-0026293,3.6000000000000005
2015,0,0.0,0.0,0.0,0.0,0.0,0.0,0.0,0.0,0.0,00-0026293,0.0
2016,0,0.0,0.0,0.0,0.0,1.0,5.0,0.0,0.0,0.0,00-0026293,-1.5
2008,4,0.0,0.0,0.0,0.0,0.0,0.0,0.0,46.0,2.0,00-0023797,20.6
2009,5,0.0,0.0,0.0,0.0,0.0,0.0,0.0,32.0,0.0,00-0023797,8.2
2010,0,0.0,0.0,0.0,0.0,0.0,0.0,0.0,0.0,0.0,00-0023797,0.0
2008,3,0.0,0.0,0.0,0.0,0.0,19.0,0.0,22.0,0.0,00-0026029,7.1000000000000005
2010,1,0.0,0.0,0.0,0.0,0.0,0.0,0.0,12.0,0.0,00-0026029,2.2
2011,41,0.0,0.0,0.0,0.0,0.0,105.0,0.0,291.0,0.0,00-0026029,80.6
2012,0,0.0,0.0,0.0,0.0,1.0,42.0,0.0,0.0,0.0,00-0026029,2.2
2008,0,6.0,0.0,0.0,0.0,0.0,4.0,0.0,0.0,0.0,00-0026349,0.64
2009,0,58.0,0.0,0.0,1.0,0.0,-5.0,0.0,0.0,0.0,00-0026349,-0.18000000000000016
2010,0,433.0,3.0,0.0,2.0,1.0,26.0,0.0,0.0,0.0,00-0026349,25.92
2011,0,518.0,6.0,1.0,2.0,1.0,-6.0,0.0,0.0,0.0,00-0026349,44.12
2012,0,68.0,0.0,0.0,0.0,0.0,-5.0,0.0,0.0,0.0,00-0026349,2.22
2013,0,1392.0,8.0,0.0,5.0,6.0,65.0,0.0,0.0,0.0,00-0026349,72.18
2014,0,66.0,0.0,0.0,1.0,1.0,-10.0,0.0,0.0,0.0,00-0026349,-2.36
2008,54,0.0,0.0,0.0,0.0,1.0,13.0,0.0,554.0,1.0,00-0026000,114.7
2009,76,0.0,0.0,0.0,0.0,3.0,11.0,0.0,758.0,2.0,00-0026000,158.89999999999998
2010,80,0.0,0.0,0.0,0.0,2.0,0.0,0.0,817.0,5.0,00-0026000,187.7
2011,51,0.0,0.0,0.0,0.0,2.0,9.0,0.0,537.0,3.0,00-0026000,119.60000000000001
2012,61,0.0,0.0,0.0,0.0,0.0,0.0,0.0,778.0,1.0,00-0026000,144.8
2013,42,0.0,0.0,0.0,0.0,1.0,0.0,1.0,362.0,2.0,00-0026000,90.2
2008,0,67.0,0.0,0.0,0.0,0.0,0.0,0.0,0.0,0.0,00-0026197,2.68
2009,0,2878.0,12.0,1.0,14.0,0.0,32.0,0.0,0.0,0.0,00-0026197,144.32
2010,0,3298.0,15.0,0.0,18.0,2.0,52.0,0.0,0.0,0.0,00-0026197,157.12
2011,0,868.0,4.0,1.0,4.0,0.0,112.0,0.0,0.0,0.0,00-0026197,59.92
2012,1,2084.0,11.0,1.0,11.0,2.0,64.0,0.0,-6.0,0.0,00-0026197,114.16000000000001
2013,0,3241.0,13.0,0.0,14.0,0.0,77.0,0.0,0.0,0.0,00-0026197,161.34
2014,0,492.0,3.0,0.0,1.0,1.0,25.0,0.0,0.0,0.0,00-0026197,30.18
2016,0,0.0,0.0,0.0,0.0,0.0,-2.0,0.0,0.0,0.0,00-0026197,-0.2
2017,0,0.0,0.0,0.0,0.0,0.0,-5.0,0.0,0.0,0.0,00-0026197,-0.5
2018,0,29.0,0.0,0.0,0.0,0.0,3.0,0.0,0.0,0.0,00-0026197,1.46
2020,0,248.0,2.0,1.0,0.0,0.0,-2.0,0.0,0.0,0.0,00-0026197,23.720000000000002
2021,0,82.0,0.0,0.0,0.0,0.0,0.0,0.0,0.0,0.0,00-0026197,3.2800000000000002
2022,0,0.0,0.0,0.0,0.0,0.0,-3.0,0.0,0.0,0.0,00-0026197,-0.30000000000000004
2008,19,8.0,0.0,3.0,0.0,1.0,419.0,0.0,162.0,0.0,00-0025487,93.42
2009,17,0.0,0.0,3.0,0.0,2.0,589.0,0.0,105.0,0.0,00-0025487,100.4
2010,18,0.0,0.0,8.0,0.0,0.0,655.0,0.0,194.0,0.0,00-0025487,150.9
2011,37,0.0,0.0,7.0,0.0,1.0,977.0,0.0,418.0,1.0,00-0025487,222.5
2012,9,0.0,0.0,5.0,0.0,1.0,411.0,0.0,83.0,0.0,00-0025487,86.39999999999999
2013,4,0.0,0.0,3.0,0.0,0.0,197.0,0.0,48.0,1.0,00-0025487,52.5
2004,6,0.0,0.0,0.0,0.0,1.0,0.0,0.0,117.0,1.0,00-0021647,21.700000000000003
2005,7,0.0,0.0,0.0,0.0,0.0,0.0,0.0,151.0,0.0,00-0021647,22.1
2007,22,0.0,0.0,0.0,0.0,0.0,0.0,0.0,329.0,2.0,00-0021647,66.9
2008,34,18.0,0.0,0.0,0.0,0.0,0.0,0.0,448.0,4.0,00-0021647,103.52000000000001
2009,18,0.0,0.0,0.0,0.0,0.0,0.0,0.0,186.0,0.0,00-0021647,36.6
2011,4,0.0,0.0,0.0,0.0,0.0,7.0,0.0,35.0,1.0,00-0021647,14.2
2008,15,0.0,0.0,1.0,0.0,0.0,53.0,0.0,120.0,0.0,00-0026174,38.3
2009,25,0.0,0.0,0.0,0.0,0.0,-2.0,0.0,325.0,3.0,00-0026174,75.3
2010,0,0.0,0.0,0.0,0.0,0.0,0.0,0.0,0.0,0.0,00-0026174,0.0
2011,3,0.0,0.0,0.0,0.0,0.0,0.0,0.0,37.0,0.0,00-0026174,6.7
2007,8,0.0,0.0,0.0,0.0,0.0,0.0,0.0,70.0,1.0,00-0022403,21.0
2008,1,0.0,0.0,0.0,0.0,0.0,0.0,0.0,23.0,0.0,00-0022403,3.3000000000000003
2008,0,23.0,0.0,0.0,0.0,0.0,-6.0,0.0,0.0,0.0,00-0026234,0.31999999999999995
2008,0,0.0,0.0,0.0,0.0,0.0,0.0,0.0,0.0,0.0,00-0001563,0.0
2008,12,0.0,0.0,1.0,0.0,1.0,95.0,0.0,91.0,1.0,00-0026209,40.6
2009,9,0.0,0.0,0.0,0.0,1.0,74.0,0.0,24.0,0.0,00-0026209,16.8
2010,22,0.0,0.0,0.0,0.0,0.0,60.0,0.0,145.0,1.0,00-0026209,48.5
2011,12,0.0,0.0,0.0,0.0,0.0,90.0,0.0,48.0,1.0,00-0026209,31.8
2012,1,0.0,0.0,2.0,0.0,0.0,81.0,0.0,7.0,0.0,00-0026209,21.8
2008,62,0.0,0.0,1.0,1.0,2.0,96.0,0.0,912.0,2.0,00-0026189,174.8
2009,63,0.0,0.0,1.0,0.0,1.0,137.0,0.0,1167.0,9.0,00-0026189,251.39999999999998
2010,47,0.0,0.0,1.0,0.0,1.0,104.0,0.0,1056.0,6.0,00-0026189,203.0
2011,58,0.0,0.0,0.0,0.0,1.0,41.0,0.0,961.0,4.0,00-0026189,180.2
2012,45,0.0,0.0,0.0,0.0,0.0,-7.0,0.0,700.0,2.0,00-0026189,126.3
2013,82,0.0,0.0,0.0,0.0,0.0,2.0,0.0,1332.0,9.0,00-0026189,269.4
2014,56,0.0,0.0,0.0,0.0,0.0,7.0,0.0,1169.0,6.0,00-0026189,209.60000000000002
2015,30,0.0,0.0,0.0,0.0,1.0,0.0,0.0,528.0,4.0,00-0026189,104.80000000000001
2016,56,0.0,0.0,0.0,0.0,0.0,0.0,0.0,1005.0,4.0,00-0026189,180.5
2017,50,0.0,0.0,0.0,0.0,0.0,38.0,0.0,668.0,3.0,00-0026189,138.6
2018,41,0.0,0.0,1.0,0.0,0.0,29.0,0.0,774.0,4.0,00-0026189,151.3
2019,9,0.0,0.0,0.0,0.0,0.0,0.0,0.0,159.0,2.0,00-0026189,36.9
2020,14,0.0,0.0,0.0,0.0,0.0,12.0,0.0,236.0,1.0,00-0026189,44.8
2021,20,0.0,0.0,0.0,0.0,1.0,4.0,0.0,454.0,2.0,00-0026189,75.80000000000001
2022,9,0.0,0.0,0.0,0.0,0.0,0.0,0.0,153.0,0.0,00-0026189,24.3
2008,5,0.0,0.0,0.0,0.0,1.0,0.0,0.0,48.0,1.0,00-0025892,13.8
2008,6,0.0,0.0,0.0,0.0,0.0,21.0,0.0,29.0,0.0,00-0026303,11.0
2009,6,0.0,0.0,0.0,0.0,0.0,0.0,0.0,21.0,1.0,00-0026303,14.1
2010,19,0.0,0.0,0.0,0.0,0.0,0.0,0.0,136.0,1.0,00-0026303,38.6
2011,3,0.0,0.0,0.0,0.0,0.0,6.0,0.0,32.0,0.0,00-0026303,6.800000000000001
2012,0,0.0,0.0,0.0,0.0,0.0,1.0,0.0,0.0,0.0,00-0026303,0.1
2008,54,0.0,0.0,1.0,0.0,0.0,59.0,0.0,684.0,3.0,00-0026173,152.3
2009,47,0.0,0.0,0.0,0.0,2.0,30.0,0.0,589.0,5.0,00-0026173,134.9
2011,3,0.0,0.0,0.0,0.0,0.0,0.0,0.0,45.0,1.0,00-0026173,13.5
2012,60,0.0,0.0,0.0,0.0,0.0,9.0,0.0,781.0,3.0,00-0026173,157.0
2013,40,0.0,0.0,0.0,0.0,1.0,6.0,0.0,596.0,2.0,00-0026173,110.2
2014,15,0.0,0.0,0.0,0.0,1.0,0.0,0.0,176.0,0.0,00-0026173,30.6
2008,0,0.0,0.0,0.0,0.0,0.0,0.0,0.0,0.0,0.0,00-0026151,0.0
2009,0,0.0,0.0,0.0,0.0,1.0,0.0,0.0,0.0,0.0,00-0026151,-2.0
2010,0,0.0,0.0,0.0,0.0,1.0,0.0,0.0,0.0,0.0,00-0026151,-2.0
2011,0,0.0,0.0,0.0,0.0,0.0,0.0,0.0,0.0,0.0,00-0026151,0.0
2013,0,0.0,0.0,0.0,0.0,1.0,0.0,0.0,0.0,0.0,00-0026151,-2.0
2014,0,0.0,0.0,0.0,0.0,1.0,0.0,0.0,0.0,0.0,00-0026151,-2.0
2015,0,0.0,0.0,0.0,0.0,1.0,0.0,0.0,0.0,0.0,00-0026151,-2.0
2008,2,0.0,0.0,2.0,0.0,0.0,43.0,0.0,17.0,0.0,00-0024103,20.0
2009,0,0.0,0.0,0.0,0.0,0.0,1.0,0.0,0.0,0.0,00-0024103,0.1
2011,2,0.0,0.0,0.0,0.0,0.0,39.0,0.0,2.0,0.0,00-0024103,6.1000000000000005
2012,8,0.0,0.0,1.0,0.0,0.0,209.0,1.0,113.0,0.0,00-0024103,48.2
2007,6,0.0,0.0,0.0,0.0,0.0,0.0,0.0,55.0,0.0,00-0025582,11.5
2008,2,0.0,0.0,0.0,0.0,0.0,3.0,0.0,7.0,1.0,00-0025582,9.0
2009,1,0.0,0.0,0.0,0.0,0.0,0.0,0.0,5.0,0.0,00-0025582,1.5
2008,2,0.0,0.0,0.0,0.0,0.0,53.0,0.0,0.0,0.0,00-0026453,7.300000000000001
2009,7,0.0,0.0,0.0,0.0,1.0,45.0,0.0,51.0,0.0,00-0026453,14.600000000000001
2008,32,0.0,0.0,0.0,0.0,0.0,1.0,0.0,359.0,3.0,00-0025622,86.0
2009,30,0.0,0.0,0.0,0.0,0.0,6.0,0.0,318.0,2.0,00-0025622,74.4
2010,40,0.0,0.0,1.0,0.0,2.0,9.0,0.0,346.0,0.0,00-0025622,77.5
2011,4,0.0,0.0,0.0,0.0,1.0,0.0,0.0,39.0,0.0,00-0025622,5.9
2008,0,0.0,0.0,0.0,0.0,1.0,0.0,0.0,0.0,0.0,00-0026190,-2.0
2008,9,0.0,0.0,0.0,0.0,0.0,4.0,0.0,53.0,0.0,00-0026286,14.700000000000001
2009,13,0.0,0.0,0.0,0.0,0.0,46.0,0.0,133.0,0.0,00-0026286,30.900000000000002
2010,8,0.0,0.0,0.0,0.0,1.0,76.0,0.0,54.0,0.0,00-0026286,19.0
2011,4,0.0,0.0,0.0,0.0,0.0,10.0,0.0,40.0,0.0,00-0026286,9.0
2012,3,0.0,0.0,0.0,0.0,0.0,0.0,0.0,35.0,0.0,00-0026286,6.5
2013,6,0.0,0.0,0.0,0.0,0.0,0.0,0.0,37.0,0.0,00-0026286,9.7
2014,0,0.0,0.0,0.0,0.0,0.0,27.0,0.0,0.0,0.0,00-0026286,2.7
2015,1,0.0,0.0,0.0,0.0,0.0,2.0,0.0,12.0,0.0,00-0026286,2.4000000000000004
2016,6,0.0,0.0,0.0,0.0,0.0,13.0,0.0,57.0,0.0,00-0026286,13.0
2006,2,0.0,0.0,0.0,0.0,0.0,0.0,0.0,30.0,0.0,00-0024389,5.0
2007,21,0.0,0.0,0.0,0.0,0.0,0.0,0.0,174.0,1.0,00-0024389,44.400000000000006
2008,10,0.0,0.0,0.0,0.0,0.0,-13.0,0.0,155.0,1.0,00-0024389,30.2
2009,21,0.0,0.0,0.0,0.0,2.0,34.0,0.0,233.0,0.0,00-0024389,43.7
2010,29,0.0,0.0,0.0,0.0,1.0,18.0,0.0,331.0,0.0,00-0024389,61.900000000000006
2011,19,0.0,0.0,0.0,0.0,0.0,5.0,0.0,198.0,3.0,00-0024389,57.3
2012,21,0.0,0.0,0.0,0.0,1.0,0.0,0.0,344.0,3.0,00-0024389,71.4
2013,60,0.0,0.0,0.0,0.0,0.0,0.0,0.0,571.0,6.0,00-0024389,153.1
2014,63,0.0,0.0,0.0,0.0,0.0,0.0,0.0,857.0,4.0,00-0024389,172.7
2015,94,0.0,0.0,0.0,0.0,0.0,36.0,1.0,1088.0,6.0,00-0024389,244.4
2016,65,0.0,0.0,0.0,0.0,0.0,11.0,0.0,800.0,7.0,00-0024389,188.1
2017,74,0.0,0.0,1.0,0.0,2.0,-2.0,0.0,807.0,3.0,00-0024389,174.5
2018,4,0.0,0.0,0.0,0.0,0.0,0.0,0.0,52.0,0.0,00-0024389,9.2
2019,21,0.0,0.0,0.0,0.0,0.0,0.0,0.0,215.0,2.0,00-0024389,54.5
2008,3,0.0,0.0,0.0,0.0,0.0,-3.0,0.0,27.0,0.0,00-0026188,5.4
2009,48,0.0,0.0,0.0,0.0,0.0,0.0,0.0,509.0,6.0,00-0026188,134.9
2010,21,0.0,0.0,0.0,0.0,0.0,0.0,0.0,316.0,3.0,00-0026188,70.6
2011,59,0.0,0.0,0.0,0.0,1.0,0.0,0.0,796.0,3.0,00-0026188,154.60000000000002
2012,24,0.0,0.0,0.0,0.0,0.0,1.0,0.0,325.0,0.0,00-0026188,56.6
2013,7,0.0,0.0,0.0,0.0,0.0,0.0,0.0,70.0,1.0,00-0026188,20.0
2008,3,0.0,0.0,5.0,0.0,0.0,275.0,0.0,37.0,0.0,00-0025860,64.2
2009,2,0.0,0.0,0.0,0.0,0.0,114.0,0.0,11.0,0.0,00-0025860,14.5
2010,12,0.0,0.0,13.0,0.0,0.0,1008.0,0.0,85.0,0.0,00-0025860,199.3
2011,9,0.0,0.0,11.0,0.0,0.0,667.0,0.0,159.0,0.0,00-0025860,157.6
2012,22,0.0,0.0,6.0,0.0,2.0,1094.0,0.0,104.0,0.0,00-0025860,173.8
2013,4,0.0,0.0,7.0,0.0,2.0,756.0,0.0,22.0,0.0,00-0025860,119.80000000000001
2008,0,0.0,0.0,0.0,0.0,0.0,0.0,0.0,0.0,0.0,00-0024330,0.0
2010,0,0.0,0.0,0.0,0.0,0.0,0.0,0.0,0.0,0.0,00-0024330,0.0
2011,0,0.0,0.0,0.0,0.0,0.0,0.0,0.0,0.0,0.0,00-0024330,0.0
2008,3,0.0,0.0,1.0,0.0,0.0,45.0,0.0,30.0,0.0,00-0025997,16.5
2009,3,0.0,0.0,2.0,0.0,0.0,102.0,0.0,1.0,0.0,00-0025997,25.300000000000004
2008,0,0.0,0.0,0.0,0.0,0.0,0.0,0.0,0.0,0.0,00-0026240,0.0
2008,0,0.0,0.0,0.0,0.0,0.0,22.0,0.0,0.0,0.0,00-0024292,2.2
2008,0,41.0,0.0,0.0,2.0,0.0,4.0,0.0,0.0,0.0,00-0025592,-1.96
2010,0,18.0,0.0,0.0,0.0,0.0,0.0,0.0,0.0,0.0,00-0025592,0.72
2014,0,7.0,0.0,0.0,0.0,0.0,-1.0,0.0,0.0,0.0,00-0025592,0.18000000000000002
2008,0,0.0,0.0,0.0,0.0,0.0,0.0,0.0,0.0,0.0,00-0026198,0.0
2008,6,0.0,0.0,0.0,0.0,0.0,61.0,0.0,43.0,0.0,00-0024460,16.400000000000002
2009,9,0.0,0.0,3.0,0.0,0.0,199.0,0.0,99.0,0.0,00-0024460,56.800000000000004
2010,2,0.0,0.0,0.0,0.0,0.0,18.0,0.0,9.0,0.0,00-0024460,4.7
2007,8,0.0,0.0,0.0,0.0,0.0,0.0,0.0,160.0,2.0,00-0023408,36.0
2008,55,0.0,0.0,0.0,0.0,0.0,1.0,0.0,613.0,2.0,00-0023408,128.4
2009,50,0.0,0.0,0.0,0.0,0.0,0.0,0.0,552.0,0.0,00-0023408,105.2
2010,20,0.0,0.0,0.0,0.0,0.0,0.0,0.0,240.0,1.0,00-0023408,50.0
2011,9,0.0,0.0,0.0,0.0,0.0,0.0,0.0,121.0,0.0,00-0023408,21.1
2012,4,0.0,0.0,0.0,0.0,0.0,0.0,0.0,44.0,0.0,00-0023408,8.4
2008,0,0.0,0.0,0.0,0.0,2.0,0.0,0.0,0.0,0.0,00-0026444,-4.0
2009,0,0.0,0.0,0.0,0.0,0.0,0.0,0.0,0.0,0.0,00-0026444,0.0
2008,13,0.0,0.0,0.0,0.0,0.0,8.0,0.0,172.0,1.0,00-0026268,37.0
2009,25,0.0,0.0,0.0,0.0,0.0,0.0,0.0,253.0,0.0,00-0026268,50.3
2008,4,0.0,0.0,0.0,0.0,3.0,40.0,0.0,24.0,0.0,00-0026113,4.4
2009,2,0.0,0.0,0.0,0.0,1.0,7.0,0.0,4.0,0.0,00-0026113,1.1
2010,0,0.0,0.0,0.0,0.0,0.0,0.0,0.0,0.0,0.0,00-0026113,0.0
2008,0,0.0,0.0,1.0,0.0,0.0,69.0,0.0,0.0,0.0,00-0026279,12.9
2010,18,0.0,0.0,4.0,0.0,1.0,742.0,0.0,125.0,2.0,00-0026279,138.7
2011,6,0.0,0.0,1.0,0.0,0.0,200.0,0.0,23.0,0.0,00-0026279,34.3
2005,18,0.0,0.0,0.0,0.0,1.0,0.0,0.0,230.0,0.0,00-0023474,39.0
2006,14,0.0,0.0,0.0,0.0,0.0,0.0,0.0,282.0,3.0,00-0023474,60.2
2007,6,0.0,0.0,0.0,0.0,0.0,0.0,0.0,71.0,1.0,00-0023474,19.1
2008,30,37.0,1.0,0.0,0.0,0.0,0.0,0.0,380.0,3.0,00-0023474,91.48
2009,24,26.0,0.0,0.0,0.0,0.0,20.0,0.0,320.0,2.0,00-0023474,71.03999999999999
2008,15,0.0,0.0,0.0,0.0,0.0,-2.0,0.0,226.0,2.0,00-0026366,49.400000000000006
2009,29,0.0,0.0,0.0,0.0,0.0,0.0,0.0,365.0,2.0,00-0026366,77.5
2010,5,0.0,0.0,0.0,0.0,0.0,0.0,0.0,40.0,1.0,00-0026366,15.0
2011,23,0.0,0.0,0.0,0.0,0.0,0.0,0.0,271.0,2.0,00-0026366,62.1
2012,28,0.0,0.0,0.0,0.0,1.0,0.0,0.0,289.0,2.0,00-0026366,66.9
2008,0,119.0,1.0,0.0,0.0,0.0,20.0,0.0,0.0,0.0,00-0025430,10.76
2009,0,259.0,0.0,1.0,6.0,1.0,33.0,0.0,0.0,0.0,00-0025430,5.66
2010,0,780.0,4.0,1.0,3.0,1.0,113.0,0.0,0.0,0.0,00-0025430,56.5
2014,0,1711.0,7.0,0.0,5.0,0.0,63.0,1.0,0.0,0.0,00-0025430,94.74
2015,0,104.0,0.0,0.0,2.0,0.0,-13.0,0.0,0.0,0.0,00-0025430,-1.14
2016,0,192.0,2.0,0.0,3.0,0.0,-3.0,0.0,0.0,0.0,00-0025430,9.379999999999999
2017,0,894.0,6.0,0.0,5.0,0.0,7.0,0.0,0.0,0.0,00-0025430,50.46
2008,8,0.0,0.0,0.0,0.0,0.0,-2.0,1.0,19.0,0.0,00-0026033,11.7
2009,10,0.0,0.0,1.0,0.0,0.0,5.0,0.0,79.0,0.0,00-0026033,24.4
2010,4,0.0,0.0,0.0,0.0,0.0,0.0,0.0,27.0,0.0,00-0026033,6.7
2011,2,0.0,0.0,0.0,0.0,0.0,0.0,0.0,8.0,0.0,00-0026033,2.8
2012,3,0.0,0.0,0.0,0.0,0.0,0.0,0.0,22.0,0.0,00-0026033,5.2
2008,0,0.0,0.0,0.0,0.0,1.0,0.0,0.0,0.0,0.0,00-0026257,-2.0
2014,0,0.0,0.0,0.0,0.0,2.0,0.0,0.0,0.0,0.0,00-0026257,-4.0
2008,3,0.0,0.0,0.0,0.0,0.0,130.0,0.0,24.0,1.0,00-0023881,24.4
2008,0,0.0,0.0,0.0,0.0,0.0,0.0,0.0,0.0,0.0,00-0026089,0.0
2009,0,0.0,0.0,0.0,0.0,0.0,0.0,0.0,0.0,0.0,00-0026089,0.0
2008,0,0.0,0.0,0.0,0.0,2.0,0.0,0.0,0.0,0.0,00-0026322,-4.0
2008,6,0.0,0.0,0.0,0.0,1.0,0.0,0.0,64.0,0.0,00-0026193,10.4
2009,1,0.0,0.0,0.0,0.0,0.0,0.0,0.0,5.0,0.0,00-0026193,1.5
2008,1,0.0,0.0,0.0,0.0,0.0,0.0,0.0,12.0,0.0,00-0024158,2.2
2007,1,0.0,0.0,0.0,0.0,0.0,0.0,0.0,6.0,0.0,00-0025463,1.6
2008,31,0.0,0.0,0.0,0.0,0.0,5.0,0.0,319.0,2.0,00-0025463,75.4
2009,9,0.0,0.0,0.0,0.0,0.0,0.0,0.0,90.0,2.0,00-0025463,30.0
2010,11,0.0,0.0,0.0,0.0,0.0,0.0,0.0,248.0,1.0,00-0025463,41.8
2011,25,0.0,0.0,0.0,0.0,0.0,0.0,0.0,367.0,3.0,00-0025463,79.7
2012,2,0.0,0.0,0.0,0.0,0.0,0.0,0.0,15.0,1.0,00-0025463,9.5
2008,6,0.0,0.0,0.0,0.0,0.0,29.0,0.0,47.0,0.0,00-0025913,13.600000000000001
2008,0,0.0,0.0,0.0,0.0,1.0,0.0,0.0,0.0,0.0,00-0024736,-2.0
2008,4,0.0,0.0,0.0,0.0,0.0,-12.0,0.0,26.0,0.0,00-0026235,5.4
2009,57,0.0,0.0,0.0,0.0,1.0,0.0,0.0,822.0,5.0,00-0026235,167.2
2010,60,0.0,0.0,0.0,0.0,1.0,2.0,0.0,944.0,9.0,00-0026235,206.60000000000002
2011,39,0.0,0.0,0.0,0.0,0.0,0.0,0.0,523.0,4.0,00-0026235,115.30000000000001
2012,42,0.0,0.0,0.0,0.0,1.0,64.0,0.0,449.0,1.0,00-0026235,97.30000000000001
2013,9,0.0,0.0,0.0,0.0,0.0,0.0,0.0,85.0,0.0,00-0026235,17.5
2008,0,0.0,0.0,0.0,0.0,0.0,6.0,0.0,0.0,0.0,00-0024392,0.6000000000000001
2008,10,0.0,0.0,0.0,0.0,0.0,6.0,0.0,102.0,2.0,00-0026364,32.800000000000004
2009,2,0.0,0.0,0.0,0.0,0.0,0.0,0.0,10.0,0.0,00-0026364,3.0
2010,82,0.0,0.0,0.0,0.0,1.0,0.0,0.0,1073.0,10.0,00-0026364,247.3
2011,76,0.0,0.0,0.0,0.0,0.0,0.0,0.0,1004.0,7.0,00-0026364,218.4
2012,79,0.0,0.0,0.0,0.0,1.0,0.0,0.0,1046.0,6.0,00-0026364,217.60000000000002
2013,52,0.0,0.0,0.0,0.0,1.0,10.0,1.0,597.0,3.0,00-0026364,130.7
2014,35,0.0,0.0,0.0,0.0,0.0,0.0,0.0,435.0,3.0,00-0026364,96.5
2015,45,0.0,0.0,0.0,0.0,0.0,0.0,0.0,497.0,3.0,00-0026364,112.7
2008,1,0.0,0.0,0.0,0.0,0.0,9.0,0.0,9.0,0.0,00-0026353,2.8
2011,2,0.0,0.0,0.0,0.0,0.0,-1.0,0.0,13.0,0.0,00-0026353,3.2
2007,70,0.0,0.0,0.0,0.0,0.0,0.0,0.0,995.0,5.0,00-0025410,199.5
2008,86,0.0,0.0,0.0,0.0,1.0,0.0,0.0,1022.0,7.0,00-0025410,228.2
2009,47,0.0,0.0,0.0,0.0,0.0,0.0,0.0,589.0,4.0,00-0025410,129.9
2010,72,0.0,0.0,0.0,0.0,0.0,4.0,0.0,1162.0,15.0,00-0025410,278.6
2011,81,0.0,0.0,0.0,0.0,0.0,12.0,0.0,1159.0,5.0,00-0025410,228.10000000000002
2012,59,0.0,0.0,0.0,0.0,1.0,0.0,0.0,801.0,3.0,00-0025410,155.10000000000002
2013,57,0.0,0.0,0.0,0.0,0.0,0.0,0.0,673.0,5.0,00-0025410,154.3
2014,60,0.0,0.0,0.0,0.0,0.0,0.0,0.0,754.0,0.0,00-0025410,135.4
2015,5,0.0,0.0,0.0,0.0,0.0,0.0,0.0,53.0,0.0,00-0025410,10.3
2008,11,0.0,0.0,0.0,0.0,0.0,53.0,0.0,78.0,0.0,00-0026237,24.1
2009,51,0.0,0.0,0.0,0.0,2.0,22.0,0.0,432.0,3.0,00-0026237,110.4
2010,25,0.0,0.0,0.0,0.0,1.0,-2.0,0.0,345.0,0.0,00-0026237,57.3
2011,37,0.0,0.0,0.0,0.0,0.0,0.0,0.0,317.0,3.0,00-0026237,86.7
2012,1,0.0,0.0,0.0,0.0,0.0,14.0,0.0,18.0,0.0,00-0026237,4.2
2013,16,0.0,0.0,0.0,0.0,0.0,7.0,0.0,200.0,3.0,00-0026237,54.7
2014,5,0.0,0.0,0.0,0.0,0.0,0.0,0.0,47.0,0.0,00-0026237,9.7
2015,10,0.0,0.0,0.0,0.0,0.0,3.0,0.0,72.0,2.0,00-0026237,29.5
2008,0,0.0,0.0,0.0,0.0,0.0,9.0,0.0,0.0,0.0,00-0024417,0.9
2010,0,13.0,0.0,0.0,0.0,0.0,0.0,0.0,0.0,0.0,00-0024417,0.52
2011,0,0.0,0.0,0.0,0.0,0.0,0.0,1.0,0.0,0.0,00-0024417,2.0
2012,0,0.0,0.0,1.0,0.0,0.0,17.0,0.0,0.0,0.0,00-0024417,7.7
2015,0,-3.0,0.0,0.0,0.0,0.0,7.0,0.0,0.0,0.0,00-0024417,0.5800000000000001
2016,0,0.0,0.0,0.0,0.0,0.0,-23.0,0.0,0.0,0.0,00-0024417,-2.3000000000000003
2017,0,38.0,0.0,0.0,0.0,0.0,0.0,0.0,0.0,0.0,00-0024417,1.52
2018,0,21.0,0.0,0.0,0.0,0.0,0.0,0.0,0.0,0.0,00-0024417,0.84
2019,0,-2.0,0.0,0.0,0.0,0.0,0.0,0.0,0.0,0.0,00-0024417,-0.08
2020,0,15.0,0.0,0.0,0.0,0.0,0.0,0.0,0.0,0.0,00-0024417,0.6
2008,0,0.0,0.0,0.0,0.0,0.0,5.0,0.0,0.0,0.0,00-0026319,0.5
2009,0,0.0,0.0,0.0,0.0,0.0,22.0,0.0,0.0,0.0,00-0026319,2.2
2008,12,0.0,0.0,1.0,0.0,0.0,20.0,0.0,289.0,3.0,00-0025414,66.9
2009,45,0.0,0.0,0.0,0.0,1.0,82.0,0.0,722.0,9.0,00-0025414,177.4
2010,44,0.0,0.0,0.0,0.0,0.0,14.0,0.0,638.0,5.0,00-0025414,139.20000000000002
2011,41,0.0,0.0,0.0,0.0,0.0,26.0,0.0,658.0,6.0,00-0025414,145.39999999999998
2012,14,0.0,0.0,0.0,0.0,0.0,-6.0,0.0,207.0,2.0,00-0025414,46.1
2013,16,0.0,0.0,0.0,0.0,0.0,-1.0,0.0,324.0,2.0,00-0025414,60.3
2014,7,0.0,0.0,0.0,0.0,0.0,0.0,0.0,114.0,0.0,00-0025414,18.4
2008,0,0.0,0.0,0.0,0.0,1.0,0.0,0.0,0.0,0.0,00-0024257,-2.0
2011,0,0.0,0.0,0.0,0.0,0.0,0.0,0.0,0.0,0.0,00-0024257,0.0
2014,0,0.0,0.0,0.0,0.0,0.0,0.0,0.0,0.0,0.0,00-0024257,0.0
2008,0,3.0,0.0,0.0,0.0,0.0,-3.0,0.0,0.0,0.0,00-0026296,-0.18000000000000005
2009,0,145.0,1.0,1.0,1.0,0.0,27.0,0.0,0.0,0.0,00-0026296,16.5
2010,0,254.0,0.0,0.0,1.0,1.0,32.0,0.0,0.0,0.0,00-0026296,9.36
2003,35,0.0,0.0,0.0,0.0,0.0,0.0,0.0,347.0,1.0,00-0022127,75.7
2004,87,0.0,0.0,0.0,0.0,1.0,0.0,1.0,980.0,6.0,00-0022127,221.0
2005,66,0.0,0.0,0.0,0.0,0.0,0.0,0.0,757.0,6.0,00-0022127,177.7
2006,64,0.0,0.0,0.0,0.0,0.0,0.0,0.0,754.0,1.0,00-0022127,145.4
2007,96,0.0,0.0,0.0,0.0,1.0,0.0,0.0,1145.0,7.0,00-0022127,250.5
2008,81,42.0,0.0,0.0,0.0,0.0,0.0,0.0,952.0,4.0,00-0022127,201.88
2009,94,0.0,0.0,0.0,0.0,0.0,0.0,0.0,1030.0,2.0,00-0022127,209.0
2010,94,0.0,0.0,0.0,0.0,1.0,0.0,1.0,1002.0,9.0,00-0022127,248.2
2011,79,0.0,0.0,0.0,0.0,0.0,0.0,0.0,942.0,5.0,00-0022127,203.2
2012,110,0.0,0.0,0.0,0.0,0.0,0.0,0.0,1039.0,3.0,00-0022127,231.9
2013,73,0.0,0.0,0.0,0.0,0.0,0.0,0.0,851.0,8.0,00-0022127,206.10000000000002
2014,64,0.0,0.0,0.0,0.0,0.0,0.0,0.0,703.0,5.0,00-0022127,164.3
2015,77,0.0,0.0,0.0,0.0,1.0,0.0,0.0,713.0,3.0,00-0022127,164.3
2016,69,0.0,0.0,0.0,0.0,1.0,0.0,0.0,673.0,3.0,00-0022127,152.3
2017,63,0.0,0.0,0.0,0.0,1.0,0.0,0.0,560.0,5.0,00-0022127,147.0
2019,63,0.0,0.0,0.0,0.0,1.0,0.0,1.0,529.0,4.0,00-0022127,139.9
2020,13,0.0,0.0,0.0,0.0,0.0,0.0,0.0,69.0,2.0,00-0022127,31.9
2008,0,0.0,0.0,0.0,0.0,0.0,27.0,0.0,0.0,0.0,00-0026316,2.7
2009,0,0.0,0.0,0.0,0.0,0.0,17.0,0.0,0.0,0.0,00-0026316,1.7000000000000002
2010,0,0.0,0.0,0.0,0.0,0.0,0.0,0.0,0.0,0.0,00-0026316,0.0
2012,7,0.0,0.0,0.0,0.0,0.0,143.0,0.0,60.0,0.0,00-0026316,27.3
2014,0,0.0,0.0,0.0,0.0,0.0,0.0,0.0,0.0,0.0,00-0026316,0.0
2008,0,0.0,0.0,0.0,0.0,0.0,0.0,0.0,0.0,0.0,00-0025612,0.0
2012,0,0.0,0.0,0.0,0.0,0.0,0.0,0.0,0.0,0.0,00-0025612,0.0
2013,0,0.0,0.0,0.0,0.0,1.0,0.0,0.0,0.0,0.0,00-0025612,-2.0
2008,0,0.0,0.0,0.0,0.0,0.0,15.0,0.0,0.0,0.0,00-0024559,1.5
2009,3,0.0,0.0,1.0,0.0,1.0,73.0,0.0,15.0,0.0,00-0024559,15.8
2010,7,0.0,0.0,0.0,0.0,0.0,73.0,0.0,67.0,0.0,00-0024559,21.0
2011,27,0.0,0.0,0.0,0.0,0.0,163.0,2.0,170.0,0.0,00-0024559,64.3
2012,14,0.0,0.0,0.0,0.0,0.0,51.0,0.0,100.0,0.0,00-0024559,29.1
2008,1,0.0,0.0,0.0,0.0,0.0,83.0,0.0,5.0,0.0,00-0026432,9.8
2010,3,0.0,0.0,0.0,0.0,0.0,158.0,0.0,16.0,0.0,00-0026432,20.400000000000002
2011,16,0.0,0.0,1.0,0.0,2.0,402.0,0.0,148.0,1.0,00-0026432,79.0
2012,7,0.0,0.0,1.0,0.0,1.0,158.0,0.0,58.0,1.0,00-0026432,38.599999999999994
2014,0,0.0,0.0,0.0,0.0,0.0,0.0,0.0,0.0,0.0,00-0020840,0.0
2011,0,0.0,0.0,0.0,0.0,0.0,10.0,0.0,0.0,0.0,00-0025424,1.0
2012,0,0.0,0.0,0.0,0.0,1.0,10.0,0.0,0.0,0.0,00-0025424,-1.0
2013,0,0.0,0.0,0.0,0.0,0.0,4.0,0.0,0.0,0.0,00-0025424,0.4
2014,0,0.0,0.0,0.0,0.0,0.0,0.0,0.0,0.0,0.0,00-0025424,0.0
2009,7,0.0,0.0,0.0,0.0,0.0,0.0,0.0,62.0,0.0,00-0027139,13.2
2011,15,0.0,0.0,0.0,0.0,0.0,0.0,0.0,101.0,1.0,00-0027139,31.1
2012,8,0.0,0.0,0.0,0.0,0.0,0.0,0.0,55.0,1.0,00-0027139,19.5
2013,4,0.0,0.0,0.0,0.0,0.0,0.0,0.0,30.0,0.0,00-0027139,7.0
2014,1,0.0,0.0,0.0,0.0,0.0,0.0,0.0,1.0,1.0,00-0027139,7.1
2015,10,0.0,0.0,0.0,0.0,0.0,0.0,0.0,69.0,1.0,00-0027139,22.9
2016,10,0.0,0.0,0.0,0.0,0.0,0.0,0.0,72.0,1.0,00-0027139,23.2
2018,3,0.0,0.0,0.0,0.0,0.0,0.0,0.0,38.0,0.0,00-0027139,6.800000000000001
2009,28,0.0,0.0,7.0,0.0,4.0,947.0,0.0,213.0,2.0,00-0026988,190.0
2010,37,0.0,0.0,5.0,0.0,2.0,779.0,0.0,372.0,3.0,00-0026988,196.10000000000002
2011,11,0.0,0.0,0.0,0.0,1.0,179.0,0.0,101.0,1.0,00-0026988,43.00000000000001
2012,21,0.0,0.0,4.0,0.0,1.0,525.0,0.0,167.0,0.0,00-0026988,112.2
2013,60,0.0,0.0,10.0,0.0,0.0,1038.0,0.0,548.0,3.0,00-0026988,296.6
2014,1,0.0,0.0,1.0,0.0,0.0,148.0,0.0,8.0,0.0,00-0026988,22.6
2009,0,0.0,0.0,0.0,0.0,0.0,0.0,0.0,0.0,0.0,00-0027103,0.0
2012,0,0.0,0.0,0.0,0.0,0.0,-1.0,0.0,0.0,0.0,00-0027103,-0.1
2013,0,0.0,0.0,0.0,0.0,0.0,0.0,0.0,0.0,0.0,00-0027103,0.0
2009,5,0.0,0.0,0.0,0.0,0.0,321.0,0.0,67.0,0.0,00-0026941,43.800000000000004
2010,11,0.0,0.0,1.0,0.0,2.0,299.0,0.0,60.0,0.0,00-0026941,48.900000000000006
2011,13,0.0,0.0,3.0,0.0,0.0,380.0,0.0,38.0,0.0,00-0026941,72.8
2012,0,0.0,0.0,0.0,0.0,0.0,35.0,0.0,0.0,0.0,00-0026941,3.5
2013,2,0.0,0.0,0.0,0.0,0.0,14.0,0.0,10.0,0.0,00-0026941,4.4
2009,0,2267.0,13.0,2.0,20.0,1.0,108.0,1.0,0.0,0.0,00-0026498,125.48
2010,0,535.0,6.0,1.0,1.0,1.0,11.0,1.0,0.0,0.0,00-0026498,50.50000000000001
2011,0,5100.0,41.0,0.0,16.0,1.0,78.0,2.0,0.0,0.0,00-0026498,345.8
2012,1,4967.0,20.0,4.0,17.0,4.0,126.0,1.0,3.0,0.0,00-0026498,276.58
2013,0,4650.0,29.0,2.0,19.0,4.0,69.0,2.0,0.0,0.0,00-0026498,278.9
2014,0,4257.0,22.0,2.0,12.0,3.0,93.0,1.0,0.0,0.0,00-0026498,251.57999999999998
2015,1,4262.0,32.0,1.0,13.0,2.0,159.0,0.0,-6.0,0.0,00-0026498,290.78
2016,0,4327.0,24.0,2.0,10.0,2.0,207.0,1.0,0.0,0.0,00-0026498,279.78000000000003
2017,0,4446.0,29.0,0.0,10.0,7.0,98.0,2.0,0.0,0.0,00-0026498,273.64000000000004
2018,0,3777.0,21.0,0.0,11.0,4.0,71.0,0.0,0.0,0.0,00-0026498,212.18
2019,0,2499.0,19.0,0.0,5.0,3.0,66.0,0.0,0.0,0.0,00-0026498,166.56
2020,0,4084.0,26.0,0.0,10.0,1.0,112.0,2.0,0.0,0.0,00-0026498,260.56
2021,0,4648.0,38.0,0.0,15.0,2.0,43.0,2.0,0.0,0.0,00-0026498,312.22
2022,0,2087.0,10.0,1.0,8.0,3.0,9.0,0.0,0.0,0.0,00-0026498,108.38000000000001
2023,0,3965.0,24.0,0.0,11.0,0.0,65.0,2.0,0.0,0.0,00-0026498,243.1
2024,0,3762.0,20.0,0.0,8.0,2.0,41.0,0.0,0.0,0.0,00-0026498,214.57999999999998
2009,9,0.0,0.0,0.0,0.0,0.0,131.0,0.0,84.0,1.0,00-0027129,36.5
2010,8,0.0,0.0,0.0,0.0,0.0,58.0,0.0,45.0,0.0,00-0027129,18.3
2011,1,0.0,0.0,0.0,0.0,0.0,0.0,0.0,9.0,0.0,00-0027129,1.9
2009,11,0.0,0.0,3.0,0.0,0.0,281.0,0.0,169.0,0.0,00-0027003,74.0
2010,20,0.0,0.0,2.0,0.0,0.0,497.0,0.0,205.0,0.0,00-0027003,102.2
2011,16,0.0,0.0,5.0,0.0,0.0,645.0,0.0,86.0,0.0,00-0027003,119.1
2012,9,0.0,0.0,1.0,0.0,0.0,417.0,1.0,93.0,0.0,00-0027003,68.0
2013,27,0.0,0.0,6.0,0.0,0.0,537.0,0.0,214.0,2.0,00-0027003,150.1
2014,29,0.0,0.0,0.0,0.0,0.0,223.0,0.0,211.0,0.0,00-0027003,72.4
2015,8,0.0,0.0,1.0,0.0,0.0,229.0,0.0,88.0,0.0,00-0027003,45.7
2009,0,0.0,0.0,0.0,0.0,0.0,81.0,0.0,0.0,0.0,00-0027020,8.1
2009,4,0.0,0.0,0.0,0.0,0.0,15.0,0.0,5.0,0.0,00-0027130,6.0
2010,4,0.0,0.0,0.0,0.0,0.0,60.0,0.0,45.0,0.0,00-0027130,14.5
2009,60,0.0,0.0,0.0,0.0,0.0,135.0,0.0,790.0,6.0,00-0026998,188.5
2010,71,0.0,0.0,1.0,0.0,1.0,107.0,1.0,868.0,5.0,00-0026998,204.5
2011,87,0.0,0.0,2.0,0.0,2.0,345.0,0.0,961.0,6.0,00-0026998,261.6
2012,62,0.0,0.0,1.0,0.0,1.0,96.0,0.0,677.0,3.0,00-0026998,161.3
2013,1,0.0,0.0,0.0,0.0,0.0,0.0,0.0,17.0,0.0,00-0026998,2.7
2014,51,0.0,0.0,1.0,0.0,1.0,202.0,0.0,483.0,1.0,00-0026998,129.5
2015,19,0.0,0.0,0.0,0.0,0.0,31.0,0.0,218.0,1.0,00-0026998,49.900000000000006
2016,2,0.0,0.0,0.0,0.0,0.0,11.0,0.0,6.0,0.0,00-0026998,3.7
2009,0,2444.0,12.0,3.0,20.0,3.0,106.0,2.0,0.0,0.0,00-0026898,132.35999999999999
2010,0,3291.0,17.0,3.0,13.0,1.0,105.0,1.0,0.0,0.0,00-0026898,202.14000000000001
2011,0,3474.0,26.0,6.0,18.0,8.0,103.0,0.0,0.0,0.0,00-0026898,237.26000000000002
2012,0,2883.0,13.0,0.0,18.0,8.0,28.0,0.0,0.0,0.0,00-0026898,118.11999999999999
2014,0,2418.0,14.0,1.0,11.0,3.0,87.0,0.0,0.0,0.0,00-0026898,139.42
2015,0,616.0,4.0,0.0,4.0,1.0,22.0,0.0,0.0,0.0,00-0026898,32.84
2016,0,93.0,0.0,0.0,2.0,0.0,-2.0,0.0,0.0,0.0,00-0026898,-0.4799999999999998
2018,0,138.0,0.0,0.0,3.0,0.0,8.0,0.0,0.0,0.0,00-0026898,0.3200000000000005
2009,40,0.0,0.0,4.0,0.0,1.0,637.0,1.0,308.0,0.0,00-0027029,158.5
2010,78,0.0,0.0,7.0,0.0,1.0,1080.0,0.0,577.0,2.0,00-0027029,295.7
2011,48,0.0,0.0,17.0,0.0,1.0,1309.0,0.0,315.0,3.0,00-0027029,328.4
2012,54,0.0,0.0,2.0,0.0,3.0,840.0,0.0,373.0,3.0,00-0027029,199.3
2013,52,0.0,0.0,9.0,0.0,1.0,1607.0,0.0,539.0,2.0,00-0027029,330.6
2014,28,0.0,0.0,5.0,0.0,3.0,1319.0,0.0,155.0,0.0,00-0027029,199.4
2015,32,0.0,0.0,3.0,0.0,2.0,895.0,1.0,292.0,2.0,00-0027029,178.7
2016,50,0.0,0.0,13.0,0.0,0.0,1267.0,1.0,352.0,1.0,00-0027029,297.9
2017,59,0.0,0.0,6.0,0.0,1.0,1138.0,0.0,448.0,2.0,00-0027029,263.6
2018,34,0.0,0.0,3.0,0.0,0.0,514.0,0.0,238.0,0.0,00-0027029,127.2
2019,28,0.0,0.0,4.0,0.0,2.0,465.0,0.0,158.0,1.0,00-0027029,116.3
2020,15,0.0,0.0,0.0,0.0,0.0,31.0,0.0,101.0,0.0,00-0027029,28.200000000000003
2009,2,0.0,0.0,0.0,0.0,1.0,49.0,0.0,15.0,0.0,00-0027080,6.4
2010,40,0.0,0.0,3.0,0.0,3.0,452.0,0.0,310.0,0.0,00-0027080,128.2
2011,1,0.0,0.0,0.0,0.0,0.0,0.0,0.0,4.0,0.0,00-0027080,1.4
2012,16,0.0,0.0,0.0,0.0,0.0,221.0,0.0,195.0,1.0,00-0027080,63.6
2013,2,0.0,0.0,0.0,0.0,0.0,61.0,0.0,19.0,0.0,00-0027080,10.000000000000002
2009,12,0.0,0.0,7.0,0.0,2.0,793.0,0.0,143.0,0.0,00-0027007,143.60000000000002
2010,5,0.0,0.0,2.0,0.0,0.0,397.0,0.0,74.0,0.0,00-0027007,64.10000000000001
2011,10,0.0,0.0,10.0,0.0,2.0,1047.0,0.0,52.0,0.0,00-0027007,175.89999999999998
2012,1,0.0,0.0,5.0,0.0,1.0,234.0,0.0,24.0,0.0,00-0027007,54.800000000000004
2009,11,0.0,0.0,1.0,0.0,0.0,226.0,0.0,76.0,0.0,00-0027048,47.2
2009,41,0.0,0.0,4.0,0.0,1.0,619.0,0.0,350.0,1.0,00-0026373,165.9
2010,33,0.0,0.0,2.0,0.0,0.0,523.0,0.0,249.0,0.0,00-0026373,122.20000000000002
2011,23,0.0,0.0,1.0,0.0,0.0,145.0,0.0,128.0,0.0,00-0026373,56.3
2012,3,0.0,0.0,1.0,0.0,0.0,374.0,0.0,38.0,0.0,00-0026373,50.199999999999996
2013,15,0.0,0.0,0.0,0.0,0.0,31.0,0.0,82.0,0.0,00-0026373,26.300000000000004
2014,44,0.0,0.0,8.0,0.0,0.0,1266.0,1.0,263.0,0.0,00-0026373,246.90000000000003
2015,31,0.0,0.0,2.0,0.0,0.0,641.0,0.0,153.0,0.0,00-0026373,122.4
2016,20,0.0,0.0,1.0,0.0,1.0,291.0,0.0,85.0,0.0,00-0026373,61.6
2009,0,0.0,0.0,0.0,0.0,0.0,0.0,0.0,0.0,0.0,00-0024429,0.0
2009,10,0.0,0.0,0.0,0.0,1.0,15.0,0.0,83.0,1.0,00-0026956,23.8
2010,16,0.0,0.0,1.0,0.0,0.0,113.0,0.0,111.0,0.0,00-0026956,44.4
2011,13,0.0,0.0,0.0,0.0,0.0,167.0,0.0,234.0,2.0,00-0026956,65.10000000000001
2012,17,0.0,0.0,4.0,0.0,0.0,356.0,0.0,106.0,0.0,00-0026956,87.19999999999999
2013,2,0.0,0.0,0.0,0.0,0.0,19.0,0.0,11.0,0.0,00-0026956,5.0
2009,0,0.0,0.0,0.0,0.0,1.0,0.0,0.0,0.0,0.0,00-0026910,-2.0
2009,16,0.0,0.0,1.0,0.0,0.0,202.0,0.0,101.0,0.0,00-0027155,52.300000000000004
2010,26,0.0,0.0,4.0,0.0,0.0,459.0,0.0,222.0,0.0,00-0027155,118.10000000000001
2012,19,0.0,0.0,2.0,0.0,1.0,283.0,1.0,130.0,0.0,00-0027155,72.3
2013,36,0.0,0.0,6.0,0.0,0.0,733.0,0.0,292.0,0.0,00-0027155,174.5
2014,30,0.0,0.0,4.0,0.0,1.0,639.0,0.0,226.0,0.0,00-0027155,138.5
2015,29,0.0,0.0,3.0,0.0,2.0,863.0,0.0,296.0,1.0,00-0027155,164.9
2016,35,0.0,0.0,3.0,0.0,0.0,593.0,0.0,201.0,1.0,00-0027155,138.4
2008,1,0.0,0.0,0.0,0.0,0.0,0.0,0.0,9.0,0.0,00-0023443,1.9
2009,0,0.0,0.0,0.0,0.0,0.0,9.0,0.0,0.0,0.0,00-0023443,0.9
2007,8,0.0,0.0,0.0,0.0,0.0,0.0,0.0,69.0,0.0,00-0025559,14.9
2008,8,0.0,0.0,0.0,0.0,0.0,0.0,1.0,64.0,0.0,00-0025559,16.4
2009,24,21.0,0.0,0.0,0.0,0.0,7.0,0.0,242.0,2.0,00-0025559,61.74
2010,23,0.0,0.0,0.0,0.0,1.0,-2.0,1.0,371.0,1.0,00-0025559,65.9
2011,44,27.0,0.0,0.0,0.0,0.0,0.0,0.0,467.0,1.0,00-0025559,97.78
2012,1,0.0,0.0,0.0,0.0,1.0,0.0,0.0,19.0,0.0,00-0025559,0.9000000000000001
2009,0,0.0,0.0,0.0,0.0,2.0,0.0,0.0,0.0,0.0,00-0027066,-4.0
2009,1,0.0,0.0,0.0,0.0,0.0,42.0,0.0,9.0,0.0,00-0027122,6.1000000000000005
2007,1,0.0,0.0,0.0,0.0,0.0,0.0,0.0,1.0,0.0,00-0025562,1.1
2009,0,0.0,0.0,0.0,0.0,0.0,0.0,0.0,0.0,0.0,00-0025562,0.0
2009,1,0.0,0.0,0.0,0.0,2.0,0.0,0.0,5.0,0.0,00-0026491,-2.5
2010,0,0.0,0.0,0.0,0.0,1.0,95.0,0.0,0.0,0.0,00-0026491,7.5
2011,1,0.0,0.0,0.0,0.0,2.0,32.0,0.0,19.0,0.0,00-0026491,2.1000000000000005
2012,6,0.0,0.0,0.0,0.0,2.0,17.0,0.0,28.0,0.0,00-0026491,6.5
2009,6,0.0,0.0,0.0,0.0,0.0,127.0,0.0,58.0,0.0,00-0024561,24.500000000000004
2009,37,0.0,0.0,0.0,0.0,0.0,5.0,0.0,359.0,1.0,00-0027150,79.4
2010,7,0.0,0.0,0.0,0.0,0.0,14.0,0.0,86.0,0.0,00-0027150,17.0
2011,4,0.0,0.0,0.0,0.0,1.0,8.0,0.0,32.0,0.0,00-0027150,6.0
2012,21,0.0,0.0,0.0,0.0,1.0,45.0,0.0,235.0,3.0,00-0027150,65.0
2013,105,0.0,0.0,0.0,0.0,0.0,11.0,2.0,1056.0,6.0,00-0027150,251.7
2014,92,0.0,0.0,0.0,0.0,0.0,94.0,0.0,972.0,4.0,00-0027150,222.60000000000002
2015,61,0.0,0.0,0.0,0.0,1.0,23.0,0.0,692.0,7.0,00-0027150,172.5
2016,98,0.0,0.0,0.0,0.0,2.0,57.0,1.0,1106.0,3.0,00-0027150,230.3
2018,74,43.0,0.0,0.0,0.0,0.0,107.0,0.0,850.0,6.0,00-0027150,207.42000000000002
2019,100,47.0,1.0,0.0,0.0,2.0,27.0,1.0,1117.0,6.0,00-0027150,254.27999999999997
2020,21,38.0,0.0,0.0,0.0,0.0,22.0,0.0,315.0,0.0,00-0027150,56.22
2009,1,0.0,0.0,0.0,0.0,0.0,0.0,0.0,4.0,0.0,00-0026132,1.4
2008,4,0.0,0.0,0.0,0.0,0.0,0.0,0.0,23.0,0.0,00-0026345,6.300000000000001
2009,47,0.0,0.0,0.0,0.0,0.0,10.0,0.0,765.0,4.0,00-0026345,148.5
2010,68,0.0,0.0,0.0,0.0,1.0,6.0,0.0,816.0,6.0,00-0026345,184.2
2011,70,0.0,0.0,0.0,0.0,2.0,28.0,0.0,947.0,6.0,00-0026345,199.5
2012,44,0.0,0.0,0.0,0.0,0.0,9.0,0.0,633.0,4.0,00-0026345,132.20000000000002
2013,113,0.0,0.0,0.0,0.0,1.0,19.0,0.0,1346.0,5.0,00-0026345,277.5
2014,68,0.0,0.0,0.0,0.0,0.0,0.0,0.0,752.0,3.0,00-0026345,161.2
2015,72,0.0,0.0,0.0,0.0,0.0,0.0,0.0,777.0,6.0,00-0026345,185.7
2016,79,0.0,0.0,0.0,0.0,0.0,0.0,0.0,1041.0,3.0,00-0026345,201.10000000000002
2017,40,0.0,0.0,0.0,0.0,0.0,0.0,0.0,500.0,0.0,00-0026345,90.0
2018,24,0.0,0.0,0.0,0.0,0.0,0.0,0.0,286.0,1.0,00-0026345,58.6
2009,48,0.0,0.0,0.0,0.0,1.0,85.0,0.0,453.0,1.0,00-0027076,105.80000000000001
2010,66,0.0,0.0,0.0,0.0,3.0,114.0,0.0,816.0,4.0,00-0027076,177.0
2011,44,0.0,0.0,0.0,0.0,1.0,11.0,0.0,408.0,1.0,00-0027076,89.9
2012,18,0.0,0.0,0.0,0.0,0.0,57.0,0.0,108.0,1.0,00-0027076,40.5
2009,55,0.0,0.0,0.0,0.0,0.0,-7.0,0.0,762.0,4.0,00-0026995,154.5
2010,70,0.0,0.0,0.0,0.0,1.0,36.0,0.0,964.0,10.0,00-0026995,228.0
2011,63,0.0,0.0,0.0,0.0,1.0,1.0,0.0,859.0,5.0,00-0026995,177.0
2012,69,0.0,0.0,0.0,0.0,1.0,0.0,0.0,856.0,7.0,00-0026995,194.60000000000002
2014,85,0.0,0.0,0.0,0.0,0.0,0.0,0.0,1318.0,10.0,00-0026995,276.8
2015,87,0.0,0.0,0.0,0.0,1.0,14.0,0.0,1088.0,8.0,00-0026995,243.20000000000002
2016,44,0.0,0.0,0.0,0.0,0.0,-1.0,0.0,536.0,2.0,00-0026995,109.5
2017,40,0.0,0.0,0.0,0.0,0.0,0.0,0.0,440.0,3.0,00-0026995,102.0
2009,0,0.0,0.0,1.0,0.0,0.0,44.0,0.0,0.0,0.0,00-0024738,10.4
2010,1,0.0,0.0,0.0,0.0,1.0,67.0,0.0,10.0,0.0,00-0024738,6.7
2009,5,0.0,0.0,2.0,0.0,0.0,125.0,0.0,48.0,0.0,00-0026121,34.3
2009,0,685.0,4.0,0.0,8.0,1.0,148.0,0.0,0.0,0.0,00-0026300,40.2
2010,0,111.0,0.0,0.0,0.0,0.0,39.0,0.0,0.0,0.0,00-0026300,8.34
2011,0,246.0,1.0,0.0,2.0,1.0,67.0,0.0,0.0,0.0,00-0026300,14.54
2012,0,0.0,0.0,0.0,0.0,1.0,0.0,0.0,0.0,0.0,00-0026300,-2.0
2013,0,0.0,0.0,0.0,0.0,0.0,20.0,0.0,0.0,0.0,00-0026300,2.0
2018,0,590.0,3.0,1.0,4.0,0.0,120.0,2.0,0.0,0.0,00-0026300,49.6
2021,0,638.0,5.0,0.0,2.0,0.0,28.0,1.0,0.0,0.0,00-0026300,46.31999999999999
2022,0,10.0,0.0,0.0,0.0,0.0,3.0,0.0,0.0,0.0,00-0026300,0.7000000000000001
2024,0,17.0,0.0,0.0,0.0,0.0,1.0,0.0,0.0,0.0,00-0026300,0.78
2009,0,0.0,0.0,0.0,0.0,0.0,43.0,0.0,0.0,0.0,00-0027098,4.3
2010,3,0.0,0.0,0.0,0.0,0.0,36.0,0.0,6.0,0.0,00-0027098,7.199999999999999
2009,0,0.0,0.0,0.0,0.0,0.0,21.0,0.0,0.0,0.0,00-0022167,2.1
2009,31,0.0,0.0,1.0,0.0,0.0,29.0,0.0,506.0,3.0,00-0027077,108.5
2010,43,0.0,0.0,0.0,0.0,1.0,27.0,0.0,615.0,1.0,00-0027077,111.2
2011,35,0.0,0.0,0.0,0.0,0.0,9.0,0.0,549.0,1.0,00-0027077,96.80000000000001
2012,74,0.0,0.0,0.0,0.0,1.0,0.0,0.0,1083.0,1.0,00-0027077,186.3
2013,76,0.0,0.0,0.0,0.0,0.0,0.0,0.0,1016.0,4.0,00-0027077,201.60000000000002
2014,39,0.0,0.0,0.0,0.0,0.0,0.0,0.0,485.0,2.0,00-0027077,99.5
2015,46,0.0,0.0,0.0,0.0,0.0,0.0,0.0,523.0,2.0,00-0027077,110.30000000000001
2009,9,0.0,0.0,1.0,0.0,0.0,220.0,0.0,56.0,0.0,00-0027167,42.6
2008,33,0.0,0.0,0.0,0.0,0.0,0.0,0.0,366.0,2.0,00-0026176,81.6
2009,22,0.0,0.0,0.0,0.0,1.0,0.0,0.0,320.0,2.0,00-0026176,64.0
2010,45,0.0,0.0,0.0,0.0,3.0,0.0,0.0,582.0,2.0,00-0026176,109.2
2011,68,0.0,0.0,0.0,0.0,0.0,0.0,0.0,1263.0,15.0,00-0026176,284.3
2012,49,0.0,0.0,0.0,0.0,0.0,0.0,1.0,745.0,7.0,00-0026176,167.5
2013,85,0.0,0.0,0.0,0.0,0.0,0.0,0.0,1314.0,8.0,00-0026176,264.4
2014,98,0.0,0.0,0.0,0.0,0.0,0.0,0.0,1519.0,13.0,00-0026176,327.9
2016,97,0.0,0.0,0.0,0.0,1.0,0.0,0.0,1257.0,14.0,00-0026176,304.7
2017,53,0.0,0.0,0.0,0.0,0.0,0.0,0.0,482.0,6.0,00-0026176,137.2
2018,63,0.0,0.0,0.0,0.0,0.0,-2.0,1.0,739.0,3.0,00-0026176,156.7
2009,0,0.0,0.0,2.0,0.0,3.0,541.0,0.0,0.0,0.0,00-0026899,60.1
2010,16,0.0,0.0,2.0,0.0,2.0,766.0,0.0,120.0,0.0,00-0026899,112.60000000000001
2011,30,0.0,0.0,6.0,0.0,0.0,1054.0,0.0,211.0,0.0,00-0026899,192.5
2012,19,0.0,0.0,8.0,0.0,1.0,1063.0,0.0,151.0,0.0,00-0026899,186.4
2013,6,0.0,0.0,4.0,0.0,0.0,295.0,0.0,39.0,0.0,00-0026899,63.4
2014,1,0.0,0.0,2.0,0.0,1.0,392.0,0.0,13.0,0.0,00-0026899,51.5
2009,9,0.0,0.0,0.0,0.0,0.0,19.0,0.0,124.0,1.0,00-0026983,29.299999999999997
2010,26,0.0,0.0,0.0,0.0,1.0,48.0,0.0,366.0,1.0,00-0026983,71.4
2011,64,0.0,0.0,0.0,0.0,1.0,0.0,0.0,975.0,4.0,00-0026983,183.5
2012,41,0.0,0.0,0.0,0.0,0.0,16.0,0.0,606.0,5.0,00-0026983,133.2
2013,29,0.0,0.0,0.0,0.0,0.0,26.0,1.0,309.0,1.0,00-0026983,70.5
2014,3,0.0,0.0,0.0,0.0,1.0,0.0,0.0,33.0,0.0,00-0026983,4.300000000000001
2015,21,0.0,0.0,0.0,0.0,0.0,0.0,0.0,314.0,2.0,00-0026983,64.4
2016,6,0.0,0.0,1.0,0.0,0.0,60.0,0.0,114.0,2.0,00-0026983,41.4
2017,2,0.0,0.0,1.0,0.0,0.0,32.0,0.0,47.0,0.0,00-0026983,15.899999999999999
2018,1,0.0,0.0,0.0,0.0,0.0,-7.0,0.0,9.0,0.0,00-0026983,1.2
2009,34,0.0,0.0,0.0,0.0,0.0,31.0,0.0,521.0,4.0,00-0027089,113.2
2010,41,0.0,0.0,0.0,0.0,1.0,43.0,0.0,609.0,2.0,00-0027089,116.2
2011,15,0.0,0.0,1.0,0.0,0.0,69.0,0.0,241.0,0.0,00-0027089,52.0
2012,25,0.0,0.0,0.0,0.0,0.0,3.0,0.0,336.0,1.0,00-0027089,64.9
2013,6,0.0,0.0,0.0,0.0,1.0,0.0,0.0,37.0,1.0,00-0027089,13.7
2014,31,0.0,0.0,0.0,0.0,0.0,0.0,0.0,380.0,2.0,00-0027089,81.0
2015,10,0.0,0.0,0.0,0.0,0.0,0.0,0.0,198.0,0.0,00-0027089,29.8
2017,8,0.0,0.0,0.0,0.0,0.0,0.0,0.0,121.0,1.0,00-0027089,26.1
2009,0,0.0,0.0,0.0,0.0,1.0,0.0,0.0,0.0,0.0,00-0026334,-2.0
2011,1,0.0,0.0,0.0,0.0,0.0,0.0,0.0,33.0,0.0,00-0026334,4.300000000000001
2009,0,0.0,0.0,0.0,0.0,1.0,0.0,0.0,0.0,0.0,00-0024008,-2.0
2009,21,0.0,0.0,0.0,0.0,0.0,3.0,0.0,212.0,2.0,00-0027125,54.5
2010,20,0.0,0.0,0.0,0.0,0.0,9.0,0.0,216.0,1.0,00-0027125,48.5
2011,4,0.0,0.0,0.0,0.0,0.0,0.0,0.0,42.0,1.0,00-0027125,14.2
2015,34,0.0,0.0,0.0,0.0,0.0,0.0,0.0,439.0,5.0,00-0027125,107.9
2016,47,0.0,0.0,0.0,0.0,0.0,0.0,0.0,486.0,4.0,00-0027125,119.6
2017,20,0.0,0.0,0.0,0.0,0.0,0.0,0.0,236.0,2.0,00-0027125,55.6
2009,4,0.0,0.0,0.0,0.0,0.0,-2.0,0.0,55.0,0.0,00-0026716,9.3
2010,2,0.0,0.0,0.0,0.0,0.0,0.0,0.0,16.0,0.0,00-0026716,3.6
2011,0,0.0,0.0,0.0,0.0,1.0,0.0,0.0,0.0,0.0,00-0026716,-2.0
2009,7,0.0,0.0,0.0,0.0,0.0,6.0,0.0,96.0,0.0,00-0026780,17.200000000000003
2010,3,0.0,0.0,0.0,0.0,0.0,0.0,0.0,34.0,0.0,00-0026780,6.4
2011,15,0.0,0.0,0.0,0.0,1.0,3.0,0.0,164.0,0.0,00-0026780,29.700000000000003
2012,32,0.0,0.0,0.0,0.0,0.0,9.0,0.0,436.0,4.0,00-0026780,100.5
2013,21,0.0,0.0,0.0,0.0,0.0,0.0,0.0,269.0,2.0,00-0026780,59.900000000000006
2014,5,0.0,0.0,0.0,0.0,0.0,0.0,0.0,50.0,0.0,00-0026780,10.0
2009,0,0.0,0.0,0.0,0.0,1.0,0.0,0.0,0.0,0.0,00-0024277,-2.0
2009,43,0.0,0.0,0.0,0.0,1.0,-2.0,0.0,326.0,1.0,00-0026035,79.4
2010,85,0.0,0.0,0.0,0.0,1.0,81.0,0.0,689.0,3.0,00-0026035,178.0
2011,5,0.0,0.0,0.0,0.0,0.0,0.0,0.0,45.0,0.0,00-0026035,9.5
2012,63,0.0,0.0,0.0,0.0,2.0,8.0,1.0,666.0,3.0,00-0026035,146.4
2013,54,0.0,0.0,0.0,0.0,0.0,1.0,0.0,633.0,2.0,00-0026035,129.4
2014,27,0.0,0.0,0.0,0.0,0.0,0.0,0.0,200.0,1.0,00-0026035,53.0
2015,65,36.0,0.0,0.0,0.0,1.0,11.0,0.0,648.0,3.0,00-0026035,148.34
2016,23,0.0,0.0,0.0,0.0,1.0,0.0,0.0,243.0,4.0,00-0026035,69.3
2017,61,0.0,0.0,0.0,0.0,0.0,0.0,0.0,659.0,2.0,00-0026035,138.9
2018,59,28.0,1.0,0.0,0.0,0.0,-2.0,0.0,575.0,1.0,00-0026035,127.42
2019,62,19.0,1.0,0.0,0.0,0.0,0.0,0.0,678.0,1.0,00-0026035,140.56
2020,46,0.0,0.0,0.0,0.0,0.0,2.0,0.0,602.0,0.0,00-0026035,106.4
2021,17,0.0,0.0,0.0,0.0,0.0,0.0,0.0,135.0,1.0,00-0026035,36.5
2009,0,0.0,0.0,0.0,0.0,0.0,0.0,0.0,0.0,0.0,00-0026944,0.0
2010,0,0.0,0.0,0.0,0.0,1.0,0.0,0.0,0.0,0.0,00-0026944,-2.0
2012,0,0.0,0.0,0.0,0.0,1.0,0.0,0.0,0.0,0.0,00-0026944,-2.0
2009,0,0.0,0.0,0.0,0.0,1.0,0.0,0.0,0.0,0.0,00-0025739,-2.0
2009,39,0.0,0.0,0.0,0.0,1.0,48.0,0.0,756.0,6.0,00-0026901,153.4
2010,60,0.0,0.0,0.0,0.0,0.0,39.0,0.0,1257.0,10.0,00-0026901,249.60000000000002
2011,72,0.0,0.0,0.0,0.0,1.0,57.0,0.0,1193.0,8.0,00-0026901,243.0
2012,64,0.0,0.0,0.0,0.0,1.0,7.0,0.0,836.0,8.0,00-0026901,194.3
2013,73,0.0,0.0,0.0,0.0,0.0,33.0,0.0,930.0,5.0,00-0026901,199.3
2014,67,0.0,0.0,0.0,0.0,1.0,16.0,0.0,862.0,10.0,00-0026901,212.8
2015,39,0.0,0.0,0.0,0.0,0.0,6.0,0.0,473.0,2.0,00-0026901,98.9
2016,72,0.0,0.0,0.0,0.0,0.0,31.0,1.0,1017.0,4.0,00-0026901,202.8
2017,52,0.0,0.0,0.0,0.0,0.0,4.0,0.0,748.0,4.0,00-0026901,151.2
2018,0,0.0,0.0,0.0,0.0,0.0,0.0,0.0,0.0,0.0,00-0026901,0.0
2009,0,0.0,0.0,0.0,0.0,0.0,48.0,0.0,0.0,0.0,00-0027120,4.800000000000001
2010,7,0.0,0.0,2.0,0.0,0.0,239.0,0.0,44.0,0.0,00-0027120,47.300000000000004
2011,28,0.0,0.0,1.0,0.0,1.0,185.0,0.0,187.0,0.0,00-0027120,69.2
2012,3,0.0,0.0,0.0,0.0,0.0,14.0,0.0,12.0,0.0,00-0027120,5.6000000000000005
2009,0,142.0,0.0,1.0,0.0,0.0,25.0,0.0,0.0,0.0,00-0026625,14.18
2010,0,122.0,1.0,0.0,1.0,0.0,-8.0,0.0,0.0,0.0,00-0026625,6.079999999999999
2011,0,22.0,0.0,0.0,0.0,0.0,-3.0,0.0,0.0,0.0,00-0026625,0.58
2012,0,330.0,1.0,0.0,2.0,0.0,6.0,0.0,0.0,0.0,00-0026625,13.800000000000002
2013,0,615.0,5.0,0.0,3.0,0.0,16.0,0.0,0.0,0.0,00-0026625,40.2
2014,0,3326.0,12.0,0.0,13.0,1.0,39.0,0.0,0.0,0.0,00-0026625,156.94
2015,0,2606.0,19.0,0.0,7.0,2.0,44.0,0.0,0.0,0.0,00-0026625,166.64000000000001
2016,0,1445.0,6.0,0.0,0.0,1.0,-2.0,0.0,0.0,0.0,00-0026625,79.60000000000001
2017,0,1287.0,4.0,1.0,4.0,1.0,4.0,0.0,0.0,0.0,00-0026625,63.88
2018,0,7.0,0.0,0.0,0.0,0.0,-8.0,0.0,0.0,0.0,00-0026625,-0.52
2019,0,372.0,4.0,0.0,4.0,1.0,2.0,0.0,0.0,0.0,00-0026625,21.080000000000002
2020,0,130.0,0.0,0.0,1.0,1.0,8.0,0.0,0.0,0.0,00-0026625,2.0
2021,0,227.0,1.0,0.0,0.0,0.0,-8.0,0.0,0.0,0.0,00-0026625,12.28
2022,0,37.0,0.0,0.0,0.0,0.0,0.0,0.0,0.0,0.0,00-0026625,1.48
2023,0,231.0,0.0,0.0,2.0,0.0,-3.0,0.0,0.0,0.0,00-0026625,4.94
2009,0,0.0,0.0,0.0,0.0,0.0,0.0,0.0,0.0,0.0,00-0024178,0.0
2009,6,0.0,0.0,0.0,0.0,1.0,0.0,0.0,59.0,0.0,00-0026276,9.9
2010,0,0.0,0.0,0.0,0.0,1.0,0.0,0.0,0.0,0.0,00-0026276,-2.0
2009,0,11.0,0.0,0.0,1.0,0.0,0.0,0.0,0.0,0.0,00-0025970,-1.56
2010,0,55.0,0.0,0.0,0.0,0.0,-1.0,0.0,0.0,0.0,00-0025970,2.1
2011,0,613.0,3.0,0.0,9.0,0.0,98.0,0.0,0.0,0.0,00-0025970,28.319999999999997
2009,0,0.0,0.0,0.0,0.0,0.0,11.0,0.0,0.0,0.0,00-0027057,1.1
2010,24,0.0,0.0,0.0,0.0,1.0,62.0,0.0,432.0,3.0,00-0027057,89.4
2011,0,0.0,0.0,0.0,0.0,1.0,0.0,0.0,0.0,0.0,00-0027057,-2.0
2012,13,0.0,0.0,0.0,0.0,1.0,0.0,0.0,211.0,1.0,00-0027057,38.1
2013,1,0.0,0.0,0.0,0.0,0.0,0.0,0.0,6.0,0.0,00-0027057,1.6
2014,17,0.0,0.0,0.0,0.0,1.0,21.0,0.0,193.0,1.0,00-0027057,42.400000000000006
2015,2,0.0,0.0,0.0,0.0,0.0,0.0,0.0,59.0,1.0,00-0027057,13.9
2016,8,0.0,0.0,0.0,0.0,0.0,48.0,0.0,117.0,0.0,00-0027057,24.5
2017,6,0.0,0.0,0.0,0.0,0.0,0.0,0.0,81.0,1.0,00-0027057,20.1
2018,0,0.0,0.0,0.0,0.0,0.0,0.0,0.0,0.0,0.0,00-0027057,0.0
2009,0,1857.0,10.0,0.0,18.0,2.0,162.0,2.0,0.0,0.0,00-0026993,94.48
2010,0,3451.0,25.0,0.0,6.0,3.0,364.0,1.0,0.0,0.0,00-0026993,258.44
2011,0,3592.0,16.0,4.0,22.0,6.0,238.0,2.0,0.0,0.0,00-0026993,203.48000000000002
2012,0,4065.0,27.0,0.0,17.0,2.0,139.0,1.0,0.0,0.0,00-0026993,248.50000000000003
2013,0,761.0,2.0,0.0,4.0,1.0,20.0,0.0,0.0,0.0,00-0026993,30.439999999999998
2015,0,149.0,1.0,0.0,1.0,0.0,24.0,0.0,0.0,0.0,00-0026993,10.360000000000001
2008,1,0.0,0.0,0.0,0.0,0.0,0.0,0.0,26.0,0.0,00-0025544,3.6
2009,14,0.0,0.0,0.0,0.0,0.0,1.0,0.0,191.0,1.0,00-0025544,39.2
2010,7,0.0,0.0,0.0,0.0,0.0,0.0,0.0,124.0,0.0,00-0025544,19.4
2009,8,0.0,0.0,0.0,0.0,0.0,64.0,0.0,87.0,0.0,00-0026019,23.1
2010,34,0.0,0.0,5.0,0.0,1.0,547.0,0.0,379.0,1.0,00-0026019,160.6
2011,18,0.0,0.0,1.0,0.0,0.0,351.0,2.0,157.0,0.0,00-0026019,78.8
2012,40,0.0,0.0,4.0,0.0,0.0,301.0,0.0,446.0,3.0,00-0026019,156.7
2013,76,0.0,0.0,2.0,0.0,2.0,429.0,0.0,609.0,6.0,00-0026019,223.8
2014,5,0.0,0.0,0.0,0.0,0.0,38.0,0.0,34.0,0.0,00-0026019,12.200000000000001
2015,80,0.0,0.0,3.0,0.0,0.0,336.0,0.0,755.0,6.0,00-0026019,243.1
2016,6,0.0,0.0,0.0,0.0,0.0,116.0,0.0,35.0,1.0,00-0026019,27.1
2017,33,0.0,0.0,0.0,0.0,0.0,56.0,0.0,200.0,0.0,00-0026019,58.6
2008,20,0.0,0.0,0.0,0.0,0.0,0.0,0.0,319.0,3.0,00-0026314,69.9
2009,52,0.0,0.0,0.0,0.0,0.0,61.0,0.0,527.0,3.0,00-0026314,128.8
2010,44,0.0,0.0,0.0,0.0,1.0,17.0,0.0,698.0,2.0,00-0026314,125.5
2011,15,0.0,0.0,0.0,0.0,0.0,0.0,0.0,220.0,1.0,00-0026314,43.0
2012,48,0.0,0.0,0.0,0.0,0.0,25.0,0.0,510.0,2.0,00-0026314,113.5
2013,20,0.0,0.0,0.0,0.0,0.0,13.0,0.0,214.0,0.0,00-0026314,42.7
2014,10,0.0,0.0,0.0,0.0,0.0,30.0,0.0,70.0,1.0,00-0026314,26.0
2008,1,0.0,0.0,0.0,0.0,0.0,0.0,0.0,4.0,0.0,00-0024535,1.4
2009,6,0.0,0.0,0.0,0.0,2.0,53.0,0.0,50.0,2.0,00-0024535,24.3
2010,6,0.0,0.0,0.0,0.0,0.0,0.0,0.0,61.0,0.0,00-0024535,12.100000000000001
2011,11,0.0,0.0,0.0,0.0,0.0,0.0,0.0,90.0,0.0,00-0024535,20.0
2012,2,0.0,0.0,0.0,0.0,0.0,0.0,0.0,27.0,0.0,00-0024535,4.7
2013,1,0.0,0.0,0.0,0.0,0.0,0.0,0.0,8.0,0.0,00-0024535,1.8
2014,10,0.0,0.0,0.0,0.0,0.0,0.0,0.0,102.0,2.0,00-0024535,32.2
2015,1,0.0,0.0,0.0,0.0,0.0,4.0,0.0,11.0,0.0,00-0024535,2.5
2017,1,0.0,0.0,0.0,0.0,0.0,0.0,0.0,5.0,0.0,00-0024535,1.5
2009,0,0.0,0.0,0.0,0.0,0.0,-3.0,0.0,0.0,0.0,00-0022296,-0.30000000000000004
2009,0,0.0,0.0,0.0,0.0,1.0,0.0,0.0,0.0,0.0,00-0025489,-2.0
2009,0,0.0,0.0,0.0,0.0,1.0,0.0,0.0,0.0,0.0,00-0022695,-2.0
2009,0,0.0,0.0,0.0,0.0,0.0,0.0,0.0,0.0,0.0,00-0025996,0.0
2009,0,36.0,1.0,0.0,0.0,0.0,0.0,0.0,0.0,0.0,00-0021940,5.4399999999999995
2015,0,0.0,0.0,0.0,0.0,0.0,0.0,0.0,0.0,0.0,00-0021940,0.0
2009,6,0.0,0.0,0.0,0.0,0.0,68.0,0.0,62.0,0.0,00-0026790,19.0
2010,12,0.0,0.0,0.0,0.0,0.0,71.0,0.0,70.0,0.0,00-0026790,26.1
2009,6,0.0,0.0,0.0,0.0,1.0,4.0,0.0,52.0,0.0,00-0027056,9.600000000000001
2010,3,0.0,0.0,0.0,0.0,0.0,0.0,0.0,30.0,0.0,00-0027056,6.0
2009,47,0.0,0.0,0.0,0.0,0.0,8.0,0.0,790.0,6.0,00-0027005,162.8
2010,79,0.0,0.0,0.0,0.0,0.0,0.0,0.0,1052.0,11.0,00-0027005,250.2
2011,76,0.0,0.0,0.0,0.0,0.0,0.0,0.0,1192.0,7.0,00-0027005,237.2
2012,53,0.0,0.0,0.0,0.0,0.0,0.0,0.0,692.0,3.0,00-0027005,140.2
2013,56,0.0,0.0,0.0,0.0,0.0,0.0,0.0,896.0,0.0,00-0027005,145.60000000000002
2014,38,0.0,0.0,0.0,0.0,0.0,0.0,0.0,405.0,4.0,00-0027005,102.5
2015,7,0.0,0.0,0.0,0.0,0.0,0.0,0.0,54.0,0.0,00-0027005,12.4
2009,34,0.0,0.0,0.0,0.0,1.0,-3.0,0.0,624.0,3.0,00-0027026,112.10000000000001
2010,36,29.0,1.0,0.0,0.0,1.0,-3.0,0.0,483.0,2.0,00-0027026,99.16
2011,31,0.0,0.0,0.0,0.0,0.0,0.0,0.0,384.0,2.0,00-0027026,81.4
2012,17,0.0,0.0,0.0,0.0,0.0,0.0,0.0,254.0,0.0,00-0027026,42.400000000000006
2008,48,0.0,0.0,0.0,0.0,0.0,0.0,0.0,535.0,3.0,00-0026170,119.5
2009,45,0.0,0.0,0.0,0.0,1.0,7.0,1.0,522.0,2.0,00-0026170,109.9
2010,55,0.0,0.0,0.0,0.0,0.0,0.0,0.0,687.0,5.0,00-0026170,153.7
2011,65,0.0,0.0,0.0,0.0,1.0,0.0,0.0,815.0,5.0,00-0026170,174.5
2012,28,0.0,0.0,0.0,0.0,0.0,0.0,0.0,317.0,2.0,00-0026170,71.7
2006,70,0.0,0.0,0.0,0.0,0.0,0.0,0.0,1038.0,8.0,00-0024466,221.8
2007,98,0.0,0.0,0.0,0.0,1.0,0.0,0.0,1202.0,11.0,00-0024466,282.2
2008,47,0.0,0.0,0.0,0.0,0.0,0.0,0.0,760.0,5.0,00-0024466,153.0
2009,70,0.0,0.0,0.0,0.0,2.0,6.0,0.0,1074.0,9.0,00-0024466,228.0
2010,84,0.0,0.0,0.0,0.0,0.0,1.0,0.0,1023.0,7.0,00-0024466,228.4
2011,82,0.0,0.0,0.0,0.0,1.0,0.0,0.0,1164.0,8.0,00-0024466,244.4
2012,83,0.0,0.0,0.0,0.0,2.0,0.0,0.0,1154.0,10.0,00-0024466,254.4
2013,75,0.0,0.0,0.0,0.0,0.0,0.0,0.0,943.0,5.0,00-0024466,199.3
2014,59,0.0,0.0,0.0,0.0,1.0,0.0,0.0,902.0,5.0,00-0024466,177.2
2015,45,0.0,0.0,0.0,0.0,0.0,0.0,0.0,520.0,4.0,00-0024466,121.0
2009,5,0.0,0.0,0.0,0.0,1.0,36.0,0.0,33.0,0.0,00-0025841,9.9
2009,20,0.0,0.0,1.0,0.0,0.0,89.0,0.0,158.0,2.0,00-0026344,62.7
2010,1,0.0,0.0,0.0,0.0,0.0,0.0,0.0,3.0,0.0,00-0026344,1.3
2011,5,0.0,0.0,1.0,0.0,0.0,41.0,0.0,49.0,0.0,00-0026344,20.0
2012,4,0.0,0.0,0.0,0.0,0.0,33.0,0.0,23.0,0.0,00-0026344,9.600000000000001
2009,1,0.0,0.0,0.0,0.0,0.0,220.0,0.0,4.0,0.0,00-0026579,23.4
2011,19,0.0,0.0,0.0,0.0,1.0,337.0,0.0,133.0,1.0,00-0026579,70.0
2012,2,0.0,0.0,0.0,0.0,1.0,76.0,0.0,13.0,0.0,00-0026579,8.9
2007,12,0.0,0.0,0.0,0.0,0.0,0.0,0.0,180.0,1.0,00-0024463,36.0
2009,4,0.0,0.0,0.0,0.0,1.0,0.0,0.0,41.0,0.0,00-0024463,6.1000000000000005
2010,30,0.0,0.0,0.0,0.0,0.0,17.0,2.0,494.0,4.0,00-0024463,109.10000000000001
2011,37,0.0,0.0,0.0,0.0,0.0,13.0,0.0,436.0,2.0,00-0024463,93.9
2012,4,0.0,0.0,0.0,0.0,0.0,11.0,0.0,58.0,0.0,00-0024463,10.9
2013,1,0.0,0.0,0.0,0.0,0.0,0.0,0.0,8.0,0.0,00-0024463,1.8
2009,0,0.0,0.0,0.0,0.0,0.0,0.0,0.0,0.0,0.0,00-0025619,0.0
2009,0,0.0,0.0,0.0,0.0,0.0,0.0,0.0,0.0,0.0,00-0026215,0.0
2011,0,0.0,0.0,0.0,0.0,0.0,0.0,0.0,0.0,0.0,00-0026215,0.0
2009,45,0.0,0.0,0.0,0.0,1.0,0.0,0.0,527.0,5.0,00-0026913,125.7
2010,51,0.0,0.0,0.0,0.0,1.0,2.0,0.0,960.0,5.0,00-0026913,175.2
2011,37,0.0,0.0,0.0,0.0,1.0,0.0,0.0,727.0,2.0,00-0026913,119.7
2008,4,0.0,0.0,0.0,0.0,0.0,0.0,0.0,11.0,0.0,00-0025672,5.1
2009,4,0.0,0.0,0.0,1.0,1.0,55.0,0.0,37.0,1.0,00-0025672,15.2
2010,10,0.0,0.0,0.0,0.0,0.0,3.0,0.0,43.0,0.0,00-0025672,14.600000000000001
2009,0,0.0,0.0,0.0,0.0,0.0,0.0,0.0,0.0,0.0,00-0026784,0.0
2014,0,0.0,0.0,0.0,0.0,1.0,0.0,0.0,0.0,0.0,00-0026784,-2.0
2017,0,0.0,0.0,0.0,0.0,0.0,0.0,0.0,0.0,0.0,00-0026784,0.0
2007,9,0.0,0.0,0.0,0.0,0.0,0.0,0.0,118.0,2.0,00-0025540,32.8
2008,33,0.0,0.0,0.0,0.0,0.0,0.0,0.0,384.0,6.0,00-0025540,107.4
2009,42,0.0,0.0,0.0,0.0,0.0,16.0,0.0,567.0,5.0,00-0025540,130.3
2010,35,0.0,0.0,0.0,0.0,1.0,0.0,0.0,531.0,5.0,00-0025540,116.1
2011,28,0.0,0.0,0.0,0.0,0.0,0.0,0.0,368.0,3.0,00-0025540,82.80000000000001
2012,3,0.0,0.0,0.0,0.0,0.0,0.0,0.0,65.0,1.0,00-0025540,15.5
2009,0,0.0,0.0,0.0,0.0,0.0,6.0,0.0,0.0,0.0,00-0027141,0.6000000000000001
2009,0,0.0,0.0,0.0,0.0,1.0,0.0,0.0,0.0,0.0,00-0027054,-2.0
2009,54,0.0,0.0,0.0,0.0,0.0,0.0,1.0,717.0,2.0,00-0026210,139.7
2010,46,0.0,0.0,0.0,0.0,0.0,9.0,0.0,561.0,3.0,00-0026210,121.0
2011,24,0.0,0.0,0.0,0.0,1.0,0.0,0.0,381.0,1.0,00-0026210,66.1
2012,29,0.0,0.0,0.0,0.0,0.0,0.0,0.0,375.0,2.0,00-0026210,78.5
2013,32,0.0,0.0,0.0,0.0,0.0,0.0,1.0,243.0,4.0,00-0026210,82.3
2009,1,0.0,0.0,0.0,0.0,0.0,0.0,0.0,2.0,0.0,00-0026723,1.2
2010,1,0.0,0.0,0.0,0.0,0.0,0.0,0.0,6.0,0.0,00-0026723,1.6
2011,3,0.0,0.0,0.0,0.0,0.0,0.0,0.0,19.0,0.0,00-0026723,4.9
2012,1,0.0,0.0,0.0,0.0,0.0,0.0,0.0,1.0,1.0,00-0026723,7.1
2009,20,0.0,0.0,0.0,0.0,0.0,-1.0,0.0,178.0,0.0,00-0025934,37.7
2009,0,0.0,0.0,0.0,0.0,0.0,0.0,0.0,0.0,0.0,00-0025951,0.0
2010,0,0.0,0.0,0.0,0.0,0.0,0.0,0.0,0.0,0.0,00-0025951,0.0
2012,5,0.0,0.0,0.0,0.0,0.0,33.0,0.0,35.0,0.0,00-0025951,11.8
2013,1,0.0,0.0,0.0,0.0,1.0,0.0,0.0,4.0,0.0,00-0025951,-0.6
2009,0,0.0,0.0,0.0,0.0,0.0,53.0,0.0,0.0,0.0,00-0025955,5.300000000000001
2010,2,0.0,0.0,0.0,0.0,0.0,29.0,0.0,11.0,0.0,00-0025955,6.0
2009,8,0.0,0.0,3.0,0.0,1.0,257.0,0.0,93.0,0.0,00-0026796,59.0
2010,66,0.0,0.0,16.0,0.0,2.0,1614.0,0.0,604.0,2.0,00-0026796,391.79999999999995
2011,53,0.0,0.0,10.0,0.0,3.0,1224.0,0.0,617.0,2.0,00-0026796,303.1
2012,40,0.0,0.0,15.0,0.0,2.0,1424.0,0.0,217.0,2.0,00-0026796,302.09999999999997
2013,22,0.0,0.0,1.0,0.0,0.0,542.0,1.0,183.0,1.0,00-0026796,108.5
2014,38,5.0,1.0,8.0,0.0,2.0,1246.0,0.0,327.0,5.0,00-0026796,273.5
2015,22,0.0,0.0,1.0,0.0,1.0,163.0,0.0,227.0,2.0,00-0026796,77.0
2016,6,0.0,0.0,0.0,0.0,0.0,55.0,0.0,78.0,0.0,00-0026796,19.3
2009,0,558.0,3.0,0.0,9.0,1.0,6.0,0.0,0.0,0.0,00-0027131,14.92
2009,0,0.0,0.0,0.0,0.0,0.0,0.0,0.0,0.0,0.0,00-0023642,0.0
2010,0,0.0,0.0,0.0,0.0,0.0,68.0,0.0,0.0,0.0,00-0023642,6.800000000000001
2009,60,0.0,0.0,0.0,0.0,0.0,1.0,0.0,676.0,7.0,00-0027092,169.7
2010,57,0.0,0.0,0.0,0.0,0.0,0.0,0.0,617.0,8.0,00-0027092,166.7
2011,54,0.0,0.0,0.0,0.0,0.0,0.0,0.0,514.0,1.0,00-0027092,111.4
2012,1,0.0,0.0,0.0,0.0,0.0,0.0,0.0,6.0,0.0,00-0027092,1.6
2013,6,0.0,0.0,0.0,0.0,0.0,0.0,0.0,63.0,0.0,00-0027092,12.3
2009,0,146.0,0.0,0.0,2.0,0.0,-3.0,0.0,0.0,0.0,00-0026196,1.5399999999999998
2010,0,106.0,0.0,0.0,3.0,1.0,0.0,0.0,0.0,0.0,00-0026196,-3.76
2006,1,0.0,0.0,0.0,0.0,0.0,0.0,0.0,10.0,0.0,00-0020804,2.0
2008,2,0.0,0.0,0.0,0.0,0.0,0.0,0.0,-1.0,0.0,00-0020804,1.9
2009,7,0.0,0.0,0.0,0.0,0.0,34.0,0.0,55.0,0.0,00-0020804,15.9
2010,4,0.0,0.0,1.0,0.0,1.0,5.0,0.0,32.0,0.0,00-0020804,11.7
2011,1,0.0,0.0,0.0,0.0,0.0,0.0,0.0,4.0,0.0,00-0020804,1.4
2012,1,0.0,0.0,0.0,0.0,0.0,0.0,0.0,9.0,0.0,00-0020804,1.9
2009,0,0.0,0.0,0.0,0.0,1.0,0.0,0.0,0.0,0.0,00-0026920,-2.0
2009,0,83.0,0.0,0.0,2.0,2.0,4.0,0.0,0.0,0.0,00-0027134,-4.279999999999999
2011,0,1541.0,6.0,0.0,9.0,3.0,107.0,0.0,0.0,0.0,00-0027134,72.34
2013,0,57.0,0.0,0.0,2.0,0.0,-2.0,0.0,0.0,0.0,00-0027134,-1.9199999999999997
2009,1,0.0,0.0,0.0,0.0,0.0,50.0,0.0,19.0,0.0,00-0027140,7.9
2011,23,0.0,0.0,1.0,0.0,1.0,340.0,0.0,165.0,0.0,00-0027140,77.5
2012,24,0.0,0.0,0.0,0.0,1.0,30.0,0.0,187.0,0.0,00-0027140,43.7
2013,48,0.0,0.0,0.0,0.0,2.0,240.0,0.0,343.0,2.0,00-0027140,114.30000000000001
2014,0,0.0,0.0,1.0,0.0,0.0,50.0,0.0,0.0,0.0,00-0027140,11.0
2009,0,0.0,0.0,0.0,0.0,0.0,1.0,0.0,0.0,0.0,00-0020653,0.1
2009,0,0.0,0.0,0.0,0.0,0.0,0.0,0.0,0.0,0.0,00-0026912,0.0
2009,0,0.0,0.0,0.0,0.0,0.0,5.0,0.0,0.0,0.0,00-0026769,0.5
2012,0,0.0,0.0,0.0,0.0,1.0,0.0,0.0,0.0,0.0,00-0026226,-2.0
2006,11,0.0,0.0,0.0,0.0,0.0,0.0,0.0,159.0,1.0,00-0024301,32.9
2007,1,0.0,0.0,0.0,0.0,0.0,0.0,0.0,9.0,0.0,00-0024301,1.9
2008,9,0.0,0.0,0.0,0.0,0.0,0.0,0.0,93.0,0.0,00-0024301,18.3
2009,35,0.0,0.0,0.0,0.0,0.0,0.0,0.0,356.0,1.0,00-0024301,76.6
2010,30,0.0,0.0,0.0,0.0,0.0,0.0,0.0,219.0,2.0,00-0024301,63.900000000000006
2011,5,0.0,0.0,0.0,0.0,0.0,0.0,0.0,16.0,0.0,00-0024301,6.6
2012,11,0.0,0.0,0.0,0.0,0.0,0.0,0.0,86.0,4.0,00-0024301,43.6
2010,0,3512.0,18.0,1.0,15.0,2.0,63.0,0.0,0.0,0.0,00-0027854,190.78
2011,0,2164.0,6.0,0.0,6.0,7.0,26.0,0.0,0.0,0.0,00-0027854,87.16
2012,0,3702.0,21.0,1.0,13.0,1.0,124.0,4.0,0.0,0.0,00-0027854,230.48000000000002
2013,0,1687.0,14.0,0.0,4.0,1.0,31.0,1.0,0.0,0.0,00-0027854,118.58
2015,0,3725.0,19.0,0.0,14.0,3.0,39.0,0.0,0.0,0.0,00-0027854,194.9
2016,1,3877.0,20.0,0.0,5.0,5.0,53.0,0.0,5.0,0.0,00-0027854,221.88000000000002
2017,0,382.0,3.0,0.0,0.0,0.0,-3.0,0.0,0.0,0.0,00-0027854,26.98
2018,0,400.0,2.0,0.0,4.0,2.0,7.0,0.0,0.0,0.0,00-0027854,12.7
2010,12,0.0,0.0,0.0,0.0,1.0,0.0,0.0,117.0,0.0,00-0027352,21.700000000000003
2010,9,0.0,0.0,0.0,0.0,0.0,247.0,0.0,72.0,2.0,00-0026566,52.900000000000006
2011,18,0.0,0.0,3.0,0.0,2.0,479.0,0.0,78.0,0.0,00-0026566,87.7
2012,19,0.0,0.0,2.0,0.0,3.0,410.0,0.0,244.0,0.0,00-0026566,90.4
2013,4,0.0,0.0,0.0,0.0,0.0,12.0,0.0,14.0,0.0,00-0026566,6.6000000000000005
2010,0,0.0,0.0,0.0,0.0,0.0,0.0,0.0,0.0,0.0,00-0027879,0.0
2012,0,0.0,0.0,0.0,0.0,0.0,0.0,0.0,0.0,0.0,00-0027879,0.0
2010,0,1558.0,3.0,0.0,9.0,2.0,57.0,0.0,0.0,0.0,00-0027659,58.019999999999996
2014,0,223.0,2.0,0.0,1.0,0.0,9.0,0.0,0.0,0.0,00-0027659,15.820000000000002
2015,0,739.0,2.0,0.0,4.0,0.0,36.0,0.0,0.0,0.0,00-0027659,33.160000000000004
2010,7,0.0,0.0,0.0,0.0,0.0,17.0,0.0,35.0,1.0,00-0027419,18.2
2012,1,0.0,0.0,0.0,0.0,0.0,0.0,0.0,11.0,0.0,00-0027419,2.1
2010,0,654.0,5.0,6.0,3.0,0.0,227.0,0.0,0.0,0.0,00-0027876,98.86
2011,0,1729.0,12.0,6.0,6.0,6.0,660.0,2.0,0.0,0.0,00-0027876,199.16
2012,0,39.0,0.0,0.0,0.0,0.0,102.0,0.0,0.0,0.0,00-0027876,11.760000000000002
2010,58,0.0,0.0,4.0,0.0,1.0,563.0,0.0,487.0,2.0,00-0027880,197.0
2011,27,0.0,0.0,2.0,0.0,0.0,390.0,0.0,287.0,1.0,00-0027880,112.7
2010,24,0.0,0.0,0.0,0.0,3.0,283.0,0.0,157.0,1.0,00-0027861,68.0
2011,39,0.0,0.0,4.0,0.0,0.0,561.0,0.0,271.0,2.0,00-0027861,158.2
2012,43,0.0,0.0,6.0,0.0,3.0,1244.0,0.0,459.0,2.0,00-0027861,255.3
2013,33,0.0,0.0,2.0,0.0,1.0,933.0,0.0,185.0,0.0,00-0027861,154.8
2014,19,0.0,0.0,0.0,0.0,1.0,300.0,0.0,125.0,1.0,00-0027861,65.5
2015,34,0.0,0.0,0.0,0.0,0.0,112.0,0.0,239.0,2.0,00-0027861,81.10000000000001
2016,6,0.0,0.0,0.0,0.0,0.0,18.0,0.0,50.0,1.0,00-0027861,18.8
2017,0,0.0,0.0,0.0,0.0,0.0,0.0,0.0,0.0,0.0,00-0027861,0.0
2010,0,0.0,0.0,0.0,0.0,0.0,0.0,0.0,0.0,0.0,00-0026844,0.0
2010,22,0.0,0.0,7.0,0.0,3.0,675.0,0.0,145.0,0.0,00-0027864,140.0
2011,50,0.0,0.0,6.0,0.0,2.0,1091.0,0.0,455.0,0.0,00-0027864,236.60000000000002
2012,39,0.0,0.0,1.0,0.0,2.0,707.0,0.0,252.0,0.0,00-0027864,136.9
2013,26,0.0,0.0,6.0,0.0,1.0,1255.0,0.0,189.0,1.0,00-0027864,210.4
2014,9,0.0,0.0,3.0,0.0,0.0,330.0,0.0,69.0,0.0,00-0027864,66.9
2015,20,0.0,0.0,6.0,0.0,3.0,539.0,0.0,146.0,1.0,00-0027864,124.5
2016,13,0.0,0.0,8.0,0.0,2.0,661.0,2.0,115.0,1.0,00-0027864,144.60000000000002
2010,21,0.0,0.0,0.0,0.0,1.0,71.0,0.0,209.0,1.0,00-0027651,53.0
2011,46,0.0,0.0,1.0,0.0,3.0,516.0,0.0,328.0,1.0,00-0027651,136.4
2012,52,0.0,0.0,0.0,0.0,2.0,70.0,0.0,452.0,1.0,00-0027651,106.2
2013,53,0.0,0.0,0.0,0.0,0.0,5.0,0.0,511.0,2.0,00-0027651,116.6
2014,26,0.0,0.0,0.0,0.0,1.0,131.0,0.0,197.0,1.0,00-0027651,62.800000000000004
2015,31,0.0,0.0,1.0,0.0,2.0,247.0,1.0,260.0,1.0,00-0027651,91.7
2016,7,0.0,0.0,0.0,0.0,0.0,2.0,0.0,36.0,0.0,00-0027651,10.8
2010,0,370.0,1.0,0.0,6.0,2.0,-5.0,0.0,0.0,0.0,00-0027347,2.3000000000000007
2010,3,0.0,0.0,0.0,0.0,0.0,95.0,0.0,30.0,0.0,00-0027201,15.5
2010,21,0.0,0.0,1.0,0.0,3.0,322.0,0.0,167.0,0.0,00-0027888,69.9
2011,23,0.0,0.0,1.0,0.0,0.0,531.0,0.0,190.0,3.0,00-0027888,119.1
2012,20,0.0,0.0,1.0,0.0,2.0,169.0,0.0,155.0,0.0,00-0027888,54.400000000000006
2013,13,0.0,0.0,2.0,0.0,1.0,283.0,0.0,88.0,0.0,00-0027888,60.099999999999994
2014,20,0.0,0.0,2.0,0.0,1.0,326.0,0.0,186.0,0.0,00-0027888,81.2
2015,3,0.0,0.0,0.0,0.0,0.0,44.0,0.0,23.0,0.0,00-0027888,9.700000000000001
2010,5,0.0,0.0,2.0,0.0,0.0,237.0,0.0,11.0,0.0,00-0027772,41.800000000000004
2011,1,0.0,0.0,2.0,0.0,0.0,87.0,0.0,6.0,0.0,00-0027772,22.300000000000004
2012,0,0.0,0.0,2.0,0.0,0.0,78.0,0.0,0.0,0.0,00-0027772,19.8
2013,3,0.0,0.0,2.0,0.0,0.0,56.0,0.0,30.0,0.0,00-0027772,23.6
2014,8,0.0,0.0,2.0,0.0,0.0,432.0,0.0,49.0,0.0,00-0027772,68.10000000000001
2015,6,0.0,0.0,1.0,0.0,0.0,44.0,0.0,44.0,0.0,00-0027772,20.799999999999997
2010,0,0.0,0.0,0.0,0.0,1.0,0.0,0.0,0.0,0.0,00-0027610,-2.0
2012,0,0.0,0.0,0.0,0.0,2.0,0.0,0.0,0.0,0.0,00-0027610,-4.0
2010,0,0.0,0.0,0.0,0.0,0.0,0.0,0.0,0.0,0.0,00-0027064,0.0
2010,0,0.0,0.0,0.0,0.0,1.0,-2.0,0.0,0.0,0.0,00-0026620,-2.2
2010,0,0.0,0.0,0.0,0.0,2.0,0.0,0.0,0.0,0.0,00-0027816,-4.0
2011,5,0.0,0.0,0.0,0.0,0.0,4.0,0.0,24.0,0.0,00-0027816,7.800000000000001
2015,22,0.0,0.0,0.0,0.0,1.0,0.0,0.0,300.0,0.0,00-0027816,50.0
2016,0,0.0,0.0,0.0,0.0,0.0,15.0,0.0,0.0,0.0,00-0027816,1.5
2010,0,0.0,0.0,0.0,0.0,1.0,0.0,0.0,0.0,0.0,00-0027711,-2.0
2009,2,0.0,0.0,0.0,0.0,0.0,0.0,0.0,20.0,0.0,00-0026393,4.0
2010,25,0.0,0.0,1.0,0.0,1.0,122.0,0.0,333.0,3.0,00-0026393,92.5
2011,27,0.0,0.0,0.0,0.0,1.0,112.0,0.0,301.0,2.0,00-0026393,78.30000000000001
2012,52,0.0,0.0,0.0,0.0,0.0,271.0,0.0,496.0,1.0,00-0026393,134.7
2013,32,22.0,0.0,2.0,0.0,0.0,218.0,0.0,331.0,2.0,00-0026393,111.78
2014,37,0.0,0.0,0.0,0.0,1.0,85.0,0.0,265.0,1.0,00-0026393,76.0
2015,30,0.0,0.0,0.0,0.0,0.0,36.0,0.0,269.0,3.0,00-0026393,78.5
2016,5,0.0,0.0,0.0,0.0,0.0,0.0,1.0,73.0,0.0,00-0026393,14.3
2009,4,0.0,0.0,0.0,0.0,0.0,0.0,0.0,19.0,0.0,00-0027135,5.9
2010,12,0.0,0.0,0.0,0.0,0.0,0.0,0.0,80.0,0.0,00-0027135,20.0
2011,16,0.0,0.0,0.0,0.0,0.0,0.0,0.0,151.0,0.0,00-0027135,31.1
2012,79,0.0,0.0,0.0,0.0,0.0,0.0,0.0,806.0,4.0,00-0027135,183.60000000000002
2013,47,0.0,0.0,0.0,0.0,0.0,0.0,0.0,522.0,4.0,00-0027135,123.2
2014,22,0.0,0.0,0.0,0.0,0.0,0.0,0.0,190.0,0.0,00-0027135,41.0
2015,12,0.0,0.0,0.0,0.0,0.0,0.0,0.0,127.0,0.0,00-0027135,24.700000000000003
2016,7,0.0,0.0,0.0,0.0,0.0,0.0,1.0,59.0,1.0,00-0027135,20.9
2009,0,0.0,0.0,0.0,0.0,0.0,0.0,0.0,0.0,0.0,00-0027093,0.0
2010,5,0.0,0.0,0.0,0.0,0.0,22.0,0.0,34.0,0.0,00-0027093,10.600000000000001
2011,3,0.0,0.0,0.0,0.0,0.0,4.0,0.0,39.0,0.0,00-0027093,7.300000000000001
2013,4,0.0,0.0,0.0,0.0,0.0,0.0,0.0,57.0,0.0,00-0027093,9.7
2010,1,0.0,0.0,5.0,0.0,2.0,716.0,0.0,17.0,0.0,00-0027531,100.30000000000001
2011,0,0.0,0.0,1.0,0.0,0.0,374.0,0.0,0.0,0.0,00-0027531,43.4
2012,2,0.0,0.0,2.0,0.0,0.0,217.0,0.0,15.0,0.0,00-0027531,37.2
2013,2,0.0,0.0,3.0,0.0,0.0,833.0,0.0,10.0,0.0,00-0027531,104.30000000000001
2014,18,0.0,0.0,6.0,0.0,1.0,821.0,0.0,123.0,1.0,00-0027531,152.40000000000003
2015,30,0.0,0.0,7.0,0.0,2.0,1070.0,0.0,217.0,1.0,00-0027531,202.7
2016,20,0.0,0.0,3.0,0.0,3.0,439.0,0.0,186.0,0.0,00-0027531,94.5
2017,21,0.0,0.0,1.0,0.0,2.0,382.0,0.0,175.0,1.0,00-0027531,84.7
2018,12,0.0,0.0,1.0,0.0,0.0,385.0,0.0,175.0,0.0,00-0027531,74.0
2010,0,0.0,0.0,0.0,0.0,1.0,0.0,0.0,0.0,0.0,00-0026238,-2.0
2010,45,0.0,0.0,0.0,0.0,0.0,47.0,0.0,563.0,6.0,00-0027713,142.0
2011,79,0.0,0.0,0.0,0.0,1.0,45.0,0.0,910.0,7.0,00-0027713,214.5
2012,51,0.0,0.0,0.0,0.0,0.0,5.0,0.0,483.0,5.0,00-0027713,129.8
2010,0,0.0,0.0,0.0,0.0,0.0,0.0,0.0,0.0,0.0,00-0021951,0.0
2010,0,0.0,0.0,0.0,0.0,1.0,0.0,0.0,0.0,0.0,00-0027737,-2.0
2013,0,0.0,0.0,0.0,0.0,1.0,0.0,0.0,0.0,0.0,00-0027737,-2.0
2010,0,0.0,0.0,0.0,0.0,1.0,0.0,0.0,0.0,0.0,00-0022786,-2.0
2008,0,0.0,0.0,0.0,0.0,0.0,0.0,0.0,0.0,0.0,00-0026156,0.0
2010,0,0.0,0.0,0.0,0.0,1.0,0.0,0.0,0.0,0.0,00-0026156,-2.0
2010,5,0.0,0.0,6.0,0.0,3.0,1007.0,0.0,14.0,0.0,00-0027325,137.1
2011,15,0.0,0.0,5.0,0.0,3.0,781.0,0.0,148.0,0.0,00-0027325,131.9
2012,1,0.0,0.0,2.0,0.0,0.0,151.0,0.0,2.0,0.0,00-0027325,28.3
2013,2,0.0,0.0,7.0,0.0,2.0,772.0,0.0,38.0,0.0,00-0027325,121.0
2014,10,0.0,0.0,5.0,0.0,1.0,547.0,0.0,54.0,0.0,00-0027325,98.10000000000001
2015,6,0.0,0.0,6.0,0.0,0.0,703.0,0.0,43.0,1.0,00-0027325,122.6
2016,7,0.0,0.0,18.0,0.0,1.0,1161.0,0.0,38.0,0.0,00-0027325,232.90000000000003
2017,8,0.0,0.0,2.0,0.0,1.0,766.0,1.0,50.0,1.0,00-0027325,107.60000000000001
2018,10,0.0,0.0,5.0,0.0,1.0,418.0,0.0,67.0,0.0,00-0027325,86.50000000000001
2010,2,0.0,0.0,0.0,0.0,0.0,54.0,0.0,29.0,0.0,00-0027257,10.3
2012,3,0.0,0.0,0.0,0.0,0.0,74.0,0.0,41.0,0.0,00-0027257,14.5
2010,6,0.0,0.0,0.0,0.0,1.0,0.0,0.0,63.0,0.0,00-0027700,10.3
2012,2,0.0,0.0,0.0,0.0,0.0,0.0,0.0,15.0,0.0,00-0027700,3.5
2010,31,0.0,0.0,0.0,0.0,0.0,3.0,0.0,356.0,5.0,00-0027696,96.9
2011,99,0.0,0.0,0.0,0.0,1.0,0.0,0.0,1310.0,11.0,00-0027696,294.0
2012,85,0.0,0.0,0.0,0.0,0.0,0.0,0.0,982.0,9.0,00-0027696,237.2
2013,86,0.0,0.0,0.0,0.0,0.0,0.0,0.0,1215.0,16.0,00-0027696,303.5
2014,85,0.0,0.0,0.0,0.0,2.0,0.0,0.0,889.0,10.0,00-0027696,229.9
2015,48,0.0,0.0,0.0,0.0,0.0,0.0,0.0,605.0,2.0,00-0027696,120.5
2016,65,0.0,0.0,0.0,0.0,2.0,0.0,0.0,923.0,6.0,00-0027696,189.3
2017,57,0.0,0.0,0.0,0.0,0.0,0.0,1.0,520.0,10.0,00-0027696,171.0
2018,55,0.0,0.0,0.0,0.0,0.0,0.0,0.0,636.0,2.0,00-0027696,130.6
2019,38,0.0,0.0,0.0,0.0,0.0,0.0,0.0,447.0,3.0,00-0027696,100.7
2020,50,0.0,0.0,0.0,0.0,0.0,0.0,0.0,456.0,8.0,00-0027696,143.6
2021,12,0.0,0.0,0.0,0.0,0.0,0.0,1.0,151.0,3.0,00-0027696,47.1
2023,6,0.0,0.0,0.0,0.0,0.0,0.0,0.0,39.0,4.0,00-0027696,33.9
2010,25,0.0,0.0,2.0,0.0,1.0,155.0,0.0,470.0,2.0,00-0027709,109.5
2011,19,0.0,0.0,0.0,0.0,1.0,31.0,0.0,279.0,1.0,00-0027709,54.0
2013,13,0.0,0.0,0.0,0.0,1.0,15.0,0.0,99.0,0.0,00-0027709,22.4
2010,0,0.0,0.0,0.0,0.0,1.0,0.0,0.0,0.0,0.0,00-0026212,-2.0
2010,3,0.0,0.0,0.0,0.0,0.0,189.0,0.0,20.0,0.0,00-0027712,23.900000000000002
2011,13,0.0,0.0,0.0,0.0,2.0,134.0,0.0,139.0,0.0,00-0027712,36.3
2012,1,0.0,0.0,0.0,0.0,1.0,179.0,0.0,18.0,0.0,00-0027712,18.700000000000003
2014,6,0.0,0.0,0.0,0.0,0.0,3.0,0.0,64.0,2.0,00-0027712,24.700000000000003
2010,21,0.0,0.0,0.0,0.0,0.0,4.0,0.0,227.0,0.0,00-0027891,44.1
2011,35,0.0,0.0,0.0,0.0,0.0,14.0,0.0,382.0,3.0,00-0027891,92.6
2012,45,23.0,1.0,0.0,0.0,1.0,20.0,0.0,682.0,7.0,00-0027891,160.12
2013,64,0.0,0.0,0.0,0.0,0.0,31.0,0.0,898.0,5.0,00-0027891,186.9
2014,99,0.0,0.0,0.0,0.0,0.0,30.0,0.0,1331.0,4.0,00-0027891,259.1
2015,90,0.0,0.0,0.0,0.0,1.0,41.0,0.0,813.0,6.0,00-0027891,209.4
2016,91,0.0,0.0,0.0,0.0,1.0,4.0,1.0,1077.0,4.0,00-0027891,223.10000000000002
2017,92,0.0,0.0,0.0,0.0,1.0,22.0,1.0,1003.0,5.0,00-0027891,224.5
2018,74,0.0,0.0,0.0,0.0,0.0,34.0,1.0,789.0,4.0,00-0027891,182.3
2019,49,0.0,0.0,0.0,0.0,1.0,16.0,0.0,670.0,6.0,00-0027891,151.6
2020,35,18.0,0.0,0.0,0.0,0.0,0.0,0.0,388.0,2.0,00-0027891,86.52000000000001
2010,37,0.0,0.0,0.0,0.0,0.0,2.0,0.0,508.0,3.0,00-0027795,106.0
2010,0,0.0,0.0,0.0,0.0,0.0,7.0,0.0,0.0,0.0,00-0027692,0.7000000000000001
2011,0,11.0,0.0,0.0,0.0,0.0,5.0,0.0,0.0,0.0,00-0027692,0.94
2012,5,0.0,0.0,0.0,0.0,0.0,0.0,0.0,121.0,0.0,00-0027692,17.1
2013,1,0.0,0.0,0.0,0.0,0.0,0.0,0.0,10.0,0.0,00-0027692,2.0
2010,22,0.0,0.0,0.0,0.0,2.0,1.0,0.0,283.0,2.0,00-0027874,58.400000000000006
2011,32,0.0,0.0,0.0,0.0,0.0,5.0,0.0,551.0,4.0,00-0027874,111.6
2012,94,0.0,0.0,0.0,0.0,3.0,0.0,0.0,1430.0,10.0,00-0027874,291.0
2013,92,0.0,0.0,0.0,0.0,0.0,0.0,0.0,1430.0,14.0,00-0027874,319.0
2014,111,0.0,0.0,0.0,0.0,0.0,0.0,1.0,1619.0,11.0,00-0027874,340.9
2015,105,0.0,0.0,0.0,0.0,2.0,0.0,0.0,1304.0,6.0,00-0027874,267.4
2016,90,0.0,0.0,0.0,0.0,2.0,0.0,1.0,1083.0,5.0,00-0027874,226.3
2017,83,0.0,0.0,0.0,0.0,1.0,0.0,0.0,949.0,5.0,00-0027874,205.9
2018,59,0.0,0.0,0.0,0.0,0.0,0.0,0.0,677.0,5.0,00-0027874,156.7
2019,36,0.0,0.0,0.0,0.0,0.0,0.0,0.0,433.0,1.0,00-0027874,85.30000000000001
2010,0,0.0,0.0,0.0,0.0,0.0,-1.0,0.0,0.0,0.0,00-0027094,-0.1
2012,12,0.0,0.0,8.0,0.0,0.0,385.0,1.0,86.0,0.0,00-0027094,109.1
2013,20,0.0,0.0,3.0,0.0,3.0,492.0,1.0,103.0,0.0,00-0027094,93.5
2010,39,0.0,0.0,3.0,0.0,1.0,261.0,0.0,309.0,2.0,00-0027214,124.0
2011,8,0.0,0.0,2.0,0.0,1.0,195.0,0.0,62.0,0.0,00-0027214,43.7
2012,2,0.0,0.0,0.0,0.0,0.0,3.0,0.0,9.0,0.0,00-0027214,3.1999999999999997
2010,3,0.0,0.0,0.0,0.0,0.0,160.0,0.0,10.0,0.0,00-0027779,20.0
2011,14,0.0,0.0,0.0,0.0,0.0,130.0,0.0,120.0,0.0,00-0027779,39.0
2013,1,0.0,0.0,0.0,0.0,0.0,51.0,0.0,-1.0,0.0,00-0027779,6.000000000000001
2010,1,0.0,0.0,0.0,0.0,0.0,11.0,0.0,7.0,0.0,00-0026819,2.8000000000000003
2010,11,0.0,0.0,0.0,0.0,0.0,29.0,0.0,115.0,1.0,00-0027188,31.4
2011,3,0.0,0.0,0.0,0.0,0.0,13.0,0.0,20.0,1.0,00-0027188,12.3
2013,2,0.0,0.0,0.0,0.0,0.0,0.0,0.0,20.0,0.0,00-0027188,4.0
2010,1,1576.0,6.0,1.0,9.0,0.0,136.0,0.0,13.0,0.0,00-0027688,90.93999999999998
2011,1,2733.0,14.0,0.0,11.0,2.0,212.0,0.0,-5.0,0.0,00-0027688,161.01999999999998
2012,0,79.0,1.0,0.0,0.0,0.0,15.0,0.0,0.0,0.0,00-0027688,8.66
2013,0,13.0,0.0,0.0,0.0,0.0,-6.0,0.0,0.0,0.0,00-0027688,-0.08000000000000007
2014,0,1057.0,4.0,1.0,3.0,1.0,66.0,0.0,0.0,0.0,00-0027688,62.88
2015,0,128.0,1.0,0.0,0.0,0.0,-3.0,0.0,0.0,0.0,00-0027688,8.82
2018,0,372.0,3.0,0.0,3.0,0.0,63.0,0.0,0.0,0.0,00-0027688,27.180000000000003
2019,0,122.0,0.0,0.0,1.0,0.0,14.0,0.0,0.0,0.0,00-0027688,4.28
2020,0,375.0,1.0,0.0,1.0,1.0,12.0,1.0,0.0,0.0,00-0027688,18.2
2021,0,740.0,3.0,0.0,1.0,1.0,37.0,0.0,0.0,0.0,00-0027688,41.300000000000004
2022,0,780.0,1.0,0.0,3.0,0.0,36.0,0.0,0.0,0.0,00-0027688,32.800000000000004
2010,0,0.0,0.0,0.0,0.0,1.0,0.0,0.0,0.0,0.0,00-0027815,-2.0
2010,0,0.0,0.0,0.0,0.0,0.0,0.0,0.0,0.0,0.0,00-0024061,0.0
2016,0,0.0,0.0,0.0,0.0,0.0,0.0,0.0,0.0,0.0,00-0024061,0.0
2018,0,0.0,0.0,0.0,0.0,2.0,0.0,0.0,0.0,0.0,00-0024061,-4.0
2010,25,0.0,0.0,0.0,0.0,0.0,35.0,0.0,395.0,2.0,00-0027654,80.0
2011,30,0.0,0.0,0.0,0.0,0.0,-7.0,0.0,441.0,3.0,00-0027654,91.4
2012,4,0.0,0.0,0.0,0.0,0.0,16.0,0.0,26.0,0.0,00-0027654,8.2
2016,5,0.0,0.0,0.0,0.0,0.0,0.0,0.0,116.0,1.0,00-0027654,22.6
2017,1,0.0,0.0,0.0,0.0,0.0,0.0,0.0,12.0,0.0,00-0027654,2.2
2010,0,0.0,0.0,0.0,0.0,0.0,0.0,0.0,0.0,0.0,00-0026516,0.0
2011,0,0.0,0.0,0.0,0.0,0.0,0.0,0.0,0.0,0.0,00-0026516,0.0
2014,0,0.0,0.0,0.0,0.0,0.0,0.0,0.0,0.0,0.0,00-0026516,0.0
2020,0,0.0,0.0,0.0,0.0,0.0,0.0,0.0,0.0,0.0,00-0026516,0.0
2010,5,0.0,0.0,0.0,0.0,0.0,18.0,0.0,51.0,1.0,00-0026323,17.900000000000002
2011,9,0.0,0.0,0.0,0.0,0.0,44.0,0.0,76.0,0.0,00-0026323,21.0
2010,24,0.0,0.0,0.0,0.0,1.0,0.0,0.0,307.0,2.0,00-0027691,64.7
2011,51,0.0,0.0,0.0,0.0,0.0,27.0,0.0,586.0,2.0,00-0027691,124.30000000000001
2012,64,0.0,0.0,0.0,0.0,0.0,29.0,0.0,759.0,5.0,00-0027691,172.8
2013,43,0.0,0.0,0.0,0.0,0.0,0.0,0.0,471.0,2.0,00-0027691,102.1
2014,36,0.0,0.0,0.0,0.0,2.0,21.0,0.0,453.0,2.0,00-0027691,91.4
2015,11,0.0,0.0,0.0,0.0,0.0,0.0,0.0,135.0,0.0,00-0027691,24.5
2016,14,0.0,0.0,0.0,0.0,1.0,0.0,0.0,188.0,1.0,00-0027691,36.8
2017,1,0.0,0.0,0.0,0.0,1.0,0.0,0.0,12.0,0.0,00-0027691,0.20000000000000018
2018,10,0.0,0.0,0.0,0.0,1.0,20.0,0.0,79.0,1.0,00-0027691,23.9
2019,3,0.0,0.0,0.0,0.0,0.0,7.0,0.0,20.0,0.0,00-0027691,5.7
2020,4,0.0,0.0,0.0,0.0,2.0,-3.0,0.0,34.0,0.0,00-0027691,3.1000000000000005
2021,1,0.0,0.0,0.0,0.0,1.0,19.0,0.0,35.0,0.0,00-0027691,4.4
2010,0,0.0,0.0,0.0,0.0,0.0,0.0,0.0,0.0,0.0,00-0022155,0.0
2010,0,0.0,0.0,0.0,0.0,1.0,0.0,0.0,0.0,0.0,00-0027611,-2.0
2010,0,0.0,0.0,0.0,0.0,1.0,0.0,0.0,0.0,0.0,00-0027798,-2.0
2010,28,0.0,0.0,0.0,0.0,1.0,0.0,0.0,376.0,2.0,00-0027685,75.6
2011,22,15.0,0.0,0.0,0.0,0.0,0.0,0.0,288.0,2.0,00-0027685,63.400000000000006
2012,44,0.0,0.0,0.0,0.0,2.0,4.0,0.0,624.0,1.0,00-0027685,108.80000000000001
2013,67,0.0,0.0,0.0,0.0,0.0,25.0,1.0,733.0,6.0,00-0027685,180.8
2014,101,0.0,0.0,0.0,0.0,0.0,44.0,1.0,1404.0,9.0,00-0027685,301.8
2015,76,0.0,0.0,0.0,0.0,2.0,29.0,0.0,1135.0,6.0,00-0027685,224.4
2016,79,0.0,0.0,0.0,0.0,0.0,4.0,0.0,1032.0,5.0,00-0027685,212.60000000000002
2017,47,0.0,0.0,0.0,0.0,0.0,0.0,0.0,555.0,2.0,00-0027685,114.5
2018,71,28.0,1.0,1.0,0.0,0.0,53.0,0.0,866.0,4.0,00-0027685,198.02
2019,66,35.0,1.0,0.0,0.0,0.0,0.0,1.0,869.0,5.0,00-0027685,190.3
2020,61,0.0,0.0,0.0,0.0,0.0,12.0,0.0,726.0,5.0,00-0027685,164.8
2021,42,0.0,0.0,0.0,0.0,0.0,31.0,0.0,626.0,4.0,00-0027685,131.7
2010,2,0.0,0.0,0.0,0.0,0.0,6.0,0.0,10.0,0.0,00-0027618,3.6
2011,1,49.0,1.0,0.0,0.0,0.0,1.0,0.0,10.0,0.0,00-0027618,8.059999999999999
2012,8,0.0,0.0,0.0,0.0,0.0,36.0,0.0,15.0,0.0,00-0027618,13.1
2010,9,0.0,0.0,6.0,0.0,1.0,112.0,0.0,63.0,0.0,00-0027467,60.5
2007,0,0.0,0.0,0.0,0.0,1.0,0.0,0.0,0.0,0.0,00-0025447,-2.0
2010,0,0.0,0.0,0.0,0.0,0.0,0.0,0.0,0.0,0.0,00-0025447,0.0
2013,1,0.0,0.0,0.0,0.0,0.0,0.0,0.0,0.0,0.0,00-0025447,1.0
2009,31,0.0,0.0,0.0,0.0,0.0,0.0,0.0,319.0,1.0,00-0026953,68.9
2010,24,0.0,0.0,0.0,0.0,1.0,2.0,0.0,239.0,0.0,00-0026953,46.1
2011,4,0.0,0.0,0.0,0.0,1.0,0.0,0.0,52.0,0.0,00-0026953,7.2
2012,1,0.0,0.0,0.0,0.0,0.0,0.0,0.0,14.0,0.0,00-0026953,2.4000000000000004
2010,0,0.0,0.0,0.0,0.0,2.0,0.0,0.0,0.0,0.0,00-0027421,-4.0
2010,45,0.0,0.0,0.0,0.0,1.0,0.0,0.0,561.0,6.0,00-0027902,135.1
2011,63,0.0,0.0,0.0,0.0,1.0,5.0,0.0,928.0,9.0,00-0027902,208.3
2012,90,0.0,0.0,0.0,0.0,2.0,-5.0,1.0,1371.0,12.0,00-0027902,296.6
2013,93,0.0,0.0,0.0,0.0,1.0,1.0,0.0,1233.0,13.0,00-0027902,292.4
2014,88,0.0,0.0,0.0,0.0,0.0,0.0,0.0,1320.0,16.0,00-0027902,316.0
2015,31,0.0,0.0,0.0,0.0,0.0,0.0,0.0,401.0,3.0,00-0027902,89.1
2016,50,10.0,1.0,0.0,0.0,1.0,0.0,0.0,796.0,8.0,00-0027902,180.0
2017,69,0.0,0.0,0.0,0.0,1.0,-4.0,0.0,838.0,6.0,00-0027902,186.4
2020,6,0.0,0.0,0.0,0.0,0.0,0.0,0.0,47.0,2.0,00-0027902,22.7
2010,0,0.0,0.0,0.0,0.0,0.0,0.0,0.0,0.0,0.0,00-0023727,0.0
2010,0,0.0,0.0,0.0,0.0,1.0,5.0,0.0,0.0,0.0,00-0027660,-1.5
2011,0,0.0,0.0,1.0,0.0,1.0,12.0,0.0,0.0,0.0,00-0027660,5.2
2012,0,0.0,0.0,0.0,0.0,1.0,0.0,0.0,0.0,0.0,00-0027660,-2.0
2013,0,0.0,0.0,0.0,0.0,0.0,0.0,0.0,0.0,0.0,00-0027660,0.0
2010,3,0.0,0.0,0.0,0.0,1.0,0.0,0.0,40.0,0.0,00-0026536,5.0
2011,1,0.0,0.0,0.0,0.0,0.0,0.0,0.0,8.0,0.0,00-0026536,1.8
2010,0,0.0,0.0,0.0,0.0,0.0,15.0,0.0,0.0,0.0,00-0027755,1.5
2011,0,0.0,0.0,0.0,0.0,2.0,16.0,0.0,0.0,0.0,00-0027755,-2.4
2012,5,0.0,0.0,0.0,0.0,0.0,0.0,0.0,66.0,0.0,00-0027755,11.600000000000001
2013,1,0.0,0.0,0.0,0.0,0.0,0.0,0.0,2.0,0.0,00-0027755,1.2
2010,0,0.0,0.0,0.0,0.0,0.0,5.0,0.0,0.0,0.0,00-0025995,0.5
2010,0,47.0,0.0,0.0,0.0,0.0,0.0,0.0,0.0,0.0,00-0027801,1.8800000000000001
2010,0,16.0,0.0,0.0,0.0,0.0,16.0,0.0,0.0,0.0,00-0026544,2.24
2011,0,29.0,0.0,0.0,0.0,0.0,-3.0,0.0,0.0,0.0,00-0026544,0.8599999999999999
2012,0,10.0,0.0,0.0,0.0,0.0,17.0,0.0,0.0,0.0,00-0026544,2.1
2013,0,248.0,1.0,0.0,1.0,0.0,52.0,0.0,0.0,0.0,00-0026544,17.12
2014,0,157.0,0.0,0.0,0.0,0.0,15.0,0.0,0.0,0.0,00-0026544,7.78
2015,0,4.0,0.0,0.0,0.0,0.0,-2.0,0.0,0.0,0.0,00-0026544,-0.04000000000000001
2016,0,16.0,0.0,0.0,0.0,0.0,0.0,0.0,0.0,0.0,00-0026544,0.64
2017,0,0.0,0.0,0.0,0.0,0.0,-2.0,0.0,0.0,0.0,00-0026544,-0.2
2018,1,515.0,3.0,0.0,2.0,0.0,3.0,0.0,8.0,0.0,00-0026544,30.700000000000003
2019,0,435.0,3.0,0.0,2.0,0.0,6.0,0.0,0.0,0.0,00-0026544,26.000000000000004
2020,0,264.0,1.0,0.0,2.0,0.0,16.0,0.0,0.0,0.0,00-0026544,12.16
2021,0,0.0,0.0,0.0,0.0,0.0,-2.0,0.0,0.0,0.0,00-0026544,-0.2
2022,0,27.0,0.0,0.0,0.0,0.0,0.0,0.0,0.0,0.0,00-0026544,1.08
2010,4,0.0,0.0,0.0,0.0,0.0,7.0,0.0,42.0,0.0,00-0027450,8.9
2011,40,0.0,0.0,0.0,0.0,2.0,-3.0,0.0,554.0,3.0,00-0027450,109.10000000000001
2012,0,0.0,0.0,0.0,0.0,0.0,7.0,0.0,0.0,0.0,00-0027450,0.7000000000000001
2014,36,0.0,0.0,0.0,0.0,1.0,0.0,0.0,418.0,2.0,00-0027450,87.80000000000001
2015,5,0.0,0.0,0.0,0.0,0.0,0.0,0.0,40.0,0.0,00-0027450,9.0
2010,0,0.0,0.0,0.0,0.0,1.0,0.0,0.0,0.0,0.0,00-0027060,-2.0
2011,0,0.0,0.0,0.0,0.0,0.0,0.0,0.0,0.0,0.0,00-0027060,0.0
2010,0,0.0,0.0,1.0,0.0,0.0,7.0,0.0,0.0,0.0,00-0026644,6.7
2011,0,0.0,0.0,0.0,0.0,0.0,24.0,0.0,0.0,0.0,00-0026644,2.4000000000000004
2013,1,0.0,0.0,0.0,0.0,0.0,1.0,0.0,-5.0,0.0,00-0026644,0.6000000000000001
2010,0,0.0,0.0,0.0,0.0,1.0,0.0,0.0,0.0,0.0,00-0025902,-2.0
2010,0,0.0,0.0,0.0,0.0,0.0,17.0,0.0,0.0,0.0,00-0025573,1.7000000000000002
2011,1,0.0,0.0,0.0,0.0,0.0,12.0,0.0,3.0,0.0,00-0025573,2.5
2010,1,0.0,0.0,0.0,0.0,0.0,19.0,0.0,3.0,1.0,00-0026852,9.200000000000001
2011,15,0.0,0.0,1.0,0.0,0.0,33.0,0.0,146.0,0.0,00-0026852,38.900000000000006
2012,8,0.0,0.0,0.0,0.0,0.0,60.0,0.0,109.0,2.0,00-0026852,36.9
2013,4,0.0,0.0,3.0,0.0,0.0,41.0,0.0,71.0,1.0,00-0026852,39.2
2014,11,0.0,0.0,3.0,0.0,0.0,22.0,0.0,81.0,2.0,00-0026852,51.300000000000004
2015,6,0.0,0.0,0.0,0.0,0.0,10.0,0.0,22.0,0.0,00-0026852,9.2
2008,14,0.0,0.0,0.0,0.0,0.0,0.0,0.0,90.0,0.0,00-0026221,23.0
2009,17,0.0,0.0,0.0,0.0,0.0,0.0,0.0,214.0,1.0,00-0026221,44.400000000000006
2010,26,0.0,0.0,0.0,0.0,0.0,5.0,0.0,291.0,1.0,00-0026221,61.6
2011,54,0.0,0.0,0.0,0.0,0.0,0.0,0.0,689.0,5.0,00-0026221,152.9
2012,28,0.0,0.0,0.0,0.0,0.0,9.0,0.0,207.0,0.0,00-0026221,49.6
2005,29,0.0,0.0,0.0,0.0,2.0,0.0,0.0,350.0,1.0,00-0023452,66.0
2006,8,0.0,0.0,0.0,0.0,0.0,0.0,0.0,99.0,1.0,00-0023452,23.9
2007,7,0.0,0.0,0.0,0.0,1.0,0.0,0.0,90.0,0.0,00-0023452,14.0
2010,65,0.0,0.0,0.0,0.0,0.0,0.0,0.0,751.0,2.0,00-0023452,152.10000000000002
2011,18,0.0,0.0,0.0,0.0,0.0,0.0,0.0,236.0,1.0,00-0023452,47.6
2009,15,0.0,0.0,0.0,0.0,0.0,0.0,0.0,175.0,0.0,00-0027063,32.5
2010,36,0.0,0.0,0.0,0.0,0.0,6.0,0.0,385.0,4.0,00-0027063,99.1
2011,6,0.0,0.0,0.0,0.0,0.0,0.0,0.0,51.0,0.0,00-0027063,11.100000000000001
2010,0,0.0,0.0,0.0,0.0,0.0,-3.0,0.0,0.0,0.0,00-0026855,-0.30000000000000004
2012,0,0.0,0.0,0.0,0.0,0.0,0.0,0.0,0.0,0.0,00-0026855,0.0
2013,2,0.0,0.0,2.0,0.0,0.0,145.0,0.0,10.0,0.0,00-0026855,29.5
2014,13,0.0,0.0,2.0,0.0,1.0,144.0,0.0,222.0,3.0,00-0026855,77.6
2015,0,0.0,0.0,0.0,0.0,0.0,11.0,0.0,0.0,0.0,00-0026855,1.1
2016,6,0.0,0.0,0.0,0.0,1.0,47.0,0.0,77.0,0.0,00-0026855,16.4
2010,18,0.0,0.0,0.0,0.0,0.0,1.0,0.0,213.0,1.0,00-0027518,45.400000000000006
2011,23,0.0,0.0,0.0,0.0,0.0,2.0,0.0,231.0,1.0,00-0027518,52.3
2012,41,0.0,0.0,0.0,0.0,0.0,0.0,0.0,443.0,4.0,00-0027518,109.30000000000001
2010,0,0.0,0.0,0.0,0.0,0.0,2.0,0.0,0.0,0.0,00-0026012,0.2
2010,0,0.0,0.0,0.0,0.0,0.0,11.0,0.0,0.0,0.0,00-0026745,1.1
2011,7,0.0,0.0,1.0,0.0,0.0,101.0,1.0,41.0,0.0,00-0026745,29.200000000000003
2012,12,0.0,0.0,0.0,0.0,0.0,115.0,0.0,77.0,0.0,00-0026745,31.2
2010,0,200.0,0.0,0.0,4.0,0.0,0.0,0.0,0.0,0.0,00-0027775,0.0
2012,0,34.0,0.0,0.0,0.0,0.0,0.0,0.0,0.0,0.0,00-0027775,1.36
2007,6,0.0,0.0,0.0,0.0,0.0,0.0,0.0,108.0,2.0,00-0025542,28.8
2008,18,0.0,0.0,0.0,0.0,0.0,0.0,0.0,209.0,1.0,00-0025542,44.900000000000006
2009,26,0.0,0.0,0.0,0.0,0.0,0.0,0.0,313.0,2.0,00-0025542,69.3
2010,32,0.0,0.0,0.0,0.0,0.0,-2.0,0.0,264.0,0.0,00-0025542,58.2
2011,7,0.0,0.0,0.0,0.0,0.0,0.0,0.0,117.0,0.0,00-0025542,18.700000000000003
2012,10,0.0,0.0,0.0,0.0,1.0,0.0,0.0,95.0,3.0,00-0025542,35.5
2013,1,0.0,0.0,0.0,0.0,0.0,0.0,0.0,13.0,0.0,00-0025542,2.3
2014,16,0.0,0.0,0.0,0.0,1.0,0.0,1.0,116.0,0.0,00-0025542,27.6
2010,0,0.0,0.0,0.0,0.0,0.0,9.0,0.0,0.0,0.0,00-0027776,0.9
2011,3,0.0,0.0,0.0,0.0,0.0,0.0,0.0,31.0,0.0,00-0027776,6.1
2010,0,0.0,0.0,1.0,0.0,0.0,1.0,0.0,0.0,0.0,00-0021679,6.1
2010,0,0.0,0.0,0.0,0.0,0.0,0.0,0.0,0.0,0.0,00-0027355,0.0
2010,2,0.0,0.0,0.0,0.0,0.0,101.0,0.0,15.0,0.0,00-0027791,13.600000000000001
2011,29,0.0,0.0,1.0,0.0,1.0,578.0,0.0,216.0,0.0,00-0027791,112.4
2012,4,0.0,0.0,1.0,0.0,0.0,255.0,0.0,31.0,0.0,00-0027791,38.6
2013,10,0.0,0.0,3.0,0.0,0.0,493.0,0.0,89.0,1.0,00-0027791,92.20000000000002
2014,18,0.0,0.0,2.0,0.0,0.0,333.0,0.0,140.0,0.0,00-0027791,77.30000000000001
2015,43,0.0,0.0,2.0,0.0,3.0,601.0,0.0,392.0,3.0,00-0027791,166.3
2016,19,0.0,0.0,0.0,0.0,0.0,145.0,0.0,134.0,2.0,00-0027791,58.9
2010,0,662.0,2.0,0.0,2.0,1.0,49.0,0.0,0.0,0.0,00-0027754,33.38
2011,0,1913.0,11.0,0.0,14.0,1.0,128.0,0.0,0.0,0.0,00-0027754,103.32
2012,0,1132.0,2.0,0.0,9.0,2.0,5.0,0.0,0.0,0.0,00-0027754,31.78
2010,0,0.0,0.0,0.0,0.0,0.0,0.0,0.0,0.0,0.0,00-0025407,0.0
2011,0,0.0,0.0,0.0,0.0,1.0,0.0,0.0,0.0,0.0,00-0025407,-2.0
2010,16,0.0,0.0,0.0,0.0,0.0,0.0,0.0,167.0,0.0,00-0027793,32.7
2011,69,0.0,0.0,0.0,0.0,0.0,41.0,0.0,1108.0,2.0,00-0027793,195.9
2012,66,0.0,0.0,0.0,1.0,2.0,24.0,0.0,787.0,5.0,00-0027793,171.10000000000002
2013,110,15.0,0.0,0.0,0.0,0.0,4.0,0.0,1443.0,8.0,00-0027793,303.3
2014,129,20.0,1.0,0.0,0.0,2.0,13.0,1.0,1698.0,13.0,00-0027793,380.9
2015,136,0.0,0.0,0.0,0.0,2.0,28.0,2.0,1841.0,10.0,00-0027793,382.90000000000003
2016,106,0.0,0.0,0.0,0.0,0.0,9.0,0.0,1284.0,12.0,00-0027793,307.3
2017,101,0.0,0.0,0.0,0.0,0.0,0.0,1.0,1533.0,9.0,00-0027793,310.3
2018,104,0.0,0.0,0.0,0.0,0.0,0.0,0.0,1297.0,15.0,00-0027793,323.70000000000005
2019,4,0.0,0.0,0.0,0.0,0.0,5.0,0.0,56.0,1.0,00-0027793,16.1
2020,45,0.0,0.0,0.0,0.0,0.0,-2.0,0.0,483.0,4.0,00-0027793,117.1
2021,42,0.0,0.0,0.0,0.0,0.0,6.0,0.0,545.0,4.0,00-0027793,121.1
2001,1,0.0,0.0,0.0,0.0,0.0,0.0,0.0,-2.0,0.0,00-0019770,0.8
2004,1,0.0,0.0,0.0,0.0,0.0,0.0,0.0,-2.0,0.0,00-0019770,0.8
2010,0,0.0,0.0,1.0,0.0,0.0,5.0,0.0,0.0,0.0,00-0019770,6.5
2012,0,0.0,0.0,0.0,0.0,0.0,0.0,0.0,0.0,0.0,00-0019770,0.0
2010,36,0.0,0.0,0.0,0.0,0.0,0.0,0.0,355.0,5.0,00-0027477,101.5
2010,0,0.0,0.0,0.0,0.0,0.0,0.0,0.0,0.0,0.0,00-0025825,0.0
2011,0,0.0,0.0,0.0,0.0,0.0,0.0,0.0,0.0,0.0,00-0025825,0.0
2013,0,0.0,0.0,0.0,0.0,0.0,0.0,0.0,0.0,0.0,00-0025825,0.0
2016,0,0.0,0.0,0.0,0.0,0.0,0.0,0.0,0.0,0.0,00-0025825,0.0
2019,0,11.0,0.0,0.0,0.0,0.0,0.0,0.0,0.0,0.0,00-0025825,0.44
2020,0,0.0,0.0,0.0,0.0,0.0,0.0,0.0,0.0,0.0,00-0025825,0.0
2010,0,35.0,0.0,0.0,0.0,0.0,5.0,0.0,0.0,0.0,00-0024812,1.9000000000000001
2011,0,796.0,2.0,0.0,7.0,1.0,15.0,0.0,0.0,0.0,00-0024812,25.340000000000003
2010,0,477.0,0.0,2.0,3.0,0.0,120.0,0.0,0.0,0.0,00-0027796,37.08
2011,1,376.0,3.0,2.0,2.0,1.0,154.0,0.0,9.0,0.0,00-0027796,50.339999999999996
2012,0,0.0,0.0,0.0,0.0,0.0,-1.0,0.0,0.0,0.0,00-0027796,-0.1
2013,5,0.0,0.0,0.0,0.0,0.0,0.0,0.0,33.0,0.0,00-0027796,8.3
2014,1,0.0,0.0,0.0,0.0,0.0,0.0,0.0,16.0,0.0,00-0027796,2.6
2015,0,0.0,0.0,0.0,0.0,0.0,-1.0,0.0,0.0,0.0,00-0027796,-0.1
2016,1,0.0,0.0,0.0,0.0,0.0,0.0,0.0,3.0,0.0,00-0027796,1.3
2017,0,35.0,0.0,0.0,1.0,0.0,54.0,0.0,0.0,0.0,00-0027796,4.800000000000001
2018,2,0.0,0.0,0.0,0.0,0.0,0.0,0.0,13.0,0.0,00-0027796,3.3
2009,34,0.0,0.0,0.0,0.0,1.0,0.0,0.0,348.0,1.0,00-0026937,72.80000000000001
2010,53,0.0,0.0,0.0,0.0,0.0,28.0,0.0,620.0,2.0,00-0026937,129.8
2011,36,0.0,0.0,0.0,0.0,0.0,16.0,0.0,431.0,1.0,00-0026937,86.7
2012,51,0.0,0.0,0.0,0.0,0.0,0.0,0.0,691.0,5.0,00-0026937,150.10000000000002
2013,30,0.0,0.0,0.0,0.0,0.0,0.0,0.0,326.0,3.0,00-0026937,80.6
2014,29,0.0,0.0,0.0,0.0,0.0,0.0,0.0,295.0,1.0,00-0026937,64.5
2010,0,0.0,0.0,0.0,0.0,1.0,0.0,0.0,0.0,0.0,00-0024517,-2.0
2010,6,0.0,0.0,0.0,0.0,1.0,0.0,0.0,106.0,1.0,00-0027690,20.6
2011,44,0.0,0.0,0.0,0.0,1.0,1.0,0.0,612.0,8.0,00-0027690,151.3
2012,85,0.0,0.0,0.0,0.0,0.0,0.0,0.0,1064.0,13.0,00-0027690,269.4
2013,87,0.0,0.0,0.0,0.0,1.0,0.0,0.0,1288.0,11.0,00-0027690,279.8
2014,74,0.0,0.0,0.0,0.0,0.0,0.0,0.0,962.0,5.0,00-0027690,200.2
2015,80,0.0,0.0,0.0,0.0,1.0,0.0,0.0,1027.0,12.0,00-0027690,252.7
2016,9,0.0,0.0,0.0,0.0,0.0,0.0,0.0,194.0,2.0,00-0027690,40.400000000000006
2017,54,0.0,0.0,0.0,0.0,0.0,0.0,0.0,563.0,1.0,00-0027690,116.30000000000001
2006,45,0.0,0.0,0.0,0.0,0.0,0.0,0.0,632.0,3.0,00-0024267,126.2
2007,53,0.0,0.0,0.0,0.0,0.0,0.0,0.0,920.0,12.0,00-0024267,217.0
2008,80,0.0,0.0,0.0,0.0,0.0,0.0,1.0,1292.0,9.0,00-0024267,265.20000000000005
2009,69,0.0,0.0,0.0,0.0,0.0,0.0,2.0,1120.0,4.0,00-0024267,209.0
2010,76,0.0,0.0,0.0,0.0,0.0,-1.0,0.0,1265.0,12.0,00-0024267,274.4
2011,67,0.0,0.0,0.0,0.0,0.0,0.0,0.0,949.0,9.0,00-0024267,215.9
2012,36,0.0,0.0,0.0,0.0,0.0,0.0,0.0,366.0,4.0,00-0024267,96.6
2013,68,0.0,0.0,0.0,0.0,0.0,0.0,0.0,804.0,4.0,00-0024267,172.4
2014,59,0.0,0.0,0.0,0.0,0.0,0.0,0.0,742.0,6.0,00-0024267,169.2
2015,19,0.0,0.0,0.0,0.0,0.0,0.0,0.0,208.0,1.0,00-0024267,45.8
2010,0,238.0,2.0,0.0,0.0,0.0,74.0,0.0,0.0,0.0,00-0027071,24.92
2011,0,182.0,1.0,0.0,0.0,0.0,28.0,0.0,0.0,0.0,00-0027071,14.080000000000002
2010,6,0.0,0.0,0.0,0.0,0.0,16.0,0.0,128.0,1.0,00-0027356,26.4
2012,6,0.0,0.0,0.0,0.0,0.0,9.0,0.0,116.0,1.0,00-0027356,24.5
2013,7,0.0,0.0,0.0,0.0,0.0,9.0,0.0,62.0,0.0,00-0027356,14.100000000000001
2015,7,0.0,0.0,0.0,0.0,0.0,0.0,0.0,81.0,1.0,00-0027356,21.1
2010,0,0.0,0.0,0.0,0.0,0.0,0.0,0.0,0.0,0.0,00-0024588,0.0
2010,1,0.0,0.0,0.0,0.0,0.0,1.0,0.0,11.0,0.0,00-0026932,2.2
2011,0,0.0,0.0,0.0,0.0,0.0,15.0,0.0,0.0,0.0,00-0026932,1.5
2012,9,0.0,0.0,1.0,0.0,0.0,258.0,0.0,85.0,0.0,00-0026932,49.3
2013,0,0.0,0.0,0.0,0.0,0.0,17.0,0.0,0.0,0.0,00-0026932,1.7000000000000002
2014,3,0.0,0.0,0.0,0.0,0.0,43.0,0.0,27.0,0.0,00-0026932,10.0
2016,0,0.0,0.0,0.0,0.0,0.0,15.0,0.0,0.0,0.0,00-0026932,1.5
2007,37,0.0,0.0,0.0,0.0,1.0,0.0,0.0,437.0,1.0,00-0025462,84.7
2008,5,0.0,0.0,0.0,0.0,0.0,0.0,0.0,52.0,0.0,00-0025462,10.2
2009,13,0.0,0.0,0.0,0.0,0.0,0.0,0.0,167.0,1.0,00-0025462,35.7
2010,34,0.0,0.0,0.0,0.0,0.0,-14.0,0.0,344.0,2.0,00-0025462,79.0
2011,54,0.0,0.0,0.0,0.0,0.0,0.0,0.0,858.0,11.0,00-0025462,205.8
2012,24,0.0,0.0,0.0,0.0,1.0,0.0,0.0,252.0,0.0,00-0025462,47.2
2010,0,150.0,0.0,0.0,1.0,0.0,0.0,0.0,0.0,0.0,00-0025749,4.0
2011,0,86.0,1.0,0.0,1.0,0.0,9.0,0.0,0.0,0.0,00-0025749,6.34
2010,2,0.0,0.0,1.0,0.0,0.0,44.0,0.0,9.0,0.0,00-0027739,13.3
2011,2,0.0,0.0,1.0,0.0,0.0,44.0,0.0,9.0,0.0,00-0027739,13.3
2012,0,0.0,0.0,0.0,0.0,0.0,0.0,0.0,0.0,0.0,00-0027739,0.0
2013,6,0.0,0.0,0.0,0.0,0.0,0.0,0.0,31.0,0.0,00-0027739,9.1
2014,2,0.0,0.0,0.0,0.0,0.0,20.0,0.0,35.0,1.0,00-0027739,13.5
2010,9,0.0,0.0,0.0,0.0,0.0,3.0,0.0,139.0,0.0,00-0027220,23.200000000000003
2011,16,0.0,0.0,0.0,0.0,0.0,0.0,0.0,257.0,1.0,00-0027220,47.7
2010,0,24.0,0.0,0.0,1.0,0.0,0.0,0.0,0.0,0.0,00-0027804,-1.04
2010,38,0.0,0.0,0.0,0.0,0.0,60.0,0.0,468.0,1.0,00-0027681,96.80000000000001
2011,36,0.0,0.0,0.0,0.0,0.0,0.0,0.0,613.0,3.0,00-0027681,115.30000000000001
2012,44,0.0,0.0,0.0,0.0,0.0,35.0,0.0,677.0,4.0,00-0027681,139.2
2013,49,0.0,0.0,0.0,0.0,0.0,15.0,0.0,627.0,5.0,00-0027681,143.2
2014,74,0.0,0.0,0.0,0.0,1.0,13.0,0.0,953.0,7.0,00-0027681,210.60000000000002
2015,37,0.0,0.0,0.0,0.0,0.0,9.0,0.0,515.0,0.0,00-0027681,89.4
2016,64,0.0,0.0,0.0,0.0,0.0,-2.0,0.0,862.0,6.0,00-0027681,186.0
2017,52,0.0,0.0,0.0,0.0,0.0,0.0,0.0,548.0,3.0,00-0027681,124.80000000000001
2018,12,0.0,0.0,0.0,0.0,0.0,0.0,0.0,135.0,2.0,00-0027681,37.5
2008,1,0.0,0.0,0.0,0.0,0.0,0.0,0.0,2.0,0.0,00-0026186,1.2
2009,0,0.0,0.0,0.0,0.0,0.0,0.0,0.0,0.0,0.0,00-0026186,0.0
2010,20,0.0,0.0,0.0,0.0,2.0,2.0,0.0,277.0,3.0,00-0026186,61.900000000000006
2011,50,0.0,0.0,0.0,0.0,0.0,0.0,0.0,725.0,4.0,00-0026186,146.5
2012,26,0.0,0.0,0.0,0.0,1.0,0.0,0.0,274.0,0.0,00-0026186,51.400000000000006
2013,48,0.0,0.0,0.0,0.0,0.0,0.0,0.0,726.0,1.0,00-0026186,126.60000000000001
2015,5,0.0,0.0,0.0,0.0,0.0,0.0,0.0,54.0,1.0,00-0026186,16.4
2010,0,0.0,0.0,0.0,0.0,0.0,28.0,0.0,0.0,0.0,00-0027786,2.8000000000000003
2011,1,0.0,0.0,0.0,0.0,0.0,123.0,0.0,6.0,0.0,00-0027786,13.9
2012,18,0.0,0.0,2.0,0.0,2.0,623.0,0.0,106.0,0.0,00-0027786,98.9
2013,8,0.0,0.0,0.0,0.0,0.0,197.0,0.0,64.0,0.0,00-0027786,34.1
2014,2,0.0,0.0,1.0,0.0,0.0,51.0,0.0,8.0,0.0,00-0027786,13.900000000000002
2003,14,0.0,0.0,0.0,0.0,0.0,0.0,1.0,212.0,2.0,00-0022097,49.2
2004,43,0.0,0.0,0.0,0.0,0.0,0.0,1.0,565.0,6.0,00-0022097,137.5
2005,48,0.0,0.0,0.0,0.0,1.0,0.0,0.0,733.0,5.0,00-0022097,149.3
2006,23,0.0,0.0,0.0,0.0,1.0,0.0,0.0,365.0,0.0,00-0022097,57.5
2007,2,0.0,0.0,0.0,0.0,0.0,0.0,0.0,14.0,0.0,00-0022097,3.4000000000000004
2008,26,0.0,0.0,0.0,0.0,0.0,0.0,1.0,364.0,2.0,00-0022097,76.4
2009,8,0.0,0.0,0.0,0.0,0.0,0.0,0.0,117.0,0.0,00-0022097,19.700000000000003
2010,77,0.0,0.0,0.0,0.0,0.0,-18.0,0.0,1448.0,11.0,00-0022097,286.0
2011,70,0.0,0.0,0.0,0.0,0.0,0.0,0.0,966.0,5.0,00-0022097,196.60000000000002
2012,74,0.0,0.0,0.0,0.0,0.0,0.0,0.0,911.0,4.0,00-0022097,189.10000000000002
2014,14,0.0,0.0,0.0,0.0,0.0,0.0,0.0,294.0,1.0,00-0022097,49.400000000000006
2010,16,0.0,0.0,0.0,0.0,0.0,5.0,0.0,219.0,0.0,00-0027893,38.400000000000006
2011,45,0.0,0.0,0.0,0.0,0.0,0.0,0.0,592.0,5.0,00-0027893,134.2
2012,30,0.0,0.0,0.0,0.0,0.0,0.0,0.0,324.0,0.0,00-0027893,62.4
2013,15,0.0,0.0,0.0,0.0,1.0,0.0,0.0,178.0,0.0,00-0027893,30.8
2014,1,0.0,0.0,0.0,0.0,0.0,0.0,0.0,14.0,0.0,00-0027893,2.4000000000000004
2011,27,0.0,0.0,0.0,0.0,0.0,-4.0,0.0,276.0,3.0,00-0028352,72.2
2012,1,0.0,0.0,0.0,0.0,0.0,0.0,0.0,7.0,0.0,00-0028352,1.7000000000000002
2013,6,0.0,0.0,0.0,0.0,0.0,0.0,0.0,61.0,0.0,00-0028352,12.100000000000001
2014,9,0.0,0.0,0.0,0.0,1.0,-1.0,0.0,105.0,0.0,00-0028352,17.4
2011,21,0.0,0.0,1.0,0.0,1.0,205.0,0.0,188.0,1.0,00-0028083,70.3
2012,53,0.0,0.0,1.0,0.0,0.0,362.0,0.0,402.0,1.0,00-0028083,141.4
2013,52,0.0,0.0,2.0,0.0,1.0,332.0,0.0,340.0,2.0,00-0028083,141.2
2014,29,0.0,0.0,1.0,0.0,0.0,217.0,0.0,173.0,1.0,00-0028083,80.0
2015,1,0.0,0.0,0.0,0.0,0.0,41.0,0.0,10.0,0.0,00-0028083,6.1000000000000005
2016,13,0.0,0.0,2.0,0.0,0.0,560.0,0.0,98.0,0.0,00-0028083,90.8
2017,9,0.0,0.0,1.0,0.0,0.0,244.0,0.0,74.0,0.0,00-0028083,46.800000000000004
2018,38,0.0,0.0,1.0,0.0,1.0,106.0,0.0,304.0,0.0,00-0028083,83.0
2011,1,0.0,0.0,0.0,0.0,0.0,38.0,0.0,-3.0,0.0,00-0028071,4.500000000000001
2012,0,0.0,0.0,0.0,0.0,0.0,34.0,0.0,0.0,0.0,00-0028071,3.4000000000000004
2011,1,4051.0,21.0,14.0,17.0,2.0,706.0,2.0,27.0,0.0,00-0027939,370.34
2012,0,3869.0,19.0,8.0,12.0,3.0,741.0,0.0,0.0,0.0,00-0027939,322.86
2013,0,3379.0,24.0,6.0,13.0,1.0,585.0,0.0,0.0,0.0,00-0027939,297.65999999999997
2014,0,3127.0,18.0,5.0,12.0,5.0,531.0,1.0,0.0,0.0,00-0027939,248.17999999999998
2015,0,3837.0,35.0,10.0,10.0,4.0,636.0,0.0,0.0,0.0,00-0027939,389.08000000000004
2016,0,3509.0,19.0,5.0,14.0,2.0,359.0,2.0,0.0,0.0,00-0027939,254.26000000000002
2017,0,3302.0,22.0,6.0,16.0,1.0,754.0,1.0,0.0,0.0,00-0027939,299.48
2018,0,3395.0,24.0,4.0,13.0,0.0,488.0,2.0,0.0,0.0,00-0027939,282.6
2019,0,572.0,0.0,0.0,1.0,2.0,-2.0,0.0,0.0,0.0,00-0027939,16.68
2020,2,2657.0,8.0,12.0,10.0,1.0,592.0,1.0,35.0,1.0,00-0027939,260.98
2021,0,684.0,4.0,5.0,5.0,1.0,230.0,1.0,0.0,0.0,00-0027939,86.36
2011,0,3398.0,20.0,1.0,13.0,2.0,152.0,0.0,0.0,0.0,00-0027973,207.12
2012,0,3669.0,27.0,4.0,16.0,4.0,120.0,0.0,0.0,0.0,00-0027973,250.76
2013,0,4293.0,33.0,2.0,20.0,3.0,183.0,0.0,0.0,0.0,00-0027973,288.02000000000004
2014,1,3398.0,19.0,4.0,17.0,2.0,169.0,1.0,18.0,1.0,00-0027973,225.62000000000003
2015,0,3250.0,25.0,3.0,7.0,2.0,142.0,0.0,0.0,0.0,00-0027973,244.2
2016,0,4206.0,18.0,4.0,8.0,3.0,184.0,0.0,0.0,0.0,00-0027973,260.64
2017,0,3320.0,25.0,0.0,12.0,4.0,99.0,0.0,0.0,0.0,00-0027973,210.70000000000002
2018,0,2566.0,21.0,0.0,11.0,0.0,99.0,0.0,0.0,0.0,00-0027973,174.54
2019,1,3494.0,16.0,4.0,14.0,4.0,73.0,2.0,-4.0,0.0,00-0027973,203.66
2020,1,2170.0,14.0,0.0,8.0,1.0,114.0,0.0,-3.0,0.0,00-0027973,136.9
2021,0,1190.0,7.0,0.0,7.0,1.0,69.0,1.0,0.0,0.0,00-0027973,68.5
2022,0,2700.0,17.0,0.0,9.0,1.0,52.0,1.0,0.0,0.0,00-0027973,163.2
2023,0,361.0,2.0,0.0,0.0,0.0,12.0,0.0,0.0,0.0,00-0027973,23.639999999999997
2024,0,989.0,7.0,0.0,6.0,0.0,34.0,0.0,0.0,0.0,00-0027973,58.96
2011,14,0.0,0.0,0.0,0.0,0.0,266.0,0.0,122.0,0.0,00-0027666,52.800000000000004
2012,2,0.0,0.0,1.0,0.0,0.0,271.0,0.0,16.0,0.0,00-0027666,36.7
2011,29,41.0,0.0,0.0,0.0,1.0,28.0,0.0,314.0,1.0,00-0028091,68.84
2012,56,42.0,0.0,0.0,0.0,3.0,8.0,0.0,827.0,2.0,00-0028091,147.18
2013,43,0.0,0.0,0.0,0.0,0.0,11.0,0.0,523.0,3.0,00-0028091,114.4
2014,38,0.0,0.0,0.0,0.0,0.0,49.0,0.0,409.0,1.0,00-0028091,89.80000000000001
2015,16,0.0,0.0,0.0,0.0,0.0,0.0,0.0,152.0,2.0,00-0028091,43.2
2016,64,0.0,0.0,0.0,0.0,1.0,0.0,0.0,667.0,3.0,00-0028091,146.7
2017,22,0.0,0.0,0.0,0.0,2.0,0.0,0.0,225.0,1.0,00-0028091,46.5
2018,2,0.0,0.0,0.0,0.0,0.0,0.0,0.0,7.0,0.0,00-0028091,2.7
2011,26,0.0,0.0,2.0,0.0,0.0,897.0,0.0,183.0,0.0,00-0028009,146.0
2012,35,0.0,0.0,4.0,0.0,2.0,663.0,0.0,251.0,0.0,00-0028009,146.4
2013,53,0.0,0.0,9.0,0.0,1.0,1121.0,0.0,350.0,1.0,00-0028009,258.1
2014,57,0.0,0.0,13.0,0.0,5.0,1845.0,0.0,416.0,0.0,00-0028009,351.1
2015,44,0.0,0.0,6.0,0.0,2.0,702.0,0.0,322.0,1.0,00-0028009,184.39999999999998
2016,53,10.0,1.0,9.0,0.0,1.0,1287.0,0.0,377.0,3.0,00-0028009,293.8
2017,39,0.0,0.0,6.0,0.0,1.0,659.0,0.0,266.0,1.0,00-0028009,171.5
2011,13,0.0,0.0,4.0,0.0,3.0,942.0,0.0,98.0,0.0,00-0027890,135.0
2012,11,0.0,0.0,2.0,0.0,1.0,279.0,0.0,49.0,0.0,00-0027890,53.800000000000004
2013,34,0.0,0.0,4.0,0.0,2.0,771.0,0.0,140.0,0.0,00-0027890,145.10000000000002
2014,9,0.0,0.0,4.0,0.0,0.0,371.0,0.0,60.0,0.0,00-0027890,76.1
2011,5,0.0,0.0,2.0,0.0,3.0,377.0,0.0,18.0,0.0,00-0028057,50.5
2012,1,0.0,0.0,3.0,0.0,0.0,122.0,0.0,13.0,0.0,00-0028057,32.5
2011,11,0.0,0.0,6.0,0.0,1.0,492.0,0.0,46.0,0.0,00-0027966,98.8
2012,6,0.0,0.0,5.0,0.0,0.0,602.0,0.0,29.0,0.0,00-0027966,99.10000000000001
2013,7,0.0,0.0,1.0,0.0,0.0,386.0,0.0,68.0,0.0,00-0027966,58.400000000000006
2014,29,0.0,0.0,9.0,0.0,1.0,964.0,0.0,145.0,0.0,00-0027966,191.9
2015,50,0.0,0.0,6.0,0.0,1.0,769.0,1.0,405.0,0.0,00-0027966,203.4
2016,46,0.0,0.0,6.0,0.0,2.0,1043.0,2.0,319.0,4.0,00-0027966,242.20000000000002
2017,58,0.0,0.0,12.0,0.0,3.0,1124.0,0.0,416.0,0.0,00-0027966,278.0
2018,21,0.0,0.0,6.0,0.0,1.0,645.0,0.0,170.0,1.0,00-0027966,142.5
2019,26,0.0,0.0,10.0,0.0,2.0,1018.0,2.0,247.0,5.0,00-0027966,242.5
2020,6,0.0,0.0,2.0,0.0,0.0,299.0,0.0,50.0,0.0,00-0027966,52.900000000000006
2021,27,0.0,0.0,2.0,0.0,1.0,554.0,0.0,162.0,0.0,00-0027966,108.60000000000001
2022,16,0.0,0.0,1.0,0.0,2.0,233.0,1.0,68.0,0.0,00-0027966,50.099999999999994
2011,49,0.0,0.0,2.0,0.0,2.0,640.0,0.0,379.0,1.0,00-0028043,164.9
2012,7,0.0,0.0,0.0,0.0,0.0,2.0,0.0,45.0,0.0,00-0028043,11.7
2013,31,0.0,0.0,4.0,0.0,0.0,274.0,0.0,251.0,0.0,00-0028043,107.5
2014,42,0.0,0.0,1.0,0.0,1.0,216.0,0.0,477.0,2.0,00-0028043,127.3
2015,9,0.0,0.0,0.0,0.0,0.0,39.0,0.0,75.0,1.0,00-0028043,26.4
2011,1,0.0,0.0,1.0,0.0,1.0,102.0,0.0,-3.0,0.0,00-0028087,14.9
2012,2,0.0,0.0,1.0,0.0,0.0,69.0,0.0,24.0,0.0,00-0028087,17.3
2015,36,0.0,0.0,2.0,0.0,1.0,234.0,0.0,388.0,2.0,00-0028087,120.20000000000002
2016,17,0.0,0.0,0.0,0.0,0.0,283.0,0.0,94.0,0.0,00-0028087,54.699999999999996
2017,32,0.0,0.0,6.0,0.0,0.0,896.0,0.0,214.0,3.0,00-0028087,197.00000000000003
2018,59,0.0,0.0,1.0,0.0,1.0,517.0,0.0,400.0,1.0,00-0028087,160.7
2019,25,0.0,0.0,0.0,0.0,1.0,209.0,0.0,164.0,1.0,00-0028087,66.30000000000001
2020,19,0.0,0.0,2.0,0.0,2.0,115.0,0.0,127.0,1.0,00-0028087,57.2
2011,3,0.0,0.0,0.0,0.0,0.0,14.0,0.0,41.0,0.0,00-0026712,8.5
2012,0,0.0,0.0,0.0,0.0,1.0,0.0,0.0,0.0,0.0,00-0026712,-2.0
2011,16,0.0,0.0,2.0,0.0,0.0,473.0,0.0,195.0,0.0,00-0028053,94.80000000000001
2012,9,0.0,0.0,2.0,0.0,1.0,371.0,0.0,60.0,0.0,00-0028053,62.1
2013,2,0.0,0.0,3.0,0.0,1.0,358.0,0.0,13.0,0.0,00-0028053,55.1
2015,0,0.0,0.0,0.0,0.0,0.0,2.0,0.0,0.0,0.0,00-0028053,0.2
2011,4,0.0,0.0,1.0,0.0,1.0,44.0,0.0,32.0,0.0,00-0028068,15.600000000000001
2012,1,0.0,0.0,3.0,0.0,0.0,30.0,0.0,8.0,0.0,00-0028068,22.8
2011,1,0.0,0.0,0.0,0.0,1.0,0.0,0.0,-1.0,0.0,00-0027943,-1.1
2012,3,0.0,0.0,0.0,0.0,3.0,13.0,0.0,11.0,0.0,00-0027943,-0.6000000000000001
2013,6,17.0,0.0,0.0,0.0,0.0,21.0,0.0,54.0,0.0,00-0027943,14.180000000000001
2015,0,0.0,0.0,0.0,0.0,0.0,0.0,0.0,0.0,0.0,00-0027943,0.0
2016,0,0.0,0.0,0.0,0.0,0.0,0.0,0.0,0.0,0.0,00-0027943,0.0
2011,5,0.0,0.0,0.0,0.0,0.0,8.0,0.0,31.0,0.0,00-0028062,8.9
2012,0,0.0,0.0,0.0,0.0,0.0,0.0,0.0,0.0,0.0,00-0028062,0.0
2011,25,0.0,0.0,0.0,0.0,3.0,5.0,0.0,375.0,1.0,00-0028002,63.0
2012,80,0.0,0.0,0.0,0.0,1.0,132.0,0.0,954.0,8.0,00-0028002,234.6
2013,31,0.0,0.0,0.0,0.0,0.0,78.0,0.0,433.0,4.0,00-0028002,106.1
2014,91,0.0,0.0,0.0,0.0,2.0,37.0,1.0,1287.0,12.0,00-0028002,293.4
2015,79,0.0,0.0,0.0,0.0,0.0,50.0,0.0,829.0,6.0,00-0028002,202.9
2016,60,0.0,0.0,0.0,0.0,0.0,33.0,0.0,610.0,4.0,00-0028002,148.3
2017,66,10.0,0.0,0.0,0.0,0.0,17.0,1.0,653.0,4.0,00-0028002,159.39999999999998
2018,38,0.0,0.0,0.0,0.0,1.0,0.0,0.0,383.0,2.0,00-0028002,86.30000000000001
2019,55,0.0,0.0,0.0,0.0,1.0,11.0,0.0,828.0,3.0,00-0028002,154.9
2020,38,0.0,0.0,0.0,0.0,0.0,0.0,0.0,441.0,3.0,00-0028002,100.1
2021,28,0.0,0.0,0.0,0.0,1.0,1.0,0.0,375.0,5.0,00-0028002,93.6
2022,32,0.0,0.0,0.0,0.0,0.0,0.0,0.0,406.0,1.0,00-0028002,78.6
2023,4,0.0,0.0,0.0,0.0,0.0,0.0,1.0,35.0,1.0,00-0028002,15.5
2011,12,0.0,0.0,0.0,0.0,1.0,581.0,0.0,72.0,1.0,00-0028000,81.3
2012,15,0.0,0.0,4.0,0.0,2.0,325.0,0.0,156.0,0.0,00-0028000,83.1
2013,15,0.0,0.0,4.0,0.0,0.0,406.0,0.0,63.0,2.0,00-0028000,97.89999999999999
2014,13,0.0,0.0,2.0,0.0,1.0,168.0,1.0,121.0,0.0,00-0028000,53.9
2011,0,2214.0,12.0,0.0,11.0,4.0,98.0,0.0,0.0,0.0,00-0027948,116.36
2012,0,1662.0,9.0,0.0,6.0,3.0,56.0,2.0,0.0,0.0,00-0027948,94.08
2013,0,481.0,1.0,0.0,7.0,0.0,32.0,0.0,0.0,0.0,00-0027948,12.440000000000001
2014,0,38.0,1.0,0.0,0.0,0.0,5.0,0.0,0.0,0.0,00-0027948,6.02
2015,0,2031.0,10.0,1.0,7.0,1.0,185.0,0.0,0.0,0.0,00-0027948,129.74
2016,1,925.0,5.0,2.0,6.0,0.0,173.0,0.0,-16.0,0.0,00-0027948,73.7
2017,0,1086.0,6.0,0.0,6.0,2.0,82.0,1.0,0.0,0.0,00-0027948,61.64
2018,0,626.0,4.0,0.0,4.0,0.0,0.0,0.0,0.0,0.0,00-0027948,33.04
2020,0,143.0,2.0,0.0,0.0,0.0,16.0,0.0,0.0,0.0,00-0027948,15.319999999999999
2021,0,67.0,0.0,0.0,0.0,0.0,-6.0,0.0,0.0,0.0,00-0027948,2.08
2023,0,31.0,0.0,0.0,2.0,0.0,-1.0,0.0,0.0,0.0,00-0027948,-2.86
2009,0,0.0,0.0,0.0,0.0,0.0,0.0,0.0,0.0,0.0,00-0026607,0.0
2010,1,0.0,0.0,0.0,0.0,0.0,0.0,0.0,15.0,0.0,00-0026607,2.5
2011,2,0.0,0.0,0.0,0.0,0.0,14.0,0.0,6.0,0.0,00-0026607,4.0
2011,2,0.0,0.0,0.0,0.0,0.0,73.0,0.0,25.0,0.0,00-0028063,11.8
2012,2,0.0,0.0,0.0,0.0,0.0,21.0,0.0,11.0,0.0,00-0028063,5.199999999999999
2013,2,0.0,0.0,0.0,0.0,1.0,23.0,0.0,55.0,0.0,00-0028063,7.800000000000001
2015,7,0.0,0.0,0.0,0.0,1.0,74.0,0.0,106.0,1.0,00-0028063,29.0
2016,4,0.0,0.0,0.0,0.0,0.0,-8.0,0.0,43.0,0.0,00-0028063,7.5
2017,1,0.0,0.0,0.0,0.0,0.0,0.0,0.0,11.0,0.0,00-0028063,2.1
2018,0,0.0,0.0,0.0,0.0,0.0,0.0,0.0,0.0,0.0,00-0028063,0.0
2019,1,0.0,0.0,0.0,0.0,0.0,40.0,0.0,9.0,0.0,00-0028063,5.9
2020,0,0.0,0.0,0.0,0.0,0.0,0.0,0.0,0.0,0.0,00-0028063,0.0
2011,33,0.0,0.0,1.0,0.0,0.0,61.0,0.0,618.0,5.0,00-0028086,136.9
2012,51,0.0,0.0,0.0,0.0,0.0,-5.0,0.0,741.0,7.0,00-0028086,166.60000000000002
2013,46,0.0,0.0,0.0,0.0,0.0,0.0,0.0,695.0,5.0,00-0028086,145.5
2014,12,0.0,0.0,0.0,0.0,1.0,1.0,0.0,115.0,0.0,00-0028086,21.6
2015,0,0.0,0.0,0.0,0.0,1.0,0.0,0.0,0.0,0.0,00-0028086,-2.0
2011,0,107.0,0.0,0.0,2.0,0.0,0.0,0.0,0.0,0.0,00-0027722,0.28000000000000025
2011,3,0.0,0.0,1.0,0.0,0.0,441.0,0.0,13.0,0.0,00-0028011,54.4
2012,6,0.0,0.0,12.0,0.0,2.0,1263.0,0.0,51.0,0.0,00-0028011,205.4
2013,10,0.0,0.0,7.0,0.0,4.0,773.0,0.0,62.0,0.0,00-0028011,127.50000000000001
2014,4,0.0,0.0,2.0,0.0,0.0,340.0,0.0,20.0,0.0,00-0028011,52.0
2015,4,0.0,0.0,0.0,0.0,0.0,90.0,0.0,-2.0,0.0,00-0028011,12.8
2016,0,0.0,0.0,0.0,0.0,0.0,7.0,0.0,0.0,0.0,00-0028011,0.7000000000000001
2017,0,0.0,0.0,1.0,0.0,0.0,108.0,0.0,0.0,0.0,00-0028011,16.8
2018,3,0.0,0.0,1.0,0.0,2.0,80.0,0.0,18.0,0.0,00-0028011,14.8
2011,27,0.0,0.0,0.0,0.0,1.0,8.0,0.0,264.0,0.0,00-0028050,52.2
2013,8,0.0,0.0,0.0,0.0,0.0,0.0,0.0,143.0,0.0,00-0028050,22.3
2014,8,0.0,0.0,1.0,0.0,0.0,20.0,0.0,167.0,0.0,00-0028050,32.7
2015,3,0.0,0.0,0.0,0.0,0.0,0.0,0.0,41.0,0.0,00-0028050,7.1000000000000005
2016,4,0.0,0.0,0.0,0.0,0.0,0.0,0.0,89.0,1.0,00-0028050,18.9
2011,0,0.0,0.0,0.0,0.0,0.0,0.0,0.0,0.0,0.0,00-0027437,0.0
2011,1,0.0,0.0,0.0,0.0,0.0,2.0,0.0,17.0,0.0,00-0026947,2.9000000000000004
2011,51,0.0,0.0,0.0,0.0,0.0,-2.0,0.0,788.0,4.0,00-0028434,153.60000000000002
2012,29,0.0,0.0,0.0,0.0,0.0,0.0,0.0,366.0,3.0,00-0028434,83.6
2013,50,0.0,0.0,0.0,0.0,0.0,6.0,0.0,778.0,5.0,00-0028434,158.4
2014,66,0.0,0.0,0.0,0.0,0.0,8.0,0.0,825.0,3.0,00-0028434,167.3
2015,78,0.0,0.0,0.0,0.0,0.0,0.0,0.0,1069.0,14.0,00-0028434,268.9
2016,94,15.0,1.0,0.0,0.0,0.0,2.0,0.0,1128.0,7.0,00-0028434,253.60000000000002
2017,75,0.0,0.0,0.0,0.0,0.0,-8.0,1.0,991.0,8.0,00-0028434,223.3
2018,50,0.0,0.0,0.0,0.0,0.0,0.0,0.0,618.0,5.0,00-0028434,141.8
2011,3,0.0,0.0,1.0,0.0,0.0,102.0,0.0,21.0,0.0,00-0027346,21.300000000000004
2012,2,0.0,0.0,0.0,0.0,0.0,0.0,0.0,21.0,0.0,00-0027346,4.1
2013,10,0.0,0.0,1.0,0.0,1.0,54.0,0.0,68.0,0.0,00-0027346,26.2
2014,3,0.0,0.0,0.0,0.0,0.0,19.0,0.0,11.0,0.0,00-0027346,6.0
2011,54,0.0,0.0,0.0,0.0,1.0,56.0,0.0,959.0,8.0,00-0027944,201.5
2012,79,0.0,0.0,0.0,0.0,0.0,30.0,0.0,1198.0,10.0,00-0027944,261.8
2013,41,0.0,0.0,0.0,0.0,1.0,7.0,0.0,580.0,2.0,00-0027944,109.7
2014,104,0.0,0.0,0.0,0.0,1.0,1.0,0.0,1593.0,6.0,00-0027944,297.4
2015,136,0.0,0.0,0.0,0.0,1.0,0.0,0.0,1871.0,8.0,00-0027944,369.1
2016,83,0.0,0.0,0.0,0.0,0.0,0.0,0.0,1409.0,6.0,00-0027944,259.9
2017,88,0.0,0.0,0.0,0.0,0.0,15.0,0.0,1444.0,3.0,00-0027944,251.9
2018,113,0.0,0.0,0.0,0.0,2.0,12.0,0.0,1677.0,8.0,00-0027944,325.9
2019,99,0.0,0.0,0.0,0.0,0.0,-3.0,0.0,1394.0,6.0,00-0027944,274.1
2020,51,0.0,0.0,0.0,0.0,0.0,0.0,0.0,771.0,3.0,00-0027944,146.10000000000002
2021,26,0.0,0.0,0.0,0.0,0.0,0.0,0.0,376.0,0.0,00-0027944,63.6
2022,24,0.0,0.0,0.0,0.0,0.0,45.0,0.0,299.0,2.0,00-0027944,70.4
2023,9,0.0,0.0,0.0,0.0,0.0,0.0,0.0,61.0,3.0,00-0027944,33.1
2011,28,0.0,0.0,0.0,0.0,1.0,-8.0,0.0,352.0,0.0,00-0027985,60.400000000000006
2012,42,0.0,0.0,0.0,0.0,0.0,0.0,1.0,519.0,4.0,00-0027985,119.9
2013,32,0.0,0.0,0.0,0.0,0.0,0.0,0.0,258.0,4.0,00-0027985,81.8
2014,27,0.0,0.0,0.0,0.0,0.0,0.0,0.0,259.0,5.0,00-0027985,82.9
2015,25,0.0,0.0,0.0,0.0,0.0,0.0,0.0,245.0,2.0,00-0027985,61.5
2016,50,0.0,0.0,0.0,0.0,1.0,0.0,0.0,499.0,2.0,00-0027985,109.9
2017,18,0.0,0.0,0.0,0.0,0.0,0.0,0.0,203.0,1.0,00-0027985,44.3
2018,19,0.0,0.0,0.0,0.0,0.0,0.0,0.0,170.0,1.0,00-0027985,42.0
2019,3,0.0,0.0,0.0,0.0,0.0,0.0,0.0,50.0,0.0,00-0027985,8.0
2011,50,0.0,0.0,0.0,0.0,0.0,39.0,0.0,841.0,7.0,00-0027996,180.0
2012,49,0.0,0.0,0.0,0.0,0.0,9.0,0.0,855.0,8.0,00-0027996,183.4
2013,65,0.0,0.0,0.0,0.0,0.0,0.0,1.0,1128.0,4.0,00-0027996,203.8
2014,49,0.0,0.0,0.0,0.0,0.0,0.0,0.0,767.0,11.0,00-0027996,191.7
2015,33,0.0,0.0,0.0,0.0,0.0,0.0,1.0,663.0,4.0,00-0027996,125.3
2016,20,0.0,0.0,0.0,0.0,0.0,0.0,0.0,267.0,3.0,00-0027996,64.7
2017,36,0.0,0.0,0.0,0.0,0.0,-3.0,0.0,430.0,2.0,00-0027996,90.7
2018,17,0.0,0.0,0.0,0.0,0.0,0.0,1.0,190.0,2.0,00-0027996,50.0
2011,4,0.0,0.0,0.0,0.0,0.0,0.0,0.0,46.0,0.0,00-0028288,8.600000000000001
2011,0,0.0,0.0,0.0,0.0,0.0,8.0,0.0,0.0,0.0,00-0028163,0.8
2012,2,0.0,0.0,1.0,0.0,0.0,61.0,0.0,12.0,0.0,00-0028163,15.3
2009,6,0.0,0.0,0.0,0.0,0.0,0.0,0.0,64.0,0.0,00-0027109,12.4
2010,8,0.0,0.0,0.0,0.0,0.0,0.0,0.0,98.0,0.0,00-0027109,17.8
2011,18,0.0,0.0,0.0,0.0,0.0,11.0,0.0,260.0,1.0,00-0027109,51.1
2012,34,0.0,0.0,0.0,0.0,0.0,6.0,0.0,330.0,3.0,00-0027109,85.6
2013,3,0.0,0.0,0.0,0.0,0.0,0.0,0.0,31.0,0.0,00-0027109,6.1
2014,3,0.0,0.0,0.0,0.0,0.0,0.0,0.0,59.0,2.0,00-0027109,20.9
2011,0,0.0,0.0,0.0,0.0,0.0,2.0,0.0,0.0,0.0,00-0028706,0.2
2012,0,0.0,0.0,0.0,0.0,0.0,0.0,0.0,0.0,0.0,00-0028706,0.0
2013,0,0.0,0.0,0.0,0.0,0.0,5.0,0.0,0.0,0.0,00-0028706,0.5
2011,11,0.0,0.0,0.0,0.0,0.0,8.0,0.0,83.0,1.0,00-0028149,26.1
2012,12,0.0,0.0,0.0,0.0,0.0,18.0,0.0,84.0,0.0,00-0028149,22.200000000000003
2013,25,0.0,0.0,0.0,0.0,0.0,13.0,0.0,243.0,0.0,00-0028149,50.6
2014,18,0.0,0.0,0.0,0.0,1.0,9.0,0.0,189.0,2.0,00-0028149,47.8
2015,10,0.0,0.0,1.0,0.0,0.0,14.0,0.0,135.0,0.0,00-0028149,30.9
2020,1,0.0,0.0,0.0,0.0,0.0,0.0,0.0,2.0,0.0,00-0028149,1.2
2011,0,0.0,0.0,0.0,0.0,0.0,-18.0,0.0,0.0,0.0,00-0022824,-1.8
2014,0,0.0,0.0,0.0,0.0,0.0,0.0,0.0,0.0,0.0,00-0022824,0.0
2019,0,26.0,0.0,0.0,0.0,0.0,0.0,0.0,0.0,0.0,00-0022824,1.04
2020,0,26.0,0.0,0.0,0.0,0.0,0.0,0.0,0.0,0.0,00-0022824,1.04
2021,0,0.0,0.0,0.0,0.0,0.0,0.0,0.0,0.0,0.0,00-0022824,0.0
2022,0,4.0,0.0,0.0,0.0,0.0,0.0,0.0,0.0,0.0,00-0022824,0.16
2004,37,0.0,0.0,0.0,0.0,0.0,0.0,0.0,314.0,6.0,00-0022738,104.4
2005,71,0.0,0.0,0.0,0.0,1.0,0.0,0.0,774.0,7.0,00-0022738,188.4
2006,57,0.0,0.0,0.0,0.0,0.0,0.0,1.0,734.0,6.0,00-0022738,168.4
2007,66,0.0,0.0,0.0,0.0,0.0,0.0,1.0,786.0,8.0,00-0022738,194.60000000000002
2008,83,0.0,0.0,0.0,0.0,2.0,0.0,0.0,849.0,1.0,00-0022738,169.9
2009,29,0.0,0.0,0.0,0.0,0.0,0.0,0.0,332.0,2.0,00-0022738,74.2
2010,77,0.0,0.0,0.0,0.0,1.0,0.0,1.0,849.0,3.0,00-0022738,179.9
2011,8,0.0,0.0,0.0,0.0,0.0,3.0,0.0,65.0,0.0,00-0022738,14.8
2012,1,0.0,0.0,0.0,0.0,0.0,0.0,0.0,8.0,0.0,00-0022738,1.8
2011,65,0.0,0.0,0.0,0.0,0.0,53.0,0.0,1057.0,7.0,00-0027942,218.0
2012,97,0.0,0.0,0.0,0.0,1.0,38.0,0.0,1350.0,11.0,00-0027942,299.8
2013,98,0.0,0.0,0.0,0.0,0.0,0.0,0.0,1426.0,11.0,00-0027942,306.6
2014,69,0.0,0.0,0.0,0.0,2.0,2.0,0.0,1041.0,6.0,00-0027942,205.3
2015,86,0.0,0.0,0.0,0.0,1.0,0.0,0.0,1297.0,10.0,00-0027942,273.70000000000005
2016,66,0.0,0.0,0.0,0.0,0.0,0.0,0.0,964.0,4.0,00-0027942,186.4
2017,75,0.0,0.0,0.0,0.0,2.0,0.0,0.0,1078.0,8.0,00-0027942,226.8
2018,46,0.0,0.0,0.0,0.0,1.0,0.0,0.0,694.0,6.0,00-0027942,149.4
2020,47,0.0,0.0,0.0,0.0,0.0,0.0,0.0,523.0,2.0,00-0027942,111.30000000000001
2021,50,0.0,0.0,0.0,0.0,0.0,0.0,0.0,825.0,3.0,00-0027942,150.5
2022,21,0.0,0.0,0.0,0.0,0.0,0.0,1.0,145.0,1.0,00-0027942,43.5
2011,1,0.0,0.0,0.0,0.0,0.0,11.0,0.0,6.0,0.0,00-0028034,2.7
2012,18,0.0,0.0,0.0,0.0,0.0,464.0,0.0,125.0,0.0,00-0028034,76.9
2013,2,0.0,0.0,0.0,0.0,0.0,35.0,0.0,8.0,0.0,00-0028034,6.3
2010,65,0.0,0.0,0.0,0.0,2.0,0.0,0.0,964.0,11.0,00-0027702,223.4
2011,65,0.0,0.0,0.0,0.0,2.0,3.0,0.0,771.0,3.0,00-0027702,156.4
2012,63,28.0,0.0,0.0,0.0,0.0,0.0,0.0,996.0,9.0,00-0027702,217.72000000000003
2013,22,0.0,0.0,0.0,0.0,0.0,0.0,0.0,216.0,2.0,00-0027702,55.6
2014,8,0.0,0.0,0.0,0.0,0.0,0.0,0.0,142.0,1.0,00-0027702,28.200000000000003
2011,11,0.0,0.0,2.0,0.0,0.0,4.0,0.0,50.0,2.0,00-0026072,40.4
2012,14,0.0,0.0,0.0,0.0,1.0,0.0,0.0,70.0,2.0,00-0026072,31.0
2013,14,0.0,0.0,1.0,0.0,0.0,45.0,0.0,54.0,0.0,00-0026072,29.9
2014,5,0.0,0.0,0.0,0.0,0.0,19.0,0.0,39.0,1.0,00-0026072,16.8
2011,0,542.0,4.0,1.0,0.0,0.0,56.0,0.0,0.0,0.0,00-0027946,49.28
2012,0,2176.0,10.0,1.0,11.0,4.0,291.0,0.0,0.0,0.0,00-0027946,132.14000000000001
2013,0,1256.0,8.0,2.0,4.0,1.0,155.0,0.0,0.0,0.0,00-0027946,99.74000000000001
2014,0,993.0,5.0,1.0,7.0,1.0,142.0,0.0,0.0,0.0,00-0027946,63.92
2011,27,0.0,0.0,0.0,0.0,0.0,-6.0,0.0,256.0,0.0,00-0028016,52.0
2012,30,0.0,0.0,0.0,0.0,0.0,0.0,0.0,261.0,4.0,00-0028016,80.1
2013,38,0.0,0.0,0.0,0.0,0.0,0.0,0.0,399.0,4.0,00-0028016,101.9
2014,12,0.0,0.0,0.0,0.0,0.0,0.0,0.0,118.0,1.0,00-0028016,29.8
2011,0,0.0,0.0,0.0,0.0,0.0,0.0,0.0,0.0,0.0,00-0025527,0.0
2011,82,0.0,0.0,0.0,0.0,1.0,3.0,0.0,1536.0,9.0,00-0027265,287.90000000000003
2012,86,0.0,0.0,0.0,0.0,0.0,0.0,0.0,1092.0,10.0,00-0027265,255.2
2013,73,0.0,0.0,0.0,0.0,1.0,0.0,0.0,998.0,4.0,00-0027265,194.8
2014,23,0.0,0.0,0.0,0.0,0.0,0.0,0.0,337.0,1.0,00-0027265,62.7
2016,39,0.0,0.0,0.0,0.0,1.0,0.0,0.0,586.0,1.0,00-0027265,101.6
2011,0,0.0,0.0,0.0,0.0,0.0,13.0,0.0,0.0,0.0,00-0028125,1.3
2011,0,35.0,0.0,0.0,0.0,0.0,-2.0,0.0,0.0,0.0,00-0027974,1.2000000000000002
2012,0,1814.0,10.0,5.0,3.0,2.0,415.0,0.0,0.0,0.0,00-0027974,174.06
2013,0,3197.0,21.0,4.0,8.0,4.0,524.0,0.0,0.0,0.0,00-0027974,264.28
2014,0,3369.0,19.0,1.0,10.0,5.0,639.0,0.0,0.0,0.0,00-0027974,250.66
2015,0,1615.0,6.0,1.0,5.0,1.0,256.0,1.0,0.0,0.0,00-0027974,110.19999999999999
2016,0,2241.0,16.0,2.0,4.0,3.0,468.0,1.0,0.0,0.0,00-0027974,200.44
2011,3,0.0,0.0,0.0,0.0,0.0,12.0,0.0,18.0,0.0,00-0027412,6.0
2011,2,0.0,0.0,0.0,0.0,0.0,-2.0,0.0,14.0,0.0,00-0028179,3.2
2012,7,0.0,0.0,0.0,0.0,0.0,0.0,0.0,92.0,0.0,00-0028179,16.200000000000003
2014,2,0.0,0.0,0.0,0.0,0.0,0.0,0.0,14.0,0.0,00-0028179,3.4000000000000004
2011,0,0.0,0.0,0.0,0.0,1.0,0.0,0.0,0.0,0.0,00-0023904,-2.0
2011,0,1853.0,13.0,0.0,13.0,2.0,219.0,0.0,0.0,0.0,00-0027950,118.02000000000001
2012,1,2935.0,18.0,2.0,12.0,5.0,253.0,1.0,-15.0,0.0,00-0027950,194.20000000000002
2013,0,1648.0,7.0,4.0,9.0,4.0,151.0,0.0,0.0,0.0,00-0027950,107.02000000000001
2014,0,222.0,0.0,1.0,2.0,0.0,16.0,0.0,0.0,0.0,00-0027950,12.48
2005,39,0.0,0.0,0.0,0.0,0.0,0.0,0.0,459.0,6.0,00-0023465,120.9
2006,34,0.0,0.0,0.0,0.0,0.0,0.0,0.0,393.0,5.0,00-0023465,103.30000000000001
2007,47,0.0,0.0,0.0,0.0,0.0,0.0,0.0,566.0,7.0,00-0023465,145.6
2008,48,0.0,0.0,0.0,0.0,1.0,0.0,0.0,514.0,3.0,00-0023465,115.4
2009,76,0.0,0.0,0.0,0.0,0.0,0.0,0.0,789.0,6.0,00-0023465,190.9
2010,42,0.0,0.0,0.0,0.0,1.0,0.0,0.0,512.0,2.0,00-0023465,103.2
2011,51,0.0,0.0,0.0,0.0,1.0,6.0,0.0,631.0,2.0,00-0023465,124.7
2012,71,0.0,0.0,0.0,0.0,0.0,0.0,1.0,816.0,8.0,00-0023465,202.60000000000002
2013,58,0.0,0.0,0.0,0.0,1.0,0.0,0.0,593.0,1.0,00-0023465,121.30000000000001
2014,66,0.0,0.0,0.0,0.0,1.0,0.0,1.0,761.0,3.0,00-0023465,160.10000000000002
2015,60,0.0,0.0,0.0,0.0,0.0,2.0,1.0,535.0,2.0,00-0023465,127.7
2011,2,0.0,0.0,1.0,0.0,0.0,76.0,0.0,19.0,0.0,00-0028613,17.5
2012,4,0.0,0.0,0.0,0.0,0.0,61.0,0.0,41.0,0.0,00-0028613,14.200000000000003
2013,3,0.0,0.0,1.0,0.0,0.0,12.0,0.0,33.0,0.0,00-0028613,13.5
2011,23,0.0,0.0,0.0,0.0,0.0,25.0,0.0,263.0,0.0,00-0027918,51.8
2012,51,0.0,0.0,0.0,0.0,0.0,30.0,0.0,533.0,4.0,00-0027918,131.3
2013,12,0.0,0.0,0.0,0.0,0.0,3.0,0.0,199.0,0.0,00-0027918,32.2
2014,63,0.0,0.0,0.0,0.0,0.0,15.0,0.0,824.0,2.0,00-0027918,158.9
2015,27,0.0,0.0,0.0,0.0,1.0,0.0,1.0,276.0,0.0,00-0027918,54.6
2016,33,0.0,0.0,0.0,0.0,0.0,0.0,0.0,324.0,3.0,00-0027918,83.4
2011,61,0.0,0.0,0.0,0.0,0.0,15.0,0.0,709.0,2.0,00-0027997,145.4
2012,53,0.0,0.0,0.0,0.0,0.0,15.0,0.0,641.0,4.0,00-0027997,142.60000000000002
2013,41,0.0,0.0,0.0,0.0,0.0,0.0,0.0,465.0,2.0,00-0027997,99.5
2014,6,0.0,0.0,0.0,0.0,0.0,0.0,0.0,69.0,0.0,00-0027997,12.9
2011,0,0.0,0.0,0.0,0.0,0.0,0.0,0.0,0.0,0.0,00-0021194,0.0
2011,0,0.0,0.0,0.0,0.0,0.0,0.0,0.0,0.0,0.0,00-0028650,0.0
2011,0,0.0,0.0,0.0,0.0,0.0,0.0,0.0,0.0,0.0,00-0028070,0.0
2012,2,0.0,0.0,0.0,0.0,0.0,5.0,0.0,42.0,1.0,00-0028070,12.7
2011,0,0.0,0.0,0.0,0.0,0.0,0.0,0.0,0.0,0.0,00-0028427,0.0
2011,0,0.0,0.0,0.0,0.0,0.0,0.0,0.0,0.0,0.0,00-0028189,0.0
2011,2,0.0,0.0,0.0,0.0,1.0,16.0,0.0,13.0,0.0,00-0028159,2.9000000000000004
2012,0,0.0,0.0,0.0,0.0,0.0,9.0,0.0,0.0,0.0,00-0028159,0.9
2013,11,0.0,0.0,0.0,0.0,0.0,73.0,0.0,102.0,1.0,00-0028159,34.5
2007,8,0.0,0.0,0.0,0.0,0.0,0.0,0.0,63.0,0.0,00-0025438,14.3
2008,57,0.0,0.0,0.0,0.0,0.0,0.0,0.0,574.0,1.0,00-0025438,120.4
2009,107,0.0,0.0,0.0,0.0,0.0,0.0,0.0,1220.0,7.0,00-0025438,271.0
2010,48,0.0,0.0,0.0,0.0,0.0,0.0,0.0,529.0,3.0,00-0025438,118.9
2011,11,0.0,0.0,0.0,0.0,0.0,0.0,0.0,124.0,1.0,00-0025438,29.4
2012,14,0.0,0.0,0.0,0.0,0.0,0.0,0.0,131.0,0.0,00-0025438,27.1
2010,44,0.0,0.0,0.0,0.0,1.0,0.0,0.0,871.0,3.0,00-0026465,147.10000000000002
2011,7,0.0,0.0,0.0,0.0,0.0,19.0,0.0,103.0,2.0,00-0026465,31.2
2012,3,0.0,0.0,0.0,0.0,0.0,0.0,0.0,12.0,0.0,00-0026465,4.2
2010,0,0.0,0.0,0.0,0.0,0.0,0.0,0.0,0.0,0.0,00-0027308,0.0
2011,0,0.0,0.0,0.0,0.0,0.0,5.0,0.0,0.0,0.0,00-0027308,0.5
2011,0,0.0,0.0,1.0,0.0,0.0,57.0,0.0,0.0,0.0,00-0027994,11.7
2012,8,0.0,0.0,3.0,0.0,1.0,251.0,0.0,149.0,1.0,00-0027994,70.0
2013,47,0.0,0.0,1.0,0.0,0.0,208.0,0.0,427.0,3.0,00-0027994,134.5
2014,52,0.0,0.0,2.0,0.0,0.0,391.0,0.0,447.0,3.0,00-0027994,165.8
2015,59,0.0,0.0,0.0,0.0,0.0,260.0,0.0,494.0,4.0,00-0027994,158.4
2016,11,0.0,0.0,1.0,0.0,2.0,158.0,0.0,94.0,0.0,00-0027994,38.2
2017,44,0.0,0.0,0.0,1.0,0.0,164.0,0.0,253.0,0.0,00-0027994,83.7
2011,7,0.0,0.0,0.0,0.0,0.0,77.0,0.0,62.0,0.0,00-0026799,20.9
2011,1,0.0,0.0,0.0,0.0,0.0,21.0,0.0,7.0,0.0,00-0028064,3.8000000000000003
2012,17,0.0,0.0,4.0,0.0,0.0,437.0,0.0,140.0,0.0,00-0028064,98.7
2013,36,30.0,0.0,1.0,0.0,0.0,697.0,0.0,272.0,0.0,00-0028064,140.10000000000002
2014,11,0.0,0.0,1.0,0.0,0.0,141.0,0.0,92.0,0.0,00-0028064,40.300000000000004
2015,47,0.0,0.0,1.0,0.0,0.0,313.0,0.0,388.0,2.0,00-0028064,135.1
2016,58,0.0,0.0,3.0,0.0,1.0,714.0,0.0,384.0,1.0,00-0028064,189.8
2017,23,0.0,0.0,5.0,0.0,1.0,772.0,0.0,170.0,0.0,00-0028064,145.2
2018,11,0.0,0.0,0.0,0.0,1.0,343.0,0.0,110.0,1.0,00-0028064,60.300000000000004
2019,7,0.0,0.0,0.0,0.0,0.0,229.0,0.0,33.0,0.0,00-0028064,33.2
2011,0,0.0,0.0,0.0,0.0,0.0,6.0,0.0,0.0,0.0,00-0026664,0.6000000000000001
2012,0,27.0,1.0,0.0,0.0,0.0,0.0,0.0,0.0,0.0,00-0026664,5.08
2015,0,0.0,0.0,0.0,0.0,0.0,7.0,0.0,0.0,0.0,00-0026664,0.7000000000000001
2011,0,0.0,0.0,1.0,0.0,0.0,1.0,0.0,0.0,0.0,00-0026985,6.1
2011,9,0.0,0.0,0.0,0.0,0.0,69.0,0.0,62.0,0.0,00-0028602,22.1
2011,0,949.0,3.0,0.0,3.0,3.0,57.0,0.0,0.0,0.0,00-0028090,43.660000000000004
2012,0,38.0,0.0,1.0,1.0,1.0,-1.0,0.0,0.0,0.0,00-0028090,3.42
2013,0,113.0,0.0,0.0,2.0,0.0,0.0,0.0,0.0,0.0,00-0028090,0.5200000000000005
2014,0,64.0,0.0,0.0,1.0,0.0,0.0,0.0,0.0,0.0,00-0028090,0.56
2015,0,370.0,3.0,0.0,1.0,1.0,0.0,0.0,0.0,0.0,00-0028090,22.8
2017,0,523.0,4.0,0.0,3.0,1.0,51.0,0.0,0.0,0.0,00-0028090,34.02
2011,0,0.0,0.0,0.0,0.0,1.0,0.0,0.0,0.0,0.0,00-0027735,-2.0
2011,9,0.0,0.0,0.0,0.0,0.0,328.0,0.0,68.0,0.0,00-0028115,48.60000000000001
2012,15,0.0,0.0,2.0,0.0,0.0,88.0,0.0,109.0,0.0,00-0028115,46.699999999999996
2013,1,0.0,0.0,0.0,0.0,0.0,0.0,0.0,3.0,0.0,00-0028115,1.3
2011,0,18.0,0.0,0.0,0.0,0.0,2.0,0.0,0.0,0.0,00-0028118,0.9199999999999999
2012,0,179.0,0.0,1.0,1.0,0.0,73.0,0.0,0.0,0.0,00-0028118,18.46
2013,1,2.0,0.0,0.0,1.0,0.0,64.0,0.0,6.0,0.0,00-0028118,6.08
2014,0,0.0,0.0,0.0,0.0,0.0,-3.0,0.0,0.0,0.0,00-0028118,-0.30000000000000004
2015,1,3035.0,20.0,4.0,6.0,1.0,568.0,1.0,4.0,0.0,00-0028118,271.6
2016,0,3023.0,17.0,6.0,6.0,2.0,580.0,2.0,0.0,0.0,00-0028118,270.92
2017,0,2799.0,14.0,4.0,4.0,2.0,427.0,0.0,0.0,0.0,00-0028118,222.66000000000003
2018,0,473.0,2.0,1.0,2.0,0.0,125.0,0.0,0.0,0.0,00-0028118,41.42
2019,0,33.0,1.0,0.0,0.0,0.0,7.0,0.0,0.0,0.0,00-0028118,6.0200000000000005
2020,0,208.0,0.0,0.0,0.0,0.0,7.0,0.0,0.0,0.0,00-0028118,9.02
2021,0,966.0,5.0,3.0,5.0,0.0,151.0,0.0,0.0,0.0,00-0028118,81.74000000000001
2022,0,58.0,1.0,0.0,1.0,1.0,70.0,1.0,0.0,0.0,00-0028118,11.32
2023,0,1044.0,4.0,0.0,2.0,0.0,159.0,0.0,0.0,0.0,00-0028118,69.66
2024,0,119.0,3.0,0.0,0.0,0.0,13.0,1.0,0.0,0.0,00-0028118,20.06
2011,10,0.0,0.0,0.0,0.0,0.0,55.0,0.0,72.0,0.0,00-0028574,22.7
2007,1,0.0,0.0,0.0,0.0,0.0,0.0,0.0,11.0,0.0,00-0024756,2.1
2010,1,0.0,0.0,0.0,0.0,0.0,0.0,0.0,17.0,0.0,00-0024756,2.7
2011,18,0.0,0.0,0.0,0.0,0.0,0.0,0.0,267.0,1.0,00-0024756,50.7
2012,10,0.0,0.0,0.0,0.0,0.0,0.0,0.0,90.0,0.0,00-0024756,19.0
2011,50,0.0,0.0,0.0,0.0,0.0,15.0,1.0,616.0,6.0,00-0027982,151.1
2012,33,0.0,0.0,0.0,0.0,0.0,16.0,0.0,383.0,4.0,00-0027982,96.9
2010,42,0.0,0.0,0.0,0.0,1.0,0.0,0.0,546.0,10.0,00-0027656,154.6
2011,90,0.0,0.0,1.0,0.0,0.0,2.0,0.0,1327.0,17.0,00-0027656,330.9
2012,55,0.0,0.0,0.0,0.0,1.0,0.0,0.0,790.0,11.0,00-0027656,198.0
2013,39,0.0,0.0,0.0,0.0,0.0,0.0,0.0,592.0,4.0,00-0027656,122.2
2014,82,0.0,0.0,0.0,0.0,0.0,0.0,0.0,1124.0,12.0,00-0027656,266.4
2015,72,0.0,0.0,0.0,0.0,0.0,0.0,0.0,1176.0,11.0,00-0027656,255.60000000000002
2016,25,0.0,0.0,0.0,0.0,0.0,0.0,0.0,540.0,3.0,00-0027656,97.0
2017,69,0.0,0.0,0.0,0.0,0.0,0.0,1.0,1084.0,8.0,00-0027656,227.4
2018,47,0.0,0.0,0.0,0.0,1.0,0.0,0.0,682.0,3.0,00-0027656,131.2
2020,45,0.0,0.0,0.0,0.0,0.0,0.0,0.0,623.0,7.0,00-0027656,149.3
2021,48,0.0,0.0,0.0,0.0,0.0,0.0,0.0,665.0,6.0,00-0027656,150.5
2011,0,0.0,0.0,0.0,0.0,1.0,0.0,0.0,0.0,0.0,00-0028056,-2.0
2011,2,0.0,0.0,0.0,0.0,0.0,4.0,0.0,19.0,0.0,00-0028049,4.3
2012,16,0.0,0.0,0.0,0.0,0.0,12.0,0.0,224.0,0.0,00-0028049,39.6
2013,12,0.0,0.0,0.0,0.0,0.0,0.0,0.0,122.0,0.0,00-0028049,24.200000000000003
2011,1,0.0,0.0,0.0,0.0,0.0,42.0,0.0,4.0,0.0,00-0028409,5.6000000000000005
2012,2,0.0,0.0,2.0,0.0,0.0,157.0,0.0,17.0,0.0,00-0028409,31.400000000000002
2014,1,0.0,0.0,0.0,0.0,0.0,64.0,0.0,11.0,0.0,00-0028409,8.5
2015,9,0.0,0.0,0.0,0.0,1.0,189.0,0.0,97.0,0.0,00-0028409,35.6
2016,8,0.0,0.0,0.0,0.0,2.0,138.0,0.0,115.0,1.0,00-0028409,35.3
2010,1,0.0,0.0,0.0,0.0,0.0,0.0,0.0,8.0,0.0,00-0027608,1.8
2011,20,0.0,0.0,0.0,0.0,0.0,32.0,0.0,241.0,3.0,00-0027608,65.30000000000001
2012,14,0.0,0.0,0.0,0.0,0.0,21.0,0.0,212.0,1.0,00-0027608,43.300000000000004
2013,12,0.0,0.0,0.0,0.0,0.0,23.0,0.0,113.0,0.0,00-0027608,25.6
2011,23,0.0,0.0,0.0,0.0,0.0,0.0,0.0,268.0,1.0,00-0026739,55.8
2012,13,0.0,0.0,0.0,0.0,0.0,1.0,0.0,137.0,0.0,00-0026739,26.8
2015,22,0.0,0.0,0.0,0.0,0.0,0.0,0.0,207.0,0.0,00-0026739,42.7
2016,21,0.0,0.0,0.0,0.0,3.0,0.0,0.0,232.0,1.0,00-0026739,44.2
2011,0,0.0,0.0,0.0,0.0,0.0,0.0,0.0,0.0,0.0,00-0027743,0.0
2011,0,0.0,0.0,0.0,0.0,2.0,0.0,0.0,0.0,0.0,00-0028028,-4.0
2009,1,0.0,0.0,0.0,0.0,0.0,0.0,0.0,3.0,0.0,00-0026963,1.3
2010,9,0.0,0.0,0.0,0.0,0.0,0.0,0.0,117.0,0.0,00-0026963,20.700000000000003
2011,6,0.0,0.0,0.0,0.0,0.0,1.0,0.0,74.0,0.0,00-0026963,13.5
2011,3,0.0,0.0,1.0,0.0,0.0,12.0,0.0,13.0,0.0,00-0027583,11.5
2012,0,0.0,0.0,0.0,0.0,0.0,0.0,0.0,0.0,0.0,00-0027583,0.0
2013,1,0.0,0.0,0.0,0.0,1.0,1.0,0.0,12.0,0.0,00-0027583,0.30000000000000027
2009,6,0.0,0.0,0.0,0.0,0.0,0.0,0.0,106.0,0.0,00-0027105,16.6
2011,29,0.0,0.0,0.0,0.0,1.0,0.0,0.0,292.0,1.0,00-0027105,62.2
2011,2,0.0,0.0,0.0,0.0,0.0,7.0,0.0,25.0,0.0,00-0028093,5.2
2012,8,0.0,0.0,0.0,0.0,0.0,-1.0,0.0,152.0,1.0,00-0028093,29.1
2013,4,0.0,0.0,0.0,0.0,0.0,0.0,0.0,51.0,0.0,00-0028093,9.100000000000001
2014,39,0.0,0.0,0.0,0.0,1.0,0.0,0.0,507.0,1.0,00-0028093,93.7
2016,2,0.0,0.0,0.0,0.0,0.0,0.0,0.0,27.0,0.0,00-0028093,4.7
2017,13,0.0,0.0,0.0,0.0,0.0,4.0,0.0,94.0,0.0,00-0028093,22.8
2018,10,0.0,0.0,0.0,0.0,0.0,-3.0,0.0,98.0,0.0,00-0028093,19.5
2011,0,0.0,0.0,0.0,0.0,0.0,48.0,0.0,0.0,0.0,00-0028565,4.800000000000001
2012,2,0.0,0.0,1.0,0.0,0.0,124.0,0.0,16.0,0.0,00-0028565,22.0
2011,0,0.0,0.0,1.0,0.0,0.0,41.0,0.0,0.0,0.0,00-0028208,10.100000000000001
2011,8,0.0,0.0,0.0,0.0,0.0,3.0,0.0,72.0,0.0,00-0028074,15.5
2012,5,0.0,0.0,0.0,0.0,0.0,0.0,0.0,39.0,0.0,00-0028074,8.9
2013,18,0.0,0.0,0.0,0.0,1.0,3.0,0.0,155.0,1.0,00-0028074,37.8
2014,10,0.0,0.0,0.0,0.0,0.0,8.0,0.0,71.0,1.0,00-0028074,23.900000000000002
2015,4,0.0,0.0,0.0,0.0,0.0,0.0,0.0,34.0,0.0,00-0028074,7.4
2016,4,0.0,0.0,0.0,0.0,0.0,0.0,0.0,11.0,0.0,00-0028074,5.1
2017,6,0.0,0.0,1.0,0.0,0.0,40.0,0.0,47.0,0.0,00-0028074,20.7
2018,8,0.0,0.0,0.0,0.0,0.0,2.0,0.0,96.0,1.0,00-0028074,23.8
2019,2,0.0,0.0,0.0,0.0,0.0,9.0,0.0,22.0,0.0,00-0028074,5.1
2020,1,0.0,0.0,0.0,0.0,0.0,8.0,0.0,5.0,1.0,00-0028074,8.3
2009,48,0.0,0.0,0.0,0.0,1.0,0.0,0.0,625.0,2.0,00-0026986,120.5
2010,55,0.0,0.0,0.0,0.0,0.0,0.0,0.0,741.0,6.0,00-0026986,165.10000000000002
2011,72,0.0,0.0,0.0,0.0,0.0,6.0,1.0,874.0,4.0,00-0026986,186.0
2012,85,0.0,0.0,0.0,0.0,0.0,8.0,0.0,1105.0,9.0,00-0026986,250.3
2013,19,0.0,0.0,0.0,0.0,0.0,0.0,0.0,284.0,1.0,00-0026986,53.400000000000006
2014,68,0.0,0.0,0.0,0.0,0.0,4.0,0.0,698.0,4.0,00-0026986,162.2
2015,85,0.0,0.0,0.0,0.0,0.0,0.0,0.0,922.0,9.0,00-0026986,231.2
2016,89,0.0,0.0,0.0,0.0,0.0,0.0,1.0,1003.0,8.0,00-0026986,239.3
2017,58,0.0,0.0,0.0,0.0,0.0,0.0,2.0,618.0,8.0,00-0026986,171.8
2018,54,0.0,0.0,0.0,0.0,0.0,0.0,0.0,607.0,3.0,00-0026986,132.7
2019,4,0.0,0.0,0.0,0.0,0.0,0.0,0.0,22.0,0.0,00-0026986,6.2
2011,0,0.0,0.0,0.0,0.0,0.0,0.0,0.0,0.0,0.0,00-0027121,0.0
2012,24,0.0,0.0,2.0,0.0,1.0,233.0,0.0,158.0,0.0,00-0028202,73.1
2013,0,0.0,0.0,0.0,0.0,0.0,2.0,0.0,0.0,0.0,00-0028202,0.2
2014,0,0.0,0.0,0.0,0.0,0.0,19.0,0.0,0.0,0.0,00-0028202,1.9000000000000001
2015,27,0.0,0.0,1.0,0.0,0.0,273.0,0.0,176.0,0.0,00-0028202,77.9
2016,29,0.0,0.0,4.0,0.0,1.0,196.0,0.0,263.0,2.0,00-0028202,108.89999999999999
2012,49,0.0,0.0,11.0,0.0,1.0,1454.0,0.0,472.0,1.0,00-0029613,311.59999999999997
2013,12,0.0,0.0,1.0,0.0,1.0,456.0,0.0,66.0,0.0,00-0029613,68.2
2014,13,0.0,0.0,2.0,0.0,0.0,494.0,0.0,64.0,0.0,00-0029613,80.80000000000001
2015,33,0.0,0.0,6.0,0.0,5.0,1402.0,0.0,271.0,1.0,00-0029613,232.3
2016,14,0.0,0.0,3.0,0.0,1.0,421.0,0.0,134.0,0.0,00-0029613,85.5
2017,9,0.0,0.0,3.0,0.0,1.0,406.0,1.0,84.0,0.0,00-0029613,76.0
2018,18,0.0,0.0,4.0,0.0,3.0,723.0,0.0,116.0,0.0,00-0029613,119.9
2012,1,0.0,0.0,0.0,0.0,3.0,13.0,0.0,7.0,0.0,00-0029271,-3.0
2012,7,0.0,0.0,1.0,0.0,0.0,532.0,0.0,47.0,0.0,00-0029264,70.9
2013,20,0.0,0.0,2.0,0.0,0.0,436.0,0.0,104.0,0.0,00-0029264,86.0
2014,2,0.0,0.0,2.0,0.0,1.0,366.0,0.0,13.0,0.0,00-0029264,49.9
2015,3,0.0,0.0,0.0,0.0,0.0,11.0,0.0,7.0,0.0,00-0029264,4.8
2012,4,0.0,0.0,4.0,0.0,1.0,358.0,0.0,34.0,1.0,00-0029251,71.20000000000002
2013,2,0.0,0.0,1.0,0.0,2.0,146.0,0.0,8.0,0.0,00-0029251,19.400000000000002
2012,0,4374.0,23.0,5.0,18.0,5.0,255.0,0.0,0.0,0.0,00-0029668,276.46000000000004
2013,0,3822.0,23.0,4.0,9.0,2.0,377.0,4.0,0.0,0.0,00-0029668,292.58
2014,0,4761.0,40.0,3.0,16.0,6.0,273.0,0.0,0.0,0.0,00-0029668,351.74
2015,0,1881.0,15.0,0.0,12.0,1.0,196.0,1.0,0.0,0.0,00-0029668,130.84
2016,0,4240.0,31.0,2.0,13.0,5.0,341.0,2.0,0.0,0.0,00-0029668,307.70000000000005
2018,1,4593.0,39.0,0.0,15.0,1.0,148.0,2.0,4.0,0.0,00-0029668,327.92
2012,17,0.0,0.0,2.0,0.0,0.0,814.0,0.0,152.0,1.0,00-0029547,131.6
2013,1,0.0,0.0,0.0,0.0,0.0,63.0,0.0,-5.0,0.0,00-0029547,6.800000000000001
2012,11,0.0,0.0,0.0,0.0,1.0,0.0,0.0,186.0,1.0,00-0029548,33.6
2013,12,0.0,0.0,0.0,0.0,0.0,0.0,0.0,161.0,2.0,00-0029548,40.1
2012,0,3294.0,12.0,2.0,13.0,4.0,211.0,2.0,0.0,0.0,00-0029701,182.85999999999999
2013,0,3913.0,24.0,1.0,17.0,5.0,238.0,0.0,0.0,0.0,00-0029701,238.32000000000002
2014,1,4045.0,27.0,1.0,12.0,2.0,311.0,0.0,-4.0,0.0,00-0029701,279.50000000000006
2015,1,4208.0,24.0,1.0,12.0,3.0,141.0,1.0,9.0,0.0,00-0029701,258.32
2016,0,2995.0,19.0,1.0,12.0,3.0,164.0,1.0,0.0,0.0,00-0029701,190.20000000000002
2018,1,1979.0,17.0,0.0,9.0,4.0,145.0,0.0,3.0,1.0,00-0029701,142.96
2019,0,2742.0,22.0,4.0,6.0,3.0,185.0,1.0,0.0,0.0,00-0029701,224.18
2020,1,3819.0,33.0,7.0,7.0,1.0,266.0,3.0,0.0,0.0,00-0029701,344.36
2021,0,3447.0,17.0,7.0,14.0,4.0,272.0,1.0,0.0,0.0,00-0029701,241.07999999999998
2022,0,2536.0,13.0,2.0,6.0,2.0,98.0,1.0,0.0,0.0,00-0029701,161.24
2023,0,1448.0,2.0,1.0,6.0,0.0,77.0,0.0,0.0,0.0,00-0029701,67.62
2012,2,0.0,0.0,2.0,0.0,0.0,274.0,0.0,11.0,0.0,00-0029239,42.50000000000001
2013,21,0.0,0.0,3.0,0.0,0.0,271.0,0.0,152.0,0.0,00-0029239,81.3
2014,2,0.0,0.0,1.0,0.0,0.0,89.0,0.0,8.0,0.0,00-0029239,17.7
2015,19,0.0,0.0,0.0,0.0,0.0,207.0,0.0,180.0,2.0,00-0029239,69.7
2016,2,0.0,0.0,0.0,0.0,0.0,4.0,0.0,15.0,0.0,00-0029239,3.9
2017,1,0.0,0.0,0.0,0.0,0.0,67.0,0.0,7.0,0.0,00-0029239,8.4
2018,3,0.0,0.0,2.0,0.0,1.0,91.0,0.0,13.0,1.0,00-0029239,29.400000000000002
2019,9,0.0,0.0,3.0,0.0,0.0,68.0,0.0,111.0,1.0,00-0029239,50.9
2021,39,0.0,0.0,0.0,0.0,0.0,180.0,1.0,385.0,1.0,00-0029239,103.5
2022,9,0.0,0.0,0.0,0.0,0.0,66.0,0.0,57.0,1.0,00-0029239,27.3
2023,0,0.0,0.0,1.0,0.0,0.0,31.0,1.0,0.0,0.0,00-0029239,11.1
2012,51,0.0,0.0,11.0,0.0,0.0,950.0,0.0,367.0,1.0,00-0029675,254.7
2013,35,0.0,0.0,3.0,0.0,1.0,563.0,0.0,316.0,1.0,00-0029675,144.9
2014,27,0.0,0.0,3.0,0.0,1.0,519.0,0.0,229.0,0.0,00-0029675,117.80000000000001
2012,0,3385.0,14.0,0.0,17.0,1.0,111.0,0.0,0.0,0.0,00-0029677,166.5
2013,0,1731.0,9.0,0.0,9.0,2.0,44.0,1.0,0.0,0.0,00-0029677,89.64
2014,0,303.0,3.0,0.0,2.0,0.0,-1.0,0.0,0.0,0.0,00-0029677,20.02
2015,0,1043.0,5.0,1.0,2.0,1.0,47.0,0.0,0.0,0.0,00-0029677,66.42
2018,0,0.0,0.0,0.0,0.0,0.0,-1.0,0.0,0.0,0.0,00-0029677,-0.1
2012,18,0.0,0.0,0.0,0.0,1.0,66.0,0.0,298.0,2.0,00-0029269,64.4
2013,5,0.0,0.0,0.0,0.0,1.0,45.0,0.0,105.0,0.0,00-0029269,18.0
2014,18,0.0,0.0,0.0,0.0,0.0,11.0,0.0,314.0,3.0,00-0029269,68.5
2015,68,0.0,0.0,0.0,0.0,2.0,12.0,0.0,966.0,5.0,00-0029269,191.8
2016,47,0.0,0.0,0.0,0.0,3.0,-3.0,0.0,677.0,4.0,00-0029269,132.4
2017,34,0.0,0.0,0.0,0.0,0.0,96.0,0.0,567.0,4.0,00-0029269,124.3
2018,12,0.0,0.0,0.0,0.0,0.0,41.0,0.0,186.0,1.0,00-0029269,40.7
2019,6,0.0,0.0,0.0,0.0,0.0,0.0,0.0,30.0,0.0,00-0029269,9.0
2021,0,0.0,0.0,0.0,0.0,1.0,0.0,0.0,0.0,0.0,00-0029269,-2.0
2012,13,0.0,0.0,4.0,0.0,3.0,564.0,0.0,56.0,0.0,00-0029429,93.0
2013,8,0.0,0.0,2.0,0.0,0.0,314.0,1.0,84.0,0.0,00-0029429,61.800000000000004
2014,16,0.0,0.0,0.0,0.0,1.0,126.0,0.0,176.0,0.0,00-0029429,44.2
2015,0,0.0,0.0,1.0,0.0,0.0,72.0,0.0,0.0,0.0,00-0029429,13.2
2012,14,0.0,0.0,2.0,0.0,1.0,102.0,0.0,60.0,0.0,00-0029140,40.2
2013,0,0.0,0.0,0.0,0.0,0.0,0.0,0.0,0.0,0.0,00-0029140,0.0
2012,4,0.0,0.0,1.0,0.0,0.0,49.0,0.0,31.0,0.0,00-0028170,18.0
2012,0,3118.0,26.0,4.0,10.0,3.0,489.0,0.0,0.0,0.0,00-0029263,275.62
2013,0,3357.0,26.0,1.0,9.0,5.0,539.0,0.0,0.0,0.0,00-0029263,270.18
2014,1,3475.0,20.0,6.0,7.0,0.0,849.0,0.0,17.0,0.0,00-0029263,328.59999999999997
2015,0,4024.0,34.0,1.0,8.0,3.0,553.0,0.0,0.0,0.0,00-0029263,336.26000000000005
2016,2,4219.0,21.0,1.0,11.0,2.0,259.0,1.0,14.0,1.0,00-0029263,270.05999999999995
2017,0,3983.0,34.0,3.0,11.0,3.0,586.0,2.0,0.0,0.0,00-0029263,347.92
2018,1,3448.0,35.0,0.0,7.0,2.0,376.0,1.0,-11.0,0.0,00-0029263,299.42
2019,0,4110.0,31.0,3.0,5.0,3.0,342.0,1.0,0.0,0.0,00-0029263,326.59999999999997
2020,0,4212.0,40.0,2.0,13.0,4.0,513.0,1.0,0.0,0.0,00-0029263,359.78000000000003
2021,0,2875.0,22.0,1.0,5.0,0.0,178.0,1.0,0.0,0.0,00-0029263,218.8
2022,1,3241.0,13.0,3.0,10.0,2.0,259.0,0.0,1.0,0.0,00-0029263,202.64000000000001
2023,0,3070.0,26.0,3.0,8.0,5.0,341.0,2.0,0.0,0.0,00-0029263,256.9
2024,0,2334.0,15.0,2.0,5.0,4.0,139.0,0.0,0.0,0.0,00-0029263,161.26000000000002
2012,19,0.0,0.0,0.0,0.0,0.0,354.0,0.0,181.0,0.0,00-0029273,72.5
2013,8,0.0,0.0,0.0,0.0,1.0,264.0,0.0,60.0,0.0,00-0029273,38.400000000000006
2014,16,0.0,0.0,0.0,0.0,1.0,310.0,0.0,186.0,2.0,00-0029273,75.6
2015,7,0.0,0.0,1.0,0.0,0.0,199.0,0.0,23.0,0.0,00-0029273,35.2
2016,26,0.0,0.0,7.0,0.0,0.0,164.0,0.0,179.0,1.0,00-0029273,108.30000000000001
2017,9,0.0,0.0,1.0,0.0,0.0,53.0,0.0,56.0,0.0,00-0029273,25.900000000000002
2018,1,0.0,0.0,0.0,0.0,1.0,10.0,0.0,3.0,0.0,00-0029273,0.30000000000000004
2012,7,0.0,0.0,0.0,0.0,2.0,164.0,0.0,44.0,0.0,00-0027976,23.800000000000004
2012,52,0.0,0.0,3.0,0.0,2.0,414.0,0.0,485.0,0.0,00-0027218,155.9
2013,53,0.0,0.0,8.0,0.0,3.0,650.0,1.0,547.0,0.0,00-0027218,216.7
2014,34,0.0,0.0,7.0,0.0,1.0,860.0,0.0,322.0,1.0,00-0027218,198.2
2015,22,0.0,0.0,4.0,0.0,0.0,311.0,0.0,286.0,0.0,00-0027218,105.69999999999999
2016,1,0.0,0.0,0.0,0.0,0.0,6.0,0.0,-2.0,0.0,00-0027218,1.4000000000000001
2012,0,42.0,1.0,0.0,0.0,0.0,-9.0,0.0,0.0,0.0,00-0028872,4.779999999999999
2013,0,0.0,0.0,0.0,0.0,0.0,0.0,0.0,0.0,0.0,00-0028872,0.0
2014,0,37.0,0.0,0.0,0.0,0.0,0.0,1.0,0.0,0.0,00-0028872,3.48
2015,0,20.0,0.0,0.0,0.0,0.0,0.0,0.0,0.0,0.0,00-0028872,0.8
2016,0,4.0,0.0,0.0,0.0,0.0,0.0,0.0,0.0,0.0,00-0028872,0.16
2017,0,34.0,0.0,0.0,0.0,0.0,0.0,0.0,0.0,0.0,00-0028872,1.36
2018,0,19.0,0.0,0.0,0.0,0.0,3.0,0.0,0.0,0.0,00-0028872,1.06
2019,0,28.0,0.0,0.0,1.0,0.0,0.0,0.0,0.0,0.0,00-0028872,-0.8799999999999999
2021,0,2.0,0.0,0.0,0.0,0.0,0.0,0.0,0.0,0.0,00-0028872,0.08
2023,0,7.0,0.0,0.0,0.0,1.0,-11.0,0.0,0.0,0.0,00-0028872,-2.8200000000000003
2024,0,0.0,0.0,0.0,0.0,0.0,0.0,0.0,0.0,0.0,00-0028872,0.0
2012,24,0.0,0.0,0.0,0.0,2.0,475.0,1.0,163.0,0.0,00-0029612,85.8
2013,14,0.0,0.0,0.0,0.0,0.0,215.0,0.0,121.0,0.0,00-0029612,47.6
2016,0,0.0,0.0,0.0,0.0,0.0,7.0,0.0,0.0,0.0,00-0029612,0.7000000000000001
2012,0,3200.0,20.0,7.0,5.0,2.0,815.0,0.0,0.0,0.0,00-0029665,317.5
2013,0,3203.0,16.0,0.0,12.0,4.0,489.0,2.0,0.0,0.0,00-0029665,213.02
2014,0,1694.0,4.0,1.0,6.0,4.0,176.0,0.0,0.0,0.0,00-0029665,87.36000000000001
2016,0,886.0,2.0,2.0,3.0,1.0,190.0,0.0,0.0,0.0,00-0029665,66.44
2018,0,21.0,0.0,0.0,0.0,0.0,0.0,0.0,0.0,0.0,00-0029665,0.84
2019,0,225.0,1.0,0.0,2.0,0.0,61.0,0.0,0.0,0.0,00-0029665,15.100000000000001
2020,0,42.0,0.0,0.0,2.0,1.0,69.0,0.0,0.0,0.0,00-0029665,2.58
2012,11,0.0,0.0,13.0,0.0,3.0,1613.0,0.0,77.0,0.0,00-0029141,252.0
2013,9,0.0,0.0,7.0,0.0,4.0,1275.0,0.0,78.0,0.0,00-0029141,178.3
2014,17,0.0,0.0,8.0,0.0,0.0,1074.0,0.0,155.0,0.0,00-0029141,187.9
2015,10,0.0,0.0,1.0,0.0,0.0,751.0,0.0,55.0,0.0,00-0029141,96.60000000000001
2016,3,0.0,0.0,2.0,0.0,0.0,243.0,0.0,11.0,0.0,00-0029141,40.4
2017,7,0.0,0.0,1.0,0.0,0.0,547.0,0.0,45.0,0.0,00-0029141,72.2
2018,8,0.0,0.0,2.0,0.0,1.0,428.0,0.0,73.0,0.0,00-0029141,68.10000000000001
2019,0,0.0,0.0,0.0,0.0,0.0,4.0,0.0,0.0,0.0,00-0029141,0.4
2020,3,0.0,0.0,1.0,0.0,0.0,238.0,0.0,19.0,1.0,00-0029141,40.699999999999996
2012,19,0.0,0.0,0.0,0.0,2.0,12.0,0.0,256.0,0.0,00-0029435,41.8
2013,2,0.0,0.0,0.0,0.0,1.0,0.0,0.0,14.0,0.0,00-0029435,1.4000000000000001
2014,31,0.0,0.0,0.0,0.0,0.0,19.0,0.0,331.0,1.0,00-0029435,72.0
2015,0,0.0,0.0,0.0,0.0,0.0,6.0,0.0,0.0,0.0,00-0029435,0.6000000000000001
2012,7,0.0,0.0,1.0,0.0,0.0,22.0,0.0,43.0,0.0,00-0028178,19.5
2013,18,0.0,0.0,0.0,0.0,0.0,7.0,0.0,128.0,1.0,00-0028178,37.5
2012,0,0.0,0.0,0.0,0.0,0.0,3.0,0.0,0.0,0.0,00-0023537,0.30000000000000004
2012,0,0.0,0.0,0.0,0.0,0.0,0.0,0.0,0.0,0.0,00-0027440,0.0
2018,1,0.0,0.0,0.0,0.0,0.0,0.0,0.0,12.0,0.0,00-0027440,2.2
2012,2,0.0,0.0,0.0,0.0,1.0,0.0,0.0,17.0,0.0,00-0027606,1.7000000000000002
2013,0,0.0,0.0,0.0,0.0,2.0,7.0,0.0,0.0,0.0,00-0027606,-3.3
2014,0,0.0,0.0,0.0,0.0,0.0,0.0,0.0,0.0,0.0,00-0027606,0.0
2010,0,0.0,0.0,0.0,0.0,0.0,0.0,0.0,0.0,0.0,00-0027819,0.0
2012,9,0.0,0.0,0.0,0.0,1.0,-8.0,0.0,117.0,0.0,00-0027819,17.900000000000002
2013,2,0.0,0.0,0.0,0.0,0.0,0.0,0.0,34.0,0.0,00-0027819,5.4
2012,45,0.0,0.0,0.0,0.0,0.0,5.0,0.0,521.0,3.0,00-0029689,115.6
2013,1,0.0,0.0,0.0,0.0,0.0,0.0,0.0,20.0,1.0,00-0029689,9.0
2014,29,0.0,0.0,0.0,0.0,0.0,0.0,0.0,395.0,8.0,00-0029689,116.5
2015,16,0.0,0.0,0.0,0.0,0.0,1.0,0.0,109.0,1.0,00-0029689,33.0
2016,35,0.0,0.0,0.0,0.0,0.0,0.0,1.0,406.0,6.0,00-0029689,113.6
2017,10,0.0,0.0,0.0,0.0,0.0,0.0,0.0,86.0,1.0,00-0029689,24.6
2018,3,0.0,0.0,0.0,0.0,0.0,0.0,0.0,27.0,0.0,00-0029689,5.7
2012,0,0.0,0.0,0.0,0.0,0.0,0.0,0.0,0.0,0.0,00-0027547,0.0
2013,0,0.0,0.0,0.0,0.0,1.0,0.0,0.0,0.0,0.0,00-0027547,-2.0
2015,0,0.0,0.0,0.0,0.0,0.0,0.0,0.0,0.0,0.0,00-0027547,0.0
2016,0,0.0,0.0,0.0,0.0,1.0,0.0,0.0,0.0,0.0,00-0027547,-2.0
2017,0,0.0,0.0,0.0,0.0,0.0,0.0,0.0,0.0,0.0,00-0027547,0.0
2019,0,0.0,0.0,0.0,0.0,0.0,0.0,0.0,0.0,0.0,00-0027547,0.0
2012,6,0.0,0.0,1.0,0.0,0.0,250.0,0.0,45.0,0.0,00-0029615,41.5
2013,26,0.0,0.0,2.0,0.0,1.0,709.0,0.0,170.0,0.0,00-0029615,123.9
2014,38,0.0,0.0,8.0,0.0,3.0,1099.0,0.0,262.0,1.0,00-0029615,222.10000000000002
2015,47,0.0,0.0,8.0,0.0,1.0,872.0,0.0,397.0,2.0,00-0029615,231.89999999999998
2016,31,0.0,0.0,5.0,0.0,1.0,1073.0,0.0,199.0,1.0,00-0029615,192.20000000000002
2017,36,0.0,0.0,3.0,0.0,0.0,888.0,0.0,327.0,3.0,00-0029615,193.5
2018,25,0.0,0.0,5.0,0.0,1.0,973.0,0.0,163.0,1.0,00-0029615,172.60000000000002
2020,2,0.0,0.0,0.0,0.0,0.0,0.0,0.0,6.0,0.0,00-0029615,2.6
2012,11,0.0,0.0,2.0,0.0,1.0,13.0,1.0,79.0,1.0,00-0029619,38.2
2014,1,0.0,0.0,0.0,0.0,0.0,58.0,0.0,3.0,0.0,00-0029619,7.1000000000000005
2015,2,0.0,0.0,0.0,0.0,0.0,0.0,0.0,13.0,0.0,00-0029619,3.3
2011,12,0.0,0.0,0.0,0.0,0.0,0.0,0.0,83.0,0.0,00-0028492,20.3
2012,11,0.0,0.0,0.0,0.0,0.0,20.0,0.0,50.0,1.0,00-0028492,24.0
2013,1,0.0,0.0,0.0,0.0,0.0,0.0,0.0,5.0,0.0,00-0028492,1.5
2014,0,0.0,0.0,0.0,0.0,0.0,13.0,0.0,0.0,0.0,00-0028492,1.3
2012,0,0.0,0.0,0.0,0.0,0.0,0.0,0.0,0.0,0.0,00-0028130,0.0
2017,0,0.0,0.0,0.0,0.0,0.0,0.0,0.0,0.0,0.0,00-0028130,0.0
2012,16,73.0,1.0,0.0,0.0,0.0,15.0,0.0,154.0,4.0,00-0029632,63.82
2013,47,25.0,0.0,0.0,0.0,1.0,16.0,0.0,455.0,2.0,00-0029632,105.1
2014,56,79.0,1.0,0.0,0.0,0.0,51.0,1.0,790.0,5.0,00-0029632,179.26
2015,33,0.0,0.0,2.0,0.0,0.0,71.0,0.0,394.0,0.0,00-0029632,91.5
2016,59,0.0,0.0,0.0,0.0,1.0,5.0,1.0,653.0,4.0,00-0029632,148.8
2017,67,51.0,1.0,0.0,0.0,0.0,10.0,0.0,703.0,5.0,00-0029632,174.34
2018,66,5.0,1.0,0.0,0.0,1.0,44.0,1.0,838.0,4.0,00-0029632,182.4
2019,59,0.0,0.0,0.0,0.0,0.0,11.0,0.0,520.0,2.0,00-0029632,124.1
2020,17,0.0,0.0,0.0,0.0,0.0,3.0,1.0,187.0,1.0,00-0029632,44.0
2021,15,0.0,0.0,0.0,0.0,0.0,0.0,0.0,177.0,0.0,00-0029632,32.7
2012,34,0.0,0.0,9.0,0.0,3.0,798.0,0.0,214.0,0.0,00-0027995,183.20000000000002
2013,0,0.0,0.0,0.0,0.0,0.0,9.0,0.0,0.0,0.0,00-0027995,0.9
2012,10,0.0,0.0,1.0,0.0,1.0,330.0,0.0,62.0,0.0,00-0029683,53.2
2013,12,0.0,0.0,1.0,0.0,1.0,218.0,0.0,119.0,0.0,00-0029683,49.699999999999996
2014,21,0.0,0.0,3.0,0.0,0.0,434.0,0.0,139.0,1.0,00-0029683,102.30000000000001
2015,24,0.0,0.0,7.0,0.0,1.0,863.0,0.0,111.0,0.0,00-0029683,161.4
2016,7,0.0,0.0,0.0,0.0,0.0,131.0,0.0,93.0,0.0,00-0029683,29.400000000000002
2012,10,0.0,0.0,0.0,0.0,0.0,53.0,0.0,85.0,1.0,00-0029415,29.8
2013,22,0.0,0.0,0.0,0.0,1.0,0.0,0.0,253.0,2.0,00-0029415,57.3
2014,6,0.0,0.0,0.0,0.0,0.0,0.0,0.0,78.0,0.0,00-0029415,13.8
2015,24,0.0,0.0,0.0,0.0,1.0,6.0,0.0,269.0,2.0,00-0029415,61.5
2016,0,0.0,0.0,0.0,0.0,1.0,0.0,0.0,0.0,0.0,00-0029415,-2.0
2011,2,0.0,0.0,0.0,0.0,0.0,0.0,0.0,30.0,1.0,00-0028052,11.0
2012,55,0.0,0.0,0.0,0.0,1.0,-4.0,0.0,979.0,7.0,00-0028052,192.5
2013,66,0.0,0.0,0.0,0.0,0.0,0.0,0.0,777.0,3.0,00-0028052,161.7
2014,53,32.0,1.0,0.0,0.0,1.0,0.0,0.0,557.0,1.0,00-0028052,117.98
2015,42,21.0,1.0,0.0,0.0,1.0,47.0,0.0,484.0,2.0,00-0028052,109.94
2016,11,0.0,0.0,0.0,0.0,0.0,0.0,0.0,152.0,0.0,00-0028052,26.200000000000003
2010,52,0.0,0.0,0.0,0.0,0.0,0.0,0.0,600.0,3.0,00-0027687,130.0
2011,4,0.0,0.0,0.0,0.0,0.0,0.0,0.0,14.0,0.0,00-0027687,5.4
2012,23,0.0,0.0,0.0,0.0,1.0,0.0,0.0,244.0,1.0,00-0027687,51.400000000000006
2012,19,0.0,0.0,0.0,0.0,0.0,217.0,0.0,132.0,0.0,00-0028736,53.900000000000006
2012,0,20.0,0.0,0.0,0.0,1.0,-3.0,0.0,0.0,0.0,00-0027602,-1.5
2012,0,0.0,0.0,0.0,0.0,0.0,0.0,0.0,0.0,0.0,00-0023853,0.0
2018,0,8.0,1.0,0.0,0.0,0.0,0.0,0.0,0.0,0.0,00-0023853,4.32
2012,0,12.0,0.0,0.0,0.0,0.0,-13.0,0.0,0.0,0.0,00-0029682,-0.8200000000000001
2013,0,95.0,0.0,0.0,0.0,0.0,2.0,0.0,0.0,0.0,00-0029682,4.0
2014,0,52.0,1.0,0.0,0.0,0.0,0.0,0.0,0.0,0.0,00-0029682,6.08
2015,0,1967.0,10.0,1.0,6.0,1.0,61.0,0.0,0.0,0.0,00-0029682,116.78
2016,1,2957.0,15.0,2.0,16.0,1.0,131.0,0.0,-6.0,0.0,00-0029682,169.78
2017,0,1088.0,5.0,1.0,5.0,1.0,64.0,2.0,0.0,0.0,00-0029682,67.92
2018,0,1247.0,6.0,0.0,4.0,1.0,21.0,1.0,0.0,0.0,00-0029682,67.97999999999999
2012,2,0.0,0.0,0.0,0.0,0.0,44.0,0.0,18.0,0.0,00-0029298,8.200000000000001
2013,7,0.0,0.0,0.0,0.0,0.0,24.0,0.0,46.0,0.0,00-0029298,14.0
2014,0,0.0,0.0,1.0,0.0,0.0,31.0,0.0,0.0,0.0,00-0029298,9.1
2011,13,0.0,0.0,0.0,0.0,0.0,0.0,1.0,163.0,0.0,00-0028017,31.3
2012,38,0.0,0.0,0.0,0.0,0.0,5.0,0.0,543.0,3.0,00-0028017,110.80000000000001
2013,30,0.0,0.0,0.0,0.0,0.0,0.0,0.0,375.0,3.0,00-0028017,85.5
2014,0,0.0,0.0,0.0,0.0,0.0,0.0,0.0,0.0,0.0,00-0028017,0.0
2015,26,0.0,0.0,0.0,0.0,0.0,0.0,0.0,327.0,3.0,00-0028017,76.7
2012,0,466.0,4.0,0.0,3.0,0.0,22.0,1.0,0.0,0.0,00-0029604,32.84
2013,0,854.0,4.0,0.0,7.0,2.0,14.0,0.0,0.0,0.0,00-0029604,33.56
2014,0,1710.0,10.0,0.0,9.0,2.0,20.0,0.0,0.0,0.0,00-0029604,88.4
2015,0,4166.0,29.0,5.0,11.0,3.0,48.0,2.0,0.0,0.0,00-0029604,293.44
2016,0,4917.0,25.0,4.0,12.0,3.0,96.0,0.0,0.0,0.0,00-0029604,300.28000000000003
2017,0,4093.0,27.0,4.0,13.0,5.0,179.0,0.0,0.0,0.0,00-0029604,277.62
2018,1,4298.0,30.0,1.0,10.0,7.0,120.0,3.0,-1.0,0.0,00-0029604,282.82
2019,0,3603.0,26.0,1.0,6.0,3.0,63.0,1.0,0.0,0.0,00-0029604,244.42000000000002
2020,0,4265.0,35.0,1.0,13.0,5.0,156.0,5.0,0.0,0.0,00-0029604,306.20000000000005
2021,0,3971.0,30.0,1.0,7.0,2.0,116.0,0.0,0.0,0.0,00-0029604,278.44000000000005
2022,0,4322.0,28.0,2.0,14.0,3.0,97.0,3.0,0.0,0.0,00-0029604,278.58
2023,0,2331.0,18.0,0.0,5.0,4.0,25.0,0.0,0.0,0.0,00-0029604,149.74
2024,0,3508.0,18.0,0.0,16.0,2.0,0.0,0.0,0.0,0.0,00-0029604,176.32
2012,5,0.0,0.0,0.0,0.0,1.0,0.0,0.0,51.0,0.0,00-0029388,8.100000000000001
2013,10,0.0,0.0,0.0,0.0,0.0,0.0,0.0,96.0,0.0,00-0029388,19.6
2015,2,0.0,0.0,0.0,0.0,0.0,0.0,0.0,81.0,0.0,00-0029388,10.1
2016,22,0.0,0.0,0.0,0.0,1.0,0.0,0.0,249.0,2.0,00-0029388,56.900000000000006
2017,38,0.0,0.0,0.0,0.0,0.0,-5.0,0.0,555.0,2.0,00-0029388,105.0
2018,17,0.0,0.0,0.0,0.0,0.0,0.0,0.0,161.0,0.0,00-0029388,33.1
2012,50,0.0,0.0,0.0,0.0,0.0,29.0,0.0,861.0,7.0,00-0029608,181.0
2013,82,0.0,0.0,0.0,0.0,0.0,6.0,0.0,1083.0,5.0,00-0029608,220.9
2014,82,0.0,0.0,0.0,0.0,1.0,20.0,0.0,1345.0,7.0,00-0029608,258.5
2015,69,0.0,0.0,0.0,0.0,0.0,0.0,0.0,1124.0,5.0,00-0029608,211.4
2016,91,0.0,0.0,0.0,0.0,0.0,0.0,1.0,1448.0,6.0,00-0029608,273.8
2017,57,0.0,0.0,0.0,0.0,1.0,0.0,0.0,966.0,4.0,00-0029608,175.60000000000002
2018,76,0.0,0.0,0.0,0.0,0.0,0.0,0.0,1270.0,6.0,00-0029608,239.0
2019,45,0.0,0.0,0.0,0.0,0.0,0.0,0.0,501.0,5.0,00-0029608,125.1
2020,56,0.0,0.0,0.0,0.0,0.0,0.0,1.0,762.0,5.0,00-0029608,164.2
2021,21,0.0,0.0,0.0,0.0,0.0,0.0,0.0,292.0,3.0,00-0029608,68.2
2022,5,0.0,0.0,0.0,0.0,0.0,0.0,0.0,102.0,0.0,00-0029608,15.200000000000001
2012,6,0.0,0.0,0.0,0.0,0.0,-3.0,0.0,87.0,0.0,00-0029673,14.400000000000002
2013,15,0.0,0.0,0.0,0.0,0.0,0.0,0.0,155.0,0.0,00-0029673,30.5
2014,1,0.0,0.0,0.0,0.0,0.0,0.0,0.0,30.0,0.0,00-0029673,4.0
2012,0,0.0,0.0,0.0,0.0,1.0,0.0,0.0,0.0,0.0,00-0027762,-2.0
2014,0,0.0,0.0,0.0,0.0,0.0,0.0,0.0,0.0,0.0,00-0027762,0.0
2015,0,0.0,0.0,0.0,0.0,1.0,0.0,0.0,0.0,0.0,00-0027762,-2.0
2012,0,0.0,0.0,0.0,0.0,0.0,10.0,0.0,0.0,0.0,00-0022409,1.0
2012,1,0.0,0.0,0.0,0.0,0.0,9.0,0.0,2.0,0.0,00-0028198,2.1
2013,5,0.0,0.0,3.0,0.0,1.0,166.0,0.0,13.0,0.0,00-0028198,38.9
2014,44,0.0,0.0,9.0,0.0,1.0,570.0,2.0,312.0,1.0,00-0028198,194.2
2015,19,0.0,0.0,0.0,0.0,0.0,112.0,0.0,132.0,0.0,00-0028198,43.400000000000006
2016,32,0.0,0.0,6.0,0.0,1.0,402.0,0.0,263.0,0.0,00-0028198,132.5
2012,0,0.0,0.0,0.0,0.0,0.0,64.0,0.0,0.0,0.0,00-0027067,6.4
2012,6,0.0,0.0,0.0,0.0,0.0,75.0,0.0,33.0,0.0,00-0029004,16.8
2013,7,0.0,0.0,0.0,0.0,1.0,150.0,0.0,59.0,0.0,00-0029004,25.9
2014,18,0.0,0.0,0.0,0.0,0.0,99.0,0.0,217.0,0.0,00-0029004,49.6
2015,21,0.0,0.0,0.0,0.0,0.0,67.0,0.0,215.0,0.0,00-0029004,49.2
2016,16,0.0,0.0,1.0,0.0,0.0,31.0,0.0,122.0,0.0,00-0029004,37.300000000000004
2017,1,0.0,0.0,1.0,0.0,0.0,51.0,0.0,1.0,0.0,00-0029004,12.200000000000001
2012,0,0.0,0.0,0.0,0.0,1.0,0.0,0.0,0.0,0.0,00-0029563,-2.0
2015,0,0.0,0.0,0.0,0.0,0.0,0.0,0.0,0.0,0.0,00-0029563,0.0
2012,1,0.0,0.0,0.0,0.0,0.0,18.0,0.0,19.0,0.0,00-0029358,4.7
2012,0,0.0,0.0,0.0,0.0,0.0,0.0,0.0,0.0,0.0,00-0029681,0.0
2016,0,0.0,0.0,0.0,0.0,0.0,0.0,0.0,0.0,0.0,00-0029681,0.0
2012,0,0.0,0.0,0.0,0.0,0.0,3.0,0.0,0.0,0.0,00-0027115,0.30000000000000004
2012,42,0.0,0.0,0.0,0.0,0.0,12.0,1.0,698.0,3.0,00-0029614,133.0
2013,34,0.0,0.0,0.0,0.0,1.0,8.0,0.0,569.0,0.0,00-0029614,89.7
2014,11,0.0,0.0,0.0,0.0,0.0,4.0,0.0,159.0,1.0,00-0029614,33.3
2015,20,0.0,0.0,0.0,0.0,0.0,18.0,0.0,353.0,1.0,00-0029614,63.10000000000001
2012,3,0.0,0.0,0.0,0.0,1.0,54.0,0.0,16.0,0.0,00-0029626,8.0
2013,11,0.0,0.0,0.0,0.0,0.0,21.0,1.0,78.0,0.0,00-0029626,22.9
2015,0,0.0,0.0,0.0,0.0,1.0,3.0,0.0,0.0,0.0,00-0029626,-1.7
2016,1,0.0,0.0,0.0,0.0,0.0,22.0,0.0,6.0,0.0,00-0029626,3.8000000000000003
2012,2,0.0,0.0,0.0,0.0,0.0,6.0,0.0,7.0,0.0,00-0029510,3.3000000000000003
2013,6,0.0,0.0,1.0,0.0,1.0,73.0,0.0,76.0,0.0,00-0029510,24.900000000000002
2014,6,0.0,0.0,0.0,0.0,0.0,153.0,0.0,86.0,0.0,00-0029510,29.9
2015,26,0.0,0.0,1.0,0.0,0.0,282.0,1.0,173.0,1.0,00-0029510,85.5
2016,13,0.0,0.0,0.0,0.0,0.0,105.0,0.0,94.0,0.0,00-0029510,32.9
2012,0,0.0,0.0,0.0,0.0,1.0,0.0,0.0,0.0,0.0,00-0027647,-2.0
2012,15,0.0,0.0,0.0,0.0,0.0,7.0,0.0,137.0,1.0,00-0028841,35.4
2013,8,0.0,0.0,0.0,0.0,0.0,0.0,0.0,41.0,1.0,00-0028841,18.1
2014,6,0.0,0.0,0.0,0.0,0.0,0.0,0.0,41.0,0.0,00-0028841,10.100000000000001
2015,2,0.0,0.0,1.0,0.0,0.0,7.0,1.0,16.0,0.0,00-0028841,12.299999999999999
2012,11,0.0,0.0,0.0,0.0,0.0,14.0,0.0,237.0,3.0,00-0028116,54.1
2013,18,0.0,0.0,0.0,0.0,0.0,-4.0,0.0,365.0,2.0,00-0028116,66.1
2014,1,0.0,0.0,0.0,0.0,0.0,0.0,0.0,6.0,0.0,00-0028116,1.6
2016,20,0.0,0.0,0.0,0.0,0.0,0.0,0.0,323.0,2.0,00-0028116,64.30000000000001
2017,19,0.0,0.0,0.0,0.0,0.0,0.0,0.0,260.0,2.0,00-0028116,57.0
2018,17,0.0,0.0,0.0,0.0,0.0,0.0,0.0,231.0,5.0,00-0028116,70.1
2012,0,17.0,0.0,0.0,1.0,0.0,-9.0,0.0,0.0,0.0,00-0028012,-2.2199999999999998
2014,0,400.0,2.0,0.0,2.0,0.0,-2.0,0.0,0.0,0.0,00-0028012,19.8
2015,0,1336.0,5.0,1.0,6.0,0.0,15.0,1.0,0.0,0.0,00-0028012,70.94
2016,0,26.0,0.0,0.0,1.0,0.0,-6.0,0.0,0.0,0.0,00-0028012,-1.56
2017,0,56.0,2.0,0.0,0.0,0.0,-3.0,0.0,0.0,0.0,00-0028012,9.94
2010,6,0.0,0.0,0.0,0.0,0.0,0.0,0.0,93.0,1.0,00-0027789,21.3
2011,35,0.0,0.0,0.0,0.0,0.0,0.0,0.0,387.0,6.0,00-0027789,109.7
2012,2,0.0,0.0,0.0,0.0,0.0,1.0,0.0,22.0,0.0,00-0027789,4.300000000000001
2012,5,0.0,0.0,0.0,0.0,1.0,5.0,0.0,44.0,0.0,00-0029205,7.9
2013,2,0.0,0.0,0.0,0.0,0.0,0.0,0.0,5.0,1.0,00-0029205,8.5
2014,38,0.0,0.0,0.0,0.0,2.0,32.0,0.0,296.0,1.0,00-0029205,72.80000000000001
2015,17,0.0,0.0,0.0,0.0,1.0,28.0,0.0,214.0,1.0,00-0029205,45.2
2016,40,0.0,0.0,0.0,0.0,0.0,19.0,0.0,281.0,4.0,00-0029205,94.0
2017,16,0.0,0.0,0.0,0.0,0.0,96.0,0.0,119.0,0.0,00-0029205,37.5
2018,1,0.0,0.0,0.0,0.0,0.0,17.0,0.0,5.0,0.0,00-0029205,3.2
2012,0,0.0,0.0,0.0,0.0,0.0,-1.0,0.0,0.0,0.0,00-0023001,-0.1
2013,0,0.0,0.0,0.0,0.0,0.0,-12.0,0.0,0.0,0.0,00-0023001,-1.2000000000000002
2012,0,1699.0,6.0,1.0,5.0,3.0,42.0,0.0,0.0,0.0,00-0029567,86.16000000000001
2013,0,2891.0,27.0,3.0,2.0,2.0,221.0,2.0,0.0,0.0,00-0029567,259.74
2014,0,2163.0,13.0,0.0,10.0,3.0,68.0,0.0,0.0,0.0,00-0029567,119.31999999999998
2015,0,2052.0,7.0,1.0,10.0,2.0,20.0,1.0,0.0,0.0,00-0029567,96.08
2016,0,410.0,3.0,0.0,0.0,0.0,-4.0,0.0,0.0,0.0,00-0029567,28.0
2017,0,537.0,5.0,0.0,2.0,2.0,3.0,0.0,0.0,0.0,00-0029567,33.78
2018,1,1413.0,7.0,0.0,4.0,2.0,17.0,0.0,15.0,0.0,00-0029567,76.72000000000001
2019,0,736.0,3.0,0.0,2.0,2.0,23.0,1.0,0.0,0.0,00-0029567,37.739999999999995
2020,0,1852.0,10.0,1.0,8.0,0.0,1.0,0.0,0.0,0.0,00-0029567,104.17999999999999
2021,0,250.0,1.0,0.0,0.0,0.0,8.0,1.0,0.0,0.0,00-0029567,16.8
2022,0,225.0,0.0,0.0,4.0,0.0,8.0,0.0,0.0,0.0,00-0029567,1.8
2012,22,0.0,0.0,0.0,0.0,0.0,11.0,0.0,310.0,2.0,00-0029572,66.1
2013,26,0.0,0.0,0.0,0.0,0.0,0.0,0.0,434.0,3.0,00-0029572,87.4
2014,42,0.0,0.0,0.0,0.0,0.0,71.0,0.0,588.0,2.0,00-0029572,119.9
2015,34,0.0,0.0,0.0,0.0,1.0,29.0,0.0,442.0,0.0,00-0029572,79.1
2016,11,0.0,0.0,0.0,0.0,0.0,0.0,0.0,67.0,1.0,00-0029572,23.7
2017,18,0.0,0.0,0.0,0.0,0.0,0.0,0.0,198.0,2.0,00-0029572,49.8
2018,43,0.0,0.0,0.0,0.0,1.0,39.0,1.0,447.0,1.0,00-0029572,97.6
2019,28,0.0,0.0,0.0,0.0,0.0,-7.0,0.0,296.0,0.0,00-0029572,56.900000000000006
2012,0,0.0,0.0,0.0,0.0,0.0,0.0,0.0,0.0,0.0,00-0028044,0.0
2012,8,0.0,0.0,0.0,0.0,0.0,101.0,0.0,62.0,0.0,00-0029441,24.3
2013,2,0.0,0.0,1.0,0.0,0.0,2.0,0.0,6.0,0.0,00-0029441,8.799999999999999
2014,0,0.0,0.0,0.0,0.0,0.0,22.0,0.0,0.0,0.0,00-0029441,2.2
2009,2,0.0,0.0,0.0,0.0,0.0,0.0,0.0,4.0,0.0,00-0027106,2.4
2010,3,0.0,0.0,0.0,0.0,0.0,0.0,0.0,26.0,0.0,00-0027106,5.6
2011,3,0.0,0.0,0.0,0.0,0.0,0.0,0.0,30.0,0.0,00-0027106,6.0
2012,5,0.0,0.0,0.0,0.0,0.0,5.0,0.0,40.0,0.0,00-0027106,9.5
2013,0,0.0,0.0,0.0,0.0,0.0,0.0,0.0,0.0,0.0,00-0027106,0.0
2012,0,752.0,0.0,0.0,7.0,2.0,7.0,0.0,0.0,0.0,00-0029531,12.780000000000001
2014,0,562.0,2.0,0.0,4.0,0.0,0.0,0.0,0.0,0.0,00-0029531,22.48
2015,0,58.0,1.0,0.0,0.0,0.0,0.0,0.0,0.0,0.0,00-0029531,6.32
2012,0,0.0,0.0,0.0,0.0,0.0,7.0,0.0,0.0,0.0,00-0028646,0.7000000000000001
2012,1,0.0,0.0,0.0,0.0,0.0,5.0,0.0,3.0,0.0,00-0028345,1.8
2013,1,0.0,0.0,0.0,0.0,0.0,0.0,0.0,6.0,0.0,00-0028345,1.6
2014,8,0.0,0.0,0.0,0.0,0.0,11.0,0.0,140.0,0.0,00-0028345,23.1
2012,0,0.0,0.0,0.0,0.0,0.0,-4.0,0.0,0.0,0.0,00-0026346,-0.4
2012,0,0.0,0.0,0.0,0.0,1.0,0.0,0.0,0.0,0.0,00-0029416,-2.0
2012,19,0.0,0.0,0.0,0.0,0.0,0.0,0.0,298.0,3.0,00-0029262,66.8
2013,41,0.0,0.0,0.0,0.0,1.0,0.0,0.0,611.0,6.0,00-0029262,136.1
2014,71,0.0,0.0,0.0,0.0,0.0,0.0,0.0,938.0,3.0,00-0029262,182.8
2015,57,0.0,0.0,0.0,0.0,0.0,0.0,0.0,801.0,8.0,00-0029262,185.10000000000002
2012,64,0.0,0.0,0.0,0.0,1.0,4.0,0.0,626.0,4.0,00-0029708,149.0
2013,94,0.0,0.0,0.0,0.0,0.0,0.0,0.0,1079.0,2.0,00-0029708,213.9
2014,57,0.0,0.0,0.0,0.0,1.0,54.0,0.0,715.0,6.0,00-0029708,167.9
2015,36,0.0,0.0,0.0,0.0,0.0,17.0,0.0,408.0,3.0,00-0029708,96.5
2016,29,0.0,0.0,0.0,0.0,0.0,15.0,0.0,416.0,3.0,00-0029708,90.1
2017,59,0.0,0.0,0.0,0.0,0.0,0.0,0.0,614.0,1.0,00-0029708,126.4
2012,64,0.0,0.0,0.0,0.0,0.0,23.0,1.0,865.0,5.0,00-0029707,184.8
2013,29,0.0,0.0,0.0,0.0,0.0,-1.0,0.0,415.0,1.0,00-0029707,76.4
2012,0,214.0,1.0,0.0,1.0,1.0,30.0,0.0,0.0,0.0,00-0028146,11.56
2012,0,0.0,0.0,0.0,0.0,1.0,0.0,0.0,0.0,0.0,00-0028144,-2.0
2012,1,0.0,0.0,0.0,0.0,1.0,8.0,0.0,15.0,0.0,00-0026577,1.3
2013,8,0.0,0.0,0.0,0.0,0.0,18.0,0.0,97.0,1.0,00-0026577,25.5
2014,0,0.0,0.0,0.0,0.0,1.0,0.0,0.0,0.0,0.0,00-0026577,-2.0
2015,0,0.0,0.0,0.0,0.0,2.0,-1.0,0.0,0.0,0.0,00-0026577,-4.1
2012,0,0.0,0.0,0.0,0.0,0.0,0.0,0.0,0.0,0.0,00-0027350,0.0
2012,18,0.0,0.0,0.0,0.0,0.0,47.0,0.0,201.0,1.0,00-0029293,48.8
2013,51,0.0,0.0,0.0,0.0,0.0,65.0,0.0,712.0,10.0,00-0029293,188.7
2015,65,0.0,0.0,0.0,0.0,0.0,33.0,0.0,816.0,4.0,00-0029293,173.9
2016,55,0.0,0.0,0.0,0.0,0.0,3.0,0.0,930.0,4.0,00-0029293,172.3
2017,61,0.0,0.0,0.0,0.0,0.0,0.0,0.0,1101.0,9.0,00-0029293,225.10000000000002
2018,35,0.0,0.0,0.0,0.0,0.0,0.0,0.0,508.0,5.0,00-0029293,115.80000000000001
2019,62,0.0,0.0,0.0,0.0,0.0,0.0,0.0,779.0,9.0,00-0029293,193.9
2020,76,0.0,0.0,0.0,0.0,0.0,0.0,0.0,978.0,9.0,00-0029293,227.8
2021,66,0.0,0.0,0.0,0.0,0.0,0.0,0.0,744.0,3.0,00-0029293,158.4
2022,44,0.0,0.0,0.0,0.0,0.0,0.0,0.0,500.0,3.0,00-0029293,112.0
2023,5,0.0,0.0,0.0,0.0,1.0,0.0,0.0,35.0,0.0,00-0029293,6.5
2012,3,0.0,0.0,0.0,0.0,0.0,125.0,0.0,29.0,0.0,00-0029260,18.4
2013,2,0.0,0.0,0.0,0.0,0.0,59.0,0.0,16.0,0.0,00-0029260,9.5
2014,0,0.0,0.0,0.0,0.0,0.0,9.0,0.0,0.0,0.0,00-0029260,0.9
2015,0,0.0,0.0,0.0,0.0,0.0,0.0,0.0,0.0,0.0,00-0029260,0.0
2011,0,0.0,0.0,0.0,0.0,0.0,0.0,0.0,0.0,0.0,00-0028021,0.0
2012,3,0.0,0.0,0.0,0.0,0.0,6.0,0.0,22.0,0.0,00-0028021,5.800000000000001
2013,29,0.0,0.0,1.0,0.0,1.0,57.0,0.0,329.0,2.0,00-0028021,83.6
2014,6,0.0,0.0,0.0,0.0,0.0,-2.0,0.0,40.0,0.0,00-0028021,9.8
2012,0,0.0,0.0,0.0,0.0,0.0,92.0,0.0,0.0,0.0,00-0028416,9.200000000000001
2012,1,0.0,0.0,0.0,0.0,0.0,8.0,0.0,0.0,0.0,00-0028121,1.8
2013,14,0.0,0.0,2.0,0.0,0.0,256.0,0.0,116.0,1.0,00-0028121,69.2
2014,25,0.0,0.0,1.0,0.0,0.0,186.0,0.0,198.0,1.0,00-0028121,75.4
2015,0,0.0,0.0,0.0,0.0,0.0,22.0,0.0,0.0,0.0,00-0028121,2.2
2016,0,0.0,0.0,0.0,0.0,0.0,59.0,0.0,0.0,0.0,00-0028121,5.9
2010,20,0.0,0.0,0.0,0.0,0.0,0.0,0.0,306.0,1.0,00-0027912,56.6
2011,26,0.0,0.0,0.0,0.0,0.0,0.0,0.0,431.0,2.0,00-0027912,81.1
2012,37,0.0,0.0,0.0,0.0,0.0,0.0,0.0,658.0,7.0,00-0027912,144.8
2012,31,0.0,0.0,0.0,0.0,0.0,5.0,0.0,322.0,1.0,00-0029660,69.7
2013,23,0.0,0.0,0.0,0.0,1.0,14.0,0.0,361.0,2.0,00-0029660,70.5
2014,3,0.0,0.0,0.0,0.0,0.0,0.0,0.0,87.0,1.0,00-0029660,17.700000000000003
2015,4,0.0,0.0,0.0,0.0,0.0,0.0,0.0,24.0,0.0,00-0029660,6.4
2012,0,0.0,0.0,0.0,0.0,0.0,0.0,0.0,0.0,0.0,00-0019310,0.0
2012,0,0.0,0.0,0.0,0.0,1.0,0.0,0.0,0.0,0.0,00-0028424,-2.0
2012,0,0.0,0.0,0.0,0.0,0.0,5.0,0.0,0.0,0.0,00-0029588,0.5
2013,1,0.0,0.0,0.0,0.0,0.0,33.0,0.0,57.0,0.0,00-0029588,10.0
2014,21,0.0,0.0,1.0,0.0,2.0,351.0,0.0,173.0,0.0,00-0029588,75.4
2015,9,0.0,0.0,0.0,0.0,0.0,79.0,0.0,47.0,0.0,00-0029588,21.599999999999998
2012,0,0.0,0.0,0.0,0.0,0.0,0.0,0.0,0.0,0.0,00-0029268,0.0
2013,0,0.0,0.0,0.0,0.0,1.0,0.0,0.0,0.0,0.0,00-0029268,-2.0
2014,0,0.0,0.0,0.0,0.0,1.0,0.0,0.0,0.0,0.0,00-0029268,-2.0
2012,1,155.0,2.0,1.0,1.0,0.0,51.0,0.0,22.0,0.0,00-0028825,26.5
2013,0,1798.0,7.0,2.0,11.0,2.0,576.0,0.0,0.0,0.0,00-0028825,143.52
2015,1,0.0,0.0,0.0,0.0,0.0,-1.0,0.0,42.0,0.0,00-0028825,5.1000000000000005
2016,77,41.0,0.0,1.0,0.0,0.0,21.0,1.0,1007.0,4.0,00-0028825,213.44
2017,20,0.0,0.0,0.0,0.0,0.0,0.0,0.0,240.0,1.0,00-0028825,50.0
2018,16,0.0,0.0,0.0,0.0,0.0,-1.0,0.0,252.0,2.0,00-0028825,53.1
2012,0,0.0,0.0,0.0,0.0,0.0,31.0,0.0,0.0,0.0,00-0025513,3.1
2013,0,0.0,0.0,0.0,0.0,0.0,22.0,0.0,0.0,0.0,00-0025513,2.2
2012,0,0.0,0.0,0.0,0.0,0.0,18.0,0.0,0.0,0.0,00-0029422,1.8
2012,0,0.0,0.0,0.0,0.0,1.0,0.0,0.0,0.0,0.0,00-0026907,-2.0
2009,0,0.0,0.0,0.0,0.0,0.0,0.0,0.0,0.0,0.0,00-0026282,0.0
2012,0,0.0,0.0,0.0,0.0,0.0,0.0,0.0,0.0,0.0,00-0026282,0.0
2012,17,0.0,0.0,0.0,0.0,0.0,0.0,1.0,222.0,1.0,00-0028114,47.2
2013,9,0.0,0.0,0.0,0.0,1.0,6.0,0.0,80.0,2.0,00-0028114,27.6
2014,7,0.0,0.0,0.0,0.0,2.0,7.0,0.0,116.0,0.0,00-0028114,15.3
2015,36,0.0,0.0,0.0,0.0,0.0,12.0,0.0,396.0,4.0,00-0028114,100.80000000000001
2016,1,0.0,0.0,0.0,0.0,1.0,0.0,0.0,13.0,1.0,00-0028114,6.3
2018,6,0.0,0.0,0.0,0.0,0.0,12.0,0.0,40.0,0.0,00-0028114,11.2
2019,1,0.0,0.0,0.0,0.0,0.0,0.0,0.0,7.0,0.0,00-0028114,1.7000000000000002
2020,0,0.0,0.0,0.0,0.0,1.0,0.0,0.0,0.0,0.0,00-0028114,-2.0
2012,10,0.0,0.0,0.0,0.0,0.0,1.0,0.0,379.0,3.0,00-0028532,66.0
2014,4,0.0,0.0,0.0,0.0,0.0,67.0,0.0,92.0,0.0,00-0028532,19.9
2012,0,204.0,1.0,0.0,1.0,0.0,3.0,0.0,0.0,0.0,00-0027253,10.46
2013,0,1092.0,4.0,1.0,3.0,3.0,52.0,0.0,0.0,0.0,00-0027253,58.88
2012,0,0.0,0.0,0.0,0.0,0.0,35.0,0.0,0.0,0.0,00-0023316,3.5
2012,0,0.0,0.0,0.0,0.0,0.0,19.0,0.0,0.0,0.0,00-0028876,1.9000000000000001
2013,6,0.0,0.0,0.0,0.0,0.0,0.0,0.0,32.0,0.0,00-0028876,9.2
2012,1,0.0,0.0,0.0,0.0,0.0,0.0,0.0,23.0,0.0,00-0028292,3.3000000000000003
2017,1,0.0,0.0,0.0,0.0,0.0,0.0,0.0,1.0,1.0,00-0028292,7.1
2018,4,0.0,0.0,0.0,0.0,0.0,0.0,0.0,15.0,0.0,00-0028292,5.5
2019,2,0.0,0.0,0.0,0.0,0.0,0.0,0.0,23.0,1.0,00-0028292,10.3
2020,1,0.0,0.0,0.0,0.0,0.0,5.0,0.0,9.0,0.0,00-0028292,2.4
2021,1,0.0,0.0,0.0,0.0,0.0,0.0,0.0,4.0,0.0,00-0028292,1.4
2010,8,0.0,0.0,0.0,0.0,0.0,0.0,0.0,111.0,0.0,00-0027156,19.1
2011,3,0.0,0.0,0.0,0.0,0.0,0.0,0.0,30.0,0.0,00-0027156,6.0
2012,28,0.0,0.0,0.0,0.0,0.0,1.0,0.0,425.0,2.0,00-0027156,82.6
2013,24,0.0,0.0,0.0,0.0,0.0,0.0,0.0,440.0,4.0,00-0027156,92.0
2013,6,0.0,0.0,0.0,0.0,1.0,40.0,0.0,67.0,1.0,00-0028249,20.7
2014,24,0.0,0.0,0.0,0.0,2.0,-1.0,0.0,314.0,1.0,00-0028249,57.3
2015,9,0.0,0.0,0.0,0.0,3.0,2.0,0.0,88.0,0.0,00-0028249,12.0
2016,4,0.0,0.0,0.0,0.0,0.0,0.0,0.0,37.0,1.0,00-0028249,13.7
2016,0,0.0,0.0,0.0,0.0,0.0,0.0,0.0,0.0,0.0,00-0029597,0.0
2013,26,0.0,0.0,7.0,0.0,1.0,973.0,0.0,141.0,1.0,00-0030536,183.4
2014,18,0.0,0.0,1.0,0.0,2.0,293.0,0.0,152.0,0.0,00-0030536,64.5
2015,9,0.0,0.0,1.0,0.0,0.0,89.0,0.0,65.0,0.0,00-0030536,30.4
2013,40,0.0,0.0,1.0,0.0,1.0,151.0,0.0,418.0,4.0,00-0030525,124.9
2014,31,0.0,0.0,2.0,0.0,0.0,224.0,0.0,242.0,0.0,00-0030525,89.60000000000001
2015,52,0.0,0.0,4.0,0.0,2.0,434.0,0.0,473.0,5.0,00-0030525,192.70000000000002
2016,58,0.0,0.0,1.0,0.0,1.0,159.0,0.0,509.0,3.0,00-0030525,146.8
2017,13,0.0,0.0,1.0,0.0,4.0,270.0,0.0,43.0,0.0,00-0030525,42.3
2018,8,0.0,0.0,0.0,0.0,0.0,55.0,0.0,140.0,2.0,00-0030525,39.5
2019,13,0.0,0.0,1.0,0.0,0.0,47.0,0.0,177.0,1.0,00-0030525,47.4
2020,5,0.0,0.0,0.0,0.0,1.0,0.0,0.0,20.0,0.0,00-0030525,5.0
2021,24,0.0,0.0,0.0,0.0,1.0,21.0,0.0,213.0,1.0,00-0030525,51.400000000000006
2013,20,0.0,0.0,4.0,0.0,3.0,559.0,0.0,145.0,0.0,00-0030522,108.4
2014,9,0.0,0.0,1.0,0.0,1.0,172.0,0.0,62.0,0.0,00-0030522,36.4
2013,56,0.0,0.0,5.0,0.0,1.0,695.0,0.0,514.0,3.0,00-0030456,222.9
2014,43,0.0,0.0,5.0,0.0,0.0,680.0,0.0,349.0,2.0,00-0030456,187.9
2015,49,0.0,0.0,2.0,0.0,0.0,730.0,0.0,472.0,0.0,00-0030456,181.2
2016,39,0.0,0.0,2.0,0.0,1.0,337.0,0.0,336.0,1.0,00-0030456,122.30000000000001
2017,43,0.0,0.0,2.0,0.0,0.0,458.0,0.0,381.0,2.0,00-0030456,150.9
2018,35,0.0,0.0,3.0,0.0,0.0,211.0,0.0,218.0,0.0,00-0030456,95.89999999999999
2019,30,0.0,0.0,0.0,0.0,1.0,170.0,0.0,234.0,0.0,00-0030456,68.4
2020,47,0.0,0.0,3.0,0.0,1.0,416.0,0.0,355.0,3.0,00-0030456,158.1
2021,23,0.0,0.0,0.0,0.0,0.0,58.0,0.0,123.0,3.0,00-0030456,59.099999999999994
2022,0,0.0,0.0,0.0,0.0,0.0,0.0,0.0,0.0,0.0,00-0030456,0.0
2013,35,0.0,0.0,11.0,0.0,1.0,1178.0,0.0,257.0,0.0,00-0030485,242.5
2014,42,0.0,0.0,9.0,0.0,2.0,1139.0,0.0,427.0,4.0,00-0030485,272.6
2015,20,0.0,0.0,3.0,0.0,2.0,758.0,0.0,188.0,2.0,00-0030485,140.6
2016,4,0.0,0.0,0.0,0.0,0.0,360.0,0.0,28.0,0.0,00-0030485,42.8
2017,6,0.0,0.0,0.0,0.0,0.0,179.0,0.0,47.0,0.0,00-0030485,28.6
2013,0,0.0,0.0,0.0,0.0,0.0,8.0,0.0,0.0,0.0,00-0028082,0.8
2013,0,0.0,0.0,0.0,0.0,2.0,66.0,0.0,0.0,0.0,00-0030547,2.6000000000000005
2014,23,0.0,0.0,4.0,0.0,2.0,582.0,0.0,124.0,0.0,00-0030547,113.60000000000001
2015,21,0.0,0.0,1.0,0.0,1.0,266.0,0.0,164.0,0.0,00-0030547,68.0
2016,3,0.0,0.0,0.0,0.0,0.0,144.0,0.0,22.0,0.0,00-0030547,19.599999999999998
2013,11,0.0,0.0,4.0,0.0,1.0,242.0,0.0,75.0,0.0,00-0030280,64.7
2014,16,0.0,0.0,6.0,0.0,2.0,463.0,0.0,147.0,1.0,00-0030280,115.00000000000001
2015,2,0.0,0.0,1.0,0.0,0.0,72.0,0.0,24.0,0.0,00-0030280,17.6
2016,5,0.0,0.0,0.0,0.0,0.0,28.0,0.0,25.0,0.0,00-0030280,10.3
2013,0,0.0,0.0,0.0,0.0,1.0,3.0,0.0,0.0,0.0,00-0030092,-1.7
2014,0,27.0,0.0,0.0,0.0,0.0,0.0,0.0,0.0,0.0,00-0030092,1.08
2018,0,0.0,0.0,0.0,0.0,0.0,0.0,0.0,0.0,0.0,00-0030092,0.0
2020,0,0.0,0.0,0.0,0.0,0.0,0.0,0.0,0.0,0.0,00-0030092,0.0
2013,0,1972.0,11.0,2.0,9.0,3.0,186.0,2.0,0.0,0.0,00-0030526,133.48
2014,0,838.0,5.0,1.0,3.0,0.0,52.0,0.0,0.0,0.0,00-0030526,58.720000000000006
2015,0,561.0,3.0,1.0,3.0,1.0,64.0,0.0,0.0,0.0,00-0030526,38.839999999999996
2016,0,131.0,0.0,0.0,0.0,1.0,22.0,1.0,0.0,0.0,00-0030526,7.44
2017,0,265.0,1.0,0.0,1.0,0.0,15.0,0.0,0.0,0.0,00-0030526,14.1
2013,0,0.0,0.0,0.0,0.0,1.0,0.0,0.0,0.0,0.0,00-0025608,-2.0
2012,39,0.0,0.0,0.0,0.0,1.0,0.0,1.0,584.0,3.0,00-0029129,115.4
2013,60,0.0,0.0,0.0,0.0,1.0,17.0,0.0,882.0,4.0,00-0029129,171.9
2014,9,0.0,0.0,0.0,0.0,0.0,0.0,0.0,84.0,1.0,00-0029129,23.4
2015,1,0.0,0.0,0.0,0.0,0.0,0.0,0.0,8.0,0.0,00-0029129,1.8
2016,18,0.0,0.0,0.0,0.0,0.0,0.0,0.0,191.0,2.0,00-0029129,49.1
2018,0,0.0,0.0,0.0,0.0,0.0,-11.0,0.0,0.0,0.0,00-0029129,-1.1
2013,0,0.0,0.0,0.0,0.0,1.0,0.0,0.0,0.0,0.0,00-0028081,-2.0
2013,1,3046.0,12.0,6.0,21.0,4.0,366.0,0.0,13.0,0.0,00-0030565,194.74
2014,0,2525.0,13.0,1.0,13.0,3.0,238.0,0.0,0.0,0.0,00-0030565,150.8
2015,0,265.0,2.0,0.0,1.0,0.0,34.0,0.0,0.0,0.0,00-0030565,20.0
2016,0,126.0,1.0,0.0,1.0,0.0,9.0,0.0,0.0,0.0,00-0030565,7.9399999999999995
2017,0,212.0,1.0,0.0,0.0,2.0,12.0,0.0,0.0,0.0,00-0030565,9.68
2018,0,8.0,0.0,0.0,0.0,1.0,2.0,0.0,0.0,0.0,00-0030565,-1.48
2020,0,33.0,0.0,0.0,0.0,0.0,-2.0,0.0,0.0,0.0,00-0030565,1.12
2021,0,702.0,5.0,1.0,1.0,1.0,42.0,0.0,0.0,0.0,00-0030565,54.28
2022,0,4069.0,29.0,1.0,9.0,4.0,315.0,0.0,0.0,0.0,00-0030565,290.26
2023,1,3435.0,18.0,1.0,9.0,3.0,127.0,1.0,-2.0,0.0,00-0030565,206.9
2024,0,4097.0,17.0,2.0,15.0,0.0,258.0,0.0,0.0,0.0,00-0030565,239.68
2013,40,0.0,0.0,0.0,0.0,0.0,16.0,1.0,587.0,3.0,00-0030431,120.30000000000001
2014,65,0.0,0.0,0.0,0.0,1.0,0.0,1.0,699.0,5.0,00-0030431,164.9
2015,47,0.0,0.0,0.0,0.0,1.0,0.0,0.0,552.0,3.0,00-0030431,118.2
2016,51,0.0,0.0,0.0,0.0,0.0,6.0,0.0,613.0,1.0,00-0030431,118.9
2017,56,0.0,0.0,0.0,0.0,1.0,12.0,0.0,781.0,5.0,00-0030431,163.3
2018,86,0.0,0.0,1.0,0.0,0.0,157.0,0.0,1219.0,6.0,00-0030431,265.6
2019,90,0.0,0.0,1.0,0.0,0.0,115.0,0.0,1134.0,2.0,00-0030431,232.9
2020,90,0.0,0.0,2.0,0.0,2.0,155.0,0.0,936.0,6.0,00-0030431,243.10000000000002
2021,45,0.0,0.0,1.0,0.0,0.0,46.0,1.0,556.0,4.0,00-0030431,137.2
2022,49,0.0,0.0,0.0,0.0,1.0,0.0,0.0,487.0,2.0,00-0030431,107.7
2023,40,0.0,0.0,0.0,0.0,0.0,7.0,0.0,426.0,1.0,00-0030431,89.30000000000001
2024,18,0.0,0.0,0.0,0.0,0.0,0.0,0.0,164.0,0.0,00-0030431,34.400000000000006
2013,44,0.0,0.0,0.0,0.0,2.0,4.0,1.0,736.0,5.0,00-0030542,146.0
2014,37,0.0,0.0,0.0,0.0,0.0,0.0,0.0,621.0,8.0,00-0030542,147.1
2015,52,0.0,0.0,0.0,0.0,0.0,0.0,0.0,840.0,3.0,00-0030542,154.0
2016,44,0.0,0.0,0.0,0.0,1.0,0.0,0.0,594.0,4.0,00-0030542,125.4
2017,53,0.0,0.0,0.0,0.0,0.0,15.0,0.0,568.0,0.0,00-0030542,111.30000000000001
2018,2,0.0,0.0,0.0,0.0,0.0,0.0,0.0,18.0,0.0,00-0030542,3.8
2013,39,0.0,0.0,3.0,0.0,0.0,652.0,0.0,371.0,1.0,00-0030287,165.29999999999998
2014,46,0.0,0.0,3.0,0.0,2.0,660.0,0.0,395.0,2.0,00-0030287,177.5
2015,15,0.0,0.0,3.0,0.0,1.0,289.0,0.0,148.0,0.0,00-0030287,74.7
2016,12,0.0,0.0,0.0,0.0,0.0,96.0,0.0,85.0,0.0,00-0030287,30.1
2017,39,0.0,0.0,1.0,0.0,0.0,55.0,0.0,369.0,0.0,00-0030287,87.4
2013,8,0.0,0.0,0.0,0.0,0.0,115.0,0.0,71.0,0.0,00-0030282,26.6
2014,11,0.0,0.0,1.0,0.0,0.0,208.0,1.0,79.0,3.0,00-0030282,65.69999999999999
2015,1,0.0,0.0,0.0,0.0,0.0,58.0,0.0,4.0,0.0,00-0030282,7.200000000000001
2016,0,0.0,0.0,0.0,0.0,0.0,12.0,0.0,0.0,0.0,00-0030282,1.2000000000000002
2011,2,0.0,0.0,0.0,0.0,0.0,0.0,0.0,38.0,0.0,00-0028174,5.800000000000001
2012,5,0.0,0.0,0.0,0.0,0.0,0.0,0.0,35.0,1.0,00-0028174,14.5
2013,8,0.0,0.0,0.0,0.0,0.0,-9.0,0.0,76.0,0.0,00-0028174,14.7
2011,16,0.0,0.0,0.0,0.0,0.0,0.0,0.0,233.0,3.0,00-0028112,57.3
2012,18,0.0,0.0,0.0,0.0,0.0,0.0,0.0,212.0,2.0,00-0028112,51.2
2013,69,0.0,0.0,1.0,0.0,0.0,15.0,0.0,759.0,6.0,00-0028112,188.4
2014,58,0.0,0.0,0.0,0.0,0.0,0.0,0.0,605.0,3.0,00-0028112,136.5
2015,51,0.0,0.0,0.0,0.0,0.0,0.0,0.0,528.0,3.0,00-0028112,121.80000000000001
2016,57,0.0,0.0,0.0,0.0,0.0,0.0,0.0,552.0,4.0,00-0028112,136.2
2017,49,0.0,0.0,0.0,0.0,0.0,0.0,0.0,558.0,2.0,00-0028112,116.80000000000001
2018,21,0.0,0.0,0.0,0.0,1.0,0.0,0.0,184.0,0.0,00-0028112,37.400000000000006
2019,18,0.0,0.0,0.0,0.0,0.0,0.0,0.0,237.0,1.0,00-0028112,47.7
2012,24,0.0,0.0,0.0,0.0,0.0,0.0,0.0,367.0,3.0,00-0029137,78.7
2013,89,0.0,0.0,0.0,0.0,1.0,105.0,1.0,1421.0,7.0,00-0029137,283.6
2014,85,0.0,0.0,0.0,0.0,0.0,33.0,0.0,1133.0,10.0,00-0029137,261.6
2015,54,0.0,0.0,0.0,0.0,0.0,0.0,0.0,807.0,4.0,00-0029137,158.7
2016,52,0.0,0.0,0.0,0.0,0.0,0.0,0.0,821.0,2.0,00-0029137,146.10000000000002
2017,57,0.0,0.0,0.0,0.0,0.0,0.0,3.0,789.0,9.0,00-0029137,195.9
2018,65,0.0,0.0,0.0,0.0,0.0,0.0,0.0,840.0,6.0,00-0029137,185.0
2019,43,0.0,0.0,1.0,0.0,0.0,2.0,0.0,490.0,4.0,00-0029137,122.2
2020,6,0.0,0.0,0.0,0.0,0.0,0.0,0.0,115.0,1.0,00-0029137,23.5
2008,55,0.0,0.0,0.0,0.0,0.0,0.0,0.0,627.0,5.0,00-0026178,147.7
2009,51,0.0,0.0,0.0,0.0,0.0,0.0,0.0,574.0,7.0,00-0026178,150.4
2010,31,0.0,0.0,0.0,0.0,0.0,0.0,0.0,318.0,1.0,00-0026178,68.8
2012,8,0.0,0.0,0.0,0.0,0.0,0.0,0.0,43.0,0.0,00-0026178,12.3
2013,32,0.0,0.0,0.0,0.0,1.0,0.0,0.0,344.0,1.0,00-0026178,70.4
2014,33,0.0,0.0,0.0,0.0,0.0,0.0,1.0,350.0,1.0,00-0026178,76.0
2013,11,0.0,0.0,0.0,0.0,0.0,62.0,0.0,69.0,0.0,00-0030112,24.1
2014,2,0.0,0.0,0.0,0.0,0.0,3.0,0.0,30.0,0.0,00-0030112,5.3
2015,4,0.0,0.0,0.0,0.0,0.0,2.0,0.0,56.0,0.0,00-0030112,9.8
2017,6,0.0,0.0,2.0,0.0,0.0,5.0,0.0,43.0,1.0,00-0030112,28.8
2018,6,0.0,0.0,0.0,0.0,0.0,0.0,0.0,41.0,0.0,00-0030112,10.100000000000001
2013,21,0.0,0.0,0.0,0.0,0.0,79.0,0.0,155.0,2.0,00-0029731,56.4
2014,5,0.0,0.0,1.0,0.0,0.0,145.0,0.0,60.0,1.0,00-0029731,37.5
2015,12,0.0,0.0,1.0,0.0,0.0,108.0,0.0,64.0,0.0,00-0029731,35.2
2016,25,0.0,0.0,0.0,0.0,1.0,265.0,0.0,226.0,0.0,00-0029731,72.1
2017,5,0.0,0.0,0.0,0.0,0.0,18.0,0.0,47.0,1.0,00-0029731,17.5
2013,0,0.0,0.0,0.0,0.0,0.0,10.0,0.0,0.0,0.0,00-0030414,1.0
2015,6,0.0,0.0,6.0,0.0,0.0,403.0,0.0,5.0,0.0,00-0030414,82.80000000000001
2016,33,0.0,0.0,3.0,0.0,3.0,921.0,0.0,447.0,2.0,00-0030414,193.8
2018,20,0.0,0.0,2.0,0.0,0.0,246.0,0.0,224.0,0.0,00-0030414,79.0
2019,5,0.0,0.0,0.0,0.0,0.0,51.0,0.0,22.0,0.0,00-0030414,12.3
2013,6,0.0,0.0,1.0,0.0,1.0,261.0,1.0,59.0,0.0,00-0029795,44.0
2014,45,0.0,0.0,3.0,0.0,2.0,246.0,0.0,352.0,1.0,00-0029795,124.8
2015,26,0.0,0.0,0.0,0.0,0.0,140.0,0.0,250.0,0.0,00-0029795,65.0
2016,16,0.0,0.0,0.0,0.0,0.0,101.0,0.0,91.0,0.0,00-0029795,35.2
2017,20,0.0,0.0,0.0,0.0,1.0,29.0,0.0,240.0,2.0,00-0029795,56.9
2018,1,0.0,0.0,0.0,0.0,0.0,20.0,0.0,9.0,0.0,00-0029795,3.9
2013,0,0.0,0.0,1.0,0.0,0.0,224.0,0.0,0.0,0.0,00-0030348,28.400000000000002
2014,8,0.0,0.0,3.0,0.0,2.0,362.0,0.0,63.0,0.0,00-0030348,64.5
2015,17,0.0,0.0,4.0,0.0,0.0,180.0,0.0,115.0,0.0,00-0030348,70.5
2016,0,0.0,0.0,0.0,0.0,1.0,22.0,0.0,0.0,0.0,00-0030348,0.20000000000000018
2013,15,0.0,0.0,5.0,0.0,1.0,566.0,0.0,46.0,1.0,00-0029384,110.19999999999999
2014,33,0.0,0.0,1.0,0.0,3.0,406.0,0.0,315.0,1.0,00-0029384,111.1
2015,3,0.0,0.0,0.0,0.0,1.0,18.0,0.0,16.0,0.0,00-0029384,4.4
2016,20,0.0,0.0,0.0,0.0,1.0,63.0,0.0,153.0,0.0,00-0029384,39.6
2017,5,0.0,0.0,0.0,0.0,0.0,2.0,0.0,18.0,0.0,00-0029384,7.0
2012,50,0.0,0.0,0.0,0.0,1.0,0.0,0.0,797.0,5.0,00-0029664,157.7
2013,87,0.0,0.0,0.0,0.0,0.0,88.0,0.0,1646.0,9.0,00-0029664,314.40000000000003
2014,24,0.0,0.0,0.0,0.0,0.0,0.0,0.0,303.0,0.0,00-0029664,54.3
2017,18,0.0,0.0,0.0,0.0,0.0,0.0,0.0,335.0,1.0,00-0029664,57.5
2018,41,0.0,0.0,0.0,0.0,0.0,0.0,0.0,737.0,4.0,00-0029664,138.7
2019,27,0.0,0.0,0.0,1.0,0.0,1.0,0.0,426.0,1.0,00-0029664,73.7
2021,5,0.0,0.0,0.0,0.0,0.0,0.0,0.0,32.0,1.0,00-0029664,14.2
2022,0,0.0,0.0,0.0,0.0,0.0,0.0,0.0,0.0,0.0,00-0029664,0.0
2013,0,0.0,0.0,0.0,0.0,0.0,34.0,0.0,0.0,0.0,00-0029853,3.4000000000000004
2013,0,11.0,1.0,0.0,0.0,0.0,0.0,0.0,0.0,0.0,00-0028347,4.44
2014,0,0.0,0.0,0.0,0.0,0.0,0.0,0.0,0.0,0.0,00-0028347,0.0
2013,45,0.0,0.0,3.0,0.0,0.0,158.0,0.0,469.0,4.0,00-0030578,149.7
2014,33,0.0,0.0,1.0,0.0,1.0,117.0,0.0,384.0,1.0,00-0030578,93.10000000000001
2015,2,0.0,0.0,0.0,0.0,1.0,15.0,0.0,10.0,0.0,00-0030578,2.5
2016,52,0.0,0.0,0.0,0.0,0.0,43.0,0.0,453.0,2.0,00-0030578,113.6
2017,31,0.0,0.0,2.0,0.0,0.0,121.0,0.0,305.0,0.0,00-0030578,85.6
2018,21,0.0,0.0,1.0,0.0,1.0,228.0,0.0,247.0,3.0,00-0030578,90.5
2019,11,0.0,0.0,0.0,0.0,0.0,103.0,0.0,83.0,0.0,00-0030578,29.6
2020,21,0.0,0.0,1.0,0.0,0.0,232.0,0.0,132.0,0.0,00-0030578,63.400000000000006
2021,51,0.0,0.0,6.0,0.0,0.0,607.0,0.0,547.0,5.0,00-0030578,232.39999999999998
2022,19,0.0,0.0,7.0,0.0,1.0,677.0,0.0,121.0,0.0,00-0030578,138.8
2023,9,0.0,0.0,0.0,0.0,0.0,161.0,0.0,38.0,1.0,00-0030578,34.9
2024,12,0.0,0.0,0.0,0.0,1.0,134.0,0.0,80.0,1.0,00-0030578,37.4
2013,4,0.0,0.0,1.0,0.0,0.0,25.0,0.0,26.0,0.0,00-0030107,15.1
2014,34,0.0,0.0,0.0,0.0,0.0,51.0,0.0,316.0,4.0,00-0030107,94.7
2015,80,0.0,0.0,0.0,0.0,1.0,133.0,0.0,697.0,3.0,00-0030107,179.0
2016,53,0.0,0.0,1.0,0.0,0.0,357.0,0.0,371.0,5.0,00-0030107,161.8
2017,53,0.0,0.0,3.0,0.0,1.0,286.0,0.0,444.0,2.0,00-0030107,154.0
2018,61,0.0,0.0,0.0,0.0,0.0,171.0,0.0,384.0,0.0,00-0030107,116.5
2020,5,0.0,0.0,0.0,0.0,0.0,14.0,0.0,43.0,0.0,00-0030107,10.7
2013,4,0.0,0.0,1.0,0.0,1.0,107.0,0.0,30.0,0.0,00-0030078,21.700000000000003
2013,0,0.0,0.0,0.0,0.0,0.0,9.0,0.0,0.0,0.0,00-0030248,0.9
2015,1,0.0,0.0,0.0,0.0,0.0,3.0,0.0,-6.0,0.0,00-0030248,0.7
2013,0,0.0,0.0,0.0,0.0,0.0,79.0,0.0,0.0,0.0,00-0030432,7.9
2014,1,0.0,0.0,0.0,0.0,0.0,175.0,0.0,12.0,0.0,00-0030432,19.7
2015,3,0.0,0.0,0.0,0.0,0.0,243.0,0.0,16.0,0.0,00-0030432,28.900000000000002
2016,22,0.0,0.0,7.0,0.0,1.0,583.0,0.0,107.0,1.0,00-0030432,137.0
2018,0,0.0,0.0,0.0,0.0,0.0,9.0,0.0,0.0,0.0,00-0030432,0.9
2013,36,0.0,0.0,0.0,0.0,0.0,0.0,0.0,469.0,4.0,00-0030061,106.9
2014,58,0.0,0.0,0.0,0.0,1.0,0.0,0.0,702.0,3.0,00-0030061,144.2
2015,75,0.0,0.0,0.0,0.0,1.0,0.0,0.0,853.0,2.0,00-0030061,170.3
2016,78,0.0,0.0,0.0,0.0,0.0,0.0,0.0,816.0,4.0,00-0030061,183.60000000000002
2017,74,0.0,0.0,0.0,0.0,1.0,0.0,0.0,824.0,8.0,00-0030061,202.4
2018,116,0.0,0.0,0.0,0.0,0.0,0.0,0.0,1163.0,8.0,00-0030061,280.3
2019,88,0.0,0.0,0.0,0.0,1.0,0.0,1.0,916.0,6.0,00-0030061,215.60000000000002
2020,36,0.0,0.0,0.0,0.0,0.0,0.0,1.0,335.0,1.0,00-0030061,77.5
2021,67,0.0,0.0,0.0,0.0,0.0,4.0,0.0,679.0,5.0,00-0030061,165.3
2022,47,0.0,0.0,0.0,0.0,0.0,0.0,2.0,406.0,4.0,00-0030061,115.6
2023,27,0.0,0.0,0.0,0.0,0.0,0.0,0.0,187.0,1.0,00-0030061,51.7
2024,61,0.0,0.0,0.0,0.0,0.0,0.0,2.0,610.0,6.0,00-0030061,162.0
2013,10,2.0,1.0,0.0,0.0,0.0,295.0,0.0,43.0,0.0,00-0030391,47.879999999999995
2014,1,0.0,0.0,0.0,0.0,0.0,37.0,0.0,-5.0,0.0,00-0030391,4.2
2016,4,0.0,0.0,0.0,0.0,0.0,19.0,0.0,22.0,0.0,00-0030391,8.100000000000001
2013,0,2608.0,19.0,0.0,9.0,4.0,37.0,0.0,0.0,0.0,00-0030520,158.01999999999998
2014,0,1417.0,10.0,0.0,6.0,0.0,49.0,0.0,0.0,0.0,00-0030520,89.58000000000001
2016,0,75.0,1.0,0.0,0.0,0.0,0.0,1.0,0.0,0.0,00-0030520,9.0
2017,0,833.0,4.0,0.0,5.0,3.0,4.0,0.0,0.0,0.0,00-0030520,33.72
2018,0,174.0,1.0,0.0,0.0,0.0,0.0,0.0,0.0,0.0,00-0030520,10.96
2019,0,56.0,1.0,0.0,0.0,1.0,0.0,0.0,0.0,0.0,00-0030520,4.24
2020,0,1072.0,7.0,0.0,5.0,2.0,17.0,1.0,0.0,0.0,00-0030520,60.58
2021,0,790.0,4.0,1.0,10.0,3.0,33.0,0.0,0.0,0.0,00-0030520,30.900000000000002
2013,3,0.0,0.0,0.0,0.0,0.0,14.0,0.0,21.0,0.0,00-0029722,6.5
2013,4,0.0,0.0,3.0,0.0,0.0,98.0,0.0,61.0,0.0,00-0029438,37.9
2014,2,0.0,0.0,4.0,0.0,0.0,172.0,0.0,16.0,0.0,00-0029438,44.800000000000004
2015,16,0.0,0.0,1.0,0.0,0.0,334.0,0.0,109.0,1.0,00-0029438,72.3
2013,45,0.0,0.0,8.0,0.0,1.0,860.0,0.0,408.0,0.0,00-0030496,217.8
2014,83,0.0,0.0,8.0,0.0,0.0,1361.0,0.0,854.0,3.0,00-0030496,370.5
2015,24,0.0,0.0,3.0,0.0,0.0,556.0,0.0,136.0,0.0,00-0030496,111.19999999999999
2016,75,0.0,0.0,7.0,0.0,1.0,1268.0,1.0,616.0,2.0,00-0030496,317.40000000000003
2017,86,0.0,0.0,9.0,0.0,2.0,1291.0,0.0,663.0,2.0,00-0030496,343.40000000000003
2019,66,0.0,0.0,3.0,0.0,1.0,789.0,1.0,461.0,1.0,00-0030496,215.0
2020,16,0.0,0.0,1.0,0.0,0.0,316.0,0.0,138.0,0.0,00-0030496,67.4
2021,4,0.0,0.0,2.0,0.0,0.0,87.0,1.0,29.0,0.0,00-0030496,29.6
2013,0,0.0,0.0,0.0,0.0,0.0,0.0,0.0,0.0,0.0,00-0029295,0.0
2013,7,0.0,0.0,0.0,0.0,0.0,6.0,0.0,63.0,0.0,00-0029492,13.9
2014,5,0.0,0.0,0.0,0.0,0.0,0.0,0.0,18.0,2.0,00-0029492,18.8
2015,9,0.0,0.0,1.0,0.0,0.0,110.0,0.0,84.0,0.0,00-0029492,34.4
2016,12,0.0,0.0,2.0,0.0,0.0,47.0,0.0,227.0,1.0,00-0029492,57.400000000000006
2017,6,0.0,0.0,1.0,0.0,0.0,43.0,0.0,33.0,0.0,00-0029492,19.6
2018,2,0.0,0.0,0.0,0.0,0.0,0.0,0.0,13.0,0.0,00-0029492,3.3
2019,0,0.0,0.0,0.0,0.0,0.0,0.0,0.0,0.0,0.0,00-0029492,0.0
2013,0,309.0,1.0,0.0,3.0,0.0,17.0,0.0,0.0,0.0,00-0030024,12.059999999999999
2013,0,-8.0,0.0,0.0,0.0,0.0,0.0,0.0,0.0,0.0,00-0027770,-0.32
2013,17,0.0,0.0,0.0,0.0,1.0,13.0,0.0,283.0,3.0,00-0030068,62.599999999999994
2014,1,0.0,0.0,0.0,0.0,0.0,8.0,0.0,42.0,0.0,00-0030068,6.0
2015,2,0.0,0.0,0.0,0.0,0.0,0.0,0.0,24.0,0.0,00-0030068,4.4
2016,29,0.0,0.0,0.0,0.0,0.0,0.0,0.0,413.0,3.0,00-0030068,88.30000000000001
2017,56,0.0,0.0,0.0,0.0,0.0,44.0,0.0,962.0,2.0,00-0030068,168.60000000000002
2018,23,0.0,0.0,0.0,0.0,0.0,9.0,0.0,395.0,4.0,00-0030068,87.4
2019,12,0.0,0.0,0.0,0.0,0.0,15.0,0.0,186.0,1.0,00-0030068,38.1
2021,18,0.0,0.0,0.0,0.0,0.0,-1.0,0.0,300.0,1.0,00-0030068,53.9
2022,27,0.0,0.0,0.0,0.0,0.0,5.0,0.0,387.0,4.0,00-0030068,90.2
2023,4,0.0,0.0,0.0,0.0,0.0,33.0,0.0,67.0,0.0,00-0030068,14.0
2013,2,0.0,0.0,0.0,0.0,0.0,43.0,0.0,8.0,0.0,00-0029878,7.1
2014,9,0.0,0.0,0.0,0.0,0.0,0.0,0.0,134.0,0.0,00-0029878,22.4
2015,1,0.0,0.0,0.0,0.0,0.0,0.0,0.0,2.0,0.0,00-0029878,1.2
2016,14,0.0,0.0,0.0,0.0,0.0,0.0,0.0,174.0,0.0,00-0029878,31.400000000000002
2017,1,0.0,0.0,0.0,0.0,0.0,14.0,0.0,10.0,0.0,00-0029878,3.4000000000000004
2013,49,0.0,0.0,0.0,0.0,0.0,-2.0,1.0,524.0,7.0,00-0030400,145.2
2014,24,0.0,0.0,0.0,0.0,0.0,0.0,0.0,255.0,0.0,00-0030400,49.5
2015,14,0.0,0.0,0.0,0.0,0.0,0.0,0.0,112.0,0.0,00-0030400,25.200000000000003
2012,1,0.0,0.0,0.0,0.0,0.0,0.0,0.0,5.0,0.0,00-0026557,1.5
2013,10,0.0,0.0,0.0,0.0,0.0,1.0,0.0,40.0,0.0,00-0026557,14.1
2014,7,0.0,0.0,0.0,0.0,0.0,0.0,0.0,81.0,0.0,00-0026557,15.1
2013,0,0.0,0.0,0.0,0.0,0.0,0.0,0.0,0.0,0.0,00-0029692,0.0
2014,0,19.0,0.0,0.0,0.0,0.0,0.0,0.0,0.0,0.0,00-0029692,0.76
2018,0,0.0,0.0,0.0,0.0,0.0,0.0,0.0,0.0,0.0,00-0029692,0.0
2019,0,0.0,0.0,0.0,0.0,0.0,-5.0,0.0,0.0,0.0,00-0029692,-0.5
2022,0,0.0,0.0,0.0,0.0,0.0,0.0,0.0,0.0,0.0,00-0029692,0.0
2023,0,0.0,0.0,0.0,0.0,0.0,0.0,1.0,0.0,0.0,00-0029692,2.0
2024,0,4.0,0.0,0.0,0.0,0.0,0.0,0.0,0.0,0.0,00-0029692,0.16
2013,0,0.0,0.0,0.0,0.0,0.0,35.0,0.0,0.0,0.0,00-0027083,3.5
2014,0,0.0,0.0,0.0,0.0,0.0,13.0,0.0,0.0,0.0,00-0027083,1.3
2013,0,0.0,0.0,0.0,0.0,1.0,0.0,0.0,0.0,0.0,00-0027378,-2.0
2013,8,0.0,0.0,2.0,0.0,0.0,164.0,0.0,61.0,0.0,00-0030388,42.50000000000001
2014,4,0.0,0.0,3.0,0.0,2.0,343.0,0.0,23.0,0.0,00-0030388,54.6
2015,10,0.0,0.0,4.0,0.0,0.0,315.0,0.0,86.0,0.0,00-0030388,74.1
2013,7,0.0,0.0,1.0,0.0,0.0,46.0,0.0,79.0,1.0,00-0026926,31.5
2014,5,0.0,0.0,1.0,0.0,0.0,17.0,0.0,9.0,0.0,00-0026926,13.6
2007,0,0.0,0.0,0.0,0.0,1.0,0.0,0.0,0.0,0.0,00-0025408,-2.0
2013,0,0.0,0.0,0.0,0.0,0.0,0.0,0.0,0.0,0.0,00-0025408,0.0
2013,0,0.0,0.0,0.0,0.0,0.0,0.0,0.0,0.0,0.0,00-0030090,0.0
2015,0,0.0,0.0,0.0,0.0,0.0,0.0,0.0,0.0,0.0,00-0030090,0.0
2016,0,0.0,0.0,0.0,0.0,0.0,0.0,0.0,0.0,0.0,00-0030090,0.0
2020,0,0.0,0.0,0.0,0.0,0.0,0.0,0.0,0.0,0.0,00-0030090,0.0
2013,0,300.0,0.0,0.0,4.0,1.0,-2.0,0.0,0.0,0.0,00-0030533,1.8
2014,0,0.0,0.0,0.0,0.0,0.0,0.0,0.0,0.0,0.0,00-0030533,0.0
2016,1,1611.0,8.0,0.0,14.0,2.0,2.0,0.0,2.0,1.0,00-0030533,71.84
2018,0,232.0,2.0,0.0,0.0,0.0,-2.0,0.0,0.0,0.0,00-0030533,17.080000000000002
2019,0,359.0,0.0,0.0,3.0,1.0,-4.0,0.0,0.0,0.0,00-0030533,5.959999999999999
2020,0,197.0,1.0,0.0,1.0,0.0,-6.0,0.0,0.0,0.0,00-0030533,9.28
2023,0,0.0,0.0,0.0,0.0,0.0,-3.0,0.0,0.0,0.0,00-0030533,-0.30000000000000004
2013,0,1760.0,9.0,1.0,6.0,2.0,72.0,0.0,0.0,0.0,00-0028986,103.60000000000001
2014,0,435.0,2.0,0.0,2.0,1.0,35.0,0.0,0.0,0.0,00-0028986,22.900000000000002
2015,0,828.0,4.0,0.0,1.0,2.0,5.0,0.0,0.0,0.0,00-0028986,43.62
2016,0,2201.0,9.0,1.0,11.0,1.0,51.0,0.0,0.0,0.0,00-0028986,111.14
2017,0,3547.0,22.0,1.0,7.0,1.0,160.0,1.0,0.0,0.0,00-0028986,237.88
2018,0,3890.0,18.0,2.0,15.0,2.0,93.0,0.0,0.0,0.0,00-0028986,214.9
2019,0,1707.0,11.0,1.0,5.0,3.0,12.0,0.0,0.0,0.0,00-0028986,103.48
2020,0,46.0,0.0,0.0,0.0,0.0,0.0,0.0,0.0,0.0,00-0028986,1.84
2021,0,286.0,1.0,0.0,0.0,0.0,7.0,0.0,0.0,0.0,00-0028986,16.14
2022,0,8.0,0.0,0.0,0.0,0.0,0.0,0.0,0.0,0.0,00-0028986,0.32
2023,0,291.0,1.0,0.0,3.0,0.0,1.0,0.0,0.0,0.0,00-0028986,9.74
2013,3,0.0,0.0,0.0,0.0,0.0,43.0,0.0,12.0,0.0,00-0030128,8.5
2014,2,0.0,0.0,0.0,0.0,0.0,33.0,0.0,9.0,0.0,00-0030128,6.200000000000001
2013,0,0.0,0.0,0.0,0.0,1.0,0.0,0.0,0.0,0.0,00-0030574,-2.0
2013,0,0.0,0.0,0.0,0.0,0.0,0.0,0.0,0.0,0.0,00-0028092,0.0
2013,0,0.0,0.0,0.0,0.0,1.0,0.0,0.0,0.0,0.0,00-0030528,-2.0
2013,32,0.0,0.0,0.0,0.0,0.0,10.0,0.0,641.0,5.0,00-0030085,127.10000000000001
2014,63,0.0,0.0,0.0,0.0,0.0,-2.0,0.0,931.0,3.0,00-0030085,173.9
2015,27,0.0,0.0,0.0,0.0,0.0,0.0,0.0,440.0,3.0,00-0030085,89.0
2016,42,0.0,0.0,0.0,0.0,0.0,0.0,0.0,726.0,9.0,00-0030085,168.60000000000002
2017,58,0.0,0.0,0.0,0.0,2.0,0.0,0.0,847.0,6.0,00-0030085,174.7
2018,37,3.0,1.0,0.0,0.0,0.0,0.0,1.0,553.0,7.0,00-0030085,140.42000000000002
2019,40,0.0,0.0,0.0,0.0,0.0,0.0,0.0,561.0,4.0,00-0030085,120.1
2020,11,0.0,0.0,0.0,0.0,0.0,0.0,0.0,144.0,1.0,00-0030085,31.4
2021,6,0.0,0.0,0.0,0.0,0.0,1.0,0.0,68.0,1.0,00-0030085,18.9
2013,4,0.0,0.0,0.0,0.0,2.0,14.0,0.0,68.0,0.0,00-0029098,8.200000000000001
2013,2,0.0,0.0,0.0,0.0,0.0,7.0,0.0,7.0,0.0,00-0030465,3.4000000000000004
2015,9,0.0,0.0,0.0,0.0,1.0,124.0,0.0,22.0,0.0,00-0030465,21.599999999999998
2016,5,0.0,0.0,2.0,0.0,0.0,129.0,0.0,42.0,0.0,00-0030465,34.1
2017,5,0.0,0.0,1.0,0.0,0.0,57.0,0.0,56.0,0.0,00-0030465,22.3
2018,1,0.0,0.0,0.0,0.0,0.0,71.0,0.0,3.0,0.0,00-0030465,8.400000000000002
2019,6,3.0,0.0,0.0,0.0,1.0,28.0,0.0,22.0,0.0,00-0030465,9.120000000000001
2020,0,0.0,0.0,0.0,0.0,0.0,0.0,0.0,0.0,0.0,00-0030465,0.0
2013,0,156.0,1.0,0.0,1.0,1.0,37.0,0.0,0.0,0.0,00-0029151,9.940000000000001
2014,0,39.0,0.0,0.0,0.0,0.0,2.0,0.0,0.0,0.0,00-0029151,1.76
2013,0,0.0,0.0,0.0,0.0,0.0,38.0,0.0,0.0,0.0,00-0029854,3.8000000000000003
2014,34,0.0,0.0,8.0,0.0,0.0,849.0,0.0,324.0,2.0,00-0029854,211.3
2015,25,0.0,0.0,5.0,0.0,2.0,720.0,0.0,183.0,0.0,00-0029854,141.3
2016,16,0.0,0.0,4.0,0.0,0.0,437.0,0.0,128.0,1.0,00-0029854,102.5
2017,28,0.0,0.0,3.0,0.0,1.0,1007.0,1.0,224.0,1.0,00-0029854,175.1
2018,5,0.0,0.0,2.0,0.0,0.0,403.0,0.0,41.0,1.0,00-0029854,67.4
2019,0,0.0,0.0,0.0,0.0,0.0,43.0,0.0,0.0,0.0,00-0029854,4.3
2011,0,0.0,0.0,0.0,0.0,0.0,0.0,0.0,0.0,0.0,00-0028061,0.0
2012,7,0.0,0.0,0.0,0.0,0.0,0.0,0.0,123.0,1.0,00-0028061,25.3
2013,19,0.0,0.0,0.0,0.0,1.0,0.0,0.0,305.0,0.0,00-0028061,47.5
2013,8,0.0,0.0,0.0,0.0,0.0,183.0,0.0,46.0,0.0,00-0030236,30.900000000000002
2013,6,0.0,0.0,0.0,0.0,0.0,-8.0,0.0,44.0,1.0,00-0030216,15.6
2014,14,0.0,0.0,0.0,0.0,0.0,0.0,0.0,176.0,5.0,00-0030216,61.6
2015,16,0.0,0.0,0.0,0.0,0.0,0.0,0.0,120.0,2.0,00-0030216,40.0
2016,15,0.0,0.0,0.0,0.0,0.0,0.0,0.0,149.0,1.0,00-0030216,35.9
2017,16,0.0,0.0,0.0,0.0,2.0,-8.0,0.0,125.0,1.0,00-0030216,29.7
2018,16,0.0,0.0,0.0,0.0,0.0,0.0,0.0,185.0,1.0,00-0030216,40.5
2019,25,0.0,0.0,0.0,0.0,0.0,0.0,0.0,226.0,3.0,00-0030216,65.6
2020,8,0.0,0.0,0.0,0.0,0.0,0.0,0.0,46.0,1.0,00-0030216,18.6
2013,0,1547.0,8.0,0.0,8.0,1.0,27.0,0.0,0.0,0.0,00-0030419,78.58
2014,0,129.0,1.0,0.0,2.0,0.0,3.0,0.0,0.0,0.0,00-0030419,5.46
2015,0,142.0,2.0,0.0,1.0,1.0,0.0,0.0,0.0,0.0,00-0030419,9.68
2016,0,50.0,0.0,0.0,0.0,0.0,-3.0,0.0,0.0,0.0,00-0030419,1.7
2013,45,0.0,0.0,0.0,0.0,0.0,18.0,0.0,499.0,3.0,00-0030472,114.7
2014,50,0.0,0.0,0.0,0.0,1.0,0.0,0.0,465.0,0.0,00-0030472,94.5
2015,87,0.0,0.0,0.0,0.0,2.0,0.0,0.0,952.0,11.0,00-0030472,244.2
2016,66,0.0,0.0,0.0,0.0,1.0,0.0,0.0,686.0,6.0,00-0030472,168.60000000000002
2017,27,0.0,0.0,0.0,0.0,0.0,0.0,0.0,211.0,2.0,00-0030472,60.1
2018,54,0.0,0.0,0.0,0.0,1.0,0.0,0.0,558.0,2.0,00-0030472,119.80000000000001
2020,26,0.0,0.0,0.0,0.0,0.0,0.0,0.0,231.0,4.0,00-0030472,73.1
2013,2,0.0,0.0,0.0,0.0,0.0,15.0,0.0,12.0,0.0,00-0029868,4.7
2012,3,0.0,0.0,0.0,0.0,0.0,0.0,0.0,31.0,0.0,00-0029159,6.1
2013,22,0.0,0.0,0.0,0.0,1.0,0.0,0.0,346.0,4.0,00-0029159,78.6
2014,38,17.0,0.0,0.0,0.0,0.0,15.0,0.0,537.0,1.0,00-0029159,99.88
2015,49,0.0,0.0,0.0,0.0,0.0,0.0,0.0,685.0,5.0,00-0029159,147.5
2016,41,0.0,0.0,0.0,0.0,0.0,0.0,0.0,510.0,1.0,00-0029159,98.0
2017,65,0.0,0.0,0.0,0.0,0.0,0.0,0.0,810.0,5.0,00-0029159,176.0
2018,37,0.0,0.0,0.0,0.0,0.0,0.0,0.0,371.0,1.0,00-0029159,80.1
2013,0,717.0,1.0,1.0,5.0,0.0,55.0,0.0,0.0,0.0,00-0028595,34.18
2015,0,4.0,0.0,0.0,0.0,0.0,-3.0,0.0,0.0,0.0,00-0028595,-0.14000000000000004
2016,0,216.0,1.0,0.0,2.0,0.0,3.0,0.0,0.0,0.0,00-0028595,8.940000000000001
2017,0,128.0,0.0,0.0,2.0,0.0,2.0,0.0,0.0,0.0,00-0028595,1.32
2013,0,34.0,0.0,0.0,0.0,0.0,0.0,1.0,0.0,0.0,00-0028863,3.3600000000000003
2013,2,0.0,0.0,0.0,0.0,0.0,23.0,0.0,23.0,0.0,00-0030320,6.600000000000001
2013,0,0.0,0.0,0.0,0.0,0.0,6.0,0.0,0.0,0.0,00-0028598,0.6000000000000001
2012,6,0.0,0.0,0.0,0.0,0.0,0.0,0.0,53.0,0.0,00-0029274,11.3
2013,0,0.0,0.0,0.0,0.0,1.0,0.0,0.0,0.0,0.0,00-0029274,-2.0
2013,3,0.0,0.0,0.0,0.0,0.0,0.0,1.0,15.0,0.0,00-0029848,6.5
2015,17,0.0,0.0,0.0,0.0,0.0,0.0,0.0,159.0,2.0,00-0029848,44.9
2016,5,0.0,0.0,0.0,0.0,0.0,0.0,0.0,59.0,0.0,00-0029848,10.9
2017,3,0.0,0.0,0.0,0.0,0.0,0.0,0.0,30.0,0.0,00-0029848,6.0
2018,2,0.0,0.0,0.0,0.0,0.0,0.0,0.0,17.0,0.0,00-0029848,3.7
2013,0,0.0,0.0,0.0,0.0,1.0,0.0,0.0,0.0,0.0,00-0026515,-2.0
2013,51,21.0,1.0,0.0,0.0,0.0,4.0,0.0,484.0,1.0,00-0030550,110.64000000000001
2014,6,0.0,0.0,0.0,0.0,1.0,0.0,0.0,55.0,0.0,00-0030550,9.5
2013,0,0.0,0.0,0.0,0.0,0.0,21.0,0.0,0.0,0.0,00-0030433,2.1
2015,6,0.0,0.0,3.0,0.0,1.0,267.0,0.0,29.0,0.0,00-0030433,51.6
2016,9,0.0,0.0,8.0,0.0,0.0,577.0,0.0,50.0,1.0,00-0030433,125.7
2017,1,0.0,0.0,5.0,0.0,1.0,383.0,0.0,15.0,0.0,00-0030433,68.80000000000001
2018,1,0.0,0.0,0.0,0.0,1.0,43.0,0.0,9.0,0.0,00-0030433,4.2
2013,4,0.0,0.0,1.0,0.0,0.0,10.0,0.0,62.0,0.0,00-0027925,17.2
2014,6,0.0,0.0,0.0,0.0,0.0,5.0,0.0,43.0,0.0,00-0027925,10.8
2016,3,0.0,0.0,0.0,0.0,0.0,0.0,0.0,18.0,0.0,00-0027925,4.8
2017,6,0.0,0.0,0.0,0.0,0.0,0.0,0.0,38.0,0.0,00-0027925,9.8
2018,12,0.0,0.0,4.0,0.0,0.0,8.0,0.0,61.0,0.0,00-0027925,42.9
2019,0,0.0,0.0,0.0,0.0,0.0,3.0,0.0,0.0,0.0,00-0027925,0.30000000000000004
2011,2,0.0,0.0,0.0,0.0,0.0,0.0,0.0,105.0,1.0,00-0028442,18.5
2013,5,0.0,0.0,0.0,0.0,0.0,-2.0,0.0,82.0,0.0,00-0028442,13.0
2014,11,0.0,0.0,0.0,0.0,0.0,2.0,0.0,195.0,2.0,00-0028442,42.7
2015,4,0.0,0.0,0.0,0.0,0.0,0.0,0.0,71.0,1.0,00-0028442,17.1
2013,8,0.0,0.0,0.0,0.0,0.0,3.0,0.0,62.0,1.0,00-0029068,20.5
2014,2,0.0,0.0,0.0,0.0,0.0,0.0,0.0,29.0,1.0,00-0029068,10.9
2015,1,0.0,0.0,0.0,0.0,0.0,32.0,0.0,0.0,0.0,00-0029068,4.2
2017,2,0.0,0.0,0.0,0.0,0.0,8.0,0.0,20.0,0.0,00-0029068,4.8
2018,2,0.0,0.0,0.0,0.0,0.0,3.0,0.0,17.0,0.0,00-0029068,4.0
2013,0,0.0,0.0,0.0,0.0,0.0,0.0,0.0,0.0,0.0,00-0028374,0.0
2013,0,0.0,0.0,0.0,0.0,0.0,-5.0,0.0,0.0,0.0,00-0023569,-0.5
2013,1,0.0,0.0,0.0,0.0,0.0,4.0,0.0,2.0,0.0,00-0029791,1.5999999999999999
2013,0,0.0,0.0,0.0,0.0,1.0,0.0,0.0,0.0,0.0,00-0025833,-2.0
2013,8,0.0,0.0,2.0,0.0,0.0,171.0,0.0,57.0,0.0,00-0029317,42.800000000000004
2014,0,0.0,0.0,0.0,0.0,0.0,2.0,0.0,0.0,0.0,00-0029317,0.2
2013,14,0.0,0.0,0.0,0.0,0.0,0.0,0.0,192.0,2.0,00-0030043,45.2
2013,0,0.0,0.0,0.0,0.0,0.0,3.0,0.0,0.0,0.0,00-0026317,0.30000000000000004
2012,0,0.0,0.0,0.0,0.0,0.0,0.0,0.0,0.0,0.0,00-0029654,0.0
2013,8,0.0,0.0,0.0,0.0,0.0,6.0,0.0,130.0,0.0,00-0029654,21.6
2014,9,0.0,0.0,0.0,0.0,0.0,-2.0,0.0,93.0,0.0,00-0029654,18.1
2013,17,0.0,0.0,1.0,0.0,0.0,33.0,0.0,226.0,0.0,00-0030532,48.900000000000006
2014,30,0.0,0.0,0.0,0.0,0.0,13.0,0.0,435.0,1.0,00-0030532,80.8
2015,12,0.0,0.0,0.0,0.0,0.0,0.0,0.0,182.0,1.0,00-0030532,36.2
2013,0,0.0,0.0,0.0,0.0,0.0,-3.0,0.0,0.0,0.0,00-0029006,-0.30000000000000004
2013,0,0.0,0.0,2.0,0.0,0.0,4.0,0.0,0.0,0.0,00-0030573,12.4
2013,0,0.0,0.0,0.0,0.0,0.0,0.0,0.0,0.0,0.0,00-0027840,0.0
2013,0,0.0,0.0,0.0,0.0,0.0,0.0,0.0,0.0,0.0,00-0029143,0.0
2009,1,0.0,0.0,0.0,0.0,0.0,0.0,0.0,9.0,0.0,00-0026931,1.9
2010,9,0.0,0.0,0.0,0.0,0.0,0.0,0.0,72.0,0.0,00-0026931,16.2
2011,12,0.0,0.0,0.0,0.0,0.0,0.0,0.0,136.0,0.0,00-0026931,25.6
2012,4,0.0,0.0,0.0,0.0,0.0,0.0,0.0,35.0,1.0,00-0026931,13.5
2013,12,0.0,0.0,0.0,0.0,0.0,2.0,0.0,81.0,0.0,00-0026931,20.299999999999997
2014,2,0.0,0.0,0.0,0.0,0.0,0.0,0.0,3.0,1.0,00-0026931,8.3
2013,71,0.0,0.0,0.0,0.0,2.0,0.0,0.0,1053.0,8.0,00-0030279,220.3
2014,77,0.0,0.0,0.0,0.0,2.0,0.0,0.0,783.0,4.0,00-0030279,175.3
2015,67,0.0,0.0,0.0,0.0,1.0,0.0,0.0,725.0,4.0,00-0030279,161.5
2016,6,0.0,0.0,0.0,0.0,0.0,0.0,0.0,63.0,0.0,00-0030279,12.3
2017,102,0.0,0.0,0.0,0.0,0.0,9.0,0.0,1393.0,6.0,00-0030279,278.20000000000005
2018,97,0.0,0.0,0.0,0.0,1.0,75.0,1.0,1196.0,6.0,00-0030279,260.1
2019,104,0.0,0.0,0.0,0.0,0.0,16.0,0.0,1199.0,6.0,00-0030279,261.5
2020,100,0.0,0.0,0.0,0.0,2.0,-1.0,1.0,992.0,8.0,00-0030279,245.10000000000002
2021,100,0.0,0.0,0.0,0.0,0.0,0.0,1.0,1086.0,6.0,00-0030279,246.60000000000002
2022,58,0.0,0.0,0.0,0.0,1.0,8.0,0.0,650.0,2.0,00-0030279,133.8
2023,108,49.0,1.0,0.0,0.0,1.0,6.0,0.0,1243.0,7.0,00-0030279,278.86
2024,67,0.0,0.0,0.0,0.0,0.0,0.0,0.0,719.0,7.0,00-0030279,180.9
2013,0,0.0,0.0,0.0,0.0,1.0,0.0,0.0,0.0,0.0,00-0030370,-2.0
2013,1,0.0,0.0,0.0,0.0,0.0,8.0,0.0,12.0,0.0,00-0030233,3.0
2013,3,0.0,0.0,0.0,0.0,0.0,26.0,0.0,34.0,0.0,00-0030450,9.0
2014,3,0.0,0.0,0.0,0.0,1.0,20.0,0.0,44.0,0.0,00-0030450,7.4
2015,30,0.0,0.0,0.0,0.0,0.0,5.0,0.0,394.0,1.0,00-0030450,75.9
2016,37,0.0,0.0,0.0,0.0,0.0,0.0,0.0,408.0,0.0,00-0030450,77.80000000000001
2013,54,0.0,0.0,0.0,0.0,0.0,2.0,0.0,571.0,5.0,00-0029910,141.3
2014,26,0.0,0.0,0.0,0.0,0.0,-2.0,0.0,259.0,6.0,00-0029910,87.7
2015,9,0.0,0.0,0.0,0.0,0.0,0.0,0.0,77.0,2.0,00-0029910,28.7
2013,0,0.0,0.0,0.0,0.0,0.0,0.0,0.0,0.0,0.0,00-0030263,0.0
2016,0,0.0,0.0,0.0,0.0,1.0,0.0,0.0,0.0,0.0,00-0030263,-2.0
2011,3,0.0,0.0,0.0,0.0,0.0,0.0,0.0,24.0,0.0,00-0028142,5.4
2012,5,0.0,0.0,0.0,0.0,0.0,0.0,0.0,63.0,0.0,00-0028142,11.3
2013,9,0.0,0.0,0.0,0.0,0.0,0.0,0.0,45.0,0.0,00-0028142,13.5
2014,6,0.0,0.0,0.0,0.0,0.0,3.0,0.0,74.0,1.0,00-0028142,19.700000000000003
2015,12,0.0,0.0,0.0,0.0,0.0,0.0,0.0,173.0,1.0,00-0028142,35.3
2016,22,0.0,0.0,0.0,0.0,0.0,0.0,0.0,237.0,1.0,00-0028142,51.7
2017,14,0.0,0.0,0.0,0.0,0.0,0.0,0.0,191.0,1.0,00-0028142,39.1
2018,19,0.0,0.0,0.0,0.0,0.0,0.0,0.0,210.0,1.0,00-0028142,46.0
2019,9,0.0,0.0,0.0,0.0,0.0,0.0,0.0,78.0,1.0,00-0028142,22.8
2020,3,0.0,0.0,0.0,0.0,0.0,0.0,0.0,50.0,1.0,00-0028142,14.0
2014,5,0.0,0.0,0.0,0.0,0.0,158.0,0.0,57.0,0.0,00-0031057,26.5
2015,3,0.0,0.0,2.0,0.0,1.0,159.0,0.0,19.0,1.0,00-0031057,36.8
2016,5,0.0,0.0,0.0,0.0,0.0,126.0,0.0,55.0,0.0,00-0031057,23.1
2014,27,0.0,0.0,9.0,0.0,2.0,1124.0,0.0,215.0,0.0,00-0031301,210.9
2015,15,0.0,0.0,11.0,0.0,3.0,794.0,1.0,79.0,1.0,00-0031301,170.3
2016,21,0.0,0.0,9.0,0.0,0.0,839.0,0.0,174.0,0.0,00-0031301,176.3
2017,4,0.0,0.0,0.0,0.0,0.0,116.0,0.0,16.0,0.0,00-0031301,17.200000000000003
2018,1,0.0,0.0,0.0,0.0,0.0,25.0,0.0,6.0,0.0,00-0031301,4.1
2014,3,0.0,0.0,0.0,0.0,0.0,2.0,0.0,15.0,0.0,00-0030653,4.7
2014,7,0.0,0.0,0.0,0.0,0.0,40.0,0.0,23.0,0.0,00-0031392,13.3
2014,11,0.0,0.0,4.0,0.0,1.0,673.0,0.0,64.0,1.0,00-0031375,112.7
2015,4,0.0,0.0,0.0,0.0,2.0,231.0,0.0,21.0,0.0,00-0031375,25.200000000000003
2016,34,0.0,0.0,5.0,0.0,0.0,774.0,0.0,236.0,1.0,00-0031375,171.0
2017,2,0.0,0.0,2.0,0.0,1.0,138.0,0.0,23.0,0.0,00-0031375,28.1
2014,9,0.0,0.0,8.0,0.0,2.0,607.0,0.0,87.0,0.0,00-0030656,122.4
2015,19,0.0,0.0,4.0,0.0,0.0,706.0,0.0,182.0,1.0,00-0030656,137.8
2016,40,0.0,0.0,7.0,0.0,2.0,952.0,0.0,319.0,0.0,00-0030656,205.1
2017,28,0.0,0.0,2.0,0.0,1.0,853.0,1.0,182.0,0.0,00-0030656,143.5
2018,21,0.0,0.0,6.0,0.0,0.0,685.0,0.0,152.0,0.0,00-0030656,140.7
2014,36,0.0,0.0,0.0,0.0,0.0,10.0,0.0,621.0,1.0,00-0031228,105.1
2015,28,0.0,0.0,0.0,0.0,1.0,0.0,1.0,241.0,0.0,00-0031228,52.1
2016,35,0.0,0.0,1.0,0.0,0.0,51.0,0.0,579.0,6.0,00-0031228,140.0
2017,33,0.0,0.0,0.0,0.0,0.0,49.0,0.0,378.0,1.0,00-0031228,81.7
2018,67,0.0,0.0,0.0,0.0,1.0,61.0,0.0,688.0,2.0,00-0031228,151.89999999999998
2019,29,0.0,0.0,0.0,0.0,0.0,20.0,0.0,353.0,4.0,00-0031228,90.30000000000001
2014,0,25.0,0.0,0.0,0.0,0.0,0.0,0.0,0.0,0.0,00-0028954,1.0
2017,0,44.0,0.0,0.0,0.0,0.0,0.0,0.0,0.0,0.0,00-0028954,1.76
2014,0,0.0,0.0,0.0,0.0,1.0,0.0,0.0,0.0,0.0,00-0027866,-2.0
2014,0,0.0,0.0,0.0,0.0,1.0,0.0,0.0,0.0,0.0,00-0030671,-2.0
2016,0,0.0,0.0,0.0,0.0,0.0,0.0,0.0,0.0,0.0,00-0030671,0.0
2014,27,0.0,0.0,0.0,0.0,0.0,538.0,0.0,135.0,0.0,00-0031376,94.30000000000001
2015,21,0.0,0.0,2.0,0.0,0.0,271.0,0.0,173.0,1.0,00-0031376,83.39999999999999
2016,43,0.0,0.0,2.0,0.0,0.0,539.0,1.0,255.0,2.0,00-0031376,148.4
2017,51,0.0,0.0,3.0,0.0,2.0,570.0,1.0,421.0,2.0,00-0031376,178.1
2020,33,0.0,0.0,5.0,0.0,0.0,319.0,0.0,253.0,1.0,00-0031376,126.2
2021,10,0.0,0.0,0.0,0.0,0.0,38.0,0.0,72.0,0.0,00-0031376,21.0
2022,54,0.0,0.0,1.0,0.0,1.0,285.0,1.0,512.0,8.0,00-0031376,187.7
2023,25,4.0,1.0,1.0,0.0,0.0,60.0,0.0,192.0,4.0,00-0031376,84.36
2014,0,2001.0,12.0,0.0,9.0,3.0,36.0,0.0,0.0,0.0,00-0028957,107.64000000000001
2015,0,547.0,1.0,0.0,3.0,2.0,33.0,0.0,0.0,0.0,00-0028957,19.18
2017,0,0.0,0.0,0.0,0.0,0.0,-1.0,0.0,0.0,0.0,00-0028957,-0.1
2014,53,0.0,0.0,1.0,0.0,0.0,73.0,0.0,550.0,3.0,00-0031236,139.3
2015,84,0.0,0.0,0.0,0.0,0.0,18.0,0.0,1138.0,9.0,00-0031236,253.60000000000002
2016,78,0.0,0.0,0.0,0.0,0.0,30.0,0.0,1173.0,8.0,00-0031236,246.3
2017,65,0.0,0.0,0.0,0.0,0.0,40.0,1.0,1082.0,7.0,00-0031236,221.2
2018,80,0.0,0.0,1.0,0.0,0.0,68.0,0.0,1204.0,5.0,00-0031236,243.2
2019,42,0.0,0.0,0.0,0.0,0.0,52.0,0.0,583.0,2.0,00-0031236,117.5
2020,81,0.0,0.0,0.0,0.0,0.0,0.0,0.0,1143.0,6.0,00-0031236,231.3
2021,87,0.0,0.0,0.0,0.0,0.0,21.0,0.0,1009.0,6.0,00-0031236,226.0
2022,52,0.0,0.0,0.0,0.0,0.0,7.0,0.0,593.0,2.0,00-0031236,124.0
2023,48,0.0,0.0,0.0,0.0,0.0,32.0,1.0,618.0,7.0,00-0031236,157.0
2024,23,0.0,0.0,0.0,0.0,0.0,2.0,0.0,244.0,3.0,00-0031236,65.60000000000001
2014,30,0.0,0.0,1.0,0.0,1.0,248.0,0.0,225.0,1.0,00-0031285,87.3
2015,73,0.0,0.0,11.0,0.0,2.0,1056.0,0.0,578.0,3.0,00-0031285,316.40000000000003
2016,54,0.0,0.0,11.0,0.0,1.0,1079.0,0.0,462.0,2.0,00-0031285,284.1
2017,36,0.0,0.0,7.0,0.0,1.0,865.0,0.0,317.0,1.0,00-0031285,200.2
2018,5,0.0,0.0,0.0,0.0,0.0,68.0,0.0,23.0,0.0,00-0031285,14.100000000000001
2019,59,0.0,0.0,2.0,0.0,2.0,656.0,0.0,410.0,4.0,00-0031285,197.60000000000002
2020,7,0.0,0.0,1.0,0.0,0.0,172.0,0.0,58.0,0.0,00-0031285,36.0
2021,32,0.0,0.0,5.0,0.0,0.0,555.0,0.0,184.0,1.0,00-0031285,141.9
2014,18,0.0,0.0,7.0,0.0,0.0,721.0,0.0,130.0,0.0,00-0031055,145.10000000000002
2015,1,0.0,0.0,1.0,0.0,0.0,257.0,1.0,7.0,0.0,00-0031055,35.400000000000006
2016,0,0.0,0.0,0.0,0.0,0.0,87.0,0.0,0.0,0.0,00-0031055,8.700000000000001
2017,0,0.0,0.0,0.0,0.0,0.0,25.0,0.0,0.0,0.0,00-0031055,2.5
2014,0,3270.0,21.0,0.0,12.0,4.0,92.0,0.0,0.0,0.0,00-0031280,192.0
2015,0,3987.0,32.0,0.0,13.0,3.0,138.0,1.0,0.0,0.0,00-0031280,271.28000000000003
2016,0,3937.0,28.0,0.0,6.0,3.0,70.0,5.0,0.0,0.0,00-0031280,268.48
2017,0,3496.0,22.0,0.0,13.0,4.0,66.0,2.0,0.0,0.0,00-0031280,204.44
2018,1,4049.0,19.0,1.0,10.0,7.0,47.0,1.0,-9.0,0.0,00-0031280,216.76
2019,0,4054.0,21.0,2.0,8.0,3.0,82.0,0.0,0.0,0.0,00-0031280,244.35999999999999
2020,0,4103.0,27.0,3.0,9.0,8.0,140.0,1.0,0.0,0.0,00-0031280,272.12
2021,0,4618.0,21.0,0.0,14.0,5.0,109.0,0.0,0.0,0.0,00-0031280,241.62000000000003
2022,0,3522.0,24.0,0.0,14.0,0.0,102.0,0.0,0.0,0.0,00-0031280,219.07999999999998
2023,0,3614.0,21.0,0.0,8.0,3.0,34.0,2.0,0.0,0.0,00-0031280,213.96
2024,0,2145.0,15.0,1.0,5.0,0.0,71.0,1.0,0.0,0.0,00-0031280,150.9
2012,45,0.0,0.0,0.0,0.0,1.0,0.0,0.0,562.0,2.0,00-0029638,111.2
2013,65,0.0,0.0,0.0,0.0,0.0,0.0,0.0,1041.0,5.0,00-0029638,199.10000000000002
2014,47,0.0,0.0,0.0,0.0,1.0,2.0,0.0,841.0,6.0,00-0029638,165.3
2015,52,0.0,0.0,0.0,0.0,0.0,0.0,0.0,849.0,6.0,00-0029638,172.9
2016,37,0.0,0.0,0.0,0.0,0.0,0.0,0.0,488.0,5.0,00-0029638,115.80000000000001
2017,10,0.0,0.0,0.0,0.0,0.0,0.0,0.0,78.0,0.0,00-0029638,17.8
2018,10,0.0,0.0,0.0,0.0,0.0,0.0,1.0,100.0,1.0,00-0029638,28.0
2014,12,0.0,0.0,4.0,0.0,1.0,333.0,0.0,68.0,0.0,00-0031045,74.10000000000001
2015,11,0.0,0.0,3.0,0.0,0.0,470.0,0.0,53.0,0.0,00-0031045,81.3
2016,27,0.0,0.0,6.0,0.0,3.0,988.0,1.0,163.0,3.0,00-0031045,192.10000000000002
2017,59,0.0,0.0,8.0,0.0,1.0,938.0,0.0,350.0,0.0,00-0031045,233.8
2018,10,0.0,0.0,5.0,0.0,1.0,571.0,0.0,33.0,0.0,00-0031045,98.39999999999999
2019,10,0.0,0.0,6.0,0.0,2.0,1070.0,0.0,42.0,0.0,00-0031045,153.2
2020,16,0.0,0.0,4.0,0.0,0.0,356.0,0.0,93.0,0.0,00-0031045,84.89999999999999
2021,12,0.0,0.0,1.0,0.0,2.0,253.0,0.0,65.0,0.0,00-0031045,45.8
2014,18,0.0,0.0,2.0,0.0,2.0,569.0,0.0,133.0,0.0,00-0031413,96.2
2015,14,0.0,0.0,1.0,0.0,1.0,193.0,0.0,139.0,1.0,00-0031413,57.199999999999996
2014,15,0.0,0.0,2.0,0.0,0.0,528.0,0.0,113.0,1.0,00-0031075,97.10000000000001
2015,15,0.0,0.0,2.0,0.0,1.0,698.0,0.0,109.0,1.0,00-0031075,111.7
2016,12,0.0,0.0,1.0,0.0,1.0,420.0,0.0,40.0,0.0,00-0031075,62.0
2017,7,0.0,0.0,1.0,0.0,0.0,262.0,0.0,54.0,0.0,00-0031075,44.6
2018,20,0.0,0.0,2.0,0.0,0.0,499.0,0.0,154.0,0.0,00-0031075,97.30000000000001
2014,48,0.0,0.0,0.0,0.0,0.0,-6.0,0.0,696.0,5.0,00-0031051,147.0
2015,65,0.0,0.0,0.0,0.0,1.0,22.0,0.0,1003.0,7.0,00-0031051,207.5
2016,39,0.0,0.0,0.0,0.0,0.0,10.0,0.0,517.0,2.0,00-0031051,103.7
2017,21,0.0,0.0,0.0,0.0,0.0,10.0,0.0,299.0,3.0,00-0031051,69.9
2018,42,0.0,0.0,0.0,0.0,0.0,4.0,0.0,717.0,5.0,00-0031051,144.10000000000002
2019,72,28.0,1.0,0.0,0.0,0.0,7.0,0.0,1060.0,6.0,00-0031051,219.82
2020,33,0.0,0.0,0.0,0.0,0.0,0.0,0.0,458.0,3.0,00-0031051,96.80000000000001
2021,0,0.0,0.0,0.0,0.0,0.0,0.0,0.0,0.0,0.0,00-0031051,0.0
2022,0,0.0,0.0,0.0,0.0,0.0,0.0,0.0,0.0,0.0,00-0031051,0.0
2014,6,0.0,0.0,1.0,0.0,0.0,28.0,0.0,62.0,2.0,00-0031326,33.0
2015,13,0.0,0.0,0.0,0.0,1.0,7.0,0.0,153.0,0.0,00-0031326,27.0
2017,29,0.0,0.0,0.0,0.0,0.0,17.0,0.0,330.0,2.0,00-0031326,75.7
2018,31,0.0,0.0,0.0,0.0,0.0,2.0,0.0,224.0,1.0,00-0031326,59.60000000000001
2014,21,0.0,0.0,0.0,0.0,1.0,95.0,0.0,296.0,2.0,00-0031118,70.1
2015,31,0.0,0.0,0.0,0.0,0.0,38.0,0.0,447.0,4.0,00-0031118,103.5
2016,27,0.0,0.0,0.0,0.0,1.0,6.0,0.0,271.0,1.0,00-0031118,58.7
2014,17,0.0,0.0,2.0,0.0,0.0,424.0,0.0,143.0,0.0,00-0030513,85.7
2015,41,0.0,0.0,6.0,0.0,1.0,1066.0,0.0,232.0,0.0,00-0030513,204.8
2016,33,0.0,0.0,12.0,0.0,1.0,788.0,0.0,264.0,0.0,00-0030513,208.20000000000002
2017,15,0.0,0.0,8.0,0.0,0.0,842.0,0.0,103.0,0.0,00-0030513,157.5
2018,22,0.0,0.0,6.0,0.0,0.0,578.0,1.0,141.0,0.0,00-0030513,131.9
2019,34,0.0,0.0,5.0,0.0,0.0,637.0,0.0,235.0,1.0,00-0030513,157.2
2020,23,0.0,0.0,4.0,0.0,0.0,656.0,0.0,176.0,1.0,00-0030513,136.20000000000002
2021,10,0.0,0.0,5.0,0.0,0.0,351.0,0.0,75.0,0.0,00-0030513,82.6
2022,26,0.0,0.0,5.0,0.0,0.0,657.0,1.0,117.0,0.0,00-0030513,135.4
2023,17,0.0,0.0,4.0,0.0,0.0,300.0,0.0,119.0,0.0,00-0030513,82.9
2014,8,0.0,0.0,1.0,0.0,0.0,75.0,0.0,107.0,0.0,00-0031008,32.2
2014,21,0.0,0.0,0.0,0.0,0.0,122.0,0.0,187.0,1.0,00-0030874,57.900000000000006
2015,21,0.0,0.0,0.0,0.0,1.0,59.0,0.0,142.0,1.0,00-0030874,45.1
2016,23,0.0,0.0,3.0,0.0,1.0,115.0,0.0,249.0,3.0,00-0030874,93.4
2017,20,0.0,0.0,0.0,0.0,0.0,181.0,0.0,155.0,1.0,00-0030874,59.6
2018,23,0.0,0.0,4.0,0.0,1.0,256.0,0.0,160.0,2.0,00-0030874,98.6
2019,30,0.0,0.0,5.0,0.0,1.0,498.0,0.0,213.0,2.0,00-0030874,141.10000000000002
2021,13,0.0,0.0,2.0,0.0,0.0,164.0,0.0,70.0,0.0,00-0030874,48.400000000000006
2022,0,0.0,0.0,0.0,0.0,0.0,2.0,0.0,0.0,0.0,00-0030874,0.2
2023,2,0.0,0.0,0.0,0.0,0.0,43.0,0.0,12.0,0.0,00-0030874,7.5
2014,84,0.0,0.0,0.0,0.0,4.0,-4.0,0.0,758.0,5.0,00-0031382,181.39999999999998
2015,110,9.0,0.0,1.0,0.0,0.0,113.0,1.0,1157.0,4.0,00-0031382,269.36
2016,94,0.0,0.0,0.0,0.0,2.0,17.0,1.0,1136.0,4.0,00-0031382,231.3
2017,112,0.0,0.0,0.0,0.0,3.0,-7.0,0.0,987.0,9.0,00-0031382,258.0
2018,81,63.0,0.0,1.0,0.0,1.0,60.0,1.0,976.0,4.0,00-0031382,217.12
2019,83,0.0,0.0,0.0,0.0,0.0,10.0,0.0,1174.0,6.0,00-0031382,237.4
2020,72,74.0,1.0,1.0,0.0,0.0,10.0,0.0,840.0,3.0,00-0031382,187.96
2021,46,0.0,0.0,2.0,0.0,2.0,40.0,0.0,495.0,1.0,00-0031382,113.5
2022,25,0.0,0.0,0.0,0.0,0.0,0.0,1.0,272.0,1.0,00-0031382,60.2
2014,2,0.0,0.0,0.0,0.0,0.0,22.0,0.0,15.0,1.0,00-0029729,11.7
2015,5,0.0,0.0,1.0,0.0,0.0,9.0,0.0,30.0,0.0,00-0029729,14.9
2014,0,175.0,0.0,1.0,2.0,0.0,29.0,0.0,0.0,0.0,00-0031409,11.9
2015,0,1500.0,7.0,0.0,5.0,3.0,230.0,0.0,0.0,0.0,00-0031409,95.0
2014,1,0.0,0.0,0.0,0.0,1.0,0.0,0.0,7.0,0.0,00-0031053,-0.29999999999999993
2013,6,0.0,0.0,0.0,0.0,0.0,0.0,0.0,64.0,0.0,00-0030460,12.4
2014,53,0.0,0.0,0.0,0.0,0.0,19.0,0.0,654.0,2.0,00-0030460,132.3
2015,44,0.0,0.0,0.0,0.0,0.0,0.0,1.0,749.0,5.0,00-0030460,150.9
2016,4,0.0,0.0,0.0,0.0,0.0,0.0,1.0,51.0,1.0,00-0030460,17.1
2017,3,0.0,0.0,0.0,0.0,0.0,0.0,0.0,51.0,0.0,00-0030460,8.100000000000001
2014,0,0.0,0.0,0.0,0.0,0.0,19.0,0.0,0.0,0.0,00-0030839,1.9000000000000001
2009,42,0.0,0.0,0.0,0.0,1.0,0.0,0.0,701.0,3.0,00-0027006,128.10000000000002
2010,42,0.0,0.0,0.0,0.0,1.0,0.0,1.0,775.0,9.0,00-0027006,173.5
2011,17,0.0,0.0,0.0,0.0,1.0,0.0,0.0,289.0,3.0,00-0027006,61.900000000000006
2012,45,0.0,0.0,0.0,0.0,1.0,0.0,1.0,589.0,4.0,00-0027006,127.9
2013,11,0.0,0.0,0.0,0.0,0.0,0.0,0.0,96.0,0.0,00-0027006,20.6
2014,48,0.0,0.0,0.0,0.0,0.0,14.0,0.0,748.0,3.0,00-0027006,142.2
2015,36,0.0,0.0,0.0,0.0,0.0,0.0,0.0,681.0,3.0,00-0027006,122.10000000000001
2016,68,0.0,0.0,0.0,0.0,1.0,0.0,0.0,1002.0,5.0,00-0027006,196.2
2017,20,0.0,0.0,0.0,0.0,0.0,0.0,0.0,256.0,2.0,00-0027006,57.6
2014,8,0.0,0.0,4.0,0.0,1.0,292.0,0.0,114.0,0.0,00-0031066,70.60000000000001
2015,5,0.0,0.0,1.0,0.0,0.0,47.0,0.0,29.0,0.0,00-0031066,18.6
2016,3,0.0,0.0,0.0,0.0,0.0,0.0,0.0,10.0,0.0,00-0031066,4.0
2014,3,0.0,0.0,0.0,0.0,0.0,30.0,0.0,18.0,0.0,00-0030985,7.8
2009,9,0.0,0.0,0.0,0.0,0.0,0.0,0.0,74.0,0.0,00-0027061,16.4
2010,29,0.0,0.0,0.0,0.0,0.0,0.0,0.0,361.0,1.0,00-0027061,71.1
2011,49,0.0,0.0,0.0,0.0,2.0,0.0,0.0,759.0,3.0,00-0027061,138.9
2012,44,0.0,0.0,0.0,0.0,1.0,0.0,0.0,524.0,4.0,00-0027061,118.4
2013,51,0.0,0.0,0.0,0.0,1.0,0.0,0.0,671.0,5.0,00-0027061,146.10000000000002
2014,52,0.0,0.0,0.0,0.0,0.0,0.0,0.0,634.0,3.0,00-0027061,133.4
2015,39,0.0,0.0,0.0,0.0,1.0,0.0,1.0,481.0,0.0,00-0027061,87.1
2016,30,0.0,0.0,0.0,0.0,1.0,0.0,0.0,377.0,1.0,00-0027061,71.7
2017,54,0.0,0.0,0.0,0.0,1.0,0.0,0.0,688.0,2.0,00-0027061,132.8
2018,68,0.0,0.0,0.0,0.0,0.0,0.0,0.0,896.0,6.0,00-0027061,193.60000000000002
2019,43,0.0,0.0,0.0,0.0,0.0,0.0,0.0,705.0,9.0,00-0027061,167.5
2020,37,0.0,0.0,0.0,0.0,1.0,0.0,0.0,504.0,7.0,00-0027061,127.4
2021,44,0.0,0.0,0.0,0.0,0.0,0.0,2.0,484.0,4.0,00-0027061,120.4
2014,32,0.0,0.0,0.0,0.0,0.0,17.0,0.0,444.0,3.0,00-0031339,96.10000000000001
2015,64,0.0,0.0,0.0,0.0,0.0,0.0,0.0,733.0,6.0,00-0031339,173.3
2016,30,0.0,0.0,0.0,0.0,0.0,-1.0,0.0,307.0,7.0,00-0031339,102.60000000000001
2017,26,0.0,0.0,0.0,0.0,0.0,0.0,0.0,391.0,2.0,00-0031339,77.1
2018,48,0.0,0.0,0.0,0.0,1.0,0.0,0.0,672.0,3.0,00-0031339,131.2
2019,4,0.0,0.0,0.0,0.0,0.0,0.0,0.0,18.0,0.0,00-0031339,5.8
2020,1,0.0,0.0,0.0,0.0,0.0,4.0,0.0,15.0,0.0,00-0031339,2.9
2014,0,2908.0,11.0,0.0,17.0,1.0,419.0,1.0,0.0,0.0,00-0031407,168.22
2015,0,4428.0,35.0,2.0,18.0,5.0,310.0,1.0,0.0,0.0,00-0031407,316.12
2016,1,3905.0,23.0,3.0,16.0,6.0,359.0,2.0,20.0,1.0,00-0031407,271.1
2017,0,3687.0,21.0,2.0,13.0,3.0,322.0,3.0,0.0,0.0,00-0031407,249.68
2018,0,2718.0,13.0,1.0,11.0,4.0,365.0,0.0,0.0,0.0,00-0031407,173.22
2019,0,3.0,0.0,0.0,0.0,0.0,-9.0,0.0,0.0,0.0,00-0031407,-0.78
2014,0,2919.0,14.0,1.0,12.0,0.0,209.0,2.0,0.0,0.0,00-0031237,179.66
2015,0,3231.0,14.0,3.0,9.0,3.0,192.0,1.0,0.0,0.0,00-0031237,200.44
2017,0,0.0,0.0,0.0,1.0,0.0,-3.0,0.0,0.0,0.0,00-0031237,-2.3
2018,0,118.0,1.0,0.0,1.0,0.0,5.0,0.0,0.0,0.0,00-0031237,7.219999999999999
2019,0,1384.0,9.0,0.0,2.0,0.0,31.0,0.0,0.0,0.0,00-0031237,90.46
2020,0,3733.0,15.0,5.0,11.0,3.0,279.0,1.0,0.0,0.0,00-0031237,241.22
2021,0,3052.0,18.0,2.0,7.0,1.0,106.0,1.0,0.0,0.0,00-0031237,202.67999999999998
2022,0,683.0,4.0,0.0,4.0,0.0,27.0,0.0,0.0,0.0,00-0031237,38.02
2023,0,0.0,0.0,0.0,0.0,0.0,-2.0,0.0,0.0,0.0,00-0031237,-0.2
2014,36,0.0,0.0,3.0,0.0,0.0,582.0,0.0,271.0,1.0,00-0031277,145.3
2015,13,0.0,0.0,0.0,0.0,0.0,108.0,0.0,112.0,0.0,00-0031277,35.0
2017,6,0.0,0.0,0.0,0.0,0.0,83.0,0.0,26.0,0.0,00-0031277,16.900000000000002
2014,10,0.0,0.0,0.0,0.0,0.0,0.0,0.0,86.0,0.0,00-0030780,18.6
2015,8,0.0,0.0,0.0,0.0,0.0,0.0,0.0,99.0,0.0,00-0030780,17.9
2016,2,0.0,0.0,0.0,0.0,0.0,0.0,0.0,13.0,0.0,00-0030780,3.3
2017,2,0.0,0.0,0.0,0.0,0.0,0.0,0.0,22.0,0.0,00-0030780,4.2
2018,1,0.0,0.0,0.0,0.0,0.0,0.0,0.0,1.0,1.0,00-0030780,7.1
2014,5,0.0,0.0,0.0,0.0,0.0,78.0,0.0,31.0,0.0,00-0031123,15.9
2014,0,0.0,0.0,0.0,0.0,1.0,0.0,0.0,0.0,0.0,00-0029401,-2.0
2014,5,0.0,0.0,1.0,0.0,0.0,23.0,0.0,48.0,0.0,00-0030860,18.1
2015,3,0.0,0.0,1.0,0.0,0.0,153.0,0.0,31.0,0.0,00-0030860,27.400000000000002
2016,2,0.0,0.0,2.0,0.0,0.0,111.0,0.0,12.0,0.0,00-0030860,26.3
2017,19,0.0,0.0,5.0,0.0,0.0,751.0,1.0,116.0,0.0,00-0030860,137.70000000000002
2014,0,182.0,1.0,0.0,0.0,0.0,9.0,0.0,0.0,0.0,00-0031345,12.180000000000001
2015,0,6.0,0.0,0.0,0.0,0.0,-5.0,0.0,0.0,0.0,00-0031345,-0.26
2016,1,502.0,4.0,0.0,0.0,1.0,6.0,0.0,3.0,0.0,00-0031345,35.98
2017,1,1560.0,7.0,1.0,5.0,0.0,11.0,0.0,-6.0,0.0,00-0031345,87.9
2018,0,718.0,5.0,0.0,3.0,0.0,33.0,1.0,0.0,0.0,00-0031345,48.019999999999996
2019,0,3978.0,27.0,1.0,13.0,5.0,62.0,2.0,0.0,0.0,00-0031345,247.32
2020,0,1096.0,7.0,0.0,5.0,0.0,25.0,0.0,0.0,0.0,00-0031345,64.34
2021,0,3494.0,19.0,3.0,10.0,3.0,46.0,1.0,0.0,0.0,00-0031345,214.35999999999999
2022,0,2437.0,16.0,2.0,4.0,2.0,33.0,0.0,0.0,0.0,00-0031345,164.78000000000003
2023,0,1205.0,7.0,0.0,9.0,0.0,39.0,1.0,0.0,0.0,00-0031345,64.1
2014,5,0.0,0.0,0.0,0.0,0.0,38.0,0.0,23.0,0.0,00-0031062,11.100000000000001
2015,40,0.0,0.0,2.0,0.0,0.0,56.0,0.0,410.0,4.0,00-0031062,122.6
2016,60,0.0,0.0,0.0,0.0,0.0,166.0,0.0,551.0,5.0,00-0031062,161.7
2017,56,0.0,0.0,0.0,0.0,0.0,171.0,0.0,429.0,3.0,00-0031062,134.0
2018,87,0.0,0.0,5.0,0.0,0.0,425.0,0.0,751.0,7.0,00-0031062,276.6
2019,72,35.0,0.0,1.0,0.0,0.0,263.0,1.0,645.0,5.0,00-0031062,202.2
2020,49,0.0,0.0,2.0,0.0,0.0,121.0,0.0,375.0,1.0,00-0031062,116.6
2021,12,0.0,0.0,1.0,0.0,0.0,38.0,0.0,94.0,0.0,00-0031062,31.200000000000003
2014,0,0.0,0.0,0.0,0.0,0.0,0.0,0.0,0.0,0.0,00-0027114,0.0
2023,0,18.0,0.0,0.0,0.0,0.0,0.0,0.0,0.0,0.0,00-0027114,0.72
2014,0,1412.0,8.0,0.0,7.0,2.0,4.0,0.0,0.0,0.0,00-0031266,70.88000000000001
2015,0,935.0,4.0,1.0,7.0,2.0,8.0,0.0,0.0,0.0,00-0031266,42.199999999999996
2014,0,81.0,1.0,0.0,0.0,0.0,0.0,0.0,0.0,0.0,00-0031260,7.24
2017,7,0.0,0.0,0.0,0.0,0.0,0.0,0.0,67.0,1.0,00-0031260,19.7
2018,12,15.0,0.0,0.0,0.0,0.0,0.0,0.0,77.0,0.0,00-0031260,20.3
2019,16,0.0,0.0,0.0,0.0,0.0,0.0,0.0,173.0,1.0,00-0031260,39.3
2020,72,28.0,0.0,0.0,0.0,0.0,5.0,0.0,670.0,6.0,00-0031260,176.62
2021,18,0.0,0.0,0.0,0.0,1.0,0.0,0.0,196.0,3.0,00-0031260,53.6
2022,37,0.0,0.0,0.0,0.0,0.0,0.0,0.0,307.0,1.0,00-0031260,73.7
2023,54,0.0,0.0,0.0,0.0,2.0,2.0,1.0,487.0,4.0,00-0031260,124.9
2014,4,0.0,0.0,3.0,0.0,0.0,272.0,0.0,25.0,0.0,00-0030705,51.7
2015,6,0.0,0.0,0.0,0.0,0.0,48.0,0.0,51.0,0.0,00-0030705,15.900000000000002
2016,0,0.0,0.0,1.0,0.0,0.0,26.0,0.0,0.0,0.0,00-0030705,8.6
2013,24,0.0,0.0,0.0,0.0,0.0,0.0,0.0,259.0,2.0,00-0029033,61.900000000000006
2014,2,0.0,0.0,0.0,0.0,1.0,0.0,0.0,23.0,0.0,00-0029033,2.3000000000000003
2015,19,0.0,0.0,0.0,0.0,2.0,0.0,0.0,205.0,1.0,00-0029033,41.5
2016,2,0.0,0.0,0.0,0.0,0.0,0.0,0.0,22.0,0.0,00-0029033,4.2
2017,4,0.0,0.0,0.0,0.0,0.0,0.0,0.0,23.0,0.0,00-0029033,6.300000000000001
2014,0,0.0,0.0,0.0,0.0,0.0,73.0,0.0,0.0,0.0,00-0030247,7.300000000000001
2015,0,0.0,0.0,0.0,0.0,0.0,1.0,0.0,0.0,0.0,00-0030247,0.1
2014,23,0.0,0.0,1.0,0.0,0.0,113.0,0.0,156.0,0.0,00-0031060,55.9
2015,17,0.0,0.0,1.0,0.0,1.0,34.0,0.0,140.0,1.0,00-0031060,44.4
2016,7,0.0,0.0,0.0,0.0,0.0,29.0,0.0,35.0,0.0,00-0031060,13.4
2017,14,0.0,0.0,0.0,0.0,0.0,4.0,0.0,143.0,2.0,00-0031060,40.7
2018,3,0.0,0.0,0.0,0.0,0.0,6.0,0.0,29.0,1.0,00-0031060,12.5
2019,1,0.0,0.0,0.0,0.0,0.0,5.0,0.0,6.0,0.0,00-0031060,2.1
2014,0,0.0,0.0,0.0,0.0,0.0,3.0,0.0,0.0,0.0,00-0024796,0.30000000000000004
2014,1,0.0,0.0,2.0,0.0,0.0,86.0,0.0,-4.0,0.0,00-0031243,21.200000000000003
2011,3,0.0,0.0,0.0,0.0,0.0,0.0,0.0,27.0,0.0,00-0027595,5.7
2014,6,0.0,0.0,0.0,0.0,0.0,-2.0,0.0,57.0,0.0,00-0027595,11.5
2015,32,0.0,0.0,0.0,0.0,0.0,0.0,0.0,368.0,1.0,00-0027595,74.80000000000001
2016,24,0.0,0.0,0.0,0.0,1.0,4.0,0.0,231.0,2.0,00-0027595,57.5
2014,0,0.0,0.0,0.0,0.0,1.0,0.0,0.0,0.0,0.0,00-0031268,-2.0
2016,14,0.0,0.0,0.0,0.0,0.0,0.0,0.0,142.0,0.0,00-0031268,28.200000000000003
2014,0,0.0,0.0,0.0,0.0,0.0,10.0,0.0,0.0,0.0,00-0030710,1.0
2015,3,0.0,0.0,0.0,0.0,0.0,0.0,0.0,54.0,0.0,00-0030710,8.4
2016,37,0.0,0.0,0.0,0.0,0.0,0.0,0.0,327.0,1.0,00-0030710,75.7
2017,23,0.0,0.0,0.0,0.0,0.0,0.0,1.0,248.0,5.0,00-0030710,79.8
2018,54,0.0,0.0,0.0,0.0,1.0,2.0,1.0,569.0,6.0,00-0030710,147.10000000000002
2019,14,0.0,0.0,0.0,0.0,0.0,0.0,0.0,84.0,0.0,00-0030710,22.4
2020,28,0.0,0.0,2.0,0.0,0.0,3.0,0.0,250.0,3.0,00-0030710,83.3
2014,0,60.0,0.0,0.0,0.0,0.0,-3.0,0.0,0.0,0.0,00-0030586,2.0999999999999996
2015,0,68.0,1.0,0.0,0.0,0.0,0.0,0.0,0.0,0.0,00-0030586,6.720000000000001
2014,0,0.0,0.0,0.0,1.0,0.0,0.0,1.0,0.0,0.0,00-0030142,0.0
2014,0,0.0,0.0,0.0,0.0,1.0,0.0,0.0,0.0,0.0,00-0031269,-2.0
2014,16,0.0,0.0,4.0,0.0,1.0,765.0,0.0,148.0,1.0,00-0031391,135.3
2015,18,0.0,0.0,1.0,0.0,1.0,207.0,0.0,88.0,0.0,00-0031391,51.5
2014,37,0.0,0.0,0.0,0.0,0.0,9.0,0.0,422.0,1.0,00-0031431,86.1
2015,15,0.0,0.0,0.0,0.0,0.0,38.0,0.0,191.0,1.0,00-0031431,43.900000000000006
2016,63,20.0,1.0,0.0,0.0,1.0,35.0,0.0,851.0,3.0,00-0031431,172.4
2017,56,0.0,0.0,0.0,0.0,0.0,17.0,1.0,702.0,3.0,00-0031431,147.9
2019,3,0.0,0.0,0.0,0.0,0.0,1.0,0.0,18.0,0.0,00-0031431,4.9
2014,0,0.0,0.0,0.0,0.0,1.0,0.0,0.0,0.0,0.0,00-0030114,-2.0
2015,0,0.0,0.0,0.0,0.0,0.0,10.0,0.0,0.0,0.0,00-0030114,1.0
2014,91,0.0,0.0,0.0,0.0,1.0,35.0,0.0,1305.0,12.0,00-0031235,295.0
2015,96,0.0,0.0,0.0,0.0,0.0,3.0,0.0,1454.0,13.0,00-0031235,319.70000000000005
2016,101,0.0,0.0,0.0,0.0,1.0,9.0,0.0,1367.0,10.0,00-0031235,296.6
2017,25,0.0,0.0,0.0,0.0,0.0,8.0,0.0,302.0,3.0,00-0031235,74.0
2018,77,106.0,2.0,0.0,0.0,1.0,19.0,0.0,1052.0,6.0,00-0031235,230.34
2019,75,20.0,0.0,0.0,0.0,1.0,10.0,0.0,1091.0,5.0,00-0031235,213.9
2020,23,18.0,0.0,1.0,0.0,0.0,72.0,0.0,319.0,3.0,00-0031235,86.82000000000001
2021,42,0.0,0.0,0.0,0.0,0.0,14.0,0.0,519.0,5.0,00-0031235,125.30000000000001
2023,35,0.0,0.0,0.0,0.0,1.0,0.0,0.0,565.0,3.0,00-0031235,107.5
2024,9,0.0,0.0,0.0,0.0,0.0,0.0,0.0,55.0,0.0,00-0031235,14.5
2014,1,0.0,0.0,5.0,0.0,0.0,412.0,0.0,7.0,0.0,00-0029104,72.9
2015,7,0.0,0.0,0.0,0.0,0.0,176.0,0.0,76.0,0.0,00-0029104,32.2
2014,9,0.0,0.0,0.0,0.0,0.0,2.0,0.0,105.0,0.0,00-0029119,19.7
2015,17,0.0,0.0,0.0,0.0,0.0,0.0,0.0,141.0,1.0,00-0029119,37.1
2016,2,0.0,0.0,0.0,0.0,0.0,0.0,0.0,10.0,0.0,00-0029119,3.0
2017,8,0.0,0.0,0.0,0.0,0.0,0.0,0.0,71.0,0.0,00-0029119,15.100000000000001
2018,7,0.0,0.0,0.0,0.0,0.0,0.0,0.0,67.0,1.0,00-0029119,19.7
2019,13,0.0,0.0,0.0,0.0,0.0,27.0,0.0,108.0,1.0,00-0029119,32.5
2020,1,0.0,0.0,0.0,0.0,0.0,0.0,0.0,14.0,0.0,00-0029119,2.4000000000000004
2021,2,0.0,0.0,0.0,0.0,0.0,0.0,0.0,13.0,0.0,00-0029119,3.3
2010,1,0.0,0.0,0.0,0.0,0.0,0.0,0.0,10.0,0.0,00-0027844,2.0
2011,6,0.0,0.0,0.0,0.0,0.0,0.0,0.0,53.0,0.0,00-0027844,11.3
2012,12,0.0,0.0,0.0,0.0,0.0,0.0,0.0,83.0,1.0,00-0027844,26.3
2013,11,0.0,0.0,0.0,0.0,0.0,0.0,0.0,47.0,0.0,00-0027844,15.7
2014,9,0.0,0.0,0.0,0.0,1.0,4.0,0.0,27.0,1.0,00-0027844,16.1
2014,6,0.0,0.0,0.0,0.0,0.0,0.0,0.0,58.0,1.0,00-0031187,17.8
2013,32,0.0,0.0,0.0,0.0,0.0,0.0,0.0,466.0,4.0,00-0030000,102.6
2014,21,0.0,0.0,0.0,0.0,0.0,5.0,0.0,262.0,0.0,00-0030000,47.7
2015,17,0.0,0.0,0.0,0.0,0.0,0.0,0.0,165.0,0.0,00-0030000,33.5
2014,13,0.0,0.0,0.0,0.0,0.0,0.0,0.0,151.0,1.0,00-0029394,34.1
2015,9,0.0,0.0,0.0,0.0,1.0,0.0,0.0,119.0,0.0,00-0029394,18.9
2016,2,0.0,0.0,0.0,0.0,0.0,0.0,0.0,17.0,0.0,00-0029394,3.7
2017,8,0.0,0.0,0.0,0.0,0.0,0.0,0.0,128.0,0.0,00-0029394,20.8
2014,7,0.0,0.0,1.0,0.0,0.0,41.0,0.0,29.0,0.0,00-0030999,20.0
2014,26,0.0,0.0,0.0,0.0,0.0,12.0,0.0,549.0,8.0,00-0031373,130.10000000000002
2015,50,0.0,0.0,1.0,0.0,1.0,37.0,0.0,765.0,6.0,00-0031373,170.2
2017,50,0.0,0.0,0.0,0.0,0.0,22.0,1.0,603.0,3.0,00-0031373,132.5
2018,19,0.0,0.0,0.0,0.0,1.0,23.0,0.0,266.0,0.0,00-0031373,45.900000000000006
2014,5,0.0,0.0,0.0,0.0,0.0,30.0,0.0,91.0,0.0,00-0031291,17.1
2016,13,0.0,0.0,0.0,0.0,0.0,-6.0,0.0,106.0,0.0,00-0031291,23.0
2014,19,0.0,0.0,1.0,0.0,1.0,185.0,0.0,190.0,0.0,00-0031390,60.5
2015,51,0.0,0.0,0.0,0.0,2.0,529.0,0.0,561.0,4.0,00-0031390,180.0
2016,24,0.0,0.0,1.0,0.0,1.0,149.0,0.0,190.0,1.0,00-0031390,67.9
2017,35,0.0,0.0,0.0,0.0,1.0,95.0,0.0,252.0,1.0,00-0031390,73.7
2014,0,0.0,0.0,0.0,0.0,0.0,-8.0,0.0,0.0,0.0,00-0026691,-0.8
2014,0,0.0,0.0,0.0,0.0,0.0,-12.0,0.0,0.0,0.0,00-0031079,-1.2000000000000002
2017,0,38.0,1.0,0.0,0.0,0.0,0.0,0.0,0.0,0.0,00-0031079,5.52
2014,7,0.0,0.0,1.0,0.0,0.0,27.0,0.0,49.0,0.0,00-0030288,20.6
2015,10,0.0,0.0,0.0,0.0,1.0,4.0,0.0,94.0,1.0,00-0030288,23.8
2016,17,0.0,0.0,2.0,0.0,1.0,344.0,0.0,145.0,0.0,00-0030288,75.9
2017,30,0.0,0.0,5.0,0.0,0.0,264.0,0.0,254.0,3.0,00-0030288,129.8
2018,14,0.0,0.0,0.0,0.0,1.0,186.0,0.0,131.0,1.0,00-0030288,49.7
2019,27,0.0,0.0,3.0,0.0,1.0,302.0,0.0,279.0,0.0,00-0030288,101.10000000000001
2020,25,0.0,0.0,3.0,0.0,0.0,274.0,0.0,192.0,3.0,00-0030288,107.60000000000001
2021,22,0.0,0.0,3.0,0.0,0.0,403.0,0.0,144.0,0.0,00-0030288,94.70000000000002
2022,36,0.0,0.0,0.0,0.0,0.0,80.0,0.0,203.0,1.0,00-0030288,70.3
2014,65,0.0,0.0,0.0,0.0,1.0,8.0,0.0,982.0,6.0,00-0031325,198.0
2015,60,0.0,0.0,0.0,0.0,0.0,1.0,0.0,1047.0,9.0,00-0031325,218.8
2016,28,0.0,0.0,0.0,0.0,0.0,0.0,0.0,430.0,2.0,00-0031325,83.0
2017,39,0.0,0.0,0.0,0.0,0.0,0.0,0.0,593.0,8.0,00-0031325,146.3
2018,40,0.0,0.0,0.0,0.0,0.0,52.0,0.0,519.0,3.0,00-0031325,115.10000000000001
2019,52,0.0,0.0,0.0,0.0,1.0,12.0,1.0,673.0,3.0,00-0031325,138.5
2020,37,0.0,0.0,0.0,1.0,1.0,3.0,0.0,421.0,2.0,00-0031325,87.4
2021,27,0.0,0.0,0.0,0.0,1.0,0.0,0.0,394.0,1.0,00-0031325,70.4
2022,14,0.0,0.0,0.0,0.0,0.0,0.0,0.0,246.0,0.0,00-0031325,38.6
2014,0,0.0,0.0,0.0,0.0,0.0,0.0,0.0,0.0,0.0,00-0028309,0.0
2014,0,0.0,0.0,0.0,0.0,0.0,48.0,0.0,0.0,0.0,00-0027914,4.800000000000001
2014,29,0.0,0.0,0.0,0.0,0.0,0.0,0.0,271.0,1.0,00-0031257,62.1
2015,1,0.0,0.0,0.0,0.0,0.0,0.0,0.0,40.0,0.0,00-0031257,5.0
2016,21,0.0,0.0,0.0,0.0,0.0,5.0,0.0,288.0,1.0,00-0031257,56.3
2017,44,0.0,0.0,0.0,0.0,0.0,0.0,0.0,703.0,6.0,00-0031257,150.3
2018,20,0.0,0.0,0.0,0.0,0.0,9.0,0.0,262.0,2.0,00-0031257,59.1
2019,28,0.0,0.0,0.0,0.0,0.0,0.0,0.0,245.0,2.0,00-0031257,64.5
2011,12,0.0,0.0,0.0,0.0,1.0,0.0,0.0,133.0,0.0,00-0028007,23.3
2012,45,0.0,0.0,0.0,0.0,0.0,0.0,0.0,417.0,0.0,00-0028007,86.7
2013,39,0.0,0.0,0.0,0.0,0.0,0.0,0.0,454.0,1.0,00-0028007,90.4
2014,9,0.0,0.0,0.0,0.0,0.0,1.0,0.0,129.0,0.0,00-0028007,22.0
2015,4,0.0,0.0,0.0,0.0,0.0,0.0,0.0,33.0,0.0,00-0028007,7.300000000000001
2014,0,0.0,0.0,0.0,0.0,0.0,0.0,0.0,0.0,0.0,00-0028496,0.0
2015,0,0.0,0.0,0.0,0.0,0.0,0.0,0.0,0.0,0.0,00-0028496,0.0
2013,1,0.0,0.0,0.0,0.0,0.0,0.0,0.0,11.0,0.0,00-0029048,2.1
2014,9,0.0,0.0,0.0,0.0,0.0,88.0,0.0,62.0,0.0,00-0029048,24.0
2016,0,0.0,0.0,0.0,0.0,0.0,7.0,0.0,0.0,0.0,00-0029048,0.7000000000000001
2014,0,0.0,0.0,0.0,0.0,0.0,-2.0,0.0,0.0,0.0,00-0029463,-0.2
2014,0,0.0,0.0,0.0,0.0,1.0,0.0,0.0,0.0,0.0,00-0030127,-2.0
2017,0,0.0,0.0,0.0,0.0,0.0,0.0,0.0,0.0,0.0,00-0030127,0.0
2014,8,0.0,0.0,0.0,0.0,1.0,7.0,0.0,98.0,0.0,00-0030990,16.5
2015,27,0.0,0.0,0.0,0.0,0.0,0.0,0.0,312.0,3.0,00-0030990,76.2
2016,16,0.0,0.0,0.0,0.0,0.0,15.0,0.0,113.0,1.0,00-0030990,34.8
2014,0,127.0,0.0,0.0,1.0,1.0,-6.0,0.0,0.0,0.0,00-0031064,0.48
2016,0,461.0,0.0,0.0,0.0,1.0,12.0,0.0,0.0,0.0,00-0031064,17.64
2017,0,1412.0,5.0,0.0,6.0,7.0,2.0,0.0,0.0,0.0,00-0031064,50.68000000000001
2014,2,0.0,0.0,0.0,0.0,0.0,246.0,0.0,11.0,0.0,00-0030117,27.700000000000003
2015,2,0.0,0.0,1.0,0.0,1.0,142.0,0.0,16.0,0.0,00-0030117,21.800000000000004
2016,1,0.0,0.0,2.0,0.0,0.0,157.0,0.0,6.0,0.0,00-0030117,29.300000000000004
2017,10,0.0,0.0,1.0,0.0,0.0,426.0,0.0,93.0,0.0,00-0030117,67.9
2014,0,0.0,0.0,0.0,0.0,0.0,16.0,0.0,0.0,0.0,00-0031450,1.6
2014,0,0.0,0.0,0.0,0.0,0.0,2.0,0.0,0.0,0.0,00-0030140,0.2
2016,0,31.0,0.0,0.0,0.0,0.0,0.0,0.0,0.0,0.0,00-0030140,1.24
2018,0,7.0,0.0,0.0,0.0,0.0,0.0,0.0,0.0,0.0,00-0030140,0.28
2023,0,0.0,0.0,0.0,0.0,0.0,0.0,0.0,0.0,0.0,00-0030140,0.0
2012,11,0.0,0.0,0.0,0.0,0.0,0.0,0.0,151.0,0.0,00-0029580,26.1
2013,41,0.0,0.0,0.0,0.0,0.0,0.0,0.0,448.0,2.0,00-0029580,97.80000000000001
2014,12,0.0,0.0,0.0,0.0,0.0,3.0,0.0,135.0,2.0,00-0029580,37.8
2015,43,0.0,0.0,0.0,0.0,0.0,4.0,0.0,662.0,4.0,00-0029580,133.60000000000002
2016,65,0.0,0.0,0.0,0.0,1.0,0.0,0.0,945.0,9.0,00-0029580,211.5
2017,53,0.0,0.0,0.0,0.0,0.0,-3.0,0.0,795.0,4.0,00-0029580,156.2
2018,5,0.0,0.0,0.0,0.0,0.0,0.0,0.0,24.0,0.0,00-0029580,7.4
2014,0,0.0,0.0,0.0,0.0,0.0,2.0,0.0,0.0,0.0,00-0027422,0.2
2014,6,0.0,0.0,0.0,0.0,0.0,12.0,0.0,27.0,1.0,00-0030404,15.899999999999999
2015,35,0.0,0.0,0.0,0.0,0.0,216.0,0.0,240.0,2.0,00-0030404,92.6
2016,49,0.0,0.0,3.0,0.0,1.0,356.0,0.0,349.0,2.0,00-0030404,147.5
2017,39,0.0,0.0,2.0,0.0,1.0,294.0,0.0,510.0,4.0,00-0030404,153.4
2018,41,0.0,0.0,0.0,0.0,0.0,178.0,0.0,264.0,1.0,00-0030404,91.2
2019,42,0.0,0.0,0.0,0.0,0.0,138.0,0.0,378.0,0.0,00-0030404,93.6
2020,20,0.0,0.0,0.0,0.0,0.0,20.0,0.0,146.0,1.0,00-0030404,42.6
2013,4,0.0,0.0,0.0,0.0,0.0,0.0,0.0,68.0,0.0,00-0029667,10.8
2014,17,0.0,0.0,0.0,0.0,1.0,4.0,0.0,215.0,1.0,00-0029667,42.9
2014,3,0.0,0.0,0.0,0.0,0.0,12.0,0.0,27.0,0.0,00-0031332,6.9
2015,0,0.0,0.0,0.0,0.0,0.0,42.0,1.0,0.0,0.0,00-0031332,6.2
2016,3,0.0,0.0,0.0,0.0,0.0,58.0,0.0,33.0,0.0,00-0031332,12.100000000000001
2017,2,0.0,0.0,0.0,0.0,0.0,25.0,0.0,9.0,0.0,00-0031332,5.4
2014,0,0.0,0.0,0.0,0.0,0.0,0.0,0.0,0.0,0.0,00-0027145,0.0
2015,0,0.0,0.0,0.0,0.0,0.0,18.0,0.0,0.0,0.0,00-0027145,1.8
2016,0,35.0,0.0,0.0,0.0,0.0,0.0,0.0,0.0,0.0,00-0027145,1.4000000000000001
2014,6,0.0,0.0,0.0,0.0,0.0,18.0,0.0,68.0,1.0,00-0030855,20.6
2015,5,0.0,0.0,0.0,0.0,0.0,20.0,0.0,57.0,0.0,00-0030855,12.7
2014,31,0.0,0.0,0.0,0.0,0.0,-11.0,1.0,475.0,2.0,00-0030113,91.4
2015,9,0.0,0.0,0.0,0.0,0.0,0.0,0.0,127.0,0.0,00-0030113,21.700000000000003
2016,20,0.0,0.0,0.0,0.0,0.0,0.0,0.0,232.0,0.0,00-0030113,43.2
2014,0,177.0,0.0,0.0,1.0,1.0,9.0,0.0,0.0,0.0,00-0030661,3.98
2012,1,0.0,0.0,0.0,0.0,0.0,0.0,0.0,24.0,0.0,00-0028905,3.4000000000000004
2013,13,0.0,0.0,0.0,0.0,0.0,0.0,0.0,114.0,0.0,00-0028905,24.4
2014,6,0.0,0.0,1.0,0.0,0.0,23.0,0.0,78.0,1.0,00-0028905,28.1
2015,6,0.0,0.0,0.0,0.0,0.0,0.0,0.0,80.0,0.0,00-0028905,14.0
2014,0,38.0,0.0,0.0,0.0,0.0,0.0,0.0,0.0,0.0,00-0029493,1.52
2017,0,0.0,0.0,0.0,0.0,0.0,0.0,0.0,0.0,0.0,00-0029493,0.0
2014,1,0.0,0.0,0.0,0.0,0.0,2.0,0.0,4.0,0.0,00-0027905,1.6
2015,1,0.0,0.0,1.0,0.0,1.0,1.0,0.0,7.0,1.0,00-0027905,11.799999999999999
2016,0,0.0,0.0,0.0,0.0,0.0,2.0,0.0,0.0,0.0,00-0027905,0.2
2015,0,0.0,0.0,0.0,0.0,0.0,-1.0,0.0,0.0,0.0,00-0029304,-0.1
2017,0,29.0,0.0,0.0,0.0,0.0,0.0,0.0,0.0,0.0,00-0029304,1.16
2014,7,0.0,0.0,0.0,0.0,0.0,0.0,0.0,102.0,1.0,00-0031025,23.200000000000003
2015,5,0.0,0.0,1.0,0.0,0.0,17.0,0.0,35.0,0.0,00-0031025,16.2
2016,0,0.0,0.0,0.0,0.0,0.0,72.0,0.0,0.0,0.0,00-0031025,7.2
2017,19,0.0,0.0,0.0,0.0,0.0,42.0,0.0,173.0,1.0,00-0031025,46.5
2015,45,0.0,0.0,1.0,0.0,2.0,514.0,0.0,343.0,2.0,00-0031577,144.70000000000002
2016,3,0.0,0.0,0.0,0.0,0.0,34.0,0.0,15.0,0.0,00-0031577,7.9
2017,46,0.0,0.0,4.0,0.0,0.0,591.0,0.0,250.0,2.0,00-0031577,166.1
2018,35,0.0,0.0,3.0,0.0,1.0,110.0,0.0,204.0,2.0,00-0031577,94.4
2019,1,0.0,0.0,1.0,0.0,0.0,36.0,0.0,9.0,0.0,00-0031577,11.5
2015,36,0.0,0.0,2.0,0.0,0.0,740.0,0.0,279.0,1.0,00-0032209,155.9
2016,50,0.0,0.0,1.0,0.0,1.0,465.0,0.0,312.0,1.0,00-0032209,137.7
2017,30,0.0,0.0,2.0,0.0,1.0,253.0,0.0,224.0,0.0,00-0032209,87.7
2018,55,0.0,0.0,1.0,0.0,1.0,414.0,0.0,477.0,4.0,00-0032209,172.10000000000002
2019,13,0.0,0.0,0.0,0.0,1.0,63.0,0.0,124.0,0.0,00-0032209,29.700000000000003
2020,1,0.0,0.0,0.0,0.0,0.0,70.0,0.0,22.0,1.0,00-0032209,16.2
2015,61,0.0,0.0,0.0,0.0,0.0,379.0,0.0,534.0,2.0,00-0032257,164.3
2016,53,0.0,0.0,1.0,0.0,1.0,358.0,0.0,514.0,0.0,00-0032257,144.20000000000002
2017,74,0.0,0.0,4.0,0.0,2.0,348.0,0.0,693.0,3.0,00-0032257,216.10000000000002
2018,47,0.0,0.0,0.0,0.0,0.0,201.0,2.0,429.0,3.0,00-0032257,132.0
2019,44,0.0,0.0,2.0,0.0,1.0,410.0,0.0,410.0,3.0,00-0032257,154.0
2020,28,0.0,0.0,1.0,0.0,2.0,235.0,0.0,249.0,1.0,00-0032257,84.4
2021,3,0.0,0.0,2.0,0.0,0.0,213.0,0.0,36.0,0.0,00-0032257,39.9
2022,0,0.0,0.0,0.0,0.0,0.0,4.0,0.0,0.0,0.0,00-0032257,0.4
2015,25,0.0,0.0,2.0,0.0,2.0,597.0,0.0,183.0,1.0,00-0032104,117.0
2016,5,0.0,0.0,0.0,0.0,0.0,101.0,0.0,57.0,1.0,00-0032104,26.8
2017,25,0.0,0.0,4.0,0.0,1.0,552.0,0.0,162.0,1.0,00-0032104,124.4
2018,3,0.0,0.0,0.0,0.0,1.0,1.0,0.0,28.0,0.0,00-0032104,3.9000000000000004
2019,15,0.0,0.0,0.0,0.0,1.0,115.0,0.0,88.0,1.0,00-0032104,39.3
2020,8,0.0,0.0,0.0,0.0,0.0,42.0,0.0,58.0,2.0,00-0032104,30.0
2021,29,0.0,0.0,0.0,0.0,0.0,140.0,0.0,233.0,1.0,00-0032104,72.3
2022,24,0.0,0.0,0.0,0.0,0.0,20.0,0.0,201.0,1.0,00-0032104,52.1
2023,18,0.0,0.0,0.0,0.0,0.0,89.0,0.0,124.0,0.0,00-0032104,39.3
2024,40,0.0,0.0,2.0,0.0,1.0,311.0,0.0,261.0,3.0,00-0032104,125.19999999999999
2015,33,0.0,0.0,0.0,0.0,4.0,641.0,0.0,192.0,0.0,00-0032144,108.30000000000001
2016,41,0.0,0.0,10.0,0.0,2.0,997.0,0.0,419.0,2.0,00-0032144,250.6
2017,58,0.0,0.0,8.0,0.0,0.0,1105.0,0.0,476.0,4.0,00-0032144,288.1
2018,50,0.0,0.0,10.0,0.0,0.0,885.0,2.0,490.0,4.0,00-0032144,275.5
2019,42,0.0,0.0,8.0,0.0,3.0,612.0,0.0,296.0,1.0,00-0032144,180.79999999999998
2020,32,0.0,0.0,9.0,0.0,4.0,986.0,0.0,158.0,1.0,00-0032144,198.40000000000003
2021,27,0.0,0.0,7.0,0.0,2.0,808.0,0.0,207.0,2.0,00-0032144,178.5
2022,25,0.0,0.0,2.0,0.0,2.0,318.0,0.0,223.0,0.0,00-0032144,87.1
2023,3,0.0,0.0,1.0,0.0,0.0,63.0,0.0,46.0,0.0,00-0032144,19.900000000000002
2015,2,0.0,0.0,0.0,0.0,0.0,60.0,0.0,11.0,0.0,00-0031665,9.1
2016,18,0.0,0.0,4.0,0.0,1.0,334.0,0.0,196.0,0.0,00-0031665,93.0
2017,0,0.0,0.0,1.0,0.0,0.0,26.0,0.0,0.0,0.0,00-0031665,8.6
2018,7,0.0,0.0,3.0,0.0,0.0,265.0,0.0,56.0,0.0,00-0031665,57.1
2019,2,0.0,0.0,0.0,0.0,0.0,-2.0,0.0,19.0,0.0,00-0031665,3.7
2015,22,0.0,0.0,6.0,0.0,0.0,537.0,1.0,279.0,1.0,00-0031569,147.6
2016,19,0.0,0.0,4.0,0.0,2.0,200.0,0.0,142.0,0.0,00-0031569,73.2
2018,0,0.0,0.0,0.0,0.0,0.0,25.0,0.0,0.0,0.0,00-0031569,2.5
2014,20,0.0,0.0,0.0,0.0,0.0,0.0,0.0,225.0,2.0,00-0031384,54.5
2015,58,0.0,0.0,0.0,0.0,0.0,11.0,1.0,526.0,8.0,00-0031384,161.7
2016,30,0.0,0.0,0.0,0.0,0.0,0.0,0.0,271.0,2.0,00-0031384,69.1
2017,12,0.0,0.0,0.0,0.0,0.0,0.0,0.0,160.0,1.0,00-0031384,34.0
2018,1,0.0,0.0,0.0,0.0,0.0,0.0,0.0,7.0,0.0,00-0031384,1.7000000000000002
2020,24,0.0,0.0,0.0,0.0,0.0,0.0,0.0,345.0,2.0,00-0031384,70.5
2022,1,0.0,0.0,0.0,0.0,0.0,0.0,0.0,4.0,0.0,00-0031384,1.4
2015,6,0.0,0.0,0.0,0.0,1.0,39.0,0.0,33.0,0.0,00-0031611,11.200000000000001
2015,11,0.0,0.0,7.0,0.0,1.0,517.0,0.0,96.0,2.0,00-0032152,124.30000000000001
2015,1,0.0,0.0,0.0,0.0,0.0,2.0,0.0,18.0,0.0,00-0031526,3.0
2015,18,0.0,0.0,0.0,0.0,1.0,17.0,0.0,225.0,1.0,00-0032208,46.2
2016,33,0.0,0.0,0.0,0.0,0.0,10.0,0.0,528.0,2.0,00-0032208,98.80000000000001
2017,12,0.0,0.0,0.0,0.0,0.0,7.0,0.0,194.0,0.0,00-0032208,32.1
2018,32,0.0,0.0,0.0,0.0,0.0,29.0,0.0,290.0,3.0,00-0032208,81.9
2019,29,0.0,0.0,0.0,0.0,0.0,21.0,0.0,397.0,5.0,00-0032208,100.80000000000001
2021,7,0.0,0.0,0.0,0.0,0.0,0.0,0.0,110.0,0.0,00-0032208,18.0
2022,20,0.0,0.0,0.0,0.0,0.0,0.0,0.0,257.0,1.0,00-0032208,51.7
2023,0,0.0,0.0,0.0,0.0,0.0,0.0,0.0,0.0,0.0,00-0032208,0.0
2015,14,0.0,0.0,0.0,0.0,0.0,0.0,0.0,129.0,0.0,00-0031600,26.9
2016,10,0.0,0.0,0.0,0.0,0.0,0.0,0.0,69.0,0.0,00-0031600,16.9
2015,19,0.0,0.0,3.0,0.0,4.0,490.0,0.0,304.0,1.0,00-0031939,114.4
2016,8,0.0,0.0,3.0,0.0,2.0,460.0,0.0,73.0,0.0,00-0031939,75.3
2017,0,0.0,0.0,0.0,0.0,0.0,14.0,0.0,0.0,0.0,00-0031939,1.4000000000000001
2015,59,0.0,0.0,0.0,0.0,1.0,2.0,2.0,604.0,2.0,00-0031941,133.60000000000002
2016,67,0.0,0.0,0.0,0.0,1.0,-2.0,0.0,847.0,7.0,00-0031941,191.5
2017,66,0.0,0.0,0.0,0.0,4.0,34.0,0.0,789.0,3.0,00-0031941,158.3
2018,29,0.0,0.0,0.0,0.0,0.0,30.0,0.0,388.0,2.0,00-0031941,82.80000000000001
2019,78,0.0,0.0,0.0,0.0,0.0,4.0,0.0,833.0,6.0,00-0031941,197.70000000000002
2020,59,43.0,1.0,0.0,0.0,0.0,14.0,0.0,699.0,6.0,00-0031941,172.02
2021,50,0.0,0.0,0.0,0.0,1.0,0.0,2.0,431.0,2.0,00-0031941,107.1
2022,6,0.0,0.0,0.0,0.0,0.0,0.0,0.0,60.0,0.0,00-0031941,12.0
2023,15,0.0,0.0,0.0,0.0,1.0,0.0,0.0,151.0,1.0,00-0031941,34.1
2024,9,0.0,0.0,0.0,0.0,0.0,0.0,0.0,72.0,2.0,00-0031941,28.2
2015,6,0.0,0.0,0.0,0.0,1.0,52.0,0.0,27.0,0.0,00-0031493,11.899999999999999
2015,2,0.0,0.0,1.0,0.0,3.0,392.0,0.0,14.0,0.0,00-0032058,42.6
2016,31,0.0,0.0,8.0,0.0,0.0,520.0,0.0,421.0,3.0,00-0032058,191.1
2017,27,0.0,0.0,5.0,0.0,0.0,628.0,0.0,299.0,3.0,00-0032058,167.70000000000002
2018,32,0.0,0.0,4.0,0.0,0.0,800.0,0.0,276.0,5.0,00-0032058,193.6
2019,21,0.0,0.0,6.0,0.0,0.0,544.0,0.0,180.0,1.0,00-0032058,135.4
2020,4,0.0,0.0,0.0,0.0,0.0,53.0,0.0,34.0,0.0,00-0032058,12.700000000000001
2021,11,0.0,0.0,0.0,0.0,0.0,350.0,0.0,49.0,0.0,00-0032058,50.9
2022,3,0.0,0.0,1.0,0.0,0.0,26.0,0.0,44.0,1.0,00-0032058,22.0
2015,9,0.0,0.0,4.0,0.0,1.0,830.0,0.0,76.0,1.0,00-0031897,127.6
2016,13,0.0,0.0,3.0,0.0,0.0,349.0,0.0,96.0,0.0,00-0031897,75.5
2017,9,0.0,0.0,0.0,0.0,1.0,157.0,0.0,94.0,0.0,00-0031897,32.1
2015,1,2818.0,19.0,2.0,10.0,6.0,252.0,3.0,41.0,1.0,00-0032268,211.02
2016,0,3426.0,26.0,2.0,9.0,5.0,349.0,0.0,0.0,0.0,00-0032268,259.94
2017,0,3232.0,13.0,5.0,15.0,1.0,312.0,0.0,0.0,0.0,00-0032268,210.48000000000002
2018,1,2528.0,11.0,2.0,8.0,2.0,357.0,0.0,21.0,0.0,00-0032268,175.92
2019,0,1203.0,7.0,0.0,2.0,0.0,129.0,0.0,0.0,0.0,00-0032268,85.02000000000001
2020,0,226.0,1.0,1.0,1.0,0.0,88.0,0.0,0.0,0.0,00-0032268,25.840000000000003
2021,0,0.0,0.0,1.0,0.0,0.0,64.0,0.0,0.0,0.0,00-0032268,12.4
2022,0,2219.0,15.0,4.0,9.0,3.0,438.0,2.0,0.0,0.0,00-0032268,196.56
2023,0,16.0,0.0,0.0,0.0,0.0,6.0,0.0,0.0,0.0,00-0032268,1.2400000000000002
2024,0,203.0,2.0,0.0,0.0,0.0,35.0,0.0,0.0,0.0,00-0032268,19.62
2015,0,4042.0,22.0,6.0,15.0,2.0,213.0,1.0,0.0,0.0,00-0031503,274.98
2016,0,4090.0,28.0,1.0,18.0,6.0,165.0,3.0,0.0,0.0,00-0031503,256.1
2017,0,3504.0,19.0,1.0,11.0,7.0,135.0,1.0,0.0,0.0,00-0031503,201.66
2018,0,2992.0,19.0,1.0,14.0,3.0,281.0,0.0,0.0,0.0,00-0031503,195.78
2019,0,5109.0,33.0,1.0,30.0,5.0,250.0,4.0,0.0,0.0,00-0031503,305.36
2020,0,75.0,0.0,0.0,0.0,0.0,-6.0,0.0,0.0,0.0,00-0031503,2.4
2021,0,1170.0,14.0,1.0,3.0,1.0,166.0,0.0,0.0,0.0,00-0031503,117.4
2022,0,858.0,4.0,0.0,5.0,0.0,16.0,1.0,0.0,0.0,00-0031503,43.92
2023,0,264.0,2.0,0.0,3.0,0.0,-6.0,0.0,0.0,0.0,00-0031503,11.960000000000003
2024,0,2121.0,13.0,1.0,12.0,2.0,83.0,4.0,0.0,0.0,00-0031503,131.14
2015,36,0.0,0.0,8.0,0.0,1.0,581.0,0.0,457.0,4.0,00-0032187,209.8
2016,80,0.0,0.0,16.0,0.0,3.0,1239.0,1.0,879.0,4.0,00-0032187,407.79999999999995
2017,6,0.0,0.0,0.0,0.0,1.0,23.0,0.0,67.0,0.0,00-0032187,13.0
2018,50,0.0,0.0,7.0,0.0,2.0,940.0,1.0,446.0,3.0,00-0032187,246.6
2019,36,0.0,0.0,2.0,0.0,1.0,346.0,0.0,370.0,4.0,00-0032187,141.6
2020,33,0.0,0.0,6.0,0.0,1.0,691.0,0.0,314.0,2.0,00-0032187,179.50000000000003
2021,29,0.0,0.0,0.0,0.0,1.0,200.0,0.0,217.0,1.0,00-0032187,74.7
2022,2,0.0,0.0,0.0,0.0,1.0,24.0,0.0,19.0,0.0,00-0032187,4.300000000000001
2015,11,0.0,0.0,0.0,0.0,1.0,0.0,0.0,299.0,2.0,00-0032112,50.900000000000006
2016,34,0.0,0.0,1.0,0.0,1.0,83.0,0.0,568.0,6.0,00-0032112,139.1
2017,29,0.0,0.0,0.0,0.0,1.0,37.0,0.0,508.0,2.0,00-0032112,93.5
2018,7,0.0,0.0,0.0,0.0,0.0,0.0,0.0,64.0,0.0,00-0032112,13.4
2019,4,0.0,0.0,0.0,0.0,0.0,0.0,0.0,36.0,1.0,00-0032112,13.6
2015,6,0.0,0.0,0.0,0.0,0.0,2.0,0.0,39.0,1.0,00-0031595,16.1
2016,0,0.0,0.0,0.0,0.0,0.0,0.0,0.0,0.0,0.0,00-0031595,0.0
2017,2,0.0,0.0,0.0,0.0,0.0,9.0,0.0,8.0,0.0,00-0031595,3.7
2018,1,0.0,0.0,0.0,0.0,0.0,0.0,0.0,6.0,0.0,00-0031595,1.6
2019,0,0.0,0.0,0.0,0.0,0.0,0.0,0.0,0.0,0.0,00-0031595,0.0
2020,4,0.0,0.0,0.0,0.0,0.0,18.0,0.0,28.0,0.0,00-0031595,8.6
2021,3,0.0,0.0,1.0,0.0,0.0,26.0,0.0,31.0,0.0,00-0031595,14.7
2022,2,0.0,0.0,0.0,0.0,0.0,7.0,0.0,11.0,0.0,00-0031595,3.8000000000000003
2023,3,0.0,0.0,0.0,0.0,0.0,9.0,1.0,8.0,0.0,00-0031595,6.7
2024,10,0.0,0.0,1.0,0.0,0.0,5.0,0.0,65.0,1.0,00-0031595,29.0
2013,1,0.0,0.0,0.0,0.0,0.0,0.0,0.0,8.0,0.0,00-0029931,1.8
2015,6,0.0,0.0,2.0,0.0,0.0,10.0,0.0,95.0,1.0,00-0029931,34.5
2016,0,0.0,0.0,0.0,0.0,0.0,15.0,0.0,0.0,0.0,00-0029931,1.5
2017,2,0.0,0.0,0.0,0.0,0.0,28.0,0.0,8.0,1.0,00-0029931,11.600000000000001
2018,5,0.0,0.0,0.0,0.0,0.0,41.0,0.0,14.0,2.0,00-0029931,22.5
2019,6,0.0,0.0,0.0,0.0,0.0,20.0,0.0,36.0,0.0,00-0029931,11.6
2014,1,0.0,0.0,0.0,0.0,0.0,0.0,0.0,24.0,0.0,00-0031085,3.4000000000000004
2015,0,0.0,0.0,0.0,0.0,0.0,33.0,0.0,0.0,0.0,00-0031085,3.3000000000000003
2016,1,0.0,0.0,0.0,0.0,0.0,9.0,0.0,6.0,0.0,00-0031085,2.5
2017,4,0.0,0.0,0.0,0.0,0.0,0.0,0.0,31.0,0.0,00-0031085,7.1
2015,2,0.0,0.0,0.0,0.0,1.0,2.0,0.0,13.0,0.0,00-0031731,1.5
2016,4,0.0,0.0,1.0,0.0,0.0,164.0,0.0,35.0,1.0,00-0031731,35.900000000000006
2017,3,0.0,0.0,2.0,0.0,1.0,248.0,0.0,41.0,0.0,00-0031731,41.9
2018,9,0.0,0.0,0.0,0.0,0.0,40.0,0.0,67.0,0.0,00-0031731,19.7
2015,7,0.0,0.0,0.0,0.0,0.0,58.0,0.0,38.0,0.0,00-0032063,16.6
2016,3,0.0,0.0,1.0,0.0,1.0,50.0,0.0,25.0,0.0,00-0032063,14.5
2017,15,0.0,0.0,0.0,0.0,0.0,223.0,0.0,131.0,0.0,00-0032063,50.4
2018,34,0.0,0.0,4.0,0.0,0.0,514.0,0.0,214.0,1.0,00-0032063,136.8
2019,7,0.0,0.0,0.0,0.0,0.0,27.0,0.0,22.0,0.0,00-0032063,11.899999999999999
2020,59,0.0,0.0,6.0,0.0,1.0,642.0,0.0,373.0,2.0,00-0032063,206.5
2021,41,0.0,0.0,3.0,0.0,1.0,473.0,0.0,261.0,1.0,00-0032063,136.4
2022,2,0.0,0.0,0.0,0.0,0.0,18.0,0.0,4.0,0.0,00-0032063,4.2
2015,0,0.0,0.0,0.0,0.0,1.0,0.0,0.0,0.0,0.0,00-0031959,-2.0
2016,1,0.0,0.0,0.0,0.0,0.0,0.0,0.0,3.0,0.0,00-0031959,1.3
2017,2,0.0,0.0,0.0,0.0,0.0,41.0,0.0,7.0,0.0,00-0031959,6.800000000000001
2018,11,0.0,0.0,0.0,0.0,0.0,250.0,0.0,26.0,0.0,00-0031959,38.6
2015,5,0.0,0.0,1.0,0.0,0.0,13.0,0.0,44.0,1.0,00-0032130,22.700000000000003
2016,1,0.0,0.0,0.0,0.0,0.0,3.0,0.0,14.0,0.0,00-0032130,2.7
2017,0,0.0,0.0,1.0,0.0,0.0,4.0,0.0,0.0,0.0,00-0032130,6.4
2015,0,0.0,0.0,0.0,0.0,0.0,3.0,0.0,0.0,0.0,00-0027539,0.30000000000000004
2019,0,0.0,0.0,0.0,0.0,0.0,62.0,0.0,0.0,0.0,00-0027539,6.2
2014,2,0.0,0.0,0.0,0.0,0.0,0.0,0.0,11.0,0.0,00-0030789,3.1
2015,21,41.0,1.0,3.0,0.0,1.0,520.0,0.0,174.0,0.0,00-0030789,112.04
2016,0,0.0,0.0,0.0,0.0,0.0,15.0,0.0,0.0,0.0,00-0030789,1.5
2015,0,0.0,0.0,0.0,0.0,0.0,19.0,0.0,0.0,0.0,00-0031830,1.9000000000000001
2015,5,0.0,0.0,1.0,0.0,0.0,183.0,0.0,58.0,0.0,00-0031599,35.1
2016,1,0.0,0.0,2.0,0.0,0.0,144.0,0.0,11.0,0.0,00-0031599,28.5
2017,1,0.0,0.0,1.0,0.0,0.0,95.0,0.0,2.0,0.0,00-0031599,16.7
2018,3,0.0,0.0,1.0,0.0,0.0,69.0,0.0,15.0,0.0,00-0031599,17.4
2015,21,0.0,0.0,10.0,0.0,1.0,1106.0,0.0,188.0,0.0,00-0032241,208.40000000000003
2016,43,0.0,0.0,6.0,0.0,1.0,885.0,0.0,327.0,0.0,00-0032241,198.2
2017,64,0.0,0.0,13.0,0.0,2.0,1305.0,0.0,788.0,6.0,00-0032241,383.3
2018,59,0.0,0.0,17.0,0.0,1.0,1251.0,3.0,580.0,4.0,00-0032241,372.1
2019,31,0.0,0.0,12.0,0.0,2.0,857.0,1.0,207.0,2.0,00-0032241,219.39999999999998
2020,25,0.0,0.0,9.0,0.0,0.0,678.0,0.0,164.0,0.0,00-0032241,163.20000000000002
2009,2,0.0,0.0,0.0,0.0,0.0,0.0,0.0,9.0,0.0,00-0026957,2.9
2010,4,0.0,0.0,0.0,0.0,0.0,0.0,0.0,46.0,0.0,00-0026957,8.600000000000001
2011,12,0.0,0.0,0.0,0.0,0.0,0.0,0.0,91.0,1.0,00-0026957,27.1
2013,4,0.0,0.0,0.0,0.0,0.0,0.0,0.0,70.0,0.0,00-0026957,11.0
2014,1,0.0,0.0,0.0,0.0,0.0,0.0,0.0,4.0,0.0,00-0026957,1.4
2015,1,0.0,0.0,0.0,0.0,1.0,4.0,0.0,4.0,0.0,00-0026957,-0.20000000000000007
2016,7,0.0,0.0,0.0,0.0,0.0,0.0,1.0,80.0,0.0,00-0026957,17.0
2015,2,0.0,0.0,0.0,0.0,0.0,0.0,0.0,18.0,0.0,00-0031511,3.8
2017,1,0.0,0.0,0.0,0.0,0.0,0.0,0.0,24.0,0.0,00-0031511,3.4000000000000004
2019,4,0.0,0.0,0.0,0.0,0.0,0.0,0.0,51.0,0.0,00-0031511,9.100000000000001
2015,3,0.0,0.0,0.0,0.0,0.0,0.0,0.0,14.0,0.0,00-0031932,4.4
2015,51,0.0,0.0,0.0,0.0,1.0,20.0,0.0,664.0,6.0,00-0032211,153.4
2016,41,0.0,0.0,1.0,0.0,0.0,114.0,0.0,597.0,1.0,00-0032211,124.10000000000001
2017,45,0.0,0.0,0.0,0.0,0.0,58.0,0.0,555.0,2.0,00-0032211,118.3
2018,57,0.0,0.0,0.0,0.0,0.0,62.0,1.0,965.0,10.0,00-0032211,221.7
2019,82,0.0,0.0,0.0,0.0,0.0,-5.0,0.0,1057.0,8.0,00-0032211,235.2
2020,100,0.0,0.0,0.0,0.0,0.0,0.0,0.0,1054.0,10.0,00-0032211,265.4
2021,68,0.0,0.0,0.0,0.0,0.0,7.0,1.0,1077.0,6.0,00-0032211,214.4
2022,80,0.0,0.0,0.0,0.0,2.0,0.0,0.0,979.0,8.0,00-0032211,221.9
2023,77,0.0,0.0,0.0,0.0,0.0,0.0,1.0,823.0,4.0,00-0032211,185.3
2024,47,0.0,0.0,0.0,0.0,0.0,0.0,0.0,572.0,2.0,00-0032211,116.2
2015,10,0.0,0.0,0.0,0.0,1.0,-3.0,0.0,132.0,1.0,00-0031189,26.9
2016,5,0.0,0.0,0.0,0.0,0.0,0.0,0.0,93.0,0.0,00-0031189,14.3
2017,30,0.0,0.0,0.0,0.0,0.0,0.0,1.0,399.0,1.0,00-0031189,77.9
2018,19,0.0,0.0,0.0,0.0,0.0,0.0,0.0,190.0,2.0,00-0031189,50.0
2019,3,0.0,0.0,0.0,0.0,0.0,0.0,0.0,38.0,1.0,00-0031189,12.8
2015,15,0.0,0.0,0.0,0.0,0.0,14.0,0.0,136.0,2.0,00-0032200,42.0
2016,44,0.0,0.0,3.0,0.0,1.0,457.0,0.0,348.0,0.0,00-0032200,140.5
2017,23,0.0,0.0,3.0,0.0,0.0,273.0,0.0,173.0,1.0,00-0032200,91.6
2018,25,0.0,0.0,1.0,0.0,1.0,183.0,0.0,235.0,0.0,00-0032200,70.8
2019,13,0.0,0.0,0.0,0.0,0.0,103.0,0.0,90.0,0.0,00-0032200,32.3
2020,3,0.0,0.0,0.0,0.0,0.0,101.0,0.0,27.0,0.0,00-0032200,15.8
2021,15,0.0,0.0,0.0,0.0,0.0,44.0,0.0,94.0,0.0,00-0032200,28.799999999999997
2022,3,0.0,0.0,0.0,0.0,0.0,-2.0,0.0,15.0,1.0,00-0032200,10.3
2023,5,0.0,0.0,0.0,0.0,0.0,9.0,0.0,40.0,0.0,00-0032200,9.9
2015,9,0.0,0.0,1.0,0.0,0.0,95.0,0.0,73.0,0.0,00-0031682,31.8
2016,1,0.0,0.0,0.0,0.0,0.0,151.0,0.0,11.0,0.0,00-0031682,17.200000000000003
2017,3,0.0,0.0,0.0,0.0,1.0,129.0,0.0,14.0,0.0,00-0031682,15.3
2015,0,11.0,0.0,0.0,1.0,0.0,-4.0,0.0,0.0,0.0,00-0030569,-1.96
2015,0,0.0,0.0,0.0,0.0,1.0,0.0,0.0,0.0,0.0,00-0031733,-2.0
2015,0,0.0,0.0,0.0,0.0,0.0,8.0,0.0,0.0,0.0,00-0030856,0.8
2016,1,0.0,0.0,0.0,0.0,0.0,0.0,0.0,9.0,0.0,00-0030856,1.9
2014,0,0.0,0.0,0.0,0.0,0.0,0.0,0.0,0.0,0.0,00-0030668,0.0
2015,20,0.0,0.0,4.0,0.0,1.0,634.0,0.0,214.0,1.0,00-0030668,132.8
2016,28,0.0,0.0,1.0,0.0,0.0,293.0,0.0,188.0,2.0,00-0030668,94.1
2017,27,0.0,0.0,2.0,0.0,0.0,72.0,0.0,150.0,2.0,00-0030668,73.2
2018,2,0.0,0.0,0.0,0.0,0.0,-1.0,0.0,37.0,1.0,00-0030668,11.600000000000001
2013,10,0.0,0.0,0.0,0.0,0.0,0.0,0.0,83.0,0.0,00-0028237,18.3
2014,41,0.0,0.0,0.0,0.0,2.0,0.0,0.0,433.0,4.0,00-0028237,104.30000000000001
2015,36,4.0,0.0,0.0,0.0,0.0,4.0,0.0,450.0,2.0,00-0028237,93.56
2016,38,0.0,0.0,0.0,0.0,1.0,9.0,0.0,680.0,4.0,00-0028237,128.9
2017,34,0.0,0.0,0.0,0.0,0.0,17.0,0.0,439.0,5.0,00-0028237,109.60000000000001
2018,35,0.0,0.0,0.0,0.0,0.0,0.0,0.0,532.0,3.0,00-0028237,106.2
2019,8,0.0,0.0,0.0,0.0,0.0,0.0,0.0,67.0,0.0,00-0028237,14.7
2020,14,0.0,0.0,0.0,0.0,0.0,0.0,0.0,118.0,0.0,00-0028237,25.8
2021,4,0.0,0.0,0.0,0.0,0.0,0.0,0.0,41.0,1.0,00-0028237,14.100000000000001
2015,72,0.0,0.0,0.0,0.0,1.0,-3.0,0.0,1082.0,6.0,00-0031544,213.9
2016,83,0.0,0.0,0.0,0.0,0.0,0.0,2.0,1153.0,5.0,00-0031544,232.3
2017,48,0.0,0.0,0.0,0.0,0.0,4.0,0.0,680.0,7.0,00-0031544,158.4
2018,75,0.0,0.0,0.0,0.0,2.0,20.0,0.0,1005.0,7.0,00-0031544,215.5
2019,79,0.0,0.0,0.0,0.0,0.0,6.0,0.0,1189.0,8.0,00-0031544,246.5
2020,92,0.0,0.0,0.0,0.0,0.0,14.0,1.0,1114.0,5.0,00-0031544,236.8
2021,63,0.0,0.0,0.0,0.0,0.0,0.0,0.0,786.0,8.0,00-0031544,189.60000000000002
2022,76,0.0,0.0,0.0,1.0,0.0,0.0,0.0,1109.0,9.0,00-0031544,238.9
2023,72,0.0,0.0,0.0,0.0,1.0,0.0,1.0,1250.0,5.0,00-0031544,227.0
2024,44,0.0,0.0,0.0,0.0,0.0,0.0,0.0,547.0,5.0,00-0031544,128.7
2015,0,0.0,0.0,0.0,0.0,1.0,0.0,0.0,0.0,0.0,00-0023259,-2.0
2015,1,0.0,0.0,0.0,0.0,0.0,5.0,0.0,6.0,0.0,00-0031900,2.1
2016,1,0.0,0.0,0.0,0.0,0.0,0.0,0.0,4.0,0.0,00-0031900,1.4
2017,19,0.0,0.0,4.0,0.0,0.0,232.0,0.0,202.0,1.0,00-0031900,92.4
2018,9,0.0,0.0,1.0,0.0,0.0,127.0,0.0,60.0,0.0,00-0031900,33.7
2015,0,513.0,3.0,0.0,4.0,1.0,-5.0,0.0,0.0,0.0,00-0030524,22.019999999999996
2016,0,558.0,4.0,0.0,2.0,0.0,-4.0,0.0,0.0,0.0,00-0030524,33.92
2017,0,239.0,1.0,0.0,1.0,1.0,-10.0,0.0,0.0,0.0,00-0030524,8.56
2014,14,0.0,0.0,0.0,0.0,1.0,0.0,0.0,212.0,1.0,00-0030095,39.2
2015,4,0.0,0.0,0.0,0.0,1.0,0.0,0.0,76.0,0.0,00-0030095,9.600000000000001
2014,1,0.0,0.0,0.0,0.0,0.0,0.0,0.0,3.0,0.0,00-0028564,1.3
2015,0,0.0,0.0,0.0,0.0,0.0,34.0,0.0,0.0,0.0,00-0028564,3.4000000000000004
2011,0,0.0,0.0,0.0,0.0,0.0,0.0,0.0,0.0,0.0,00-0026578,0.0
2015,0,0.0,0.0,0.0,0.0,0.0,-1.0,0.0,0.0,0.0,00-0026578,-0.1
2012,0,0.0,0.0,0.0,0.0,0.0,0.0,0.0,0.0,0.0,00-0028581,0.0
2013,8,0.0,0.0,0.0,0.0,0.0,0.0,0.0,49.0,0.0,00-0028581,12.9
2014,9,0.0,0.0,0.0,0.0,0.0,0.0,0.0,62.0,1.0,00-0028581,21.2
2015,13,0.0,0.0,0.0,0.0,0.0,0.0,0.0,110.0,2.0,00-0028581,36.0
2016,7,0.0,0.0,0.0,0.0,0.0,0.0,0.0,52.0,1.0,00-0028581,18.2
2017,7,0.0,0.0,0.0,0.0,0.0,-2.0,0.0,28.0,0.0,00-0028581,9.6
2018,3,0.0,0.0,0.0,0.0,0.0,9.0,0.0,62.0,0.0,00-0028581,10.1
2019,5,0.0,0.0,0.0,0.0,0.0,7.0,0.0,41.0,0.0,00-0028581,9.8
2013,4,0.0,0.0,0.0,0.0,0.0,0.0,0.0,136.0,0.0,00-0029336,17.6
2015,1,0.0,0.0,0.0,0.0,0.0,0.0,0.0,5.0,0.0,00-0029336,1.5
2016,8,0.0,0.0,0.0,0.0,1.0,0.0,0.0,82.0,1.0,00-0029336,20.200000000000003
2017,5,0.0,0.0,0.0,0.0,0.0,0.0,0.0,70.0,0.0,00-0029336,12.0
2015,2,0.0,0.0,0.0,0.0,0.0,0.0,0.0,19.0,0.0,00-0027862,3.9000000000000004
2015,6,0.0,0.0,0.0,0.0,1.0,107.0,0.0,16.0,0.0,00-0031757,16.3
2016,3,0.0,0.0,0.0,0.0,1.0,82.0,0.0,48.0,0.0,00-0031757,14.000000000000002
2012,15,0.0,0.0,0.0,0.0,0.0,0.0,0.0,128.0,0.0,00-0029000,27.8
2013,39,0.0,0.0,0.0,0.0,0.0,0.0,0.0,368.0,2.0,00-0029000,87.80000000000001
2014,37,0.0,0.0,0.0,0.0,2.0,0.0,0.0,420.0,4.0,00-0029000,99.0
2015,52,0.0,0.0,0.0,0.0,2.0,0.0,0.0,536.0,5.0,00-0029000,131.6
2016,75,0.0,0.0,0.0,0.0,0.0,7.0,0.0,833.0,5.0,00-0029000,189.0
2017,36,0.0,0.0,0.0,0.0,0.0,0.0,0.0,314.0,4.0,00-0029000,91.4
2018,65,0.0,0.0,0.0,0.0,0.0,0.0,0.0,672.0,3.0,00-0029000,150.2
2019,67,0.0,0.0,0.0,0.0,0.0,0.0,2.0,778.0,6.0,00-0029000,184.8
2020,82,20.0,1.0,0.0,0.0,0.0,0.0,0.0,967.0,4.0,00-0029000,207.5
2021,78,0.0,0.0,0.0,0.0,0.0,0.0,1.0,662.0,1.0,00-0029000,152.2
2022,6,0.0,0.0,0.0,0.0,0.0,0.0,0.0,35.0,0.0,00-0029000,9.5
2015,52,0.0,0.0,0.0,0.0,0.0,13.0,0.0,720.0,4.0,00-0031588,149.3
2016,84,0.0,0.0,0.0,0.0,0.0,10.0,0.0,903.0,3.0,00-0031588,193.3
2017,64,0.0,0.0,0.0,0.0,0.0,13.0,0.0,849.0,8.0,00-0031588,198.2
2018,102,0.0,0.0,0.0,0.0,0.0,62.0,1.0,1021.0,9.0,00-0031588,266.3
2019,63,0.0,0.0,0.0,0.0,3.0,61.0,0.0,1126.0,6.0,00-0031588,211.7
2020,127,0.0,0.0,0.0,0.0,0.0,1.0,0.0,1535.0,8.0,00-0031588,328.6
2021,94,0.0,0.0,0.0,0.0,0.0,0.0,0.0,1144.0,9.0,00-0031588,262.4
2022,101,0.0,0.0,0.0,0.0,0.0,-3.0,0.0,1325.0,10.0,00-0031588,293.2
2023,100,0.0,0.0,0.0,0.0,1.0,5.0,1.0,1096.0,8.0,00-0031588,258.1
2024,47,13.0,0.0,1.0,0.0,0.0,8.0,0.0,496.0,3.0,00-0031588,121.91999999999999
2015,0,0.0,0.0,0.0,0.0,0.0,-6.0,0.0,0.0,0.0,00-0030405,-0.6000000000000001
2013,0,0.0,0.0,0.0,0.0,1.0,0.0,0.0,0.0,0.0,00-0029658,-2.0
2015,0,0.0,0.0,0.0,0.0,0.0,0.0,0.0,0.0,0.0,00-0029658,0.0
2015,8,0.0,0.0,0.0,0.0,0.0,38.0,0.0,69.0,0.0,00-0030039,18.700000000000003
2015,0,854.0,6.0,0.0,2.0,1.0,31.0,0.0,0.0,0.0,00-0031288,55.260000000000005
2017,0,66.0,0.0,0.0,0.0,0.0,0.0,0.0,0.0,0.0,00-0031288,2.64
2018,0,8.0,0.0,0.0,0.0,0.0,-2.0,0.0,0.0,0.0,00-0031288,0.12
2019,0,225.0,0.0,1.0,1.0,0.0,39.0,0.0,0.0,0.0,00-0031288,16.9
2020,0,20.0,0.0,0.0,0.0,0.0,0.0,0.0,0.0,0.0,00-0031288,0.8
2023,0,-1.0,0.0,0.0,0.0,0.0,0.0,0.0,0.0,0.0,00-0031288,-0.04
2015,7,0.0,0.0,1.0,0.0,0.0,187.0,1.0,90.0,0.0,00-0031590,42.7
2016,27,0.0,0.0,8.0,0.0,1.0,1272.0,0.0,151.0,0.0,00-0031590,215.29999999999998
2017,24,0.0,0.0,1.0,0.0,2.0,873.0,0.0,158.0,1.0,00-0031590,135.10000000000002
2018,5,0.0,0.0,3.0,0.0,1.0,184.0,1.0,20.0,0.0,00-0031590,43.400000000000006
2019,0,0.0,0.0,0.0,0.0,0.0,30.0,0.0,0.0,0.0,00-0031590,3.0
2015,9,0.0,0.0,0.0,0.0,1.0,0.0,0.0,115.0,1.0,00-0031934,24.5
2016,1,0.0,0.0,0.0,0.0,0.0,0.0,0.0,20.0,0.0,00-0031934,3.0
2019,5,0.0,0.0,0.0,0.0,0.0,0.0,0.0,113.0,1.0,00-0031934,22.3
2021,0,0.0,0.0,0.0,0.0,0.0,0.0,0.0,0.0,0.0,00-0031934,0.0
2015,0,0.0,0.0,0.0,0.0,0.0,0.0,0.0,0.0,0.0,00-0030551,0.0
2016,0,0.0,0.0,0.0,0.0,0.0,16.0,0.0,0.0,0.0,00-0030551,1.6
2014,8,0.0,0.0,0.0,0.0,0.0,0.0,0.0,137.0,1.0,00-0030035,27.700000000000003
2015,12,0.0,0.0,0.0,0.0,0.0,89.0,0.0,144.0,0.0,00-0030035,35.3
2016,69,0.0,0.0,0.0,0.0,1.0,15.0,0.0,967.0,5.0,00-0030035,195.2
2017,91,0.0,0.0,0.0,0.0,2.0,11.0,0.0,1276.0,4.0,00-0030035,239.7
2018,113,0.0,0.0,0.0,0.0,1.0,30.0,1.0,1373.0,9.0,00-0030035,307.3
2019,30,0.0,0.0,1.0,0.0,0.0,6.0,0.0,418.0,6.0,00-0030035,114.4
2020,74,0.0,0.0,0.0,0.0,0.0,15.0,1.0,925.0,14.0,00-0030035,254.0
2021,67,0.0,0.0,0.0,0.0,0.0,2.0,0.0,726.0,10.0,00-0030035,199.8
2022,68,0.0,0.0,0.0,0.0,0.0,0.0,1.0,708.0,5.0,00-0030035,170.8
2023,101,0.0,0.0,0.0,0.0,0.0,6.0,1.0,1002.0,4.0,00-0030035,227.8
2024,43,0.0,0.0,0.0,0.0,0.0,0.0,0.0,571.0,5.0,00-0030035,130.1
2014,2,0.0,0.0,0.0,0.0,0.0,0.0,0.0,23.0,0.0,00-0031344,4.300000000000001
2015,6,0.0,0.0,0.0,0.0,0.0,1.0,0.0,59.0,1.0,00-0031344,18.0
2016,8,0.0,0.0,0.0,0.0,0.0,0.0,0.0,76.0,0.0,00-0031344,15.600000000000001
2017,19,0.0,0.0,0.0,0.0,0.0,0.0,1.0,287.0,2.0,00-0031344,61.7
2018,11,0.0,0.0,0.0,0.0,0.0,0.0,0.0,190.0,1.0,00-0031344,36.0
2019,24,0.0,0.0,0.0,0.0,0.0,0.0,0.0,300.0,2.0,00-0031344,66.0
2015,0,0.0,0.0,0.0,0.0,0.0,0.0,0.0,0.0,0.0,00-0026408,0.0
2015,0,0.0,0.0,1.0,0.0,0.0,1.0,0.0,0.0,0.0,00-0029688,6.1
2016,0,2.0,1.0,1.0,0.0,0.0,1.0,0.0,0.0,0.0,00-0029688,10.18
2015,24,0.0,0.0,0.0,0.0,1.0,13.0,0.0,195.0,0.0,00-0030920,42.8
2015,6,0.0,0.0,0.0,0.0,0.0,96.0,0.0,39.0,0.0,00-0031743,19.5
2016,3,0.0,0.0,0.0,0.0,0.0,109.0,0.0,29.0,0.0,00-0031743,16.8
2017,4,0.0,0.0,0.0,0.0,0.0,23.0,0.0,31.0,0.0,00-0031743,9.4
2015,0,0.0,0.0,0.0,0.0,0.0,0.0,0.0,0.0,0.0,00-0029123,0.0
2016,0,0.0,0.0,0.0,0.0,0.0,27.0,0.0,0.0,0.0,00-0029123,2.7
2017,0,0.0,0.0,0.0,0.0,0.0,-14.0,0.0,0.0,0.0,00-0029123,-1.4000000000000001
2013,0,0.0,0.0,0.0,0.0,0.0,0.0,0.0,0.0,0.0,00-0029892,0.0
2014,19,0.0,0.0,0.0,0.0,2.0,0.0,0.0,182.0,1.0,00-0029892,39.2
2015,41,0.0,0.0,0.0,0.0,0.0,3.0,0.0,321.0,4.0,00-0029892,97.4
2016,37,0.0,0.0,1.0,0.0,0.0,22.0,1.0,266.0,0.0,00-0029892,73.80000000000001
2017,33,0.0,0.0,0.0,0.0,2.0,31.0,0.0,315.0,1.0,00-0029892,69.6
2018,30,0.0,0.0,0.0,0.0,2.0,30.0,0.0,324.0,1.0,00-0029892,67.4
2019,20,0.0,0.0,0.0,0.0,0.0,7.0,0.0,239.0,1.0,00-0029892,50.6
2020,19,0.0,0.0,2.0,0.0,0.0,64.0,0.0,202.0,4.0,00-0029892,81.6
2021,30,0.0,0.0,1.0,0.0,0.0,22.0,0.0,296.0,1.0,00-0029892,73.80000000000001
2022,18,0.0,0.0,1.0,0.0,0.0,23.0,0.0,174.0,1.0,00-0029892,49.7
2023,14,0.0,0.0,0.0,0.0,0.0,6.0,0.0,119.0,2.0,00-0029892,38.5
2024,17,0.0,0.0,1.0,0.0,1.0,26.0,0.0,151.0,1.0,00-0029892,44.7
2015,1,0.0,0.0,1.0,0.0,0.0,146.0,0.0,-2.0,0.0,00-0032133,21.400000000000002
2014,16,0.0,0.0,0.0,0.0,0.0,0.0,0.0,260.0,0.0,00-0030669,42.0
2015,35,0.0,0.0,0.0,0.0,0.0,26.0,0.0,451.0,2.0,00-0030669,94.7
2016,31,0.0,0.0,1.0,0.0,0.0,50.0,0.0,279.0,2.0,00-0030669,81.9
2017,42,0.0,0.0,0.0,0.0,0.0,6.0,0.0,554.0,3.0,00-0030669,116.0
2018,26,52.0,1.0,0.0,0.0,0.0,16.0,0.0,391.0,4.0,00-0030669,96.78
2019,43,20.0,0.0,0.0,0.0,0.0,45.0,0.0,351.0,1.0,00-0030669,89.4
2021,25,0.0,0.0,0.0,0.0,0.0,17.0,0.0,213.0,0.0,00-0030669,48.0
2015,1,0.0,0.0,0.0,0.0,1.0,0.0,0.0,6.0,0.0,00-0031854,-0.3999999999999999
2016,13,0.0,0.0,0.0,0.0,0.0,0.0,0.0,133.0,0.0,00-0031854,26.3
2015,0,31.0,0.0,0.0,0.0,0.0,0.0,0.0,0.0,0.0,00-0032245,1.24
2016,0,19.0,0.0,0.0,1.0,0.0,-1.0,0.0,0.0,0.0,00-0032245,-1.34
2017,0,185.0,0.0,0.0,0.0,1.0,-2.0,0.0,0.0,0.0,00-0032245,5.2
2018,0,23.0,0.0,0.0,0.0,0.0,-9.0,0.0,0.0,0.0,00-0032245,0.020000000000000018
2019,0,126.0,0.0,0.0,2.0,1.0,-5.0,0.0,0.0,0.0,00-0032245,-1.46
2021,0,189.0,1.0,0.0,0.0,0.0,14.0,0.0,0.0,0.0,00-0032245,12.96
2015,0,0.0,0.0,0.0,0.0,0.0,21.0,0.0,0.0,0.0,00-0031826,2.1
2014,4,0.0,0.0,0.0,0.0,0.0,0.0,0.0,45.0,0.0,00-0030154,8.5
2015,0,0.0,0.0,0.0,0.0,1.0,0.0,0.0,0.0,0.0,00-0030154,-2.0
2015,1,0.0,0.0,0.0,0.0,0.0,0.0,0.0,20.0,0.0,00-0029764,3.0
2019,1,0.0,0.0,0.0,0.0,0.0,0.0,0.0,7.0,0.0,00-0029764,1.7000000000000002
2015,0,0.0,0.0,0.0,0.0,1.0,-8.0,0.0,0.0,0.0,00-0031459,-2.8
2015,0,0.0,0.0,0.0,0.0,0.0,-1.0,0.0,0.0,0.0,00-0032156,-0.1
2016,0,3401.0,18.0,0.0,10.0,2.0,57.0,1.0,0.0,0.0,00-0032156,191.73999999999998
2017,0,2285.0,12.0,1.0,14.0,2.0,127.0,0.0,0.0,0.0,00-0032156,126.10000000000001
2019,0,3.0,0.0,0.0,0.0,0.0,0.0,0.0,0.0,0.0,00-0032156,0.12
2021,0,1083.0,9.0,1.0,3.0,1.0,21.0,0.0,0.0,0.0,00-0032156,79.41999999999999
2022,0,184.0,1.0,0.0,1.0,0.0,8.0,0.0,0.0,0.0,00-0032156,10.16
2023,0,654.0,2.0,0.0,4.0,3.0,39.0,0.0,0.0,0.0,00-0032156,24.059999999999995
2010,13,0.0,0.0,0.0,0.0,0.0,0.0,0.0,146.0,3.0,00-0027732,45.6
2011,7,0.0,0.0,0.0,0.0,0.0,0.0,0.0,83.0,0.0,00-0027732,15.3
2012,5,0.0,0.0,0.0,0.0,0.0,0.0,0.0,109.0,0.0,00-0027732,15.9
2013,12,0.0,0.0,0.0,0.0,0.0,0.0,0.0,136.0,1.0,00-0027732,31.6
2014,3,0.0,0.0,0.0,0.0,0.0,0.0,0.0,44.0,0.0,00-0027732,7.4
2015,11,0.0,0.0,0.0,0.0,1.0,0.0,0.0,76.0,3.0,00-0027732,34.6
2017,6,0.0,0.0,0.0,0.0,0.0,0.0,0.0,52.0,1.0,00-0027732,17.2
2015,1,0.0,0.0,0.0,0.0,0.0,5.0,0.0,2.0,0.0,00-0031768,1.7
2016,0,0.0,0.0,0.0,0.0,0.0,12.0,0.0,0.0,0.0,00-0031768,1.2000000000000002
2015,0,779.0,4.0,0.0,6.0,1.0,-1.0,0.0,0.0,0.0,00-0029234,33.059999999999995
2015,0,0.0,0.0,0.0,0.0,0.0,51.0,0.0,0.0,0.0,00-0032122,5.1000000000000005
2015,2,7.0,0.0,0.0,0.0,0.0,6.0,0.0,18.0,0.0,00-0030120,4.68
2015,19,0.0,0.0,0.0,0.0,0.0,0.0,0.0,93.0,2.0,00-0032170,40.3
2016,5,0.0,0.0,0.0,0.0,1.0,0.0,0.0,32.0,0.0,00-0032170,6.2
2018,6,0.0,0.0,0.0,0.0,1.0,0.0,0.0,60.0,0.0,00-0032170,10.0
2015,0,3.0,0.0,0.0,0.0,0.0,0.0,0.0,0.0,0.0,00-0031203,0.12
2015,0,0.0,0.0,0.0,0.0,0.0,0.0,0.0,0.0,0.0,00-0031156,0.0
2015,0,0.0,0.0,0.0,0.0,1.0,0.0,0.0,0.0,0.0,00-0031687,-2.0
2016,0,0.0,0.0,0.0,0.0,0.0,6.0,0.0,0.0,0.0,00-0031687,0.6000000000000001
2017,0,0.0,0.0,0.0,0.0,1.0,30.0,0.0,0.0,0.0,00-0031687,1.0
2018,6,0.0,0.0,1.0,0.0,1.0,261.0,0.0,25.0,0.0,00-0031687,38.6
2019,14,0.0,0.0,8.0,0.0,2.0,772.0,0.0,180.0,2.0,00-0031687,165.2
2020,16,0.0,0.0,2.0,0.0,1.0,521.0,0.0,156.0,1.0,00-0031687,99.69999999999999
2021,0,0.0,0.0,0.0,0.0,0.0,20.0,0.0,0.0,0.0,00-0031687,2.0
2022,29,0.0,0.0,3.0,0.0,1.0,820.0,0.0,212.0,2.0,00-0031687,160.2
2023,25,0.0,0.0,18.0,0.0,1.0,1012.0,0.0,175.0,3.0,00-0031687,267.7
2024,19,0.0,0.0,2.0,0.0,2.0,278.0,0.0,161.0,0.0,00-0031687,70.9
2015,1,0.0,0.0,0.0,0.0,0.0,5.0,0.0,8.0,0.0,00-0032250,2.3
2016,0,0.0,0.0,0.0,0.0,0.0,0.0,0.0,0.0,0.0,00-0032250,0.0
2017,9,0.0,0.0,0.0,0.0,0.0,0.0,0.0,84.0,0.0,00-0032250,17.4
2015,1,0.0,0.0,0.0,0.0,0.0,17.0,0.0,-2.0,0.0,00-0031806,2.5
2016,3,0.0,0.0,0.0,0.0,1.0,39.0,0.0,46.0,0.0,00-0031806,9.5
2017,9,0.0,0.0,1.0,0.0,0.0,246.0,0.0,53.0,0.0,00-0031806,44.900000000000006
2018,5,0.0,0.0,0.0,0.0,0.0,212.0,1.0,52.0,1.0,00-0031806,39.400000000000006
2019,2,0.0,0.0,5.0,0.0,0.0,255.0,0.0,16.0,0.0,00-0031806,59.1
2020,23,0.0,0.0,5.0,0.0,1.0,419.0,0.0,162.0,0.0,00-0031806,109.10000000000001
2021,3,0.0,0.0,1.0,0.0,0.0,125.0,0.0,10.0,0.0,00-0031806,22.5
2022,5,0.0,0.0,1.0,0.0,0.0,81.0,0.0,37.0,0.0,00-0031806,22.8
2015,0,0.0,0.0,0.0,0.0,0.0,12.0,0.0,0.0,0.0,00-0031531,1.2000000000000002
2015,0,99.0,1.0,0.0,0.0,0.0,0.0,0.0,0.0,0.0,00-0029623,7.96
2019,0,1.0,0.0,0.0,0.0,0.0,0.0,0.0,0.0,0.0,00-0029623,0.04
2015,2,0.0,0.0,0.0,0.0,0.0,8.0,0.0,8.0,1.0,00-0032123,9.600000000000001
2017,8,0.0,0.0,0.0,0.0,0.0,0.0,0.0,144.0,0.0,00-0032123,22.4
2015,0,0.0,0.0,0.0,0.0,0.0,2.0,0.0,0.0,0.0,00-0030196,0.2
2018,0,0.0,0.0,0.0,0.0,0.0,3.0,0.0,0.0,0.0,00-0030196,0.30000000000000004
2020,0,0.0,0.0,0.0,0.0,0.0,1.0,0.0,0.0,0.0,00-0030196,0.1
2014,3,0.0,0.0,0.0,0.0,0.0,0.0,0.0,4.0,3.0,00-0027949,21.4
2015,0,0.0,0.0,0.0,0.0,0.0,0.0,0.0,0.0,0.0,00-0027949,0.0
2016,31,0.0,0.0,4.0,0.0,3.0,612.0,0.0,265.0,1.0,00-0032972,142.7
2017,30,0.0,0.0,1.0,0.0,1.0,299.0,0.0,275.0,0.0,00-0032972,91.4
2018,38,0.0,0.0,1.0,0.0,1.0,183.0,0.0,275.0,0.0,00-0032972,87.8
2019,6,0.0,0.0,0.0,0.0,0.0,9.0,0.0,57.0,0.0,00-0032972,12.600000000000001
2020,17,0.0,0.0,3.0,0.0,0.0,423.0,0.0,84.0,0.0,00-0032972,85.70000000000002
2021,38,0.0,0.0,2.0,0.0,0.0,579.0,0.0,256.0,1.0,00-0032972,139.5
2016,5,0.0,0.0,1.0,0.0,0.0,33.0,0.0,44.0,0.0,00-0032956,18.700000000000003
2017,4,0.0,0.0,1.0,0.0,0.0,12.0,0.0,35.0,0.0,00-0032956,14.7
2018,8,0.0,0.0,0.0,0.0,0.0,5.0,0.0,112.0,1.0,00-0032956,25.700000000000003
2019,5,0.0,0.0,1.0,0.0,0.0,1.0,0.0,42.0,0.0,00-0032956,15.3
2020,2,0.0,0.0,0.0,0.0,0.0,4.0,0.0,13.0,0.0,00-0032956,3.7
2021,3,0.0,0.0,1.0,0.0,0.0,0.0,1.0,9.0,0.0,00-0032956,11.9
2016,3,0.0,0.0,0.0,0.0,2.0,3.0,0.0,18.0,0.0,00-0032404,1.0999999999999999
2017,8,0.0,0.0,0.0,0.0,0.0,12.0,0.0,38.0,0.0,00-0032404,13.0
2018,3,0.0,0.0,0.0,0.0,0.0,0.0,0.0,35.0,0.0,00-0032404,6.5
2019,2,0.0,0.0,0.0,0.0,0.0,10.0,0.0,11.0,0.0,00-0032404,4.1
2020,11,0.0,0.0,0.0,0.0,0.0,67.0,0.0,84.0,0.0,00-0032404,26.1
2016,1,3782.0,16.0,2.0,14.0,3.0,150.0,2.0,7.0,0.0,00-0032950,213.98
2017,0,3296.0,33.0,0.0,7.0,3.0,299.0,4.0,0.0,0.0,00-0032950,281.74
2018,1,3074.0,21.0,0.0,7.0,6.0,93.0,1.0,4.0,0.0,00-0032950,193.66000000000003
2019,0,4039.0,27.0,1.0,7.0,7.0,243.0,2.0,0.0,0.0,00-0032950,275.86
2020,0,2620.0,16.0,5.0,15.0,4.0,276.0,5.0,0.0,0.0,00-0032950,198.4
2021,0,3378.0,26.0,1.0,6.0,4.0,198.0,1.0,0.0,0.0,00-0032950,246.92000000000002
2022,0,1755.0,11.0,1.0,9.0,1.0,86.0,2.0,0.0,0.0,00-0032950,112.8
2024,0,20.0,0.0,0.0,0.0,0.0,0.0,0.0,0.0,0.0,00-0032950,0.8
2016,6,0.0,0.0,1.0,0.0,1.0,312.0,0.0,55.0,0.0,00-0032782,46.7
2017,13,0.0,0.0,1.0,0.0,0.0,174.0,0.0,103.0,0.0,00-0032782,46.7
2018,28,0.0,0.0,3.0,0.0,1.0,364.0,1.0,230.0,2.0,00-0032782,117.4
2019,9,0.0,0.0,0.0,0.0,0.0,81.0,0.0,64.0,0.0,00-0032782,23.5
2021,4,0.0,0.0,0.0,0.0,0.0,25.0,0.0,22.0,0.0,00-0032782,8.7
2016,10,0.0,0.0,1.0,0.0,0.0,265.0,0.0,62.0,0.0,00-0032450,48.7
2017,2,0.0,0.0,0.0,0.0,0.0,44.0,0.0,14.0,0.0,00-0032450,7.800000000000001
2018,0,0.0,0.0,0.0,0.0,0.0,154.0,0.0,0.0,0.0,00-0032450,15.4
2019,1,0.0,0.0,0.0,0.0,0.0,60.0,0.0,6.0,0.0,00-0032450,7.6
2020,0,0.0,0.0,0.0,0.0,0.0,15.0,0.0,0.0,0.0,00-0032450,1.5
2021,2,0.0,0.0,0.0,0.0,0.0,16.0,0.0,12.0,0.0,00-0032450,4.800000000000001
2022,1,0.0,0.0,0.0,0.0,0.0,38.0,0.0,7.0,0.0,00-0032450,5.500000000000001
2016,20,0.0,0.0,0.0,0.0,0.0,20.0,0.0,136.0,0.0,00-0032377,35.6
2017,3,0.0,0.0,0.0,0.0,0.0,5.0,0.0,16.0,0.0,00-0032377,5.1
2019,0,0.0,0.0,0.0,0.0,0.0,9.0,0.0,0.0,0.0,00-0032377,0.9
2016,17,0.0,0.0,1.0,0.0,0.0,172.0,0.0,208.0,0.0,00-0032393,61.0
2017,6,0.0,0.0,0.0,0.0,0.0,23.0,0.0,87.0,0.0,00-0032393,17.0
2018,3,0.0,0.0,0.0,0.0,0.0,-3.0,0.0,22.0,0.0,00-0032393,4.9
2019,10,0.0,0.0,1.0,0.0,1.0,72.0,0.0,76.0,0.0,00-0032393,28.8
2020,5,0.0,0.0,0.0,0.0,1.0,19.0,0.0,18.0,1.0,00-0032393,12.700000000000001
2016,13,0.0,0.0,5.0,0.0,0.0,490.0,0.0,137.0,0.0,00-0032764,105.7
2017,11,0.0,0.0,5.0,0.0,0.0,744.0,0.0,136.0,1.0,00-0032764,135.0
2018,15,14.0,0.0,12.0,0.0,1.0,1059.0,0.0,99.0,0.0,00-0032764,201.36
2019,18,0.0,0.0,16.0,0.0,3.0,1540.0,0.0,206.0,2.0,00-0032764,294.6
2020,19,0.0,0.0,17.0,0.0,2.0,2027.0,1.0,114.0,0.0,00-0032764,333.1
2021,18,5.0,1.0,10.0,0.0,0.0,937.0,1.0,154.0,0.0,00-0032764,193.3
2022,32,4.0,1.0,13.0,0.0,3.0,1429.0,0.0,379.0,0.0,00-0032764,288.96
2023,28,14.0,2.0,11.0,0.0,0.0,1014.0,0.0,214.0,0.0,00-0032764,225.36
2024,17,0.0,0.0,14.0,0.0,1.0,1783.0,0.0,170.0,2.0,00-0032764,306.3
2016,32,0.0,0.0,15.0,0.0,1.0,1631.0,0.0,363.0,1.0,00-0033045,325.40000000000003
2017,26,0.0,0.0,7.0,0.0,1.0,983.0,0.0,249.0,2.0,00-0033045,201.20000000000002
2018,77,0.0,0.0,6.0,0.0,1.0,1434.0,0.0,567.0,3.0,00-0033045,329.09999999999997
2019,54,0.0,0.0,12.0,0.0,2.0,1357.0,0.0,420.0,2.0,00-0033045,311.70000000000005
2020,52,0.0,0.0,6.0,0.0,5.0,979.0,1.0,338.0,2.0,00-0033045,223.70000000000002
2021,46,4.0,0.0,10.0,0.0,1.0,915.0,3.0,270.0,2.0,00-0033045,240.66
2022,17,0.0,0.0,12.0,0.0,0.0,866.0,0.0,92.0,0.0,00-0033045,184.8
2023,46,0.0,0.0,3.0,0.0,1.0,588.0,0.0,286.0,2.0,00-0033045,161.4
2024,12,0.0,0.0,3.0,0.0,1.0,226.0,0.0,69.0,0.0,00-0033045,57.5
2016,0,3667.0,23.0,6.0,4.0,4.0,282.0,0.0,0.0,0.0,00-0033077,286.88
2017,0,3324.0,22.0,6.0,13.0,3.0,357.0,0.0,0.0,0.0,00-0033077,260.66
2018,0,3885.0,22.0,6.0,8.0,6.0,305.0,2.0,0.0,0.0,00-0033077,285.9
2019,0,4902.0,30.0,3.0,11.0,2.0,277.0,1.0,0.0,0.0,00-0033077,337.78000000000003
2020,1,1856.0,9.0,3.0,4.0,3.0,93.0,2.0,11.0,1.0,00-0033077,135.64
2021,0,4154.0,32.0,1.0,10.0,6.0,131.0,3.0,0.0,0.0,00-0033077,287.26
2022,0,2732.0,22.0,1.0,14.0,1.0,166.0,0.0,0.0,0.0,00-0033077,189.88
2023,0,4237.0,32.0,2.0,8.0,2.0,242.0,2.0,0.0,0.0,00-0033077,317.68
2024,0,1978.0,11.0,1.0,8.0,1.0,54.0,0.0,0.0,0.0,00-0033077,116.52000000000001
2016,3,0.0,0.0,0.0,0.0,0.0,5.0,0.0,20.0,0.0,00-0030968,5.5
2017,5,0.0,0.0,0.0,0.0,0.0,0.0,0.0,26.0,0.0,00-0030968,7.6
2018,5,0.0,0.0,0.0,0.0,0.0,0.0,0.0,23.0,0.0,00-0030968,7.300000000000001
2019,1,0.0,0.0,0.0,0.0,0.0,8.0,0.0,13.0,0.0,00-0030968,3.1
2020,11,0.0,0.0,0.0,0.0,0.0,7.0,0.0,59.0,0.0,00-0030968,17.6
2021,8,0.0,0.0,0.0,0.0,0.0,31.0,0.0,53.0,0.0,00-0030968,16.4
2022,1,0.0,0.0,0.0,0.0,0.0,2.0,0.0,8.0,0.0,00-0030968,2.0
2023,3,0.0,0.0,0.0,0.0,0.0,0.0,0.0,33.0,0.0,00-0030968,6.300000000000001
2016,17,0.0,0.0,2.0,0.0,1.0,467.0,0.0,115.0,0.0,00-0032940,85.2
2017,34,0.0,0.0,2.0,0.0,1.0,153.0,0.0,197.0,1.0,00-0032940,85.0
2018,1,0.0,0.0,0.0,0.0,1.0,115.0,0.0,9.0,0.0,00-0032940,11.4
2019,36,0.0,0.0,3.0,0.0,0.0,387.0,0.0,292.0,0.0,00-0032940,121.9
2020,5,0.0,0.0,0.0,0.0,0.0,91.0,0.0,30.0,0.0,00-0032940,17.1
2016,29,0.0,0.0,1.0,0.0,0.0,491.0,0.0,194.0,2.0,00-0033025,115.5
2017,27,0.0,0.0,1.0,0.0,3.0,275.0,0.0,266.0,1.0,00-0033025,87.1
2018,68,0.0,0.0,1.0,0.0,2.0,259.0,0.0,607.0,0.0,00-0033025,156.60000000000002
2019,36,0.0,0.0,0.0,0.0,0.0,145.0,0.0,323.0,0.0,00-0033025,82.80000000000001
2020,19,0.0,0.0,1.0,0.0,0.0,123.0,0.0,138.0,0.0,00-0033025,51.099999999999994
2021,10,0.0,0.0,0.0,0.0,0.0,16.0,0.0,69.0,0.0,00-0033025,18.5
2014,4,0.0,0.0,0.0,0.0,0.0,0.0,0.0,63.0,0.0,00-0030147,10.3
2015,3,0.0,0.0,0.0,0.0,0.0,0.0,0.0,28.0,1.0,00-0030147,11.8
2016,23,0.0,0.0,0.0,0.0,0.0,9.0,0.0,341.0,2.0,00-0030147,70.0
2017,17,0.0,0.0,0.0,0.0,0.0,19.0,0.0,202.0,1.0,00-0030147,45.1
2018,10,0.0,0.0,0.0,0.0,0.0,0.0,0.0,188.0,2.0,00-0030147,40.8
2019,3,0.0,0.0,0.0,0.0,0.0,0.0,0.0,25.0,0.0,00-0030147,5.5
2015,27,0.0,0.0,0.0,0.0,0.0,0.0,0.0,260.0,1.0,00-0032009,59.0
2016,55,0.0,0.0,0.0,0.0,0.0,18.0,1.0,622.0,2.0,00-0032009,133.0
2017,61,0.0,0.0,0.0,0.0,1.0,6.0,0.0,631.0,1.0,00-0032009,128.7
2018,76,0.0,0.0,0.0,0.0,0.0,11.0,0.0,816.0,5.0,00-0032009,188.7
2019,37,0.0,0.0,0.0,0.0,0.0,1.0,0.0,374.0,2.0,00-0032009,86.5
2020,23,0.0,0.0,0.0,0.0,0.0,0.0,0.0,228.0,2.0,00-0032009,57.8
2021,40,0.0,0.0,0.0,0.0,0.0,0.0,0.0,380.0,0.0,00-0032009,78.0
2016,2,0.0,0.0,0.0,0.0,1.0,43.0,0.0,34.0,0.0,00-0032935,7.7
2017,9,0.0,0.0,0.0,0.0,2.0,0.0,0.0,218.0,3.0,00-0032935,44.8
2018,0,0.0,0.0,0.0,0.0,0.0,0.0,0.0,0.0,0.0,00-0032935,0.0
2019,3,0.0,0.0,0.0,0.0,0.0,9.0,0.0,17.0,0.0,00-0032935,5.6
2016,0,0.0,0.0,1.0,0.0,0.0,34.0,0.0,0.0,0.0,00-0031158,9.4
2015,1,0.0,0.0,0.0,0.0,0.0,0.0,0.0,11.0,0.0,00-0032166,2.1
2016,21,0.0,0.0,0.0,0.0,0.0,14.0,0.0,435.0,2.0,00-0032166,77.9
2017,6,0.0,0.0,0.0,0.0,0.0,0.0,0.0,70.0,0.0,00-0032166,13.0
2018,1,0.0,0.0,0.0,0.0,0.0,0.0,0.0,12.0,0.0,00-0032166,2.2
2016,48,0.0,0.0,0.0,0.0,0.0,6.0,0.0,594.0,3.0,00-0031782,126.0
2017,18,0.0,0.0,0.0,0.0,1.0,0.0,0.0,149.0,1.0,00-0031782,36.9
2018,12,0.0,0.0,0.0,0.0,0.0,-4.0,1.0,79.0,0.0,00-0031782,21.5
2016,2,0.0,0.0,0.0,0.0,0.0,129.0,0.0,75.0,1.0,00-0031102,28.4
2017,14,0.0,0.0,0.0,0.0,0.0,79.0,0.0,128.0,1.0,00-0031102,40.7
2018,16,0.0,0.0,3.0,0.0,0.0,103.0,0.0,115.0,1.0,00-0031102,61.8
2016,13,0.0,0.0,0.0,0.0,1.0,192.0,0.0,70.0,0.0,00-0032902,37.2
2016,61,0.0,0.0,3.0,0.0,1.0,267.0,0.0,599.0,6.0,00-0033040,199.6
2017,75,0.0,0.0,0.0,1.0,0.0,59.0,0.0,1183.0,7.0,00-0033040,239.20000000000002
2018,87,0.0,0.0,1.0,0.0,0.0,151.0,0.0,1479.0,12.0,00-0033040,328.0
2019,58,0.0,0.0,0.0,0.0,0.0,23.0,0.0,860.0,7.0,00-0033040,188.3
2020,87,0.0,0.0,2.0,0.0,0.0,123.0,0.0,1276.0,15.0,00-0033040,328.90000000000003
2021,110,0.0,0.0,0.0,0.0,1.0,96.0,0.0,1237.0,9.0,00-0033040,295.3
2022,117,0.0,0.0,1.0,0.0,0.0,32.0,0.0,1687.0,7.0,00-0033040,336.9
2023,112,0.0,0.0,0.0,0.0,1.0,15.0,0.0,1717.0,12.0,00-0033040,355.20000000000005
2024,79,0.0,0.0,0.0,0.0,0.0,53.0,0.0,939.0,6.0,00-0033040,214.2
2016,15,0.0,0.0,0.0,0.0,0.0,0.0,0.0,99.0,1.0,00-0033069,30.9
2017,19,0.0,0.0,0.0,0.0,0.0,1.0,0.0,162.0,1.0,00-0033069,41.3
2016,1,0.0,0.0,0.0,0.0,0.0,24.0,0.0,2.0,0.0,00-0032577,3.6000000000000005
2017,17,0.0,0.0,0.0,0.0,0.0,19.0,0.0,133.0,0.0,00-0032577,32.2
2020,1,0.0,0.0,0.0,0.0,0.0,2.0,0.0,7.0,0.0,00-0032577,1.9
2016,0,400.0,0.0,1.0,0.0,1.0,83.0,0.0,0.0,0.0,00-0033119,28.3
2017,0,3098.0,13.0,4.0,7.0,3.0,260.0,0.0,0.0,0.0,00-0033119,205.92000000000002
2018,0,2.0,0.0,0.0,0.0,0.0,-7.0,0.0,0.0,0.0,00-0033119,-0.6200000000000001
2019,1,2942.0,18.0,4.0,6.0,5.0,228.0,1.0,2.0,0.0,00-0033119,217.68
2020,0,17.0,0.0,3.0,0.0,0.0,19.0,0.0,0.0,0.0,00-0033119,20.58
2021,0,1283.0,5.0,1.0,4.0,3.0,70.0,1.0,0.0,0.0,00-0033119,72.32
2022,0,2608.0,12.0,2.0,6.0,4.0,243.0,0.0,0.0,0.0,00-0033119,168.62
2023,0,224.0,3.0,0.0,0.0,0.0,19.0,0.0,0.0,0.0,00-0033119,22.86
2024,0,826.0,2.0,0.0,1.0,1.0,62.0,1.0,0.0,0.0,00-0033119,45.24
2016,9,0.0,0.0,2.0,0.0,0.0,179.0,0.0,46.0,0.0,00-0033118,43.50000000000001
2017,32,0.0,0.0,3.0,0.0,2.0,644.0,1.0,239.0,1.0,00-0033118,142.3
2018,53,0.0,0.0,4.0,0.0,1.0,535.0,0.0,425.0,4.0,00-0033118,195.0
2019,50,0.0,0.0,9.0,0.0,1.0,790.0,1.0,345.0,0.0,00-0033118,217.5
2020,25,0.0,0.0,10.0,0.0,1.0,955.0,0.0,137.0,0.0,00-0033118,192.2
2021,30,0.0,0.0,2.0,0.0,0.0,254.0,0.0,291.0,1.0,00-0033118,102.5
2022,15,0.0,0.0,3.0,0.0,0.0,422.0,0.0,70.0,1.0,00-0033118,88.2
2023,2,0.0,0.0,0.0,0.0,1.0,0.0,0.0,31.0,0.0,00-0033118,3.1
2016,1,0.0,0.0,0.0,0.0,0.0,8.0,0.0,3.0,0.0,00-0031706,2.1
2016,19,0.0,0.0,0.0,0.0,0.0,9.0,0.0,187.0,0.0,00-0031545,38.599999999999994
2017,2,0.0,0.0,0.0,0.0,0.0,0.0,0.0,6.0,0.0,00-0031545,2.6
2018,4,0.0,0.0,0.0,0.0,0.0,0.0,0.0,92.0,0.0,00-0031545,13.200000000000001
2021,1,0.0,0.0,0.0,0.0,0.0,0.0,0.0,38.0,0.0,00-0031545,4.800000000000001
2022,2,0.0,0.0,0.0,0.0,0.0,0.0,0.0,74.0,0.0,00-0031545,9.4
2016,29,0.0,0.0,6.0,0.0,1.0,1313.0,0.0,298.0,1.0,00-0032780,230.10000000000002
2017,23,0.0,0.0,9.0,0.0,1.0,1122.0,0.0,125.0,0.0,00-0032780,199.7
2018,20,0.0,0.0,9.0,0.0,1.0,935.0,0.0,145.0,0.0,00-0032780,180.0
2019,10,0.0,0.0,6.0,0.0,0.0,525.0,0.0,69.0,1.0,00-0032780,111.4
2020,1,0.0,0.0,4.0,0.0,0.0,60.0,0.0,-3.0,0.0,00-0032780,30.7
2021,2,0.0,0.0,3.0,0.0,0.0,406.0,0.0,19.0,0.0,00-0032780,62.5
2022,0,0.0,0.0,0.0,0.0,0.0,1.0,0.0,0.0,0.0,00-0032780,0.1
2016,11,0.0,0.0,1.0,0.0,1.0,125.0,0.0,84.0,0.0,00-0032426,35.9
2017,23,0.0,0.0,6.0,0.0,2.0,973.0,0.0,187.0,0.0,00-0032426,171.0
2018,15,0.0,0.0,7.0,0.0,3.0,411.0,0.0,105.0,1.0,00-0032426,108.6
2020,1,0.0,0.0,2.0,0.0,0.0,77.0,0.0,4.0,0.0,00-0032426,21.099999999999998
2021,9,0.0,0.0,2.0,0.0,1.0,411.0,0.0,87.0,0.0,00-0032426,68.8
2016,0,0.0,0.0,0.0,0.0,1.0,0.0,0.0,0.0,0.0,00-0028952,-2.0
2016,1,0.0,0.0,1.0,0.0,2.0,94.0,0.0,0.0,0.0,00-0032975,12.4
2018,1,0.0,0.0,0.0,0.0,0.0,0.0,0.0,1.0,0.0,00-0032975,1.1
2019,5,0.0,0.0,1.0,0.0,0.0,235.0,0.0,59.0,0.0,00-0032975,40.4
2020,4,0.0,0.0,0.0,0.0,1.0,5.0,0.0,21.0,0.0,00-0032975,4.6
2021,4,0.0,0.0,1.0,0.0,0.0,34.0,0.0,28.0,0.0,00-0032975,16.2
2022,5,0.0,0.0,0.0,0.0,0.0,120.0,0.0,31.0,0.0,00-0032975,20.1
2023,0,0.0,0.0,0.0,0.0,0.0,-2.0,0.0,0.0,0.0,00-0032975,-0.2
2016,0,0.0,0.0,0.0,0.0,1.0,0.0,0.0,0.0,0.0,00-0032946,-2.0
2016,7,0.0,0.0,0.0,0.0,0.0,11.0,0.0,76.0,0.0,00-0032881,15.7
2017,10,0.0,0.0,0.0,0.0,1.0,14.0,0.0,116.0,1.0,00-0032881,27.0
2018,3,0.0,0.0,0.0,0.0,1.0,10.0,0.0,60.0,1.0,00-0032881,14.0
2020,1,0.0,0.0,0.0,0.0,0.0,14.0,0.0,5.0,0.0,00-0032881,2.9000000000000004
2021,1,0.0,0.0,0.0,0.0,0.0,0.0,0.0,7.0,0.0,00-0032881,1.7000000000000002
2016,33,0.0,0.0,0.0,0.0,0.0,2.0,0.0,499.0,3.0,00-0032054,101.10000000000001
2017,10,0.0,0.0,0.0,0.0,0.0,0.0,0.0,77.0,0.0,00-0032054,17.7
2018,16,0.0,0.0,0.0,0.0,0.0,2.0,0.0,340.0,2.0,00-0032054,62.2
2019,36,0.0,0.0,0.0,0.0,0.0,16.0,0.0,645.0,6.0,00-0032054,138.1
2020,30,0.0,0.0,0.0,0.0,0.0,6.0,0.0,505.0,3.0,00-0032054,99.1
2021,6,0.0,0.0,0.0,0.0,0.0,-3.0,0.0,123.0,1.0,00-0032054,24.0
2022,8,0.0,0.0,0.0,0.0,1.0,-7.0,0.0,101.0,1.0,00-0032054,21.400000000000002
2016,0,1380.0,6.0,0.0,2.0,1.0,18.0,1.0,0.0,0.0,00-0033104,77.0
2017,0,126.0,0.0,0.0,1.0,0.0,-1.0,0.0,0.0,0.0,00-0033104,2.94
2018,0,709.0,2.0,0.0,2.0,3.0,123.0,0.0,0.0,0.0,00-0033104,38.66
2008,20,0.0,0.0,0.0,0.0,0.0,0.0,0.0,283.0,4.0,00-0026201,72.3
2009,15,0.0,0.0,0.0,0.0,0.0,0.0,0.0,159.0,0.0,00-0026201,30.9
2010,33,0.0,0.0,0.0,0.0,0.0,0.0,0.0,260.0,0.0,00-0026201,59.0
2011,17,0.0,0.0,0.0,0.0,0.0,0.0,0.0,144.0,0.0,00-0026201,31.4
2012,55,0.0,0.0,0.0,0.0,0.0,0.0,0.0,626.0,5.0,00-0026201,147.6
2013,65,0.0,0.0,0.0,0.0,1.0,0.0,0.0,759.0,5.0,00-0026201,168.9
2014,90,0.0,0.0,0.0,0.0,0.0,0.0,2.0,916.0,6.0,00-0026201,221.60000000000002
2015,53,0.0,0.0,0.0,0.0,0.0,0.0,0.0,439.0,3.0,00-0026201,114.9
2016,55,0.0,0.0,0.0,0.0,0.0,10.0,0.0,701.0,7.0,00-0026201,168.10000000000002
2017,30,0.0,0.0,0.0,0.0,0.0,0.0,0.0,286.0,0.0,00-0026201,58.6
2016,0,0.0,0.0,0.0,0.0,1.0,0.0,0.0,0.0,0.0,00-0032390,-2.0
2018,0,0.0,0.0,0.0,0.0,1.0,0.0,0.0,0.0,0.0,00-0032390,-2.0
2019,0,0.0,0.0,0.0,0.0,1.0,0.0,0.0,0.0,0.0,00-0032390,-2.0
2016,14,0.0,0.0,0.0,0.0,2.0,0.0,0.0,162.0,2.0,00-0032694,38.2
2016,0,145.0,1.0,0.0,1.0,0.0,1.0,0.0,0.0,0.0,00-0032462,7.9
2016,1,0.0,0.0,0.0,0.0,1.0,0.0,0.0,31.0,0.0,00-0032007,2.1
2016,12,0.0,0.0,6.0,0.0,0.0,704.0,0.0,82.0,1.0,00-0032371,132.6
2017,4,0.0,0.0,3.0,0.0,0.0,194.0,0.0,18.0,0.0,00-0032371,43.2
2018,0,0.0,0.0,0.0,0.0,0.0,8.0,0.0,0.0,0.0,00-0032371,0.8
2015,4,0.0,0.0,0.0,0.0,0.0,0.0,0.0,15.0,0.0,00-0032068,5.5
2016,5,0.0,0.0,0.0,0.0,1.0,2.0,0.0,44.0,0.0,00-0032068,7.6000000000000005
2016,0,497.0,2.0,0.0,1.0,0.0,25.0,0.0,0.0,0.0,00-0033108,28.38
2017,0,295.0,2.0,0.0,3.0,1.0,30.0,0.0,0.0,0.0,00-0033108,14.8
2016,2,0.0,0.0,0.0,0.0,0.0,32.0,0.0,11.0,0.0,00-0032804,6.300000000000001
2016,15,0.0,0.0,0.0,0.0,0.0,456.0,0.0,162.0,0.0,00-0032417,76.8
2017,8,0.0,0.0,0.0,0.0,0.0,90.0,0.0,46.0,0.0,00-0032417,21.6
2019,1,0.0,0.0,0.0,0.0,0.0,29.0,0.0,9.0,0.0,00-0032417,4.800000000000001
2016,0,0.0,0.0,0.0,0.0,1.0,0.0,0.0,0.0,0.0,00-0030917,-2.0
2015,13,0.0,0.0,0.0,0.0,0.0,0.0,0.0,88.0,0.0,00-0031818,21.8
2016,3,0.0,0.0,0.0,0.0,0.0,2.0,0.0,37.0,0.0,00-0031818,6.9
2015,11,0.0,0.0,0.0,0.0,0.0,0.0,0.0,120.0,0.0,00-0031912,23.0
2016,66,2.0,1.0,0.0,0.0,2.0,6.0,0.0,888.0,4.0,00-0031912,179.48000000000002
2018,9,0.0,0.0,0.0,0.0,1.0,0.0,0.0,114.0,1.0,00-0031912,24.4
2016,3,0.0,0.0,0.0,0.0,0.0,7.0,0.0,36.0,0.0,00-0031514,7.300000000000001
2017,3,0.0,0.0,0.0,0.0,0.0,0.0,0.0,39.0,0.0,00-0031514,6.9
2015,1,0.0,0.0,0.0,0.0,0.0,0.0,0.0,18.0,0.0,00-0031612,2.8
2016,9,0.0,0.0,2.0,0.0,0.0,150.0,0.0,46.0,1.0,00-0031612,46.6
2017,7,0.0,0.0,0.0,0.0,0.0,13.0,0.0,39.0,0.0,00-0031612,12.200000000000001
2016,0,0.0,0.0,0.0,0.0,0.0,-3.0,0.0,0.0,0.0,00-0031502,-0.30000000000000004
2019,0,0.0,0.0,0.0,0.0,2.0,-8.0,0.0,0.0,0.0,00-0031502,-4.8
2015,23,0.0,0.0,0.0,0.0,1.0,0.0,0.0,279.0,1.0,00-0031549,54.900000000000006
2016,36,0.0,0.0,0.0,0.0,0.0,14.0,1.0,365.0,2.0,00-0031549,87.9
2017,62,0.0,0.0,0.0,0.0,0.0,7.0,0.0,768.0,8.0,00-0031549,187.5
2018,64,15.0,0.0,0.0,0.0,0.0,32.0,0.0,743.0,4.0,00-0031549,166.1
2019,39,0.0,0.0,0.0,0.0,1.0,7.0,1.0,363.0,3.0,00-0031549,94.0
2020,48,0.0,0.0,0.0,0.0,0.0,0.0,0.0,896.0,8.0,00-0031549,185.60000000000002
2021,36,0.0,0.0,0.0,0.0,0.0,11.0,0.0,450.0,3.0,00-0031549,100.1
2022,31,0.0,0.0,0.0,0.0,2.0,0.0,0.0,362.0,2.0,00-0031549,75.2
2023,30,0.0,0.0,0.0,0.0,0.0,0.0,0.0,342.0,4.0,00-0031549,88.2
2024,14,0.0,0.0,0.0,0.0,0.0,0.0,0.0,231.0,2.0,00-0031549,49.1
2016,4,0.0,0.0,0.0,0.0,0.0,4.0,0.0,83.0,0.0,00-0032897,12.700000000000001
2017,2,0.0,0.0,0.0,0.0,0.0,24.0,0.0,35.0,0.0,00-0032897,7.9
2018,1,0.0,0.0,0.0,0.0,0.0,11.0,0.0,2.0,0.0,00-0032897,2.3000000000000003
2019,3,0.0,0.0,1.0,0.0,0.0,10.0,0.0,32.0,0.0,00-0032897,13.2
2021,3,0.0,0.0,0.0,0.0,0.0,1.0,0.0,15.0,0.0,00-0032897,4.6
2022,5,0.0,0.0,0.0,0.0,0.0,20.0,0.0,11.0,1.0,00-0032897,14.1
2016,0,0.0,0.0,0.0,0.0,0.0,0.0,0.0,0.0,0.0,00-0032896,0.0
2016,5,0.0,0.0,1.0,0.0,0.0,223.0,0.0,28.0,0.0,00-0032741,36.099999999999994
2017,16,0.0,0.0,3.0,0.0,1.0,423.0,0.0,114.0,0.0,00-0032741,85.70000000000002
2018,20,0.0,0.0,5.0,0.0,1.0,871.0,0.0,92.0,1.0,00-0032741,150.3
2019,16,0.0,0.0,6.0,0.0,1.0,470.0,1.0,115.0,1.0,00-0032741,116.5
2020,4,0.0,0.0,4.0,0.0,0.0,258.0,0.0,12.0,0.0,00-0032741,55.0
2021,10,0.0,0.0,2.0,0.0,0.0,212.0,0.0,67.0,0.0,00-0032741,49.900000000000006
2016,30,0.0,0.0,2.0,0.0,0.0,382.0,0.0,162.0,1.0,00-0032411,102.4
2018,6,0.0,0.0,2.0,0.0,1.0,333.0,0.0,51.0,0.0,00-0032411,54.400000000000006
2012,26,0.0,0.0,0.0,0.0,0.0,0.0,0.0,281.0,2.0,00-0029697,66.1
2013,52,0.0,0.0,0.0,0.0,0.0,0.0,2.0,608.0,4.0,00-0029697,140.8
2014,51,0.0,0.0,0.0,0.0,0.0,0.0,0.0,774.0,8.0,00-0029697,176.4
2015,54,0.0,0.0,0.0,0.0,0.0,0.0,1.0,491.0,3.0,00-0029697,123.1
2016,50,0.0,0.0,1.0,0.0,0.0,2.0,0.0,631.0,3.0,00-0029697,137.3
2017,22,0.0,0.0,0.0,0.0,0.0,0.0,0.0,295.0,2.0,00-0029697,63.5
2016,41,0.0,0.0,0.0,0.0,0.0,1.0,0.0,522.0,2.0,00-0032778,105.30000000000001
2018,26,0.0,0.0,0.0,0.0,0.0,16.0,0.0,316.0,2.0,00-0032778,71.2
2019,25,0.0,0.0,0.0,0.0,0.0,0.0,0.0,329.0,4.0,00-0032778,81.9
2020,0,0.0,0.0,0.0,0.0,0.0,0.0,0.0,0.0,0.0,00-0032778,0.0
2021,25,0.0,0.0,0.0,0.0,0.0,0.0,0.0,230.0,0.0,00-0032778,48.0
2016,0,0.0,0.0,0.0,0.0,1.0,0.0,0.0,0.0,0.0,00-0028240,-2.0
2014,0,0.0,0.0,0.0,0.0,0.0,0.0,0.0,0.0,0.0,00-0029319,0.0
2015,19,0.0,0.0,0.0,0.0,0.0,0.0,0.0,224.0,2.0,00-0029319,53.400000000000006
2016,19,0.0,0.0,0.0,0.0,0.0,37.0,0.0,282.0,1.0,00-0029319,56.900000000000006
2017,24,0.0,0.0,0.0,0.0,0.0,6.0,0.0,376.0,1.0,00-0029319,68.2
2018,14,0.0,0.0,0.0,0.0,0.0,0.0,1.0,117.0,1.0,00-0029319,33.7
2019,2,0.0,0.0,0.0,0.0,0.0,0.0,0.0,20.0,0.0,00-0029319,4.0
2016,0,0.0,0.0,0.0,0.0,1.0,0.0,0.0,0.0,0.0,00-0032449,-2.0
2017,0,31.0,0.0,0.0,0.0,0.0,0.0,0.0,0.0,0.0,00-0032449,1.24
2018,0,0.0,0.0,0.0,0.0,0.0,0.0,0.0,0.0,0.0,00-0032449,0.0
2016,42,0.0,0.0,0.0,0.0,1.0,42.0,0.0,587.0,2.0,00-0032688,114.9
2017,63,0.0,0.0,0.0,0.0,0.0,9.0,0.0,941.0,7.0,00-0032688,200.0
2018,50,0.0,0.0,0.0,0.0,2.0,-8.0,0.0,752.0,6.0,00-0032688,156.4
2019,52,0.0,0.0,0.0,0.0,0.0,4.0,1.0,779.0,5.0,00-0032688,162.3
2020,95,0.0,0.0,0.0,0.0,1.0,15.0,1.0,1093.0,3.0,00-0032688,223.8
2021,46,0.0,0.0,0.0,0.0,0.0,36.0,0.0,469.0,4.0,00-0032688,120.5
2022,20,0.0,0.0,0.0,0.0,1.0,0.0,0.0,282.0,1.0,00-0032688,52.2
2023,4,0.0,0.0,0.0,0.0,0.0,0.0,0.0,126.0,1.0,00-0032688,22.6
2024,1,0.0,0.0,0.0,0.0,0.0,0.0,0.0,5.0,0.0,00-0032688,1.5
2016,1,0.0,0.0,0.0,0.0,0.0,44.0,0.0,5.0,0.0,00-0033164,5.9
2019,2,0.0,0.0,0.0,0.0,1.0,20.0,0.0,14.0,1.0,00-0033164,9.4
2020,8,0.0,0.0,0.0,0.0,0.0,76.0,0.0,42.0,0.0,00-0033164,19.8
2016,3,0.0,0.0,0.0,0.0,1.0,0.0,0.0,24.0,1.0,00-0032423,9.4
2017,5,0.0,0.0,0.0,0.0,0.0,13.0,0.0,70.0,0.0,00-0032423,13.3
2019,8,0.0,0.0,1.0,0.0,2.0,73.0,0.0,111.0,0.0,00-0032423,28.400000000000002
2016,0,0.0,0.0,0.0,0.0,0.0,32.0,0.0,0.0,0.0,00-0032636,3.2
2016,0,104.0,0.0,1.0,2.0,0.0,105.0,0.0,0.0,0.0,00-0032784,16.66
2017,0,517.0,4.0,0.0,5.0,0.0,71.0,0.0,0.0,0.0,00-0032784,33.78
2016,6,0.0,0.0,0.0,0.0,0.0,0.0,0.0,71.0,0.0,00-0032543,13.100000000000001
2017,12,0.0,0.0,0.0,0.0,1.0,16.0,0.0,180.0,1.0,00-0032543,35.6
2018,20,0.0,0.0,0.0,0.0,1.0,22.0,0.0,167.0,0.0,00-0032543,36.9
2019,43,26.0,0.0,0.0,0.0,2.0,33.0,0.0,529.0,0.0,00-0032543,96.24000000000001
2020,12,0.0,0.0,0.0,0.0,2.0,7.0,0.0,139.0,0.0,00-0032543,22.6
2021,3,0.0,0.0,0.0,0.0,0.0,0.0,0.0,55.0,0.0,00-0032543,8.5
2023,14,0.0,0.0,0.0,0.0,0.0,0.0,0.0,198.0,1.0,00-0032543,39.8
2016,7,0.0,0.0,0.0,0.0,1.0,0.0,0.0,88.0,0.0,00-0032441,13.8
2016,0,0.0,0.0,0.0,0.0,0.0,30.0,0.0,0.0,0.0,00-0028664,3.0
2017,0,0.0,0.0,0.0,0.0,0.0,24.0,0.0,0.0,0.0,00-0028664,2.4000000000000004
2020,0,0.0,0.0,0.0,0.0,0.0,0.0,0.0,0.0,0.0,00-0028664,0.0
2016,9,43.0,0.0,0.0,0.0,0.0,0.0,0.0,140.0,2.0,00-0032475,36.72
2017,5,0.0,0.0,0.0,1.0,1.0,0.0,0.0,113.0,0.0,00-0032475,12.3
2016,54,0.0,0.0,0.0,0.0,1.0,58.0,0.0,603.0,1.0,00-0033009,124.1
2017,22,0.0,0.0,0.0,0.0,0.0,0.0,0.0,225.0,2.0,00-0033009,56.5
2018,76,0.0,0.0,0.0,0.0,0.0,3.0,0.0,1028.0,7.0,00-0033009,221.10000000000002
2019,90,0.0,0.0,0.0,0.0,2.0,23.0,0.0,1046.0,5.0,00-0033009,222.9
2020,79,16.0,0.0,0.0,0.0,0.0,49.0,0.0,841.0,4.0,00-0033009,192.64000000000001
2021,67,46.0,0.0,0.0,0.0,0.0,22.0,0.0,828.0,5.0,00-0033009,183.84000000000003
2022,53,23.0,0.0,0.0,0.0,0.0,0.0,1.0,711.0,5.0,00-0033009,157.02
2023,66,0.0,0.0,0.0,1.0,0.0,11.0,0.0,663.0,2.0,00-0033009,143.39999999999998
2024,39,0.0,0.0,0.0,0.0,0.0,3.0,0.0,390.0,0.0,00-0033009,78.3
2012,7,0.0,0.0,0.0,0.0,0.0,0.0,0.0,65.0,0.0,00-0029587,13.5
2013,5,0.0,0.0,0.0,0.0,0.0,0.0,0.0,61.0,1.0,00-0029587,17.1
2014,19,0.0,0.0,0.0,0.0,0.0,0.0,1.0,208.0,1.0,00-0029587,47.8
2015,11,0.0,0.0,0.0,0.0,0.0,0.0,0.0,124.0,1.0,00-0029587,29.4
2016,9,0.0,0.0,1.0,0.0,0.0,1.0,0.0,57.0,0.0,00-0029587,20.8
2017,24,0.0,0.0,0.0,0.0,0.0,0.0,0.0,235.0,2.0,00-0029587,59.5
2018,25,0.0,0.0,0.0,0.0,0.0,0.0,1.0,272.0,1.0,00-0029587,60.2
2019,18,0.0,0.0,0.0,0.0,0.0,0.0,0.0,167.0,1.0,00-0029587,40.7
2016,19,0.0,0.0,0.0,0.0,0.0,0.0,0.0,276.0,0.0,00-0032355,46.6
2017,23,0.0,0.0,0.0,0.0,0.0,8.0,0.0,284.0,1.0,00-0032355,58.2
2018,53,0.0,0.0,0.0,0.0,0.0,-4.0,2.0,485.0,2.0,00-0032355,117.1
2019,16,0.0,0.0,0.0,0.0,1.0,18.0,0.0,179.0,2.0,00-0032355,45.7
2021,28,0.0,0.0,0.0,0.0,1.0,9.0,0.0,297.0,1.0,00-0032355,62.6
2022,0,0.0,0.0,0.0,0.0,1.0,0.0,0.0,0.0,0.0,00-0032355,-2.0
2016,0,809.0,3.0,0.0,7.0,1.0,19.0,1.0,0.0,0.0,00-0031568,32.26
2017,0,544.0,1.0,0.0,3.0,0.0,55.0,0.0,0.0,0.0,00-0031568,25.26
2016,0,0.0,0.0,0.0,0.0,0.0,0.0,0.0,0.0,0.0,00-0031716,0.0
2018,0,0.0,0.0,0.0,0.0,0.0,0.0,0.0,0.0,0.0,00-0031716,0.0
2016,7,0.0,0.0,0.0,0.0,0.0,19.0,0.0,46.0,0.0,00-0032398,13.5
2017,18,0.0,0.0,0.0,0.0,0.0,-9.0,0.0,248.0,3.0,00-0032398,59.900000000000006
2018,19,0.0,0.0,0.0,0.0,0.0,17.0,0.0,196.0,1.0,00-0032398,46.3
2019,3,0.0,0.0,0.0,0.0,0.0,0.0,0.0,21.0,0.0,00-0032398,5.1
2021,18,0.0,0.0,0.0,0.0,0.0,0.0,0.0,189.0,1.0,00-0032398,42.900000000000006
2022,46,0.0,0.0,0.0,0.0,0.0,5.0,0.0,526.0,2.0,00-0032398,111.1
2023,19,0.0,0.0,0.0,0.0,0.0,39.0,0.0,394.0,0.0,00-0032398,62.300000000000004
2016,0,17.0,0.0,0.0,1.0,0.0,-2.0,0.0,0.0,0.0,00-0031589,-1.5199999999999998
2017,1,1836.0,9.0,2.0,12.0,2.0,270.0,1.0,10.0,0.0,00-0031589,124.44
2019,0,49.0,0.0,0.0,0.0,0.0,41.0,0.0,0.0,0.0,00-0031589,6.0600000000000005
2016,0,0.0,0.0,0.0,0.0,1.0,1.0,0.0,0.0,0.0,00-0032791,-1.9
2017,13,0.0,0.0,0.0,0.0,0.0,12.0,0.0,203.0,2.0,00-0032791,46.5
2018,21,0.0,0.0,0.0,0.0,0.0,5.0,0.0,268.0,2.0,00-0032791,60.3
2019,19,0.0,0.0,1.0,0.0,1.0,5.0,0.0,164.0,0.0,00-0032791,39.900000000000006
2020,36,0.0,0.0,0.0,0.0,0.0,20.0,0.0,373.0,1.0,00-0032791,81.30000000000001
2021,11,0.0,0.0,0.0,0.0,3.0,33.0,0.0,132.0,2.0,00-0032791,33.5
2014,25,0.0,0.0,0.0,0.0,0.0,0.0,0.0,248.0,1.0,00-0031387,55.8
2015,47,0.0,0.0,0.0,0.0,0.0,0.0,0.0,537.0,5.0,00-0031387,130.7
2016,61,0.0,0.0,1.0,0.0,0.0,1.0,0.0,711.0,1.0,00-0031387,144.2
2017,53,0.0,0.0,0.0,0.0,1.0,0.0,0.0,574.0,4.0,00-0031387,132.4
2018,66,0.0,0.0,1.0,0.0,1.0,-8.0,0.0,750.0,13.0,00-0031387,222.2
2019,31,0.0,0.0,0.0,0.0,0.0,0.0,0.0,375.0,3.0,00-0031387,86.5
2020,56,0.0,0.0,0.0,0.0,1.0,0.0,1.0,558.0,5.0,00-0031387,141.8
2021,12,0.0,0.0,1.0,0.0,0.0,1.0,0.0,84.0,1.0,00-0031387,32.5
2016,0,1089.0,5.0,1.0,7.0,2.0,16.0,0.0,0.0,0.0,00-0033106,53.160000000000004
2017,0,3804.0,28.0,1.0,7.0,3.0,51.0,0.0,0.0,0.0,00-0033106,255.25999999999996
2018,0,4688.0,32.0,2.0,12.0,5.0,108.0,3.0,0.0,0.0,00-0033106,310.32
2019,0,4638.0,22.0,2.0,16.0,5.0,40.0,0.0,0.0,0.0,00-0033106,247.51999999999998
2020,0,3952.0,20.0,4.0,13.0,4.0,99.0,1.0,0.0,0.0,00-0033106,239.98000000000002
2021,0,3007.0,17.0,0.0,8.0,6.0,87.0,4.0,0.0,0.0,00-0033106,176.98
2022,1,4214.0,29.0,0.0,7.0,4.0,68.0,2.0,5.0,0.0,00-0033106,274.86
2023,0,4255.0,28.0,2.0,12.0,4.0,21.0,2.0,0.0,0.0,00-0033106,268.30000000000007
2024,1,4398.0,36.0,0.0,10.0,0.0,56.0,1.0,7.0,1.0,00-0033106,315.22
2014,67,0.0,0.0,0.0,0.0,3.0,0.0,0.0,862.0,5.0,00-0030506,177.2
2015,72,0.0,0.0,0.0,0.0,2.0,0.0,2.0,875.0,5.0,00-0030506,189.5
2016,85,0.0,0.0,0.0,0.0,0.0,-5.0,1.0,1125.0,4.0,00-0030506,223.0
2017,83,0.0,0.0,0.0,1.0,0.0,7.0,0.0,1038.0,8.0,00-0030506,233.5
2018,103,0.0,0.0,0.0,0.0,1.0,0.0,0.0,1336.0,10.0,00-0030506,294.6
2019,97,0.0,0.0,1.0,0.0,1.0,4.0,0.0,1229.0,5.0,00-0030506,254.3
2020,105,4.0,0.0,0.0,0.0,1.0,0.0,1.0,1416.0,11.0,00-0030506,312.76
2021,88,0.0,0.0,1.0,0.0,1.0,3.0,0.0,1091.0,8.0,00-0030506,249.40000000000003
2022,104,0.0,0.0,0.0,0.0,1.0,5.0,1.0,1300.0,12.0,00-0030506,306.5
2023,93,0.0,0.0,0.0,0.0,1.0,0.0,0.0,984.0,5.0,00-0030506,219.4
2024,97,0.0,0.0,0.0,0.0,1.0,1.0,0.0,823.0,3.0,00-0030506,195.4
2014,1,0.0,0.0,0.0,0.0,0.0,0.0,0.0,25.0,0.0,00-0029050,3.5
2016,0,0.0,0.0,0.0,0.0,0.0,-2.0,0.0,0.0,0.0,00-0029050,-0.2
2016,3,0.0,0.0,0.0,0.0,0.0,7.0,0.0,80.0,0.0,00-0032724,11.7
2017,5,0.0,0.0,0.0,0.0,1.0,6.0,0.0,79.0,0.0,00-0032724,11.5
2015,69,0.0,0.0,0.0,0.0,1.0,0.0,0.0,984.0,3.0,00-0030663,183.4
2016,72,50.0,1.0,0.0,0.0,0.0,0.0,0.0,895.0,4.0,00-0030663,191.5
2017,8,0.0,0.0,0.0,0.0,1.0,0.0,0.0,92.0,0.0,00-0030663,15.200000000000001
2018,62,0.0,0.0,0.0,0.0,0.0,13.0,0.0,651.0,1.0,00-0030663,134.4
2019,31,0.0,0.0,0.0,0.0,0.0,2.0,0.0,339.0,5.0,00-0030663,95.1
2020,33,0.0,0.0,0.0,0.0,0.0,0.0,0.0,432.0,3.0,00-0030663,94.2
2021,4,0.0,0.0,0.0,0.0,0.0,0.0,0.0,38.0,0.0,00-0030663,7.800000000000001
2023,2,0.0,0.0,0.0,0.0,0.0,0.0,0.0,14.0,0.0,00-0030663,3.4000000000000004
2016,0,0.0,0.0,0.0,0.0,0.0,0.0,0.0,0.0,0.0,00-0028075,0.0
2016,65,0.0,0.0,0.0,0.0,0.0,31.0,0.0,683.0,8.0,00-0032385,184.39999999999998
2017,59,0.0,0.0,0.0,0.0,0.0,4.0,0.0,731.0,2.0,00-0032385,144.5
2018,66,0.0,0.0,0.0,0.0,0.0,33.0,1.0,872.0,4.0,00-0032385,182.5
2019,57,0.0,0.0,0.0,0.0,0.0,72.0,1.0,576.0,3.0,00-0032385,141.8
2020,66,0.0,0.0,1.0,0.0,0.0,49.0,1.0,656.0,3.0,00-0032385,162.5
2021,36,0.0,0.0,0.0,0.0,0.0,-9.0,0.0,366.0,1.0,00-0032385,77.7
2022,13,0.0,0.0,0.0,0.0,0.0,0.0,0.0,154.0,1.0,00-0032385,34.4
2023,7,0.0,0.0,0.0,0.0,1.0,0.0,0.0,39.0,1.0,00-0032385,14.9
2024,31,0.0,0.0,0.0,0.0,0.0,69.0,1.0,323.0,1.0,00-0032385,78.2
2016,47,0.0,0.0,0.0,0.0,0.0,-3.0,0.0,630.0,2.0,00-0033127,121.7
2017,28,0.0,0.0,0.0,0.0,0.0,9.0,0.0,423.0,7.0,00-0033127,113.20000000000002
2018,32,0.0,0.0,0.0,0.0,0.0,0.0,0.0,503.0,4.0,00-0033127,106.30000000000001
2019,49,0.0,0.0,0.0,0.0,0.0,0.0,0.0,670.0,3.0,00-0033127,134.0
2020,53,0.0,0.0,0.0,0.0,0.0,0.0,0.0,879.0,8.0,00-0033127,188.9
2021,4,0.0,0.0,0.0,0.0,0.0,0.0,1.0,26.0,0.0,00-0033127,8.6
2016,1,0.0,0.0,0.0,0.0,0.0,1.0,0.0,4.0,0.0,00-0031746,1.5
2016,1,0.0,0.0,0.0,0.0,0.0,5.0,0.0,19.0,0.0,00-0031684,3.4000000000000004
2014,2,0.0,0.0,0.0,0.0,0.0,0.0,0.0,16.0,0.0,00-0031001,3.6
2015,2,0.0,0.0,0.0,0.0,0.0,0.0,0.0,79.0,0.0,00-0031001,9.9
2016,11,0.0,0.0,1.0,0.0,0.0,38.0,0.0,93.0,1.0,00-0031001,36.1
2017,2,0.0,0.0,0.0,0.0,0.0,0.0,0.0,12.0,0.0,00-0031001,3.2
2016,0,0.0,0.0,0.0,0.0,0.0,0.0,0.0,0.0,0.0,00-0027187,0.0
2016,8,0.0,0.0,0.0,0.0,0.0,0.0,0.0,66.0,0.0,00-0032362,14.600000000000001
2017,4,0.0,0.0,0.0,0.0,0.0,0.0,0.0,62.0,1.0,00-0032362,16.2
2018,28,0.0,0.0,0.0,0.0,0.0,10.0,0.0,304.0,0.0,00-0032362,59.400000000000006
2016,3,0.0,0.0,0.0,0.0,1.0,0.0,0.0,37.0,0.0,00-0033114,4.7
2017,5,0.0,0.0,0.0,0.0,0.0,0.0,0.0,93.0,0.0,00-0033114,14.3
2019,2,0.0,0.0,0.0,0.0,0.0,0.0,0.0,14.0,0.0,00-0033114,3.4000000000000004
2020,13,0.0,0.0,0.0,0.0,1.0,1.0,0.0,132.0,1.0,00-0033114,30.300000000000004
2021,5,0.0,0.0,0.0,0.0,0.0,0.0,0.0,52.0,0.0,00-0033114,10.2
2022,2,0.0,0.0,0.0,0.0,0.0,0.0,1.0,38.0,0.0,00-0033114,7.800000000000001
2016,33,0.0,0.0,0.0,0.0,0.0,10.0,0.0,413.0,3.0,00-0032966,93.30000000000001
2017,23,0.0,0.0,0.0,0.0,0.0,0.0,0.0,305.0,2.0,00-0032966,65.5
2018,5,0.0,0.0,0.0,0.0,0.0,5.0,0.0,71.0,0.0,00-0032966,12.600000000000001
2016,0,16.0,0.0,0.0,0.0,0.0,0.0,0.0,0.0,0.0,00-0032943,0.64
2018,0,0.0,0.0,0.0,0.0,0.0,14.0,0.0,0.0,0.0,00-0032943,1.4000000000000001
2019,0,0.0,0.0,0.0,0.0,0.0,0.0,0.0,0.0,0.0,00-0032943,0.0
2020,0,0.0,0.0,0.0,0.0,0.0,0.0,0.0,0.0,0.0,00-0032943,0.0
2021,0,0.0,0.0,0.0,0.0,0.0,0.0,0.0,0.0,0.0,00-0032943,0.0
2022,0,18.0,0.0,0.0,0.0,0.0,0.0,0.0,0.0,0.0,00-0032943,0.72
2023,0,0.0,0.0,0.0,0.0,0.0,0.0,0.0,0.0,0.0,00-0032943,0.0
2024,0,3.0,0.0,0.0,0.0,0.0,0.0,0.0,0.0,0.0,00-0032943,0.12
2016,2,0.0,0.0,0.0,0.0,0.0,27.0,0.0,20.0,0.0,00-0032593,6.7
2018,0,0.0,0.0,0.0,0.0,0.0,15.0,0.0,0.0,0.0,00-0032593,1.5
2016,0,0.0,0.0,0.0,0.0,0.0,0.0,0.0,0.0,0.0,00-0031628,0.0
2016,3,0.0,0.0,0.0,0.0,0.0,64.0,0.0,10.0,0.0,00-0032964,10.4
2017,6,0.0,0.0,0.0,0.0,0.0,32.0,0.0,36.0,0.0,00-0032964,12.799999999999999
2018,4,0.0,0.0,0.0,0.0,0.0,9.0,0.0,30.0,0.0,00-0032964,7.9
2016,0,0.0,0.0,0.0,0.0,0.0,6.0,0.0,0.0,0.0,00-0029822,0.6000000000000001
2016,0,0.0,0.0,0.0,0.0,1.0,0.0,0.0,0.0,0.0,00-0032464,-2.0
2017,1,0.0,0.0,0.0,0.0,1.0,-1.0,0.0,12.0,0.0,00-0032464,0.10000000000000009
2019,9,0.0,0.0,0.0,0.0,1.0,-5.0,0.0,170.0,1.0,00-0032464,29.5
2020,9,0.0,0.0,0.0,0.0,0.0,-3.0,0.0,187.0,0.0,00-0032464,27.4
2021,44,0.0,0.0,0.0,0.0,0.0,15.0,0.0,475.0,3.0,00-0032464,111.0
2022,43,0.0,0.0,0.0,0.0,2.0,36.0,0.0,550.0,0.0,00-0032464,97.6
2023,33,0.0,0.0,0.0,0.0,0.0,75.0,0.0,439.0,1.0,00-0032464,90.4
2024,16,0.0,0.0,0.0,0.0,0.0,0.0,0.0,204.0,2.0,00-0032464,48.400000000000006
2015,22,0.0,0.0,0.0,0.0,0.0,0.0,0.0,315.0,0.0,00-0031023,53.5
2016,58,0.0,0.0,0.0,0.0,0.0,12.0,0.0,857.0,4.0,00-0031023,168.9
2018,38,0.0,0.0,0.0,0.0,1.0,0.0,0.0,449.0,1.0,00-0031023,86.9
2019,1,0.0,0.0,0.0,0.0,1.0,0.0,0.0,8.0,0.0,00-0031023,-0.19999999999999996
2016,0,0.0,0.0,0.0,0.0,0.0,2.0,0.0,0.0,0.0,00-0028059,0.2
2016,1,0.0,0.0,1.0,0.0,0.0,82.0,0.0,-2.0,0.0,00-0032048,15.000000000000002
2017,1,0.0,0.0,0.0,0.0,0.0,29.0,0.0,11.0,0.0,00-0032048,5.0
2016,14,0.0,0.0,0.0,1.0,0.0,0.0,0.0,106.0,0.0,00-0033111,22.6
2017,11,0.0,0.0,0.0,0.0,1.0,6.0,0.0,84.0,0.0,00-0033111,18.0
2018,0,0.0,0.0,0.0,0.0,0.0,0.0,0.0,0.0,0.0,00-0033111,0.0
2019,25,0.0,0.0,0.0,0.0,0.0,2.0,0.0,243.0,1.0,00-0033111,55.5
2020,5,0.0,0.0,0.0,0.0,0.0,0.0,0.0,73.0,0.0,00-0033111,12.3
2021,4,0.0,0.0,0.0,0.0,0.0,3.0,0.0,33.0,0.0,00-0033111,7.6
2022,0,0.0,0.0,0.0,0.0,0.0,8.0,0.0,0.0,0.0,00-0033111,0.8
2016,0,96.0,0.0,0.0,1.0,0.0,-1.0,0.0,0.0,0.0,00-0033098,1.7399999999999998
2016,0,0.0,0.0,0.0,0.0,0.0,-4.0,0.0,0.0,0.0,00-0032844,-0.4
2016,1,0.0,0.0,0.0,0.0,1.0,4.0,0.0,11.0,0.0,00-0032482,0.5
2016,0,22.0,0.0,0.0,0.0,0.0,0.0,0.0,0.0,0.0,00-0031076,0.88
2017,0,265.0,1.0,1.0,1.0,0.0,8.0,0.0,0.0,0.0,00-0031076,19.4
2019,0,0.0,0.0,0.0,0.0,0.0,0.0,0.0,0.0,0.0,00-0031076,0.0
2016,6,0.0,0.0,0.0,0.0,0.0,-12.0,0.0,53.0,1.0,00-0032365,16.1
2016,1,0.0,0.0,1.0,0.0,0.0,28.0,0.0,5.0,0.0,00-0031793,10.3
2017,0,0.0,0.0,0.0,0.0,0.0,8.0,0.0,0.0,0.0,00-0031793,0.8
2016,0,0.0,0.0,0.0,0.0,0.0,0.0,0.0,0.0,0.0,00-0032375,0.0
2017,1,0.0,0.0,0.0,0.0,0.0,0.0,0.0,3.0,0.0,00-0032375,1.3
2016,0,0.0,0.0,0.0,0.0,0.0,11.0,0.0,0.0,0.0,00-0032298,1.1
2017,0,0.0,0.0,0.0,0.0,0.0,-2.0,0.0,0.0,0.0,00-0032298,-0.2
2016,0,0.0,0.0,0.0,0.0,0.0,0.0,0.0,0.0,0.0,00-0032406,0.0
2016,0,150.0,1.0,0.0,1.0,1.0,0.0,0.0,0.0,0.0,00-0032893,6.0
2016,2,0.0,0.0,0.0,0.0,0.0,2.0,0.0,16.0,0.0,00-0032602,3.8000000000000003
2017,34,0.0,0.0,1.0,0.0,0.0,187.0,0.0,266.0,2.0,00-0032602,97.30000000000001
2018,0,0.0,0.0,0.0,0.0,0.0,8.0,0.0,0.0,0.0,00-0032602,0.8
2019,34,0.0,0.0,0.0,0.0,0.0,205.0,0.0,233.0,1.0,00-0032602,83.8
2020,80,0.0,0.0,1.0,0.0,1.0,365.0,0.0,589.0,2.0,00-0032602,191.4
2021,43,0.0,0.0,2.0,0.0,0.0,212.0,0.0,397.0,2.0,00-0032602,127.9
2022,27,0.0,0.0,0.0,0.0,0.0,95.0,1.0,173.0,0.0,00-0032602,55.8
2015,21,0.0,0.0,0.0,0.0,0.0,0.0,0.0,194.0,0.0,00-0031570,40.400000000000006
2016,21,0.0,0.0,0.0,0.0,0.0,0.0,0.0,203.0,4.0,00-0031570,65.3
2017,20,0.0,0.0,0.0,0.0,0.0,0.0,0.0,221.0,3.0,00-0031570,60.1
2018,14,0.0,0.0,0.0,0.0,0.0,0.0,0.0,133.0,2.0,00-0031570,39.3
2019,19,0.0,0.0,0.0,0.0,0.0,0.0,0.0,195.0,0.0,00-0031570,38.5
2017,0,0.0,0.0,0.0,0.0,0.0,10.0,0.0,0.0,0.0,00-0031420,1.0
2017,0,24.0,0.0,0.0,1.0,0.0,0.0,0.0,0.0,0.0,00-0032431,-1.04
2017,53,21.0,1.0,2.0,0.0,2.0,370.0,0.0,356.0,1.0,00-0033556,144.44
2018,71,1.0,1.0,3.0,0.0,3.0,444.0,0.0,725.0,5.0,00-0033556,233.94
2019,79,0.0,0.0,0.0,0.0,1.0,213.0,0.0,456.0,3.0,00-0033556,161.9
2020,6,0.0,0.0,0.0,0.0,0.0,74.0,0.0,41.0,0.0,00-0033556,17.5
2017,30,0.0,0.0,4.0,0.0,2.0,626.0,0.0,287.0,0.0,00-0033897,141.3
2018,43,0.0,0.0,8.0,0.0,0.0,1168.0,0.0,296.0,1.0,00-0033897,243.4
2019,35,0.0,0.0,5.0,0.0,0.0,1137.0,0.0,287.0,3.0,00-0033897,225.39999999999998
2020,21,0.0,0.0,3.0,0.0,1.0,428.0,0.0,138.0,1.0,00-0033897,99.60000000000001
2021,42,0.0,0.0,13.0,0.0,1.0,1205.0,0.0,314.0,3.0,00-0033897,287.9
2022,55,0.0,0.0,6.0,0.0,0.0,787.0,0.0,400.0,2.0,00-0033897,221.7
2023,51,0.0,0.0,8.0,0.0,0.0,923.0,1.0,370.0,2.0,00-0033897,242.3
2024,35,0.0,0.0,11.0,0.0,0.0,993.0,0.0,304.0,1.0,00-0033897,236.70000000000002
2017,21,0.0,0.0,2.0,0.0,0.0,465.0,0.0,180.0,1.0,00-0033308,103.5
2018,27,0.0,0.0,3.0,0.0,1.0,814.0,0.0,261.0,2.0,00-0033308,162.5
2019,19,0.0,0.0,1.0,0.0,1.0,623.0,0.0,120.0,1.0,00-0033308,103.30000000000001
2020,9,0.0,0.0,0.0,0.0,1.0,254.0,0.0,96.0,0.0,00-0033308,42.00000000000001
2021,7,0.0,0.0,1.0,0.0,1.0,125.0,0.0,72.0,2.0,00-0033308,42.7
2022,13,0.0,0.0,1.0,0.0,0.0,192.0,0.0,106.0,0.0,00-0033308,48.800000000000004
2023,17,0.0,0.0,1.0,0.0,0.0,151.0,0.0,88.0,0.0,00-0033308,46.900000000000006
2017,80,0.0,0.0,2.0,0.0,1.0,435.0,0.0,651.0,5.0,00-0033280,228.60000000000002
2018,107,50.0,1.0,7.0,0.0,1.0,1098.0,0.0,867.0,6.0,00-0033280,385.5
2019,116,0.0,0.0,15.0,0.0,0.0,1387.0,1.0,1005.0,4.0,00-0033280,471.20000000000005
2020,17,0.0,0.0,5.0,0.0,0.0,225.0,0.0,146.0,1.0,00-0033280,90.1
2021,37,0.0,0.0,1.0,0.0,0.0,442.0,0.0,343.0,1.0,00-0033280,127.5
2022,82,34.0,1.0,8.0,0.0,0.0,1094.0,0.0,707.0,4.0,00-0033280,339.46
2023,67,0.0,0.0,14.0,0.0,2.0,1459.0,0.0,564.0,7.0,00-0033280,391.29999999999995
2024,15,0.0,0.0,0.0,0.0,1.0,202.0,0.0,146.0,0.0,00-0033280,47.800000000000004
2017,21,0.0,0.0,3.0,0.0,0.0,358.0,0.0,225.0,1.0,00-0033951,103.30000000000001
2018,17,0.0,0.0,9.0,0.0,2.0,908.0,2.0,103.0,1.0,00-0033951,178.10000000000002
2019,14,0.0,0.0,8.0,0.0,0.0,1091.0,1.0,82.0,0.0,00-0033951,181.3
2020,3,0.0,0.0,0.0,0.0,0.0,26.0,0.0,30.0,0.0,00-0033951,8.6
2021,2,0.0,0.0,0.0,0.0,0.0,101.0,0.0,8.0,0.0,00-0033951,12.900000000000002
2022,8,0.0,0.0,1.0,0.0,0.0,84.0,0.0,99.0,1.0,00-0033951,38.3
2017,0,0.0,0.0,0.0,0.0,0.0,1.0,0.0,0.0,0.0,00-0033760,0.1
2018,0,0.0,0.0,0.0,0.0,0.0,19.0,0.0,0.0,0.0,00-0033760,1.9000000000000001
2017,36,0.0,0.0,9.0,0.0,0.0,1040.0,0.0,302.0,1.0,00-0033856,230.2
2018,22,0.0,0.0,5.0,0.0,0.0,439.0,0.0,185.0,1.0,00-0033856,120.4
2019,76,0.0,0.0,3.0,0.0,1.0,1152.0,0.0,521.0,0.0,00-0033856,259.3
2020,36,0.0,0.0,6.0,0.0,0.0,367.0,0.0,233.0,0.0,00-0033856,132.0
2021,69,0.0,0.0,8.0,0.0,0.0,812.0,0.0,454.0,2.0,00-0033856,255.6
2022,72,0.0,0.0,3.0,1.0,0.0,668.0,0.0,519.0,3.0,00-0033856,224.70000000000002
2023,0,0.0,0.0,0.0,0.0,0.0,20.0,0.0,0.0,0.0,00-0033856,2.0
2017,6,0.0,0.0,2.0,0.0,1.0,327.0,0.0,83.0,0.0,00-0033925,57.0
2018,2,0.0,0.0,0.0,0.0,0.0,-1.0,0.0,28.0,1.0,00-0033925,10.700000000000001
2020,1,0.0,0.0,0.0,0.0,0.0,95.0,0.0,5.0,1.0,00-0033925,17.0
2021,8,0.0,0.0,3.0,0.0,1.0,497.0,0.0,108.0,0.0,00-0033925,84.5
2022,5,0.0,0.0,5.0,0.0,0.0,846.0,1.0,26.0,0.0,00-0033925,124.2
2023,11,0.0,0.0,4.0,0.0,0.0,425.0,0.0,77.0,1.0,00-0033925,91.2
2024,5,0.0,0.0,0.0,0.0,1.0,205.0,0.0,46.0,0.0,00-0033925,28.1
2017,0,1699.0,19.0,2.0,8.0,1.0,269.0,2.0,0.0,0.0,00-0033537,168.86
2018,0,4165.0,26.0,5.0,9.0,3.0,551.0,0.0,0.0,0.0,00-0033537,331.70000000000005
2019,1,3852.0,26.0,7.0,12.0,3.0,413.0,1.0,6.0,1.0,00-0033537,320.9800000000001
2020,0,4823.0,33.0,3.0,7.0,3.0,444.0,1.0,0.0,0.0,00-0033537,369.32000000000005
2022,0,872.0,5.0,1.0,3.0,0.0,131.0,0.0,0.0,0.0,00-0033537,67.98
2023,0,1115.0,7.0,1.0,4.0,3.0,142.0,3.0,0.0,0.0,00-0033537,84.8
2024,0,1148.0,5.0,1.0,3.0,3.0,148.0,1.0,0.0,0.0,00-0033537,76.72
2017,53,0.0,0.0,8.0,0.0,1.0,1327.0,0.0,455.0,3.0,00-0033923,295.20000000000005
2018,26,0.0,0.0,7.0,0.0,0.0,824.0,0.0,378.0,7.0,00-0033923,230.20000000000002
2019,37,0.0,0.0,2.0,0.0,0.0,179.0,0.0,285.0,1.0,00-0033923,101.4
2020,38,0.0,0.0,6.0,0.0,0.0,841.0,0.0,304.0,5.0,00-0033923,218.50000000000003
2021,22,0.0,0.0,5.0,0.0,0.0,386.0,1.0,172.0,0.0,00-0033923,109.8
2022,32,0.0,0.0,3.0,0.0,0.0,455.0,0.0,195.0,1.0,00-0033923,121.0
2023,14,0.0,0.0,9.0,0.0,0.0,411.0,0.0,79.0,0.0,00-0033923,117.0
2024,23,0.0,0.0,7.0,0.0,0.0,728.0,0.0,176.0,0.0,00-0033923,155.4
2017,81,0.0,0.0,8.0,0.0,1.0,728.0,1.0,826.0,5.0,00-0033906,314.40000000000003
2018,81,0.0,0.0,14.0,0.0,0.0,883.0,3.0,709.0,4.0,00-0033906,354.20000000000005
2019,81,13.0,0.0,5.0,0.0,1.0,797.0,0.0,533.0,1.0,00-0033906,248.52
2020,83,0.0,0.0,16.0,0.0,0.0,932.0,0.0,756.0,5.0,00-0033906,377.8
2021,45,0.0,0.0,4.0,0.0,0.0,752.0,0.0,423.0,5.0,00-0033906,216.5
2022,56,0.0,0.0,2.0,0.0,4.0,790.0,0.0,487.0,2.0,00-0033906,199.7
2023,75,0.0,0.0,5.0,0.0,0.0,694.0,3.0,466.0,1.0,00-0033906,233.0
2024,68,0.0,0.0,6.0,0.0,0.0,950.0,0.0,543.0,2.0,00-0033906,265.3
2017,11,0.0,0.0,2.0,0.0,1.0,354.0,0.0,90.0,0.0,00-0033893,65.4
2018,40,0.0,0.0,2.0,0.0,2.0,615.0,0.0,305.0,2.0,00-0033893,152.0
2019,53,0.0,0.0,13.0,0.0,2.0,1135.0,0.0,519.0,0.0,00-0033893,292.4
2020,44,0.0,0.0,16.0,0.0,3.0,1557.0,3.0,361.0,1.0,00-0033893,337.80000000000007
2021,33,0.0,0.0,6.0,0.0,2.0,1080.0,1.0,221.0,0.0,00-0033893,197.1
2022,38,0.0,0.0,8.0,0.0,3.0,1136.0,0.0,295.0,2.0,00-0033893,235.10000000000002
2023,15,0.0,0.0,0.0,0.0,2.0,214.0,0.0,78.0,0.0,00-0033893,40.2
2024,1,0.0,0.0,0.0,0.0,0.0,20.0,0.0,10.0,0.0,00-0033893,4.0
2017,0,2894.0,11.0,5.0,22.0,6.0,419.0,0.0,0.0,0.0,00-0033899,175.66
2018,0,187.0,0.0,0.0,2.0,1.0,39.0,0.0,0.0,0.0,00-0033899,5.380000000000001
2017,4,0.0,0.0,0.0,0.0,0.0,13.0,0.0,29.0,0.0,00-0033596,8.2
2017,0,0.0,0.0,0.0,0.0,0.0,144.0,0.0,0.0,0.0,00-0033553,14.4
2018,55,0.0,0.0,12.0,0.0,2.0,973.0,2.0,497.0,1.0,00-0033553,280.0
2019,34,0.0,0.0,4.0,0.0,1.0,464.0,0.0,251.0,3.0,00-0033553,145.5
2020,35,0.0,0.0,6.0,0.0,0.0,721.0,0.0,215.0,0.0,00-0033553,164.60000000000002
2021,31,0.0,0.0,14.0,0.0,0.0,700.0,0.0,325.0,2.0,00-0033553,229.5
2022,46,0.0,0.0,7.0,0.0,1.0,782.0,0.0,300.0,1.0,00-0033553,200.2
2023,23,0.0,0.0,6.0,0.0,0.0,890.0,0.0,111.0,2.0,00-0033553,171.1
2024,47,0.0,0.0,8.0,0.0,1.0,1094.0,2.0,414.0,1.0,00-0033553,253.8
2017,0,0.0,0.0,0.0,0.0,1.0,0.0,0.0,0.0,0.0,00-0033883,-2.0
2018,0,0.0,0.0,0.0,0.0,1.0,0.0,0.0,0.0,0.0,00-0033883,-2.0
2023,0,0.0,0.0,0.0,0.0,0.0,0.0,0.0,0.0,0.0,00-0033883,0.0
2017,25,0.0,0.0,4.0,0.0,0.0,556.0,0.0,262.0,2.0,00-0033948,142.8
2018,27,0.0,0.0,3.0,0.0,0.0,464.0,1.0,210.0,0.0,00-0033948,114.4
2019,39,0.0,0.0,1.0,0.0,0.0,460.0,0.0,253.0,5.0,00-0033948,146.3
2020,31,0.0,0.0,2.0,0.0,0.0,505.0,2.0,236.0,1.0,00-0033948,127.1
2021,25,0.0,0.0,3.0,0.0,0.0,558.0,0.0,148.0,0.0,00-0033948,113.60000000000001
2022,12,0.0,0.0,15.0,0.0,2.0,994.0,1.0,73.0,0.0,00-0033948,206.70000000000002
2023,15,0.0,0.0,0.0,0.0,0.0,280.0,0.0,54.0,0.0,00-0033948,48.4
2024,8,0.0,0.0,1.0,0.0,0.0,149.0,0.0,50.0,0.0,00-0033948,33.9
2017,7,0.0,0.0,0.0,0.0,0.0,208.0,0.0,59.0,1.0,00-0033594,39.699999999999996
2018,20,0.0,0.0,9.0,0.0,2.0,1151.0,0.0,163.0,0.0,00-0033594,201.40000000000003
2019,37,0.0,0.0,7.0,0.0,4.0,1230.0,0.0,266.0,2.0,00-0033594,232.6
2020,37,0.0,0.0,5.0,0.0,0.0,681.0,0.0,287.0,4.0,00-0033594,187.8
2021,6,0.0,0.0,3.0,0.0,1.0,232.0,0.0,29.0,0.0,00-0033594,48.1
2017,6,0.0,0.0,0.0,0.0,1.0,27.0,0.0,85.0,0.0,00-0032115,15.2
2018,0,0.0,0.0,0.0,0.0,1.0,0.0,0.0,0.0,0.0,00-0032115,-2.0
2016,6,0.0,0.0,0.0,0.0,0.0,0.0,0.0,77.0,0.0,00-0032977,13.7
2017,27,0.0,0.0,0.0,0.0,1.0,4.0,0.0,312.0,2.0,00-0032977,68.6
2018,39,0.0,0.0,0.0,0.0,1.0,0.0,0.0,572.0,4.0,00-0032977,118.2
2019,4,0.0,0.0,0.0,0.0,0.0,0.0,0.0,55.0,1.0,00-0032977,15.5
2020,37,0.0,0.0,0.0,0.0,0.0,0.0,0.0,599.0,4.0,00-0032977,120.9
2021,24,0.0,0.0,0.0,0.0,0.0,0.0,0.0,275.0,1.0,00-0032977,57.5
2015,32,0.0,0.0,0.0,0.0,0.0,0.0,0.0,268.0,1.0,00-0031558,64.8
2017,15,0.0,0.0,0.0,0.0,1.0,6.0,0.0,86.0,1.0,00-0031558,28.200000000000003
2018,16,0.0,0.0,0.0,0.0,0.0,8.0,0.0,143.0,1.0,00-0031558,37.1
2019,15,0.0,0.0,0.0,0.0,0.0,0.0,0.0,202.0,1.0,00-0031558,41.2
2020,8,0.0,0.0,0.0,0.0,0.0,0.0,0.0,102.0,1.0,00-0031558,24.200000000000003
2021,16,0.0,0.0,0.0,0.0,0.0,0.0,0.0,193.0,1.0,00-0031558,41.3
2022,3,0.0,0.0,0.0,0.0,0.0,0.0,0.0,18.0,0.0,00-0031558,4.8
2017,0,0.0,0.0,0.0,0.0,1.0,12.0,0.0,0.0,0.0,00-0033460,-0.7999999999999998
2018,21,0.0,0.0,0.0,0.0,0.0,9.0,0.0,210.0,7.0,00-0033460,84.9
2019,28,0.0,0.0,0.0,0.0,1.0,4.0,0.0,506.0,3.0,00-0033460,95.0
2020,2,0.0,0.0,0.0,0.0,0.0,0.0,0.0,17.0,0.0,00-0033460,3.7
2021,11,0.0,0.0,0.0,0.0,0.0,16.0,0.0,224.0,1.0,00-0033460,41.0
2024,1,0.0,0.0,0.0,0.0,0.0,0.0,0.0,6.0,0.0,00-0033460,1.6
2017,7,0.0,0.0,1.0,0.0,0.0,13.0,0.0,68.0,0.0,00-0032918,21.1
2018,11,0.0,0.0,0.0,0.0,0.0,8.0,0.0,85.0,0.0,00-0032918,20.3
2019,17,0.0,0.0,0.0,0.0,1.0,17.0,0.0,149.0,1.0,00-0032918,37.6
2020,8,0.0,0.0,0.0,0.0,0.0,18.0,0.0,97.0,1.0,00-0032918,25.5
2021,16,0.0,0.0,0.0,0.0,0.0,34.0,0.0,118.0,0.0,00-0032918,31.2
2022,6,0.0,0.0,2.0,0.0,0.0,7.0,0.0,39.0,0.0,00-0032918,22.6
2023,7,0.0,0.0,0.0,0.0,0.0,7.0,0.0,25.0,0.0,00-0032918,10.2
2024,5,0.0,0.0,1.0,0.0,1.0,10.0,0.0,35.0,0.0,00-0032918,13.5
2017,17,0.0,0.0,1.0,0.0,2.0,315.0,1.0,177.0,1.0,00-0033295,76.2
2018,19,0.0,0.0,3.0,0.0,2.0,276.0,0.0,193.0,1.0,00-0033295,85.89999999999999
2017,16,0.0,0.0,0.0,0.0,0.0,43.0,0.0,231.0,1.0,00-0033911,49.400000000000006
2018,37,0.0,0.0,0.0,0.0,1.0,0.0,0.0,466.0,1.0,00-0033911,87.6
2019,0,0.0,0.0,0.0,0.0,0.0,0.0,0.0,0.0,0.0,00-0033911,0.0
2020,0,0.0,0.0,0.0,0.0,0.0,0.0,0.0,0.0,0.0,00-0033911,0.0
2017,0,0.0,0.0,0.0,0.0,0.0,21.0,0.0,0.0,0.0,00-0030711,2.1
2018,0,0.0,0.0,0.0,0.0,0.0,16.0,0.0,0.0,0.0,00-0030711,1.6
2017,22,0.0,0.0,1.0,0.0,2.0,603.0,0.0,182.0,1.0,00-0033526,108.50000000000001
2018,3,0.0,0.0,0.0,0.0,0.0,32.0,0.0,5.0,0.0,00-0033526,6.7
2019,0,0.0,0.0,0.0,0.0,0.0,16.0,0.0,0.0,0.0,00-0033526,1.6
2020,11,0.0,0.0,3.0,0.0,0.0,301.0,0.0,66.0,0.0,00-0033526,65.7
2021,27,0.0,0.0,1.0,0.0,0.0,246.0,0.0,196.0,1.0,00-0033526,83.2
2022,37,0.0,0.0,2.0,0.0,0.0,376.0,0.0,283.0,4.0,00-0033526,138.9
2023,47,0.0,0.0,1.0,0.0,2.0,231.0,0.0,432.0,0.0,00-0033526,115.3
2024,27,0.0,0.0,1.0,0.0,0.0,91.0,0.0,284.0,1.0,00-0033526,76.5
2017,0,0.0,0.0,0.0,0.0,1.0,0.0,0.0,0.0,0.0,00-0033107,-2.0
2017,6,0.0,0.0,0.0,0.0,1.0,5.0,0.0,41.0,0.0,00-0033562,8.600000000000001
2018,36,0.0,0.0,0.0,0.0,0.0,21.0,0.0,253.0,1.0,00-0033562,69.4
2019,8,0.0,0.0,0.0,0.0,0.0,0.0,0.0,27.0,0.0,00-0033562,10.7
2017,4,0.0,0.0,0.0,0.0,2.0,4.0,0.0,29.0,0.0,00-0033466,3.3000000000000003
2018,18,0.0,0.0,2.0,0.0,1.0,66.0,0.0,179.0,0.0,00-0033466,52.5
2019,27,0.0,0.0,0.0,0.0,0.0,49.0,0.0,254.0,1.0,00-0033466,63.3
2020,30,12.0,1.0,0.0,0.0,0.0,9.0,0.0,282.0,5.0,00-0033466,93.58
2021,19,0.0,0.0,1.0,0.0,1.0,37.0,0.0,169.0,1.0,00-0033466,49.60000000000001
2022,40,0.0,0.0,1.0,0.0,0.0,55.0,0.0,404.0,4.0,00-0033466,115.9
2023,11,0.0,0.0,0.0,0.0,2.0,14.0,0.0,82.0,0.0,00-0033466,16.6
2017,2,0.0,0.0,0.0,0.0,0.0,13.0,0.0,36.0,1.0,00-0033581,12.9
2018,0,0.0,0.0,0.0,0.0,1.0,19.0,0.0,0.0,0.0,00-0033581,-0.09999999999999987
2017,0,0.0,0.0,0.0,1.0,0.0,0.0,0.0,0.0,0.0,00-0033400,-2.0
2019,0,1.0,1.0,0.0,0.0,0.0,2.0,0.0,0.0,0.0,00-0033400,4.24
2017,15,0.0,0.0,0.0,0.0,0.0,64.0,0.0,115.0,0.0,00-0033282,32.9
2018,39,0.0,0.0,2.0,0.0,1.0,84.0,0.0,494.0,5.0,00-0033282,136.8
2019,54,0.0,0.0,1.0,0.0,0.0,130.0,0.0,627.0,6.0,00-0033282,171.7
2020,77,0.0,0.0,2.0,0.0,0.0,200.0,0.0,851.0,3.0,00-0033282,212.10000000000002
2021,6,0.0,0.0,0.0,0.0,0.0,11.0,0.0,27.0,0.0,00-0033282,9.8
2022,63,0.0,0.0,1.0,0.0,1.0,191.0,0.0,658.0,4.0,00-0033282,175.89999999999998
2023,60,0.0,0.0,1.0,0.0,0.0,24.0,0.0,598.0,4.0,00-0033282,152.20000000000002
2024,24,0.0,0.0,0.0,0.0,0.0,14.0,0.0,201.0,1.0,00-0033282,51.5
2017,10,0.0,0.0,4.0,0.0,0.0,321.0,1.0,123.0,2.0,00-0033725,92.39999999999999
2018,22,0.0,0.0,2.0,0.0,0.0,259.0,1.0,192.0,0.0,00-0033725,81.10000000000001
2019,0,0.0,0.0,0.0,0.0,2.0,0.0,0.0,0.0,0.0,00-0033725,-4.0
2020,5,0.0,0.0,1.0,0.0,0.0,75.0,0.0,25.0,0.0,00-0033725,21.0
2021,2,0.0,0.0,0.0,0.0,0.0,82.0,0.0,7.0,0.0,00-0033725,10.9
2022,2,0.0,0.0,0.0,0.0,0.0,32.0,0.0,29.0,0.0,00-0033725,8.100000000000001
2017,2,0.0,0.0,0.0,0.0,0.0,17.0,0.0,21.0,0.0,00-0030743,5.800000000000001
2016,1,0.0,0.0,0.0,0.0,0.0,0.0,0.0,16.0,0.0,00-0031868,2.6
2017,10,0.0,0.0,0.0,0.0,0.0,12.0,0.0,105.0,2.0,00-0031868,33.7
2018,1,0.0,0.0,0.0,0.0,0.0,0.0,0.0,8.0,0.0,00-0031868,1.8
2019,32,0.0,0.0,0.0,0.0,1.0,0.0,0.0,359.0,1.0,00-0031868,71.9
2020,47,0.0,0.0,0.0,0.0,0.0,15.0,0.0,604.0,1.0,00-0031868,114.9
2021,21,0.0,0.0,0.0,0.0,1.0,0.0,1.0,282.0,1.0,00-0031868,55.2
2022,12,0.0,0.0,0.0,0.0,0.0,0.0,0.0,268.0,2.0,00-0031868,50.8
2023,0,0.0,0.0,0.0,0.0,0.0,0.0,0.0,0.0,0.0,00-0031868,0.0
2017,9,0.0,0.0,4.0,0.0,0.0,448.0,0.0,22.0,0.0,00-0033293,80.00000000000001
2018,26,0.0,0.0,8.0,0.0,1.0,728.0,0.0,206.0,1.0,00-0033293,171.4
2019,49,0.0,0.0,16.0,0.0,2.0,1084.0,0.0,474.0,3.0,00-0033293,314.79999999999995
2020,47,0.0,0.0,9.0,0.0,0.0,1104.0,0.0,355.0,2.0,00-0033293,258.9
2021,52,0.0,0.0,4.0,0.0,1.0,799.0,0.0,391.0,6.0,00-0033293,229.0
2022,56,0.0,0.0,2.0,0.0,2.0,1073.0,1.0,375.0,5.0,00-0033293,240.8
2023,25,0.0,0.0,2.0,0.0,1.0,545.0,0.0,203.0,1.0,00-0033293,115.8
2024,46,0.0,0.0,5.0,0.0,3.0,1093.0,0.0,378.0,2.0,00-0033293,229.10000000000002
2017,34,0.0,0.0,0.0,0.0,1.0,476.0,0.0,193.0,1.0,00-0033950,104.89999999999999
2018,14,0.0,0.0,1.0,0.0,1.0,176.0,0.0,89.0,0.0,00-0033950,44.5
2019,11,0.0,0.0,2.0,0.0,1.0,110.0,0.0,102.0,1.0,00-0033950,48.2
2020,21,0.0,0.0,6.0,0.0,0.0,682.0,0.0,114.0,0.0,00-0033950,136.6
2021,1,0.0,0.0,0.0,0.0,0.0,104.0,0.0,21.0,0.0,00-0033950,13.5
2017,27,0.0,0.0,2.0,0.0,2.0,260.0,0.0,279.0,3.0,00-0033699,106.9
2018,39,0.0,0.0,3.0,0.0,1.0,554.0,0.0,404.0,3.0,00-0033699,168.8
2019,92,0.0,0.0,3.0,0.0,2.0,557.0,0.0,993.0,8.0,00-0033699,309.0
2020,54,0.0,0.0,1.0,0.0,0.0,530.0,0.0,403.0,2.0,00-0033699,165.3
2021,65,0.0,0.0,11.0,0.0,3.0,847.0,1.0,612.0,7.0,00-0033699,314.9
2022,103,0.0,0.0,13.0,0.0,2.0,881.0,0.0,672.0,5.0,00-0033699,362.3
2023,44,0.0,0.0,5.0,0.0,4.0,617.0,0.0,386.0,1.0,00-0033699,172.29999999999998
2024,33,0.0,0.0,4.0,0.0,0.0,355.0,0.0,346.0,0.0,00-0033699,127.1
2017,4,0.0,0.0,2.0,0.0,0.0,124.0,0.0,38.0,0.0,00-0032813,32.199999999999996
2018,8,0.0,0.0,0.0,0.0,0.0,25.0,0.0,50.0,0.0,00-0032813,15.5
2019,2,0.0,0.0,0.0,0.0,0.0,39.0,0.0,9.0,0.0,00-0032813,6.800000000000001
2020,2,0.0,0.0,0.0,0.0,0.0,15.0,0.0,20.0,0.0,00-0032813,5.5
2021,9,0.0,0.0,1.0,0.0,0.0,99.0,1.0,30.0,1.0,00-0032813,35.9
2015,0,0.0,0.0,0.0,0.0,0.0,0.0,0.0,0.0,0.0,00-0032188,0.0
2017,0,0.0,0.0,1.0,0.0,0.0,2.0,0.0,0.0,0.0,00-0032188,6.2
2017,0,2193.0,7.0,2.0,7.0,3.0,248.0,1.0,0.0,0.0,00-0033869,134.51999999999998
2018,0,3223.0,24.0,3.0,12.0,3.0,421.0,4.0,0.0,0.0,00-0033869,263.02
2019,0,3138.0,17.0,2.0,10.0,2.0,193.0,1.0,0.0,0.0,00-0033869,202.82
2020,0,2055.0,16.0,1.0,8.0,2.0,195.0,1.0,0.0,0.0,00-0033869,153.7
2021,0,28.0,0.0,1.0,1.0,0.0,27.0,0.0,0.0,0.0,00-0033869,7.82
2022,0,1252.0,4.0,2.0,5.0,0.0,38.0,1.0,0.0,0.0,00-0033869,73.88
2023,0,632.0,4.0,2.0,5.0,1.0,54.0,1.0,0.0,0.0,00-0033869,48.68
2024,0,78.0,1.0,0.0,0.0,0.0,-11.0,0.0,0.0,0.0,00-0033869,6.02
2017,32,0.0,0.0,0.0,0.0,0.0,1.0,0.0,386.0,4.0,00-0033885,94.7
2018,56,0.0,0.0,0.0,0.0,0.0,0.0,0.0,639.0,4.0,00-0033885,143.9
2019,5,0.0,0.0,0.0,0.0,0.0,0.0,0.0,41.0,1.0,00-0033885,15.100000000000001
2020,19,0.0,0.0,0.0,0.0,0.0,0.0,0.0,213.0,2.0,00-0033885,52.3
2021,34,0.0,0.0,0.0,0.0,0.0,1.0,0.0,464.0,4.0,00-0033885,104.5
2022,54,0.0,0.0,0.0,0.0,1.0,-8.0,0.0,586.0,3.0,00-0033885,127.80000000000001
2023,81,0.0,0.0,0.0,0.0,2.0,0.0,0.0,882.0,6.0,00-0033885,201.2
2024,64,0.0,0.0,0.0,0.0,0.0,0.0,2.0,505.0,5.0,00-0033885,148.5
2017,6,0.0,0.0,0.0,0.0,0.0,27.0,0.0,82.0,0.0,00-0033916,16.9
2017,0,0.0,0.0,0.0,0.0,0.0,0.0,0.0,0.0,0.0,00-0033604,0.0
2019,1,0.0,0.0,0.0,0.0,0.0,0.0,0.0,4.0,0.0,00-0033604,1.4
2017,2,0.0,0.0,0.0,0.0,0.0,9.0,0.0,18.0,0.0,00-0033572,4.7
2018,0,0.0,0.0,0.0,0.0,0.0,17.0,0.0,0.0,0.0,00-0033572,1.7000000000000002
2019,1,0.0,0.0,0.0,0.0,1.0,9.0,0.0,-2.0,0.0,00-0033572,-0.3000000000000001
2020,13,0.0,0.0,0.0,0.0,1.0,33.0,0.0,89.0,0.0,00-0033572,23.200000000000003
2021,24,0.0,0.0,1.0,0.0,0.0,111.0,0.0,229.0,1.0,00-0033572,70.0
2022,22,0.0,0.0,0.0,0.0,0.0,86.0,1.0,179.0,3.0,00-0033572,68.5
2023,14,0.0,0.0,0.0,0.0,1.0,-2.0,0.0,225.0,1.0,00-0033572,40.3
2017,0,1430.0,4.0,3.0,6.0,2.0,136.0,0.0,0.0,0.0,00-0033936,88.80000000000001
2018,0,1252.0,8.0,1.0,7.0,3.0,69.0,0.0,0.0,0.0,00-0033936,74.98
2020,0,787.0,6.0,0.0,0.0,3.0,28.0,0.0,0.0,0.0,00-0033936,52.28
2021,0,33.0,0.0,0.0,0.0,0.0,2.0,0.0,0.0,0.0,00-0033936,1.52
2022,0,35.0,0.0,0.0,1.0,0.0,-4.0,0.0,0.0,0.0,00-0033936,-0.9999999999999999
2023,0,349.0,1.0,0.0,0.0,0.0,35.0,0.0,0.0,0.0,00-0033936,21.46
2017,43,0.0,0.0,0.0,0.0,1.0,0.0,0.0,430.0,2.0,00-0033292,96.0
2018,26,0.0,0.0,0.0,0.0,0.0,0.0,1.0,215.0,1.0,00-0033292,55.5
2020,10,0.0,0.0,0.0,0.0,0.0,0.0,0.0,86.0,0.0,00-0033292,18.6
2022,6,0.0,0.0,0.0,0.0,1.0,15.0,0.0,62.0,0.0,00-0033292,11.7
2023,0,0.0,0.0,0.0,0.0,1.0,-2.0,0.0,0.0,0.0,00-0033292,-2.2
2017,0,2.0,0.0,0.0,0.0,0.0,13.0,0.0,0.0,0.0,00-0033662,1.3800000000000001
2021,0,412.0,3.0,0.0,1.0,1.0,-4.0,0.0,0.0,0.0,00-0033662,24.080000000000002
2022,0,1051.0,5.0,0.0,3.0,0.0,6.0,0.0,0.0,0.0,00-0033662,56.64
2023,0,114.0,0.0,0.0,1.0,0.0,-5.0,0.0,0.0,0.0,00-0033662,2.0600000000000005
2024,0,1844.0,12.0,0.0,5.0,4.0,18.0,1.0,0.0,0.0,00-0033662,107.56
2014,2,0.0,0.0,0.0,0.0,0.0,0.0,0.0,13.0,0.0,00-0030091,3.3
2016,2,0.0,0.0,0.0,0.0,0.0,0.0,0.0,50.0,0.0,00-0030091,7.0
2017,18,0.0,0.0,0.0,0.0,0.0,3.0,0.0,240.0,3.0,00-0030091,60.3
2017,6,0.0,0.0,0.0,0.0,0.0,1.0,0.0,43.0,0.0,00-0032740,10.399999999999999
2017,5,0.0,0.0,0.0,0.0,0.0,0.0,0.0,84.0,0.0,00-0033855,13.4
2017,0,0.0,0.0,0.0,0.0,1.0,55.0,0.0,0.0,0.0,00-0033878,3.5
2018,0,0.0,0.0,0.0,0.0,1.0,0.0,0.0,0.0,0.0,00-0033878,-2.0
2019,0,0.0,0.0,0.0,0.0,1.0,0.0,0.0,0.0,0.0,00-0033878,-2.0
2017,16,0.0,0.0,0.0,0.0,1.0,13.0,0.0,244.0,2.0,00-0033895,51.7
2018,33,0.0,0.0,0.0,0.0,0.0,16.0,1.0,320.0,3.0,00-0033895,86.6
2019,37,0.0,0.0,0.0,0.0,0.0,0.0,0.0,408.0,2.0,00-0033895,89.80000000000001
2020,41,0.0,0.0,1.0,0.0,1.0,2.0,0.0,417.0,1.0,00-0033895,92.9
2021,47,0.0,0.0,0.0,0.0,2.0,20.0,0.0,458.0,4.0,00-0033895,114.80000000000001
2022,55,0.0,0.0,0.0,0.0,0.0,0.0,1.0,547.0,3.0,00-0033895,129.7
2023,50,0.0,0.0,0.0,0.0,0.0,10.0,0.0,407.0,3.0,00-0033895,109.7
2024,8,0.0,0.0,0.0,0.0,0.0,0.0,0.0,36.0,0.0,00-0033895,11.6
2017,0,0.0,0.0,1.0,0.0,0.0,48.0,0.0,0.0,0.0,00-0033838,10.8
2019,6,0.0,0.0,0.0,0.0,0.0,92.0,0.0,48.0,0.0,00-0033838,20.0
2017,0,231.0,2.0,0.0,5.0,0.0,23.0,0.0,0.0,0.0,00-0033958,9.540000000000003
2018,0,296.0,1.0,1.0,7.0,0.0,50.0,0.0,0.0,0.0,00-0033958,12.84
2020,0,25.0,0.0,0.0,0.0,0.0,9.0,0.0,0.0,0.0,00-0033958,1.9
2021,0,0.0,0.0,0.0,0.0,0.0,2.0,0.0,0.0,0.0,00-0033958,0.2
2022,0,25.0,0.0,0.0,1.0,0.0,0.0,0.0,0.0,0.0,00-0033958,-1.0
2023,0,0.0,0.0,0.0,0.0,0.0,-4.0,0.0,0.0,0.0,00-0033958,-0.4
2017,3,0.0,0.0,0.0,0.0,1.0,1.0,0.0,0.0,0.0,00-0033304,1.1
2016,12,0.0,0.0,0.0,0.0,0.0,0.0,0.0,202.0,2.0,00-0032626,44.2
2017,23,0.0,0.0,0.0,0.0,1.0,0.0,0.0,253.0,0.0,00-0032626,46.3
2018,20,0.0,0.0,0.0,0.0,0.0,0.0,0.0,303.0,2.0,00-0032626,62.3
2019,34,0.0,0.0,0.0,0.0,1.0,7.0,1.0,287.0,2.0,00-0032626,75.4
2021,0,0.0,0.0,0.0,0.0,0.0,0.0,0.0,0.0,0.0,00-0032626,0.0
2017,6,0.0,0.0,0.0,0.0,2.0,0.0,0.0,77.0,2.0,00-0033006,21.7
2018,0,0.0,0.0,0.0,0.0,0.0,0.0,0.0,0.0,0.0,00-0033006,0.0
2020,7,0.0,0.0,0.0,0.0,0.0,0.0,0.0,58.0,0.0,00-0033006,12.8
2021,2,0.0,0.0,0.0,0.0,0.0,0.0,0.0,10.0,0.0,00-0033006,3.0
2017,0,0.0,0.0,0.0,0.0,0.0,2.0,0.0,0.0,0.0,00-0031070,0.2
2017,2,0.0,0.0,0.0,0.0,0.0,15.0,0.0,18.0,0.0,00-0033266,5.3
2018,0,0.0,0.0,0.0,0.0,1.0,0.0,0.0,0.0,0.0,00-0033266,-2.0
2020,0,0.0,0.0,0.0,0.0,0.0,3.0,0.0,0.0,0.0,00-0033266,0.30000000000000004
2017,3,0.0,0.0,0.0,0.0,0.0,33.0,0.0,31.0,0.0,00-0033933,9.4
2018,17,0.0,0.0,0.0,0.0,0.0,9.0,0.0,171.0,1.0,00-0033933,41.0
2019,0,0.0,0.0,0.0,0.0,0.0,0.0,0.0,0.0,0.0,00-0033933,0.0
2017,0,0.0,0.0,0.0,0.0,0.0,14.0,0.0,0.0,0.0,00-0029570,1.4000000000000001
2017,62,0.0,0.0,0.0,0.0,1.0,0.0,0.0,869.0,5.0,00-0033908,176.9
2018,40,0.0,0.0,0.0,0.0,0.0,25.0,0.0,566.0,6.0,00-0033908,135.1
2019,94,0.0,0.0,0.0,0.0,0.0,4.0,0.0,1161.0,10.0,00-0033908,270.5
2020,92,0.0,0.0,0.0,0.0,1.0,33.0,0.0,974.0,3.0,00-0033908,208.7
2021,138,0.0,0.0,0.0,0.0,0.0,0.0,1.0,1829.0,15.0,00-0033908,412.9
2022,75,0.0,0.0,1.0,0.0,1.0,52.0,0.0,812.0,6.0,00-0033908,201.4
2023,59,0.0,0.0,0.0,0.0,0.0,-3.0,1.0,737.0,5.0,00-0033908,164.4
2024,67,0.0,0.0,0.0,0.0,0.0,10.0,0.0,710.0,6.0,00-0033908,175.0
2017,0,0.0,0.0,0.0,0.0,0.0,0.0,0.0,0.0,0.0,00-0031363,0.0
2018,0,0.0,0.0,0.0,0.0,0.0,0.0,0.0,0.0,0.0,00-0031363,0.0
2019,0,12.0,0.0,0.0,0.0,0.0,0.0,0.0,0.0,0.0,00-0031363,0.48
2022,0,0.0,0.0,0.0,0.0,0.0,0.0,0.0,0.0,0.0,00-0031363,0.0
2014,1,0.0,0.0,0.0,0.0,0.0,0.0,0.0,-1.0,0.0,00-0031209,0.9
2017,1,0.0,0.0,0.0,0.0,0.0,30.0,0.0,3.0,0.0,00-0031209,4.3
2019,1,0.0,0.0,0.0,0.0,0.0,3.0,0.0,1.0,0.0,00-0031209,1.4000000000000001
2020,0,0.0,0.0,0.0,0.0,0.0,9.0,0.0,0.0,0.0,00-0031209,0.9
2017,2,0.0,0.0,2.0,0.0,0.0,165.0,0.0,14.0,0.0,00-0033748,31.9
2017,1,0.0,0.0,0.0,0.0,0.0,8.0,0.0,18.0,1.0,00-0033434,9.6
2018,4,0.0,0.0,0.0,0.0,0.0,0.0,0.0,52.0,0.0,00-0033434,9.2
2019,3,0.0,0.0,0.0,0.0,1.0,0.0,0.0,35.0,0.0,00-0033434,4.5
2017,2,0.0,0.0,0.0,0.0,0.0,37.0,0.0,36.0,0.0,00-0033567,9.3
2018,1,0.0,0.0,0.0,0.0,1.0,157.0,0.0,9.0,0.0,00-0033567,15.600000000000001
2019,10,0.0,0.0,2.0,0.0,0.0,323.0,0.0,69.0,1.0,00-0033567,67.2
2020,25,0.0,0.0,1.0,0.0,1.0,465.0,0.0,199.0,0.0,00-0033567,95.4
2017,28,0.0,0.0,0.0,0.0,0.0,9.0,0.0,477.0,3.0,00-0033932,94.6
2018,70,0.0,0.0,0.0,0.0,0.0,8.0,0.0,1063.0,5.0,00-0033932,207.10000000000002
2019,65,0.0,0.0,0.0,0.0,1.0,0.0,0.0,1190.0,11.0,00-0033932,248.0
2020,20,0.0,0.0,0.0,0.0,0.0,0.0,0.0,338.0,2.0,00-0033932,65.80000000000001
2021,34,0.0,0.0,0.0,0.0,0.0,0.0,0.0,499.0,0.0,00-0033932,83.9
2022,4,0.0,0.0,0.0,0.0,0.0,0.0,0.0,51.0,0.0,00-0033932,9.100000000000001
2017,0,0.0,0.0,0.0,0.0,0.0,7.0,0.0,0.0,0.0,00-0031512,0.7000000000000001
2017,0,0.0,0.0,0.0,0.0,0.0,14.0,0.0,0.0,0.0,00-0033384,1.4000000000000001
2016,2,0.0,0.0,0.0,0.0,0.0,0.0,0.0,66.0,0.0,00-0032760,8.600000000000001
2017,35,0.0,0.0,0.0,0.0,0.0,-14.0,0.0,502.0,6.0,00-0032760,119.8
2018,44,0.0,0.0,0.0,0.0,0.0,0.0,0.0,532.0,2.0,00-0032760,109.2
2017,6,0.0,0.0,0.0,0.0,0.0,2.0,0.0,63.0,1.0,00-0033859,18.5
2018,1,0.0,0.0,0.0,0.0,0.0,0.0,0.0,12.0,0.0,00-0033859,2.2
2020,4,0.0,0.0,0.0,0.0,0.0,12.0,0.0,16.0,0.0,00-0033859,6.800000000000001
2016,16,0.0,0.0,0.0,0.0,1.0,0.0,0.0,209.0,2.0,00-0031697,46.900000000000006
2017,13,0.0,0.0,0.0,0.0,0.0,0.0,0.0,142.0,0.0,00-0031697,27.200000000000003
2017,0,0.0,0.0,0.0,0.0,0.0,0.0,0.0,0.0,0.0,00-0030665,0.0
2017,64,0.0,0.0,0.0,0.0,0.0,14.0,0.0,722.0,6.0,00-0033881,173.60000000000002
2018,45,0.0,0.0,0.0,0.0,0.0,36.0,1.0,577.0,3.0,00-0033881,126.3
2019,44,0.0,0.0,0.0,0.0,0.0,7.0,0.0,467.0,3.0,00-0033881,109.4
2020,63,0.0,0.0,1.0,0.0,1.0,26.0,0.0,654.0,1.0,00-0033881,141.0
2021,45,0.0,0.0,0.0,0.0,1.0,-3.0,0.0,404.0,3.0,00-0033881,101.10000000000001
2022,69,0.0,0.0,0.0,0.0,0.0,13.0,1.0,739.0,4.0,00-0033881,170.2
2023,104,0.0,0.0,0.0,0.0,2.0,0.0,0.0,884.0,3.0,00-0033881,206.4
2024,47,0.0,0.0,0.0,0.0,1.0,0.0,1.0,365.0,1.0,00-0033881,89.5
2017,4,0.0,0.0,0.0,0.0,0.0,5.0,0.0,42.0,0.0,00-0033387,8.7
2018,4,0.0,0.0,0.0,0.0,0.0,0.0,0.0,52.0,0.0,00-0033387,9.2
2019,41,0.0,0.0,0.0,0.0,0.0,0.0,0.0,349.0,3.0,00-0033387,93.9
2020,25,0.0,0.0,0.0,0.0,0.0,0.0,1.0,209.0,3.0,00-0033387,65.9
2021,6,0.0,0.0,0.0,0.0,0.0,0.0,0.0,41.0,1.0,00-0033387,16.1
2015,16,0.0,0.0,0.0,0.0,0.0,0.0,0.0,203.0,0.0,00-0030670,36.3
2016,11,0.0,0.0,0.0,0.0,0.0,0.0,0.0,145.0,2.0,00-0030670,37.5
2017,29,0.0,0.0,0.0,0.0,0.0,0.0,0.0,350.0,3.0,00-0030670,82.0
2018,16,0.0,0.0,0.0,0.0,0.0,0.0,0.0,199.0,1.0,00-0030670,41.900000000000006
2019,23,0.0,0.0,0.0,0.0,0.0,20.0,1.0,193.0,0.0,00-0030670,46.3
2020,2,0.0,0.0,0.0,0.0,0.0,0.0,0.0,11.0,0.0,00-0030670,3.1
2015,2,0.0,0.0,0.0,0.0,0.0,0.0,0.0,16.0,0.0,00-0030741,3.6
2016,2,0.0,0.0,0.0,0.0,0.0,0.0,0.0,5.0,0.0,00-0030741,2.5
2017,2,0.0,0.0,1.0,0.0,0.0,0.0,0.0,6.0,1.0,00-0030741,14.6
2018,4,0.0,0.0,0.0,0.0,0.0,4.0,0.0,38.0,0.0,00-0030741,8.200000000000001
2019,2,0.0,0.0,0.0,0.0,0.0,0.0,0.0,4.0,0.0,00-0030741,2.4
2017,0,10.0,0.0,0.0,0.0,0.0,2.0,0.0,0.0,0.0,00-0031800,0.6000000000000001
2018,0,320.0,1.0,0.0,3.0,0.0,31.0,0.0,0.0,0.0,00-0031800,13.9
2020,0,137.0,1.0,0.0,0.0,0.0,22.0,0.0,0.0,0.0,00-0031800,11.68
2021,1,3299.0,20.0,1.0,15.0,2.0,310.0,1.0,-2.0,0.0,00-0031800,217.76000000000002
2022,0,1859.0,12.0,1.0,6.0,5.0,96.0,0.0,0.0,0.0,00-0031800,115.96000000000001
2023,0,890.0,5.0,1.0,4.0,0.0,124.0,0.0,0.0,0.0,00-0031800,66.0
2024,0,28.0,0.0,0.0,0.0,0.0,20.0,0.0,0.0,0.0,00-0031800,3.12
2017,0,0.0,0.0,1.0,0.0,0.0,1.0,0.0,0.0,0.0,00-0024348,6.1
2018,1,0.0,0.0,0.0,0.0,0.0,0.0,0.0,9.0,0.0,00-0024348,1.9
2017,0,0.0,0.0,0.0,0.0,0.0,0.0,0.0,0.0,0.0,00-0031380,0.0
2017,0,134.0,0.0,0.0,0.0,0.0,22.0,0.0,0.0,0.0,00-0032792,7.5600000000000005
2018,0,22.0,1.0,0.0,0.0,0.0,-2.0,0.0,0.0,0.0,00-0032792,4.68
2020,0,32.0,0.0,0.0,1.0,1.0,12.0,0.0,0.0,0.0,00-0032792,-1.5199999999999996
2022,0,0.0,0.0,0.0,0.0,0.0,-4.0,0.0,0.0,0.0,00-0032792,-0.4
2017,0,0.0,0.0,0.0,0.0,1.0,0.0,0.0,0.0,0.0,00-0033350,-2.0
2017,0,11.0,0.0,0.0,0.0,0.0,0.0,0.0,0.0,0.0,00-0032630,0.44
2017,0,284.0,0.0,0.0,1.0,0.0,10.0,0.0,0.0,0.0,00-0033873,10.36
2018,0,5097.0,50.0,2.0,12.0,2.0,272.0,1.0,0.0,0.0,00-0033873,417.08
2019,0,4031.0,26.0,2.0,5.0,2.0,218.0,1.0,0.0,0.0,00-0033873,287.04
2020,0,4740.0,38.0,3.0,6.0,2.0,308.0,3.0,0.0,0.0,00-0033873,380.40000000000003
2021,0,4569.0,35.0,2.0,13.0,4.0,327.0,1.0,0.0,0.0,00-0033873,335.46
2022,1,5048.0,40.0,4.0,12.0,0.0,329.0,3.0,6.0,0.0,00-0033873,402.42
2023,0,4183.0,27.0,0.0,14.0,3.0,388.0,0.0,0.0,0.0,00-0033873,280.12
2024,1,3928.0,26.0,2.0,11.0,0.0,307.0,0.0,2.0,0.0,00-0033873,283.02
2017,0,0.0,0.0,0.0,0.0,1.0,0.0,0.0,0.0,0.0,00-0030151,-2.0
2020,0,18.0,0.0,0.0,0.0,0.0,0.0,0.0,0.0,0.0,00-0030151,0.72
2017,0,0.0,0.0,0.0,0.0,0.0,4.0,0.0,0.0,0.0,00-0032569,0.4
2018,0,0.0,0.0,0.0,0.0,1.0,0.0,0.0,0.0,0.0,00-0033731,-2.0
2018,0,1201.0,6.0,5.0,3.0,4.0,695.0,0.0,0.0,0.0,00-0034796,157.54
2019,0,3127.0,36.0,7.0,6.0,2.0,1206.0,0.0,0.0,0.0,00-0034796,415.68
2020,0,2757.0,26.0,7.0,9.0,4.0,1005.0,1.0,0.0,0.0,00-0034796,332.78
2021,0,2882.0,16.0,2.0,13.0,3.0,767.0,2.0,0.0,0.0,00-0034796,239.98000000000002
2022,0,2242.0,17.0,3.0,7.0,2.0,764.0,1.0,0.0,0.0,00-0034796,236.08
2023,0,3678.0,24.0,5.0,7.0,6.0,821.0,1.0,0.0,0.0,00-0034796,331.22
2024,0,3955.0,39.0,4.0,4.0,5.0,852.0,1.0,0.0,0.0,00-0034796,407.40000000000003
2018,0,0.0,0.0,0.0,0.0,0.0,0.0,0.0,0.0,0.0,00-0034307,0.0
2018,0,0.0,0.0,0.0,0.0,0.0,0.0,0.0,0.0,0.0,00-0034721,0.0
2018,0,2044.0,10.0,8.0,12.0,2.0,631.0,1.0,0.0,0.0,00-0034857,206.86
2019,0,3089.0,20.0,9.0,9.0,4.0,510.0,3.0,0.0,0.0,00-0034857,288.56
2020,1,4544.0,37.0,8.0,10.0,6.0,421.0,0.0,12.0,1.0,00-0034857,396.06
2021,0,4168.0,34.0,6.0,15.0,3.0,700.0,3.0,0.0,0.0,00-0034857,378.72
2022,0,4029.0,32.0,7.0,13.0,5.0,746.0,2.0,0.0,0.0,00-0034857,373.76
2023,0,3947.0,27.0,15.0,16.0,3.0,457.0,3.0,0.0,0.0,00-0034857,369.58
2024,0,3731.0,28.0,12.0,6.0,2.0,531.0,1.0,0.0,0.0,00-0034857,372.34000000000003
2018,16,0.0,0.0,1.0,0.0,2.0,336.0,0.0,85.0,0.0,00-0034400,60.1
2019,7,0.0,0.0,2.0,0.0,0.0,307.0,0.0,43.0,0.0,00-0034400,54.0
2020,12,0.0,0.0,1.0,0.0,0.0,308.0,1.0,105.0,0.0,00-0034400,61.3
2022,6,0.0,0.0,0.0,0.0,0.0,58.0,0.0,29.0,0.0,00-0034400,14.700000000000001
2018,63,0.0,0.0,2.0,0.0,0.0,314.0,0.0,425.0,2.0,00-0034367,160.9
2019,44,0.0,0.0,2.0,0.0,1.0,199.0,0.0,320.0,0.0,00-0034367,105.9
2020,63,0.0,0.0,3.0,0.0,0.0,380.0,1.0,482.0,4.0,00-0034367,193.2
2021,38,0.0,0.0,2.0,0.0,2.0,276.0,0.0,281.0,1.0,00-0034367,107.69999999999999
2022,30,0.0,0.0,1.0,0.0,0.0,33.0,0.0,241.0,1.0,00-0034367,69.4
2018,55,0.0,0.0,0.0,0.0,3.0,172.0,0.0,788.0,2.0,00-0034827,157.0
2019,87,0.0,0.0,0.0,0.0,1.0,40.0,0.0,1175.0,4.0,00-0034827,230.5
2020,66,0.0,0.0,0.0,0.0,0.0,22.0,0.0,1193.0,4.0,00-0034827,211.5
2021,86,0.0,0.0,0.0,0.0,1.0,35.0,1.0,1070.0,4.0,00-0034827,220.5
2022,62,0.0,0.0,0.0,0.0,0.0,53.0,0.0,882.0,7.0,00-0034827,197.5
2023,92,0.0,0.0,1.0,0.0,1.0,21.0,0.0,1300.0,8.0,00-0034827,276.1
2024,89,0.0,0.0,0.0,0.0,0.0,70.0,1.0,880.0,5.0,00-0034827,216.0
2018,1,0.0,0.0,2.0,0.0,0.0,15.0,0.0,5.0,0.0,00-0033296,15.0
2019,2,0.0,0.0,1.0,0.0,0.0,11.0,0.0,6.0,0.0,00-0033296,9.7
2020,5,0.0,0.0,0.0,0.0,0.0,9.0,0.0,18.0,0.0,00-0033296,7.7
2021,1,0.0,0.0,0.0,0.0,0.0,21.0,0.0,1.0,1.0,00-0033296,9.2
2023,2,0.0,0.0,0.0,0.0,0.0,0.0,0.0,3.0,0.0,00-0033296,2.3
2013,52,0.0,0.0,0.0,0.0,1.0,0.0,0.0,802.0,2.0,00-0030564,142.2
2014,76,0.0,0.0,0.0,0.0,1.0,0.0,0.0,1210.0,6.0,00-0030564,231.0
2015,111,0.0,0.0,0.0,0.0,0.0,0.0,1.0,1521.0,11.0,00-0030564,331.1
2016,78,0.0,0.0,0.0,0.0,0.0,0.0,0.0,954.0,4.0,00-0030564,197.4
2017,96,0.0,0.0,0.0,0.0,1.0,0.0,0.0,1378.0,13.0,00-0030564,309.8
2018,115,0.0,0.0,0.0,0.0,2.0,-7.0,0.0,1572.0,11.0,00-0030564,333.5
2019,104,6.0,1.0,0.0,1.0,0.0,18.0,1.0,1165.0,7.0,00-0030564,268.54
2020,115,0.0,0.0,0.0,0.0,2.0,1.0,0.0,1407.0,6.0,00-0030564,287.8
2021,42,0.0,0.0,0.0,0.0,0.0,0.0,0.0,572.0,8.0,00-0030564,147.2
2022,64,0.0,0.0,0.0,0.0,1.0,0.0,0.0,717.0,3.0,00-0030564,151.7
2023,68,0.0,0.0,0.0,0.0,0.0,9.0,0.0,1011.0,6.0,00-0030564,206.0
2024,56,0.0,0.0,0.0,0.0,0.0,0.0,0.0,618.0,5.0,00-0030564,147.8
2018,0,0.0,0.0,0.0,0.0,1.0,0.0,0.0,0.0,0.0,00-0033773,-2.0
2018,91,0.0,0.0,11.0,0.0,0.0,1307.0,1.0,721.0,4.0,00-0034844,385.80000000000007
2019,52,0.0,0.0,6.0,0.0,0.0,1003.0,0.0,438.0,2.0,00-0034844,244.10000000000002
2020,6,0.0,0.0,0.0,0.0,0.0,34.0,0.0,60.0,0.0,00-0034844,15.4
2021,38,0.0,0.0,2.0,0.0,1.0,563.0,0.0,244.0,2.0,00-0034844,140.70000000000002
2022,57,0.0,0.0,10.0,0.0,0.0,1312.0,1.0,338.0,0.0,00-0034844,284.0
2023,39,0.0,0.0,4.0,0.0,2.0,916.0,1.0,229.0,4.0,00-0034844,199.50000000000003
2024,33,0.0,0.0,13.0,0.0,1.0,2005.0,3.0,278.0,2.0,00-0034844,355.3
2018,1,0.0,0.0,0.0,0.0,1.0,0.0,0.0,3.0,0.0,00-0034560,-0.7
2018,0,2865.0,17.0,1.0,15.0,2.0,135.0,0.0,0.0,0.0,00-0034869,168.10000000000002
2019,0,3024.0,19.0,2.0,13.0,3.0,62.0,3.0,0.0,0.0,00-0034869,189.16
2020,0,2208.0,9.0,2.0,11.0,2.0,217.0,1.0,0.0,0.0,00-0034869,134.02
2021,0,2308.0,7.0,5.0,12.0,3.0,203.0,1.0,0.0,0.0,00-0034869,142.62
2022,0,1100.0,7.0,2.0,1.0,2.0,74.0,0.0,0.0,0.0,00-0034869,85.4
2023,0,108.0,1.0,0.0,1.0,0.0,-4.0,0.0,0.0,0.0,00-0034869,5.92
2024,0,4153.0,35.0,1.0,12.0,4.0,202.0,0.0,0.0,0.0,00-0034869,300.32
2018,32,0.0,0.0,3.0,0.0,1.0,641.0,0.0,213.0,1.0,00-0034349,139.4
2019,10,0.0,0.0,3.0,0.0,1.0,403.0,0.0,127.0,1.0,00-0034349,85.00000000000001
2020,19,0.0,0.0,2.0,0.0,1.0,181.0,0.0,187.0,1.0,00-0034349,71.8
2018,17,0.0,0.0,1.0,0.0,0.0,113.0,0.0,144.0,0.0,00-0034164,48.699999999999996
2020,3,0.0,0.0,0.0,0.0,0.0,33.0,0.0,16.0,0.0,00-0034164,7.9
2021,0,0.0,0.0,0.0,0.0,1.0,4.0,0.0,0.0,0.0,00-0034164,-1.6
2018,20,0.0,0.0,8.0,0.0,0.0,996.0,0.0,149.0,2.0,00-0034791,194.50000000000003
2019,36,0.0,0.0,8.0,0.0,3.0,1513.0,0.0,278.0,0.0,00-0034791,257.1
2020,16,0.0,0.0,12.0,0.0,1.0,1065.0,0.0,150.0,0.0,00-0034791,207.5
2021,19,0.0,0.0,8.0,0.0,1.0,1201.0,0.0,172.0,1.0,00-0034791,208.3
2022,22,0.0,0.0,12.0,0.0,1.0,1448.0,1.0,194.0,0.0,00-0034791,258.2
2023,4,0.0,0.0,0.0,0.0,0.0,170.0,0.0,21.0,0.0,00-0034791,23.1
2024,5,0.0,0.0,3.0,0.0,1.0,332.0,0.0,31.0,1.0,00-0034791,63.300000000000004
2018,14,0.0,0.0,5.0,0.0,1.0,521.0,0.0,72.0,0.0,00-0034838,101.3
2019,43,0.0,0.0,3.0,0.0,0.0,496.0,0.0,256.0,1.0,00-0034838,142.2
2020,12,0.0,0.0,0.0,0.0,0.0,170.0,0.0,81.0,0.0,00-0034838,37.1
2021,10,0.0,0.0,0.0,0.0,0.0,169.0,0.0,77.0,0.0,00-0034838,34.6
2022,5,0.0,0.0,0.0,0.0,0.0,102.0,0.0,31.0,0.0,00-0034838,18.3
2023,0,0.0,0.0,2.0,0.0,0.0,317.0,0.0,0.0,0.0,00-0034838,43.7
2018,35,0.0,0.0,9.0,0.0,0.0,1037.0,0.0,241.0,1.0,00-0034109,222.79999999999998
2019,35,0.0,0.0,7.0,0.0,0.0,1011.0,0.0,196.0,0.0,00-0034109,197.70000000000002
2020,7,0.0,0.0,1.0,0.0,0.0,502.0,0.0,28.0,0.0,00-0034109,66.0
2021,4,0.0,0.0,1.0,0.0,0.0,209.0,0.0,45.0,1.0,00-0034109,41.400000000000006
2022,6,0.0,0.0,0.0,0.0,0.0,49.0,1.0,19.0,0.0,00-0034109,14.8
2018,9,0.0,0.0,2.0,0.0,0.0,419.0,0.0,75.0,0.0,00-0034750,70.4
2019,8,0.0,0.0,3.0,0.0,1.0,370.0,0.0,83.0,1.0,00-0034750,75.3
2020,0,0.0,0.0,0.0,0.0,0.0,34.0,0.0,0.0,0.0,00-0034750,3.4000000000000004
2021,6,0.0,0.0,5.0,0.0,0.0,559.0,0.0,48.0,0.0,00-0034750,96.7
2022,4,0.0,0.0,2.0,0.0,0.0,346.0,0.0,16.0,0.0,00-0034750,52.2
2023,1,0.0,0.0,0.0,0.0,0.0,17.0,0.0,5.0,0.0,00-0034750,3.2
2018,27,0.0,0.0,0.0,0.0,0.0,-2.0,0.0,467.0,5.0,00-0034860,103.5
2019,11,16.0,0.0,0.0,0.0,0.0,0.0,0.0,109.0,2.0,00-0034860,34.54
2020,4,0.0,0.0,0.0,0.0,1.0,0.0,0.0,76.0,1.0,00-0034860,15.600000000000001
2021,10,16.0,0.0,0.0,0.0,0.0,0.0,0.0,87.0,1.0,00-0034860,25.340000000000003
2022,17,0.0,0.0,0.0,0.0,0.0,37.0,0.0,226.0,3.0,00-0034860,61.300000000000004
2024,10,0.0,0.0,0.0,0.0,0.0,0.0,1.0,104.0,0.0,00-0034860,22.4
2018,3,0.0,0.0,0.0,0.0,0.0,29.0,0.0,5.0,0.0,00-0034621,6.4
2018,20,0.0,0.0,2.0,0.0,0.0,208.0,0.0,103.0,0.0,00-0034681,63.099999999999994
2019,12,0.0,0.0,4.0,0.0,0.0,303.0,0.0,105.0,1.0,00-0034681,82.8
2020,53,0.0,0.0,1.0,0.0,0.0,448.0,0.0,402.0,4.0,00-0034681,168.0
2021,43,0.0,0.0,2.0,0.0,1.0,592.0,0.0,311.0,0.0,00-0034681,143.3
2022,16,0.0,0.0,2.0,0.0,0.0,200.0,0.0,157.0,1.0,00-0034681,69.7
2023,13,0.0,0.0,0.0,0.0,0.0,149.0,0.0,84.0,0.0,00-0034681,36.3
2018,0,0.0,0.0,0.0,0.0,0.0,0.0,0.0,0.0,0.0,00-0034683,0.0
2021,0,0.0,0.0,0.0,0.0,2.0,0.0,0.0,0.0,0.0,00-0034683,-4.0
2018,27,0.0,0.0,4.0,0.0,0.0,315.0,0.0,152.0,0.0,00-0034378,97.7
2019,11,0.0,0.0,1.0,0.0,0.0,106.0,0.0,87.0,0.0,00-0034378,36.300000000000004
2020,17,0.0,0.0,1.0,0.0,0.0,268.0,0.0,75.0,0.0,00-0034378,57.3
2018,64,0.0,0.0,0.0,0.0,1.0,27.0,0.0,821.0,10.0,00-0034837,206.8
2019,63,0.0,0.0,0.0,0.0,0.0,34.0,1.0,866.0,7.0,00-0034837,197.0
2020,90,0.0,0.0,0.0,0.0,1.0,1.0,1.0,1374.0,9.0,00-0034837,281.5
2021,31,0.0,0.0,0.0,0.0,0.0,0.0,0.0,281.0,2.0,00-0034837,71.1
2023,70,0.0,0.0,0.0,0.0,0.0,23.0,1.0,910.0,7.0,00-0034837,207.3
2024,61,0.0,0.0,1.0,0.0,1.0,58.0,0.0,941.0,4.0,00-0034837,188.9
2018,43,0.0,0.0,0.0,0.0,1.0,7.0,1.0,586.0,5.0,00-0034772,132.3
2019,8,0.0,0.0,0.0,0.0,0.0,0.0,0.0,89.0,0.0,00-0034772,16.9
2020,2,0.0,0.0,0.0,0.0,0.0,0.0,0.0,20.0,0.0,00-0034772,4.0
2018,0,66.0,1.0,0.0,0.0,0.0,0.0,0.0,0.0,0.0,00-0033132,6.640000000000001
2019,1,0.0,0.0,0.0,0.0,0.0,0.0,0.0,11.0,0.0,00-0033132,2.1
2018,2,0.0,0.0,0.0,0.0,0.0,49.0,0.0,19.0,0.0,00-0034565,8.8
2018,7,0.0,0.0,6.0,0.0,1.0,931.0,0.0,50.0,0.0,00-0034845,139.10000000000002
2019,12,0.0,0.0,7.0,0.0,1.0,912.0,0.0,94.0,0.0,00-0034845,152.6
2020,7,0.0,0.0,1.0,0.0,0.0,449.0,0.0,114.0,1.0,00-0034845,75.30000000000001
2021,20,0.0,0.0,4.0,0.0,1.0,802.0,0.0,122.0,1.0,00-0034845,140.39999999999998
2022,9,0.0,0.0,0.0,0.0,0.0,106.0,0.0,53.0,0.0,00-0034845,24.900000000000002
2017,27,0.0,0.0,0.0,0.0,0.0,0.0,0.0,339.0,1.0,00-0033839,66.9
2018,66,0.0,0.0,0.0,0.0,2.0,98.0,0.0,715.0,5.0,00-0033839,173.3
2019,66,0.0,0.0,0.0,0.0,0.0,27.0,2.0,660.0,3.0,00-0033839,156.7
2020,1,0.0,0.0,0.0,0.0,1.0,0.0,0.0,4.0,0.0,00-0033839,-0.6
2021,10,0.0,0.0,0.0,0.0,0.0,0.0,0.0,68.0,0.0,00-0033839,16.8
2018,2,0.0,0.0,0.0,0.0,0.0,47.0,0.0,1.0,0.0,00-0034208,6.8
2019,3,0.0,0.0,3.0,0.0,0.0,273.0,0.0,17.0,0.0,00-0034208,50.0
2020,2,0.0,0.0,1.0,0.0,0.0,59.0,0.0,10.0,0.0,00-0034208,14.9
2021,2,0.0,0.0,0.0,0.0,0.0,35.0,0.0,22.0,0.0,00-0034208,7.7
2022,9,0.0,0.0,0.0,0.0,0.0,102.0,0.0,96.0,0.0,00-0034208,28.800000000000004
2023,7,0.0,0.0,0.0,0.0,0.0,23.0,0.0,40.0,0.0,00-0034208,13.3
2024,0,0.0,0.0,0.0,0.0,0.0,33.0,0.0,0.0,0.0,00-0034208,3.3000000000000003
2018,0,0.0,0.0,0.0,0.0,0.0,0.0,0.0,0.0,0.0,00-0034843,0.0
2019,0,0.0,0.0,0.0,0.0,0.0,0.0,0.0,0.0,0.0,00-0034843,0.0
2021,0,0.0,0.0,0.0,0.0,1.0,0.0,0.0,0.0,0.0,00-0034843,-2.0
2018,0,2278.0,11.0,0.0,14.0,5.0,138.0,1.0,0.0,0.0,00-0034343,112.92
2019,0,567.0,1.0,0.0,5.0,0.0,13.0,0.0,0.0,0.0,00-0034343,17.98
2021,0,19.0,0.0,0.0,2.0,0.0,0.0,0.0,0.0,0.0,00-0034343,-3.24
2017,2,0.0,0.0,0.0,0.0,0.0,0.0,0.0,65.0,0.0,00-0032472,8.5
2018,2,0.0,0.0,0.0,0.0,0.0,3.0,0.0,35.0,0.0,00-0032472,5.8
2018,0,0.0,0.0,0.0,0.0,0.0,0.0,0.0,0.0,0.0,00-0034162,0.0
2024,0,3.0,0.0,0.0,0.0,0.0,0.0,0.0,0.0,0.0,00-0034162,0.12
2018,7,0.0,0.0,3.0,0.0,1.0,511.0,1.0,58.0,0.0,00-0034457,81.89999999999999
2019,0,0.0,0.0,0.0,0.0,0.0,12.0,0.0,0.0,0.0,00-0034457,1.2000000000000002
2020,6,0.0,0.0,2.0,0.0,0.0,157.0,0.0,29.0,0.0,00-0034457,36.6
2017,5,0.0,0.0,0.0,0.0,1.0,0.0,0.0,45.0,0.0,00-0032980,7.5
2018,6,0.0,0.0,0.0,0.0,0.0,-2.0,0.0,102.0,1.0,00-0032980,22.0
2019,17,0.0,0.0,0.0,0.0,0.0,0.0,0.0,277.0,2.0,00-0032980,56.7
2020,14,0.0,0.0,0.0,0.0,0.0,0.0,0.0,255.0,0.0,00-0032980,39.5
2021,9,0.0,0.0,0.0,0.0,0.0,-2.0,0.0,160.0,0.0,00-0032980,24.8
2022,6,0.0,0.0,0.0,0.0,0.0,0.0,0.0,63.0,0.0,00-0032980,12.3
2015,2,0.0,0.0,0.0,0.0,0.0,0.0,0.0,90.0,1.0,00-0032160,17.0
2016,69,0.0,0.0,0.0,0.0,0.0,0.0,0.0,1059.0,7.0,00-0032160,216.9
2017,43,0.0,0.0,0.0,0.0,1.0,0.0,0.0,728.0,4.0,00-0032160,137.8
2018,41,0.0,0.0,0.0,0.0,0.0,15.0,0.0,653.0,5.0,00-0032160,137.8
2019,42,0.0,0.0,0.0,0.0,0.0,0.0,0.0,651.0,6.0,00-0032160,143.10000000000002
2021,2,0.0,0.0,0.0,0.0,0.0,0.0,0.0,14.0,0.0,00-0032160,3.4000000000000004
2018,3,64.0,0.0,2.0,1.0,1.0,196.0,0.0,4.0,0.0,00-0033357,33.559999999999995
2019,19,55.0,0.0,1.0,0.0,0.0,156.0,0.0,234.0,6.0,00-0033357,102.2
2020,8,928.0,4.0,8.0,2.0,5.0,457.0,0.0,98.0,1.0,00-0033357,156.62
2021,4,871.0,3.0,5.0,5.0,0.0,356.0,0.0,52.0,0.0,00-0033357,111.64
2022,8,240.0,2.0,7.0,0.0,0.0,551.0,0.0,76.0,2.0,00-0033357,142.29999999999998
2023,29,83.0,1.0,4.0,0.0,1.0,350.0,0.0,263.0,2.0,00-0033357,131.62
2024,23,21.0,0.0,6.0,1.0,1.0,278.0,0.0,187.0,0.0,00-0033357,102.34
2017,0,0.0,0.0,0.0,0.0,0.0,0.0,0.0,0.0,0.0,00-0033968,0.0
2018,0,0.0,0.0,0.0,0.0,0.0,0.0,0.0,0.0,0.0,00-0033968,0.0
2018,0,0.0,0.0,0.0,0.0,0.0,0.0,0.0,0.0,0.0,00-0031338,0.0
2018,0,3725.0,27.0,0.0,14.0,3.0,131.0,2.0,0.0,0.0,00-0034855,240.1
2019,0,3883.0,23.0,3.0,21.0,2.0,141.0,1.0,0.0,0.0,00-0034855,235.42
2020,1,3563.0,26.0,1.0,8.0,4.0,165.0,1.0,6.0,0.0,00-0034855,248.62
2021,0,3010.0,17.0,1.0,13.0,3.0,134.0,2.0,0.0,0.0,00-0034855,179.8
2022,0,2016.0,10.0,1.0,7.0,2.0,73.0,0.0,0.0,0.0,00-0034855,115.94
2023,0,3907.0,28.0,1.0,10.0,3.0,156.0,2.0,0.0,0.0,00-0034855,267.88
2024,0,4279.0,39.0,3.0,15.0,2.0,310.0,1.0,0.0,0.0,00-0034855,344.15999999999997
2018,2,0.0,0.0,0.0,0.0,0.0,4.0,0.0,17.0,0.0,00-0034201,4.1
2019,0,0.0,0.0,0.0,0.0,0.0,6.0,0.0,0.0,0.0,00-0034201,0.6000000000000001
2018,5,0.0,0.0,0.0,0.0,0.0,34.0,0.0,41.0,0.0,00-0034679,12.5
2019,15,0.0,0.0,0.0,0.0,1.0,201.0,0.0,89.0,0.0,00-0034679,42.0
2018,0,0.0,0.0,0.0,0.0,0.0,4.0,0.0,0.0,0.0,00-0033955,0.4
2020,12,0.0,0.0,1.0,0.0,0.0,204.0,0.0,55.0,0.0,00-0033955,43.900000000000006
2021,28,0.0,0.0,0.0,0.0,0.0,156.0,0.0,240.0,1.0,00-0033955,73.6
2024,9,0.0,0.0,4.0,0.0,0.0,261.0,1.0,27.0,0.0,00-0033955,63.800000000000004
2018,28,0.0,0.0,0.0,0.0,0.0,0.0,0.0,287.0,1.0,00-0034366,62.7
2019,22,0.0,0.0,1.0,0.0,1.0,14.0,0.0,254.0,0.0,00-0034366,52.8
2020,33,0.0,0.0,0.0,0.0,3.0,0.0,1.0,400.0,3.0,00-0034366,87.0
2021,1,0.0,0.0,0.0,0.0,0.0,0.0,0.0,5.0,0.0,00-0034366,1.5
2022,1,0.0,0.0,0.0,0.0,1.0,0.0,0.0,20.0,0.0,00-0034366,1.0
2018,9,0.0,0.0,1.0,0.0,1.0,191.0,0.0,56.0,0.0,00-0034799,37.7
2019,14,0.0,0.0,3.0,0.0,0.0,135.0,0.0,63.0,0.0,00-0034799,51.8
2020,29,0.0,0.0,3.0,0.0,0.0,303.0,0.0,166.0,0.0,00-0034799,93.9
2021,2,0.0,0.0,0.0,0.0,0.0,36.0,0.0,8.0,0.0,00-0034799,6.3999999999999995
2018,2,0.0,0.0,0.0,0.0,0.0,30.0,0.0,21.0,0.0,00-0034221,7.1
2018,43,0.0,0.0,0.0,0.0,0.0,35.0,0.0,590.0,3.0,00-0034775,123.5
2019,67,0.0,0.0,0.0,0.0,0.0,93.0,1.0,708.0,3.0,00-0034775,167.1
2020,48,0.0,0.0,0.0,0.0,0.0,3.0,0.0,621.0,6.0,00-0034775,146.4
2021,75,33.0,0.0,0.0,0.0,0.0,11.0,0.0,939.0,5.0,00-0034775,201.32
2022,78,0.0,0.0,0.0,0.0,1.0,11.0,0.0,1003.0,7.0,00-0034775,219.4
2023,57,-1.0,0.0,0.0,0.0,2.0,6.0,0.0,787.0,3.0,00-0034775,150.26
2024,27,0.0,0.0,0.0,0.0,0.0,0.0,0.0,379.0,1.0,00-0034775,70.9
2018,0,0.0,0.0,0.0,0.0,1.0,0.0,0.0,0.0,0.0,00-0034384,-2.0
2020,0,0.0,0.0,0.0,0.0,0.0,0.0,0.0,0.0,0.0,00-0034384,0.0
2018,7,0.0,0.0,1.0,0.0,0.0,44.0,0.0,33.0,0.0,00-0034816,20.7
2019,31,0.0,0.0,6.0,0.0,2.0,724.0,0.0,309.0,0.0,00-0034816,166.3
2020,28,0.0,0.0,7.0,0.0,2.0,978.0,0.0,165.0,1.0,00-0034816,186.3
2021,10,0.0,0.0,4.0,0.0,2.0,428.0,0.0,64.0,0.0,00-0034816,79.20000000000002
2022,1,0.0,0.0,0.0,0.0,0.0,25.0,0.0,22.0,0.0,00-0034816,5.7
2018,0,0.0,0.0,0.0,0.0,0.0,0.0,0.0,0.0,0.0,00-0032065,0.0
2024,0,0.0,0.0,0.0,0.0,0.0,0.0,0.0,0.0,0.0,00-0032065,0.0
2018,0,43.0,0.0,0.0,1.0,0.0,11.0,0.0,0.0,0.0,00-0033949,0.8200000000000001
2020,0,2.0,0.0,0.0,0.0,0.0,20.0,0.0,0.0,0.0,00-0033949,2.08
2022,0,232.0,1.0,0.0,1.0,1.0,12.0,0.0,0.0,0.0,00-0033949,10.48
2023,0,2464.0,13.0,6.0,10.0,7.0,421.0,3.0,0.0,0.0,00-0033949,200.66
2024,0,35.0,0.0,1.0,0.0,0.0,7.0,0.0,0.0,0.0,00-0033949,8.1
2018,1,0.0,0.0,0.0,0.0,0.0,0.0,0.0,14.0,0.0,00-0033379,2.4000000000000004
2018,0,0.0,0.0,0.0,0.0,1.0,0.0,0.0,0.0,0.0,00-0033524,-2.0
2017,11,0.0,0.0,0.0,0.0,0.0,0.0,0.0,104.0,1.0,00-0033943,27.4
2018,29,0.0,0.0,0.0,0.0,0.0,8.0,0.0,402.0,5.0,00-0033943,100.0
2019,21,0.0,0.0,0.0,0.0,0.0,23.0,0.0,326.0,1.0,00-0033943,61.900000000000006
2020,52,0.0,0.0,0.0,0.0,0.0,5.0,0.0,618.0,2.0,00-0033943,126.30000000000001
2021,28,0.0,0.0,0.0,0.0,0.0,0.0,0.0,385.0,2.0,00-0033943,78.5
2022,37,0.0,0.0,0.0,0.0,0.0,0.0,0.0,463.0,3.0,00-0033943,101.30000000000001
2023,35,0.0,0.0,0.0,0.0,1.0,0.0,0.0,564.0,5.0,00-0033943,119.4
2024,12,0.0,0.0,0.0,0.0,0.0,0.0,0.0,183.0,1.0,00-0033943,36.3
2017,11,0.0,0.0,0.0,0.0,0.0,0.0,0.0,95.0,0.0,00-0033536,20.5
2018,43,0.0,0.0,1.0,0.0,0.0,28.0,1.0,664.0,10.0,00-0033536,180.2
2019,49,0.0,0.0,0.0,0.0,0.0,2.0,0.0,1001.0,2.0,00-0033536,161.3
2020,48,0.0,0.0,0.0,0.0,0.0,1.0,0.0,756.0,5.0,00-0033536,153.7
2021,67,0.0,0.0,0.0,0.0,0.0,0.0,1.0,1027.0,8.0,00-0033536,219.7
2022,59,0.0,0.0,0.0,0.0,0.0,0.0,0.0,863.0,4.0,00-0033536,169.3
2023,19,0.0,0.0,0.0,0.0,0.0,3.0,0.0,249.0,1.0,00-0033536,50.2
2024,20,0.0,0.0,0.0,0.0,0.0,0.0,0.0,273.0,1.0,00-0033536,53.3
2018,0,0.0,0.0,0.0,0.0,0.0,0.0,0.0,0.0,0.0,00-0029249,0.0
2018,5,0.0,0.0,0.0,0.0,1.0,4.0,0.0,36.0,0.0,00-0034407,7.0
2019,0,0.0,0.0,0.0,0.0,1.0,0.0,0.0,0.0,0.0,00-0034407,-2.0
2020,20,0.0,0.0,0.0,0.0,1.0,65.0,0.0,77.0,0.0,00-0034407,32.2
2021,35,0.0,0.0,0.0,0.0,1.0,15.0,0.0,240.0,0.0,00-0034407,58.5
2022,14,0.0,0.0,1.0,0.0,0.0,78.0,0.0,243.0,1.0,00-0034407,58.099999999999994
2023,9,0.0,0.0,0.0,0.0,0.0,23.0,0.0,113.0,0.0,00-0034407,22.6
2024,58,0.0,0.0,0.0,0.0,2.0,79.0,0.0,620.0,1.0,00-0034407,129.9
2018,13,0.0,0.0,0.0,0.0,0.0,0.0,0.0,163.0,1.0,00-0034830,35.3
2019,30,0.0,0.0,0.0,0.0,0.0,0.0,0.0,349.0,2.0,00-0034830,76.9
2020,56,0.0,0.0,0.0,0.0,0.0,0.0,0.0,571.0,6.0,00-0034830,149.1
2021,25,0.0,0.0,0.0,0.0,1.0,0.0,0.0,188.0,3.0,00-0034830,59.8
2022,48,0.0,0.0,0.0,0.0,0.0,0.0,0.0,400.0,2.0,00-0034830,100.0
2023,18,0.0,0.0,0.0,0.0,0.0,0.0,0.0,184.0,1.0,00-0034830,42.400000000000006
2024,8,0.0,0.0,0.0,0.0,0.0,0.0,0.0,73.0,0.0,00-0034830,15.3
2018,2,0.0,0.0,2.0,0.0,0.0,718.0,1.0,20.0,0.0,00-0034184,89.8
2019,7,0.0,0.0,2.0,0.0,1.0,711.0,0.0,45.0,0.0,00-0034184,92.60000000000001
2020,9,0.0,0.0,6.0,0.0,1.0,723.0,0.0,129.0,0.0,00-0034184,128.2
2022,0,0.0,0.0,3.0,0.0,1.0,417.0,0.0,0.0,0.0,00-0034184,57.7
2023,12,0.0,0.0,13.0,0.0,1.0,762.0,1.0,180.0,0.0,00-0034184,184.2
2024,3,0.0,0.0,4.0,0.0,0.0,365.0,0.0,6.0,0.0,00-0034184,64.1
2018,27,0.0,0.0,0.0,0.0,0.0,10.0,0.0,268.0,2.0,00-0033251,66.8
2019,41,0.0,0.0,0.0,0.0,0.0,16.0,1.0,607.0,5.0,00-0033251,135.3
2020,44,0.0,0.0,0.0,0.0,0.0,0.0,0.0,629.0,5.0,00-0033251,136.9
2021,37,0.0,0.0,0.0,0.0,1.0,21.0,0.0,377.0,3.0,00-0033251,92.80000000000001
2022,15,0.0,0.0,0.0,0.0,0.0,0.0,0.0,150.0,1.0,00-0033251,36.0
2023,4,0.0,0.0,0.0,0.0,0.0,0.0,0.0,19.0,0.0,00-0033251,5.9
2018,15,0.0,0.0,2.0,0.0,0.0,206.0,0.0,135.0,0.0,00-0034440,61.1
2019,9,0.0,0.0,0.0,0.0,0.0,200.0,0.0,22.0,0.0,00-0034440,31.2
2020,19,0.0,0.0,0.0,0.0,0.0,270.0,1.0,173.0,0.0,00-0034440,65.3
2021,22,0.0,0.0,2.0,0.0,1.0,344.0,0.0,178.0,0.0,00-0034440,84.2
2022,11,0.0,0.0,1.0,0.0,0.0,168.0,0.0,90.0,1.0,00-0034440,48.8
2018,0,0.0,0.0,0.0,0.0,0.0,-1.0,0.0,0.0,0.0,00-0033597,-0.1
2018,22,0.0,0.0,0.0,0.0,1.0,7.0,0.0,216.0,0.0,00-0031763,42.3
2019,11,0.0,0.0,0.0,0.0,1.0,0.0,0.0,162.0,0.0,00-0031763,25.2
2020,1,0.0,0.0,0.0,0.0,1.0,0.0,0.0,8.0,0.0,00-0031763,-0.19999999999999996
2021,24,0.0,0.0,0.0,0.0,0.0,78.0,0.0,296.0,3.0,00-0031763,79.4
2022,43,0.0,0.0,0.0,0.0,1.0,-15.0,0.0,495.0,3.0,00-0031763,107.0
2023,3,0.0,0.0,0.0,0.0,0.0,18.0,0.0,36.0,0.0,00-0031763,8.4
2024,9,0.0,0.0,0.0,0.0,1.0,0.0,0.0,72.0,0.0,00-0031763,14.2
2018,26,0.0,0.0,0.0,0.0,0.0,5.0,0.0,445.0,5.0,00-0033589,101.0
2019,17,0.0,0.0,0.0,0.0,1.0,25.0,0.0,301.0,2.0,00-0033589,59.6
2020,35,0.0,0.0,0.0,0.0,0.0,61.0,0.0,417.0,6.0,00-0033589,118.8
2021,0,0.0,0.0,0.0,0.0,0.0,0.0,0.0,0.0,0.0,00-0033589,0.0
2023,4,0.0,0.0,0.0,0.0,0.0,0.0,0.0,86.0,1.0,00-0033589,18.6
2024,31,0.0,0.0,0.0,0.0,0.0,0.0,0.0,342.0,2.0,00-0033589,77.2
2018,0,0.0,0.0,0.0,0.0,0.0,6.0,0.0,0.0,0.0,00-0032807,0.6000000000000001
2020,0,0.0,0.0,0.0,0.0,0.0,23.0,0.0,0.0,0.0,00-0032807,2.3000000000000003
2021,0,0.0,0.0,0.0,0.0,1.0,0.0,0.0,0.0,0.0,00-0032807,-2.0
2022,0,0.0,0.0,0.0,0.0,0.0,0.0,0.0,0.0,0.0,00-0032807,0.0
2018,0,1003.0,6.0,2.0,2.0,1.0,130.0,1.0,0.0,0.0,00-0032436,85.12
2019,1,685.0,4.0,1.0,4.0,0.0,151.0,0.0,6.0,0.0,00-0032436,58.10000000000001
2020,0,432.0,3.0,0.0,2.0,0.0,28.0,1.0,0.0,0.0,00-0032436,30.080000000000002
2022,1,95.0,1.0,0.0,0.0,0.0,68.0,0.0,4.0,0.0,00-0032436,16.0
2018,0,0.0,0.0,0.0,0.0,0.0,12.0,0.0,0.0,0.0,00-0033928,1.2000000000000002
2018,0,0.0,0.0,0.0,0.0,0.0,36.0,0.0,0.0,0.0,00-0034427,3.6
2013,0,0.0,0.0,0.0,0.0,1.0,0.0,0.0,0.0,0.0,00-0025503,-2.0
2014,0,0.0,0.0,0.0,0.0,0.0,0.0,0.0,0.0,0.0,00-0025503,0.0
2018,0,0.0,0.0,0.0,0.0,0.0,0.0,0.0,0.0,0.0,00-0025503,0.0
2018,26,0.0,0.0,0.0,0.0,0.0,256.0,0.0,199.0,3.0,00-0034331,89.5
2019,47,35.0,0.0,1.0,1.0,1.0,175.0,0.0,305.0,1.0,00-0034331,104.4
2020,9,0.0,0.0,0.0,0.0,0.0,28.0,0.0,46.0,0.0,00-0034331,16.400000000000002
2021,3,0.0,0.0,0.0,0.0,0.0,9.0,0.0,14.0,0.0,00-0034331,5.3
2018,23,0.0,0.0,0.0,0.0,1.0,17.0,0.0,315.0,1.0,00-0033375,60.2
2019,16,0.0,0.0,0.0,0.0,0.0,0.0,0.0,218.0,0.0,00-0033375,37.8
2020,51,0.0,0.0,0.0,0.0,0.0,0.0,0.0,742.0,6.0,00-0033375,161.2
2021,47,0.0,0.0,0.0,0.0,0.0,0.0,0.0,639.0,5.0,00-0033375,140.9
2024,31,0.0,0.0,0.0,0.0,0.0,0.0,1.0,379.0,3.0,00-0033375,88.9
2018,33,8.0,0.0,0.0,0.0,0.0,26.0,0.0,423.0,7.0,00-0034353,120.22
2019,52,0.0,0.0,0.0,0.0,1.0,-1.0,0.0,656.0,2.0,00-0034353,127.5
2020,49,0.0,0.0,0.0,0.0,1.0,12.0,0.0,485.0,2.0,00-0034353,108.7
2021,6,0.0,0.0,0.0,0.0,0.0,0.0,0.0,25.0,1.0,00-0034353,14.5
2024,1,0.0,0.0,0.0,0.0,0.0,0.0,0.0,16.0,0.0,00-0034353,2.6
2018,0,0.0,0.0,0.0,0.0,0.0,9.0,0.0,0.0,0.0,00-0034160,0.9
2022,0,0.0,0.0,0.0,0.0,1.0,-18.0,0.0,0.0,0.0,00-0034160,-3.8
2017,27,0.0,0.0,0.0,0.0,0.0,0.0,0.0,316.0,2.0,00-0033891,70.6
2018,56,0.0,0.0,0.0,0.0,0.0,0.0,1.0,652.0,7.0,00-0033891,165.2
2019,27,0.0,0.0,0.0,0.0,0.0,3.0,0.0,216.0,0.0,00-0033891,48.900000000000006
2020,14,29.0,0.0,0.0,0.0,0.0,0.0,0.0,154.0,1.0,00-0033891,36.56
2021,42,0.0,0.0,0.0,0.0,1.0,3.0,0.0,519.0,1.0,00-0033891,98.2
2022,78,0.0,0.0,0.0,0.0,0.0,18.0,1.0,813.0,5.0,00-0033891,193.10000000000002
2023,28,0.0,0.0,0.0,0.0,0.0,0.0,0.0,274.0,2.0,00-0033891,67.4
2024,4,0.0,0.0,0.0,0.0,0.0,0.0,0.0,38.0,0.0,00-0033891,7.800000000000001
2018,0,0.0,0.0,0.0,0.0,0.0,7.0,0.0,0.0,0.0,00-0029410,0.7000000000000001
2018,0,2277.0,13.0,0.0,10.0,0.0,-16.0,1.0,0.0,0.0,00-0033319,123.47999999999999
2019,0,0.0,0.0,0.0,0.0,0.0,-3.0,0.0,0.0,0.0,00-0033319,-0.30000000000000004
2020,0,2437.0,12.0,0.0,12.0,4.0,8.0,1.0,0.0,0.0,00-0033319,116.28000000000002
2021,0,147.0,1.0,0.0,0.0,0.0,0.0,0.0,0.0,0.0,00-0033319,9.879999999999999
2022,0,108.0,1.0,0.0,0.0,0.0,0.0,0.0,0.0,0.0,00-0033319,8.32
2023,0,910.0,5.0,0.0,6.0,0.0,17.0,0.0,0.0,0.0,00-0033319,46.1
2024,0,38.0,0.0,0.0,0.0,0.0,-2.0,0.0,0.0,0.0,00-0033319,1.32
2017,34,0.0,0.0,0.0,0.0,1.0,0.0,0.0,375.0,0.0,00-0033871,69.5
2018,65,0.0,0.0,0.0,0.0,0.0,55.0,0.0,891.0,4.0,00-0033871,183.60000000000002
2019,43,0.0,0.0,0.0,0.0,0.0,0.0,0.0,601.0,2.0,00-0033871,115.1
2020,65,0.0,0.0,0.0,0.0,1.0,0.0,0.0,984.0,5.0,00-0033871,191.4
2021,34,0.0,0.0,0.0,0.0,1.0,0.0,0.0,492.0,4.0,00-0033871,105.2
2022,31,0.0,0.0,0.0,0.0,0.0,0.0,0.0,519.0,2.0,00-0033871,94.9
2018,9,0.0,0.0,0.0,1.0,0.0,0.0,0.0,105.0,0.0,00-0034253,17.5
2019,12,0.0,0.0,2.0,0.0,0.0,49.0,0.0,92.0,0.0,00-0034253,38.1
2020,1,0.0,0.0,0.0,0.0,0.0,48.0,0.0,2.0,0.0,00-0034253,6.000000000000001
2021,18,0.0,0.0,2.0,0.0,1.0,293.0,0.0,86.0,0.0,00-0034253,65.89999999999999
2022,21,0.0,0.0,0.0,0.0,0.0,145.0,0.0,177.0,4.0,00-0034253,77.2
2017,58,0.0,0.0,0.0,0.0,0.0,0.0,0.0,917.0,7.0,00-0033857,191.7
2018,111,0.0,0.0,0.0,0.0,1.0,13.0,1.0,1383.0,7.0,00-0033857,292.6
2019,42,0.0,0.0,0.0,0.0,1.0,0.0,0.0,552.0,3.0,00-0033857,113.2
2020,97,0.0,0.0,0.0,0.0,1.0,0.0,1.0,831.0,9.0,00-0033857,234.10000000000002
2021,15,0.0,0.0,1.0,0.0,0.0,9.0,0.0,129.0,0.0,00-0033857,34.8
2022,76,0.0,0.0,0.0,0.0,2.0,0.0,0.0,898.0,3.0,00-0033857,179.8
2023,29,0.0,0.0,0.0,0.0,0.0,0.0,0.0,260.0,1.0,00-0033857,61.0
2024,17,0.0,0.0,0.0,0.0,0.0,0.0,0.0,227.0,2.0,00-0033857,51.7
2018,8,0.0,0.0,0.0,0.0,0.0,16.0,0.0,78.0,1.0,00-0033373,23.4
2018,0,4.0,0.0,0.0,0.0,0.0,0.0,0.0,0.0,0.0,00-0034437,0.16
2019,0,16.0,0.0,0.0,0.0,0.0,0.0,0.0,0.0,0.0,00-0034437,0.64
2023,0,13.0,0.0,0.0,0.0,0.0,0.0,0.0,0.0,0.0,00-0034437,0.52
2018,0,0.0,0.0,0.0,0.0,0.0,42.0,0.0,0.0,0.0,00-0034684,4.2
2016,3,0.0,0.0,0.0,0.0,0.0,0.0,0.0,29.0,1.0,00-0033060,11.9
2017,7,0.0,0.0,0.0,0.0,0.0,0.0,0.0,69.0,0.0,00-0033060,13.9
2018,2,0.0,0.0,0.0,0.0,0.0,14.0,0.0,94.0,1.0,00-0033060,18.8
2018,0,0.0,0.0,0.0,0.0,0.0,26.0,0.0,0.0,0.0,00-0034179,2.6
2015,14,0.0,0.0,0.0,0.0,0.0,0.0,0.0,117.0,0.0,00-0031972,25.700000000000003
2018,11,21.0,0.0,0.0,0.0,0.0,2.0,0.0,101.0,0.0,00-0031972,22.14
2019,2,0.0,0.0,0.0,0.0,0.0,0.0,0.0,17.0,0.0,00-0031972,3.7
2017,2,0.0,0.0,0.0,0.0,0.0,0.0,0.0,60.0,1.0,00-0033094,14.0
2018,10,0.0,0.0,0.0,0.0,0.0,0.0,0.0,149.0,1.0,00-0033094,30.9
2019,7,0.0,0.0,0.0,0.0,0.0,7.0,0.0,261.0,1.0,00-0033094,39.8
2020,18,0.0,0.0,0.0,0.0,0.0,1.0,0.0,302.0,2.0,00-0033094,60.300000000000004
2021,1,0.0,0.0,0.0,0.0,0.0,0.0,0.0,10.0,0.0,00-0033094,2.0
2018,0,12.0,0.0,0.0,0.0,0.0,0.0,0.0,0.0,0.0,00-0034064,0.48
2019,0,0.0,0.0,0.0,0.0,0.0,0.0,0.0,0.0,0.0,00-0034064,0.0
2018,9,0.0,0.0,0.0,0.0,0.0,0.0,0.0,75.0,1.0,00-0034339,22.5
2019,26,0.0,0.0,0.0,0.0,1.0,0.0,1.0,198.0,1.0,00-0034339,51.8
2018,8,0.0,0.0,0.0,0.0,0.0,1.0,0.0,82.0,0.0,00-0034652,16.3
2020,12,0.0,0.0,0.0,0.0,0.0,20.0,0.0,100.0,1.0,00-0034652,30.0
2021,2,0.0,0.0,0.0,0.0,0.0,15.0,0.0,15.0,1.0,00-0034652,11.0
2018,21,0.0,0.0,0.0,0.0,0.0,5.0,0.0,328.0,0.0,00-0034279,54.300000000000004
2020,7,0.0,0.0,0.0,0.0,0.0,7.0,0.0,117.0,1.0,00-0034279,25.4
2021,7,0.0,0.0,0.0,0.0,0.0,14.0,0.0,76.0,0.0,00-0034279,16.0
2022,20,0.0,0.0,0.0,0.0,1.0,54.0,0.0,311.0,1.0,00-0034279,60.5
2023,4,0.0,0.0,0.0,0.0,0.0,0.0,0.0,44.0,0.0,00-0034279,8.4
2018,0,0.0,0.0,0.0,0.0,0.0,0.0,0.0,0.0,0.0,00-0034797,0.0
2015,32,0.0,0.0,0.0,0.0,0.0,0.0,1.0,480.0,5.0,00-0031166,112.0
2016,38,0.0,0.0,0.0,0.0,0.0,0.0,2.0,397.0,5.0,00-0031166,111.7
2017,43,0.0,0.0,0.0,0.0,2.0,0.0,0.0,455.0,1.0,00-0031166,90.5
2018,45,0.0,0.0,0.0,0.0,0.0,5.0,0.0,494.0,2.0,00-0031166,106.9
2019,21,0.0,0.0,0.0,0.0,0.0,0.0,0.0,271.0,2.0,00-0031166,60.1
2020,4,0.0,0.0,0.0,0.0,0.0,0.0,0.0,31.0,0.0,00-0031166,7.1
2018,0,2.0,1.0,0.0,0.0,0.0,0.0,0.0,0.0,0.0,00-0031136,4.08
2021,0,0.0,0.0,0.0,0.0,0.0,0.0,0.0,0.0,0.0,00-0031136,0.0
2017,43,0.0,0.0,0.0,0.0,0.0,0.0,0.0,515.0,2.0,00-0033288,106.5
2018,88,0.0,0.0,0.0,0.0,0.0,10.0,1.0,1377.0,5.0,00-0033288,258.70000000000005
2019,85,0.0,0.0,0.0,0.0,0.0,22.0,0.0,1053.0,5.0,00-0033288,222.5
2020,48,0.0,0.0,0.0,0.0,0.0,17.0,0.0,634.0,2.0,00-0033288,125.10000000000001
2021,66,0.0,0.0,0.0,0.0,1.0,20.0,0.0,900.0,6.0,00-0033288,192.0
2022,56,0.0,0.0,0.0,0.0,1.0,0.0,0.0,736.0,9.0,00-0033288,181.60000000000002
2023,65,0.0,0.0,0.0,0.0,0.0,2.0,0.0,1020.0,6.0,00-0033288,203.2
2024,76,0.0,0.0,0.0,0.0,0.0,0.0,0.0,1079.0,8.0,00-0033288,231.9
2018,12,0.0,0.0,0.0,0.0,2.0,266.0,0.0,98.0,0.0,00-0034115,44.400000000000006
2019,3,0.0,0.0,4.0,0.0,0.0,105.0,0.0,34.0,1.0,00-0034115,46.9
2020,13,0.0,0.0,7.0,0.0,2.0,600.0,0.0,133.0,3.0,00-0034115,142.3
2021,7,0.0,0.0,2.0,0.0,0.0,294.0,0.0,31.0,0.0,00-0034115,51.50000000000001
2022,20,0.0,0.0,5.0,0.0,2.0,788.0,0.0,183.0,1.0,00-0034115,149.10000000000002
2023,14,0.0,0.0,0.0,0.0,0.0,143.0,0.0,85.0,0.0,00-0034115,36.8
2024,3,0.0,0.0,0.0,0.0,0.0,61.0,0.0,19.0,0.0,00-0034115,11.000000000000002
2011,12,0.0,0.0,0.0,0.0,0.0,0.0,0.0,92.0,0.0,00-0028042,21.200000000000003
2012,16,0.0,0.0,0.0,0.0,0.0,0.0,0.0,165.0,1.0,00-0028042,38.5
2014,7,0.0,0.0,0.0,0.0,0.0,0.0,0.0,41.0,0.0,00-0028042,11.100000000000001
2015,9,0.0,0.0,0.0,0.0,0.0,0.0,0.0,61.0,1.0,00-0028042,21.1
2016,5,0.0,0.0,0.0,0.0,0.0,0.0,0.0,23.0,0.0,00-0028042,7.300000000000001
2017,4,0.0,0.0,0.0,0.0,0.0,0.0,0.0,30.0,1.0,00-0028042,13.0
2018,15,0.0,0.0,0.0,0.0,0.0,0.0,0.0,165.0,2.0,00-0028042,43.5
2019,8,0.0,0.0,0.0,0.0,0.0,0.0,0.0,53.0,0.0,00-0028042,13.3
2020,7,0.0,0.0,0.0,0.0,0.0,0.0,0.0,63.0,0.0,00-0028042,13.3
2021,2,0.0,0.0,0.0,0.0,0.0,0.0,0.0,12.0,0.0,00-0028042,3.2
2018,7,0.0,0.0,0.0,0.0,0.0,2.0,0.0,37.0,0.0,00-0033789,10.9
2019,2,0.0,0.0,0.0,0.0,0.0,10.0,0.0,13.0,0.0,00-0033789,4.3
2018,38,0.0,0.0,0.0,0.0,0.0,29.0,0.0,581.0,2.0,00-0034272,111.0
2019,26,0.0,0.0,0.0,0.0,0.0,9.0,0.0,452.0,2.0,00-0034272,84.1
2020,33,0.0,0.0,0.0,0.0,1.0,13.0,0.0,690.0,6.0,00-0034272,137.3
2021,26,0.0,0.0,0.0,0.0,0.0,0.0,0.0,430.0,3.0,00-0034272,87.0
2022,39,0.0,0.0,0.0,0.0,0.0,-3.0,0.0,660.0,2.0,00-0034272,116.7
2023,21,0.0,0.0,0.0,0.0,1.0,0.0,0.0,315.0,1.0,00-0034272,56.5
2024,16,0.0,0.0,0.0,0.0,0.0,4.0,0.0,378.0,4.0,00-0034272,78.2
2018,0,0.0,0.0,1.0,0.0,0.0,1.0,0.0,0.0,0.0,00-0029657,6.1
2018,9,0.0,0.0,0.0,0.0,1.0,0.0,0.0,130.0,1.0,00-0034286,26.0
2019,6,0.0,0.0,0.0,0.0,1.0,-1.0,0.0,165.0,1.0,00-0034286,26.4
2020,23,0.0,0.0,0.0,0.0,2.0,0.0,0.0,391.0,1.0,00-0034286,64.1
2022,57,0.0,0.0,0.0,0.0,3.0,6.0,0.0,569.0,4.0,00-0034286,132.5
2023,8,0.0,0.0,0.0,0.0,1.0,0.0,0.0,99.0,0.0,00-0034286,15.9
2018,0,0.0,0.0,0.0,0.0,0.0,0.0,0.0,0.0,0.0,00-0034728,0.0
2018,0,0.0,0.0,0.0,0.0,0.0,0.0,0.0,0.0,0.0,00-0033552,0.0
2018,42,0.0,0.0,0.0,0.0,0.0,-1.0,0.0,704.0,4.0,00-0034348,136.3
2019,72,38.0,0.0,0.0,0.0,0.0,17.0,0.0,1112.0,6.0,00-0034348,222.42000000000002
2020,3,0.0,0.0,0.0,0.0,0.0,0.0,0.0,66.0,0.0,00-0034348,9.600000000000001
2021,57,0.0,0.0,0.0,0.0,0.0,0.0,1.0,763.0,2.0,00-0034348,147.3
2022,61,0.0,0.0,0.0,0.0,0.0,5.0,0.0,796.0,1.0,00-0034348,147.10000000000002
2023,58,0.0,0.0,0.0,0.0,3.0,0.0,0.0,770.0,10.0,00-0034348,189.0
2024,76,30.0,1.0,0.0,0.0,1.0,0.0,0.0,983.0,7.0,00-0034348,219.5
2018,0,0.0,0.0,0.0,0.0,0.0,0.0,0.0,0.0,0.0,00-0034337,0.0
2017,2,0.0,0.0,0.0,0.0,0.0,0.0,0.0,18.0,0.0,00-0033464,3.8
2018,1,0.0,0.0,0.0,0.0,0.0,-4.0,0.0,7.0,0.0,00-0033464,1.3
2018,0,0.0,0.0,0.0,1.0,0.0,-2.0,0.0,0.0,0.0,00-0034369,-2.2
2018,3,0.0,0.0,0.0,0.0,0.0,79.0,0.0,21.0,0.0,00-0034509,13.0
2018,11,0.0,0.0,0.0,0.0,0.0,4.0,0.0,129.0,0.0,00-0034646,24.3
2020,12,0.0,0.0,0.0,0.0,1.0,7.0,0.0,69.0,2.0,00-0034646,29.6
2022,23,0.0,0.0,0.0,0.0,0.0,65.0,0.0,154.0,0.0,00-0034646,44.9
2023,28,0.0,0.0,0.0,0.0,1.0,17.0,0.0,322.0,1.0,00-0034646,65.9
2024,7,0.0,0.0,0.0,0.0,0.0,0.0,0.0,71.0,0.0,00-0034646,14.100000000000001
2018,0,0.0,0.0,0.0,0.0,0.0,0.0,0.0,0.0,0.0,00-0034751,0.0
2018,3,0.0,0.0,0.0,0.0,0.0,44.0,0.0,27.0,1.0,00-0034301,16.1
2019,15,0.0,0.0,3.0,0.0,1.0,141.0,0.0,167.0,1.0,00-0034301,67.8
2020,18,0.0,0.0,1.0,0.0,0.0,169.0,1.0,116.0,0.0,00-0034301,54.50000000000001
2021,44,0.0,0.0,6.0,0.0,0.0,541.0,0.0,422.0,2.0,00-0034301,188.3
2022,4,0.0,0.0,1.0,0.0,0.0,102.0,0.0,9.0,0.0,00-0034301,21.1
2018,0,0.0,0.0,0.0,0.0,0.0,0.0,0.0,0.0,0.0,00-0033566,0.0
2019,0,0.0,0.0,0.0,0.0,1.0,0.0,0.0,0.0,0.0,00-0033566,-2.0
2022,0,0.0,0.0,0.0,0.0,1.0,0.0,0.0,0.0,0.0,00-0033566,-2.0
2023,0,0.0,0.0,0.0,0.0,0.0,0.0,0.0,0.0,0.0,00-0033566,0.0
2024,0,0.0,0.0,0.0,0.0,0.0,0.0,0.0,0.0,0.0,00-0033566,0.0
2018,0,0.0,0.0,0.0,0.0,0.0,0.0,0.0,0.0,0.0,00-0034278,0.0
2019,0,0.0,0.0,0.0,0.0,0.0,0.0,0.0,0.0,0.0,00-0034278,0.0
2021,0,0.0,0.0,0.0,0.0,0.0,7.0,0.0,0.0,0.0,00-0034278,0.7000000000000001
2015,2,0.0,0.0,0.0,0.0,0.0,0.0,0.0,18.0,0.0,00-0031610,3.8
2016,10,0.0,0.0,0.0,0.0,0.0,0.0,0.0,85.0,2.0,00-0031610,30.5
2018,6,0.0,0.0,0.0,0.0,0.0,21.0,0.0,75.0,0.0,00-0031610,15.6
2019,90,0.0,0.0,0.0,0.0,1.0,5.0,0.0,1145.0,3.0,00-0031610,221.0
2020,107,0.0,0.0,0.0,0.0,2.0,0.0,1.0,1196.0,9.0,00-0031610,278.6
2021,53,0.0,0.0,0.0,0.0,0.0,0.0,0.0,643.0,2.0,00-0031610,129.3
2022,26,0.0,0.0,0.0,0.0,0.0,0.0,0.0,353.0,3.0,00-0031610,79.30000000000001
2023,47,0.0,0.0,0.0,0.0,0.0,0.0,0.0,507.0,1.0,00-0031610,103.7
2018,2,0.0,0.0,0.0,0.0,0.0,74.0,0.0,27.0,0.0,00-0034808,12.100000000000001
2019,0,0.0,0.0,0.0,0.0,0.0,9.0,0.0,0.0,0.0,00-0034808,0.9
2021,0,0.0,0.0,0.0,0.0,0.0,13.0,0.0,0.0,0.0,00-0034808,1.3
2018,0,266.0,2.0,1.0,0.0,0.0,19.0,0.0,0.0,0.0,00-0034577,26.54
2019,0,3322.0,17.0,2.0,16.0,7.0,106.0,0.0,0.0,0.0,00-0034577,177.48
2020,0,610.0,4.0,1.0,1.0,1.0,26.0,0.0,0.0,0.0,00-0034577,45.00000000000001
2021,0,120.0,1.0,0.0,0.0,1.0,11.0,0.0,0.0,0.0,00-0034577,7.9
2022,0,416.0,2.0,0.0,4.0,1.0,13.0,0.0,0.0,0.0,00-0034577,15.940000000000001
2023,0,0.0,0.0,0.0,0.0,0.0,-13.0,0.0,0.0,0.0,00-0034577,-1.3
2024,0,19.0,0.0,0.0,0.0,0.0,0.0,0.0,0.0,0.0,00-0034577,0.76
2014,48,0.0,0.0,0.0,0.0,0.0,0.0,1.0,548.0,2.0,00-0031428,116.80000000000001
2015,80,0.0,0.0,0.0,0.0,0.0,0.0,0.0,1400.0,14.0,00-0031428,304.0
2016,73,0.0,0.0,0.0,0.0,0.0,0.0,1.0,883.0,6.0,00-0031428,199.3
2017,1,0.0,0.0,0.0,0.0,0.0,0.0,0.0,17.0,0.0,00-0031428,2.7
2018,55,0.0,0.0,0.0,0.0,1.0,9.0,0.0,754.0,4.0,00-0031428,153.3
2019,98,0.0,0.0,0.0,0.0,0.0,2.0,0.0,1147.0,7.0,00-0031428,254.89999999999998
2020,102,0.0,0.0,0.0,0.0,0.0,-1.0,0.0,1250.0,6.0,00-0031428,262.9
2021,36,0.0,0.0,0.0,0.0,0.0,0.0,0.0,388.0,1.0,00-0031428,80.80000000000001
2022,33,0.0,0.0,0.0,0.0,0.0,0.0,0.0,339.0,3.0,00-0031428,84.9
2023,34,0.0,0.0,0.0,0.0,0.0,0.0,0.0,280.0,0.0,00-0031428,62.0
2024,3,0.0,0.0,0.0,0.0,0.0,0.0,0.0,30.0,0.0,00-0031428,6.0
2018,2,0.0,0.0,0.0,0.0,1.0,0.0,0.0,15.0,0.0,00-0034268,1.5
2018,39,0.0,0.0,0.0,0.0,0.0,0.0,0.0,502.0,4.0,00-0034766,113.2
2019,1,0.0,0.0,0.0,0.0,0.0,0.0,0.0,7.0,0.0,00-0034766,1.7000000000000002
2020,31,0.0,0.0,0.0,0.0,2.0,0.0,0.0,287.0,3.0,00-0034766,73.7
2021,4,0.0,0.0,0.0,0.0,0.0,0.0,0.0,40.0,1.0,00-0034766,14.0
2018,0,0.0,0.0,0.0,0.0,0.0,4.0,0.0,0.0,0.0,00-0030170,0.4
2010,11,0.0,0.0,0.0,0.0,0.0,0.0,0.0,152.0,1.0,00-0027675,32.2
2011,54,0.0,0.0,0.0,0.0,0.0,0.0,0.0,528.0,5.0,00-0027675,136.8
2012,21,0.0,0.0,0.0,0.0,0.0,0.0,0.0,225.0,0.0,00-0027675,43.5
2013,25,0.0,0.0,0.0,0.0,0.0,0.0,0.0,273.0,1.0,00-0027675,58.3
2014,10,0.0,0.0,0.0,0.0,0.0,0.0,0.0,115.0,1.0,00-0027675,27.5
2015,17,0.0,0.0,0.0,0.0,0.0,0.0,0.0,121.0,2.0,00-0027675,41.1
2016,10,0.0,0.0,0.0,0.0,0.0,0.0,0.0,134.0,1.0,00-0027675,29.4
2017,30,0.0,0.0,0.0,0.0,0.0,0.0,0.0,437.0,1.0,00-0027675,79.7
2018,12,0.0,0.0,0.0,0.0,0.0,9.0,0.0,143.0,3.0,00-0027675,45.2
2018,0,40.0,0.0,0.0,0.0,0.0,0.0,0.0,0.0,0.0,00-0031395,1.6
2019,0,0.0,0.0,0.0,0.0,0.0,-3.0,0.0,0.0,0.0,00-0031395,-0.30000000000000004
2020,0,243.0,1.0,0.0,1.0,0.0,28.0,0.0,0.0,0.0,00-0031395,14.520000000000001
2021,0,194.0,0.0,0.0,0.0,0.0,0.0,0.0,0.0,0.0,00-0031395,7.76
2018,0,0.0,0.0,0.0,0.0,0.0,16.0,0.0,0.0,0.0,00-0033049,1.6
2018,1,0.0,0.0,0.0,0.0,1.0,0.0,0.0,44.0,0.0,00-0034054,3.4000000000000004
2020,6,0.0,0.0,0.0,0.0,0.0,0.0,0.0,41.0,0.0,00-0034054,10.100000000000001
2022,8,0.0,0.0,0.0,0.0,0.0,0.0,0.0,97.0,2.0,00-0034054,29.700000000000003
2023,8,0.0,0.0,0.0,0.0,0.0,0.0,0.0,103.0,1.0,00-0034054,24.3
2024,3,0.0,0.0,0.0,0.0,0.0,0.0,0.0,28.0,0.0,00-0034054,5.800000000000001
2018,28,0.0,0.0,0.0,0.0,0.0,0.0,0.0,427.0,5.0,00-0034765,100.7
2019,18,0.0,0.0,0.0,0.0,0.0,0.0,0.0,234.0,5.0,00-0034765,71.4
2020,34,0.0,0.0,0.0,0.0,0.0,3.0,0.0,448.0,4.0,00-0034765,103.1
2021,27,0.0,0.0,0.0,0.0,0.0,0.0,0.0,301.0,2.0,00-0034765,69.1
2022,18,0.0,0.0,0.0,0.0,0.0,0.0,0.0,272.0,1.0,00-0034765,51.2
2018,6,0.0,0.0,0.0,0.0,0.0,0.0,0.0,63.0,0.0,00-0034411,12.3
2019,49,0.0,0.0,0.0,0.0,1.0,12.0,0.0,446.0,1.0,00-0034411,98.80000000000001
2020,72,39.0,1.0,0.0,0.0,0.0,9.0,0.0,786.0,4.0,00-0034411,181.06
2021,57,0.0,0.0,0.0,0.0,2.0,0.0,0.0,645.0,3.0,00-0034411,135.5
2022,48,0.0,0.0,0.0,0.0,1.0,0.0,1.0,411.0,4.0,00-0034411,113.1
2019,10,0.0,0.0,1.0,0.0,1.0,462.0,0.0,82.0,0.0,00-0034972,68.4
2020,13,0.0,0.0,2.0,0.0,0.0,434.0,0.0,125.0,1.0,00-0034972,86.9
2021,31,0.0,0.0,3.0,0.0,1.0,473.0,0.0,225.0,1.0,00-0034972,122.80000000000001
2022,14,0.0,0.0,3.0,0.0,0.0,229.0,0.0,85.0,1.0,00-0034972,69.4
2023,29,0.0,0.0,0.0,0.0,2.0,676.0,0.0,187.0,3.0,00-0034972,129.3
2024,32,0.0,0.0,4.0,0.0,1.0,400.0,1.0,283.0,1.0,00-0034972,130.3
2019,8,0.0,0.0,2.0,0.0,0.0,225.0,0.0,70.0,0.0,00-0034975,49.5
2020,5,0.0,0.0,0.0,0.0,0.0,60.0,0.0,20.0,0.0,00-0034975,13.0
2022,12,0.0,0.0,0.0,0.0,1.0,228.0,0.0,58.0,0.0,00-0034975,38.599999999999994
2023,25,0.0,0.0,3.0,0.0,1.0,387.0,0.0,180.0,1.0,00-0034975,103.7
2024,42,0.0,0.0,1.0,0.0,0.0,223.0,0.0,383.0,3.0,00-0034975,126.6
2019,29,0.0,0.0,2.0,0.0,1.0,775.0,0.0,194.0,2.0,00-0035250,147.9
2020,38,0.0,0.0,2.0,0.0,1.0,687.0,0.0,269.0,0.0,00-0035250,143.6
2021,38,0.0,0.0,6.0,0.0,0.0,782.0,0.0,204.0,0.0,00-0035250,172.6
2022,37,0.0,0.0,5.0,0.0,2.0,790.0,0.0,277.0,1.0,00-0035250,175.7
2023,29,6.0,1.0,3.0,0.0,0.0,835.0,0.0,191.0,0.0,00-0035250,153.84
2024,20,0.0,0.0,4.0,0.0,2.0,415.0,0.0,124.0,0.0,00-0035250,93.9
2019,20,0.0,0.0,7.0,0.0,1.0,1150.0,0.0,166.0,0.0,00-0035700,191.6
2020,33,0.0,0.0,12.0,0.0,2.0,1065.0,0.0,238.0,0.0,00-0035700,231.3
2021,52,0.0,0.0,8.0,0.0,2.0,740.0,0.0,336.0,0.0,00-0035700,203.6
2022,51,0.0,0.0,12.0,0.0,1.0,1608.0,0.0,395.0,0.0,00-0035700,321.3
2023,37,0.0,0.0,6.0,0.0,1.0,805.0,0.0,296.0,0.0,00-0035700,181.1
2024,35,0.0,0.0,14.0,0.0,3.0,1285.0,0.0,340.0,1.0,00-0035700,281.5
2019,40,0.0,0.0,0.0,0.0,1.0,-12.0,0.0,562.0,3.0,00-0035644,111.0
2020,62,0.0,0.0,0.0,0.0,0.0,0.0,1.0,673.0,3.0,00-0035644,149.3
2021,67,0.0,0.0,0.0,0.0,0.0,0.0,0.0,654.0,4.0,00-0035644,156.4
2022,46,0.0,0.0,0.0,0.0,0.0,0.0,0.0,466.0,4.0,00-0035644,116.6
2023,32,0.0,0.0,0.0,0.0,0.0,0.0,0.0,414.0,0.0,00-0035644,73.4
2024,43,0.0,0.0,0.0,0.0,0.0,0.0,0.0,437.0,0.0,00-0035644,86.7
2019,0,3752.0,20.0,4.0,12.0,2.0,539.0,3.0,0.0,0.0,00-0035228,285.98
2020,0,3971.0,26.0,11.0,12.0,4.0,819.0,0.0,0.0,0.0,00-0035228,378.74
2021,0,3547.0,23.0,5.0,10.0,0.0,388.0,0.0,0.0,0.0,00-0035228,282.68
2022,0,2368.0,14.0,3.0,7.0,2.0,418.0,4.0,0.0,0.0,00-0035228,200.52
2023,0,1537.0,9.0,3.0,5.0,0.0,211.0,1.0,0.0,0.0,00-0035228,128.58
2024,0,3609.0,17.0,5.0,11.0,4.0,550.0,1.0,0.0,0.0,00-0035228,269.36
2019,24,0.0,0.0,0.0,0.0,1.0,273.0,0.0,109.0,0.0,00-0035537,60.199999999999996
2020,16,0.0,0.0,1.0,0.0,0.0,254.0,0.0,99.0,1.0,00-0035537,63.300000000000004
2021,34,0.0,0.0,2.0,0.0,1.0,239.0,0.0,372.0,2.0,00-0035537,117.10000000000001
2022,10,0.0,0.0,1.0,0.0,0.0,148.0,0.0,75.0,0.0,00-0035537,38.3
2023,6,0.0,0.0,0.0,0.0,0.0,127.0,0.0,53.0,1.0,00-0035537,30.000000000000004
2024,17,0.0,0.0,1.0,0.0,0.0,200.0,0.0,284.0,3.0,00-0035537,89.4
2019,25,0.0,0.0,6.0,0.0,2.0,889.0,0.0,185.0,1.0,00-0035685,170.4
2020,54,0.0,0.0,8.0,0.0,1.0,1070.0,1.0,438.0,2.0,00-0035685,264.8
2021,40,0.0,0.0,7.0,1.0,1.0,774.0,0.0,294.0,0.0,00-0035685,184.8
2022,34,0.0,0.0,5.0,0.0,2.0,780.0,0.0,316.0,1.0,00-0035685,175.6
2023,16,0.0,0.0,12.0,0.0,1.0,975.0,1.0,117.0,0.0,00-0035685,197.2
2024,36,3.0,1.0,12.0,0.0,1.0,775.0,0.0,341.0,0.0,00-0035685,221.72
2019,18,0.0,0.0,0.0,0.0,1.0,34.0,0.0,127.0,1.0,00-0035639,38.1
2020,6,0.0,0.0,0.0,0.0,0.0,16.0,0.0,71.0,0.0,00-0035639,14.7
2021,10,0.0,0.0,0.0,0.0,0.0,0.0,0.0,162.0,1.0,00-0035639,32.2
2022,57,0.0,0.0,0.0,0.0,0.0,32.0,0.0,581.0,3.0,00-0035639,136.3
2023,20,0.0,0.0,0.0,0.0,0.0,0.0,0.0,104.0,0.0,00-0035639,30.4
2024,6,0.0,0.0,0.0,0.0,0.0,0.0,0.0,30.0,1.0,00-0035639,15.0
2019,0,3271.0,21.0,0.0,6.0,7.0,344.0,3.0,0.0,0.0,00-0035289,229.24
2020,1,2259.0,16.0,1.0,5.0,4.0,153.0,1.0,0.0,0.0,00-0035289,160.66000000000003
2021,0,253.0,2.0,0.0,0.0,0.0,11.0,0.0,0.0,0.0,00-0035289,19.220000000000002
2022,0,663.0,3.0,1.0,3.0,1.0,3.0,0.0,0.0,0.0,00-0035289,36.81999999999999
2023,0,3164.0,15.0,3.0,9.0,5.0,91.0,1.0,0.0,0.0,00-0035289,187.66
2024,0,2013.0,9.0,0.0,10.0,4.0,58.0,1.0,0.0,0.0,00-0035289,96.32
2019,14,0.0,0.0,0.0,0.0,0.0,108.0,0.0,144.0,2.0,00-0035268,51.199999999999996
2021,1,0.0,0.0,0.0,0.0,0.0,28.0,0.0,6.0,0.0,00-0035268,4.4
2019,4,0.0,0.0,0.0,0.0,0.0,147.0,0.0,37.0,0.0,00-0035664,22.400000000000002
2020,16,0.0,0.0,5.0,0.0,0.0,624.0,0.0,155.0,1.0,00-0035664,129.9
2021,29,0.0,0.0,5.0,0.0,0.0,688.0,0.0,176.0,3.0,00-0035664,163.4
2022,17,0.0,0.0,3.0,0.0,0.0,283.0,0.0,102.0,0.0,00-0035664,73.5
2023,10,0.0,0.0,2.0,0.0,0.0,112.0,0.0,103.0,0.0,00-0035664,43.5
2019,15,0.0,0.0,2.0,0.0,1.0,455.0,1.0,107.0,1.0,00-0035261,89.2
2020,28,0.0,0.0,4.0,0.0,0.0,435.0,0.0,193.0,1.0,00-0035261,120.8
2021,39,0.0,0.0,2.0,0.0,0.0,719.0,0.0,337.0,0.0,00-0035261,156.60000000000002
2022,39,0.0,0.0,9.0,0.0,0.0,988.0,0.0,371.0,3.0,00-0035261,246.9
2023,53,0.0,0.0,5.0,0.0,1.0,935.0,1.0,295.0,0.0,00-0035261,206.0
2024,41,0.0,0.0,5.0,0.0,2.0,1017.0,1.0,238.0,0.0,00-0035261,194.5
2019,0,3027.0,24.0,2.0,12.0,11.0,279.0,2.0,0.0,0.0,00-0035710,214.98
2020,0,2943.0,11.0,1.0,10.0,6.0,423.0,1.0,0.0,0.0,00-0035710,180.02
2021,1,2428.0,10.0,2.0,7.0,3.0,298.0,3.0,16.0,0.0,00-0035710,167.52
2022,0,3205.0,15.0,7.0,5.0,3.0,708.0,2.0,0.0,0.0,00-0035710,289.0
2023,0,909.0,2.0,1.0,6.0,1.0,206.0,0.0,0.0,0.0,00-0035710,56.96
2024,0,2070.0,8.0,2.0,7.0,2.0,265.0,0.0,0.0,0.0,00-0035710,135.3
2017,18,0.0,0.0,0.0,0.0,0.0,0.0,0.0,157.0,2.0,00-0033858,45.7
2018,20,0.0,0.0,0.0,0.0,0.0,0.0,0.0,258.0,3.0,00-0033858,63.8
2019,35,0.0,0.0,0.0,0.0,0.0,78.0,0.0,439.0,3.0,00-0033858,104.7
2020,41,0.0,0.0,1.0,0.0,0.0,4.0,0.0,448.0,8.0,00-0033858,140.20000000000002
2021,28,0.0,0.0,0.0,0.0,0.0,35.0,0.0,294.0,1.0,00-0033858,66.9
2022,27,0.0,0.0,0.0,0.0,0.0,5.0,0.0,245.0,0.0,00-0033858,52.0
2023,47,0.0,0.0,0.0,0.0,1.0,0.0,0.0,553.0,2.0,00-0033858,112.30000000000001
2024,79,0.0,0.0,0.0,0.0,0.0,-1.0,0.0,828.0,7.0,00-0033858,203.70000000000002
2019,6,0.0,0.0,0.0,0.0,0.0,21.0,0.0,71.0,0.0,00-0035628,15.2
2020,3,0.0,0.0,0.0,0.0,0.0,166.0,0.0,14.0,0.0,00-0035628,21.0
2021,18,0.0,0.0,2.0,0.0,0.0,411.0,0.0,127.0,0.0,00-0035628,83.8
2022,3,0.0,0.0,0.0,0.0,0.0,17.0,0.0,7.0,0.0,00-0035628,5.4
2023,10,0.0,0.0,0.0,0.0,0.0,109.0,0.0,140.0,0.0,00-0035628,34.9
2024,11,0.0,0.0,0.0,0.0,0.0,117.0,0.0,96.0,0.0,00-0035628,32.300000000000004
2019,7,0.0,0.0,2.0,0.0,0.0,245.0,0.0,79.0,1.0,00-0034358,57.4
2019,50,0.0,0.0,3.0,0.0,1.0,818.0,1.0,509.0,3.0,00-0035243,218.70000000000002
2020,28,0.0,0.0,6.0,0.0,2.0,867.0,2.0,197.0,0.0,00-0035243,170.39999999999998
2021,26,0.0,0.0,0.0,0.0,1.0,754.0,1.0,158.0,0.0,00-0035243,117.2
2022,20,0.0,0.0,11.0,0.0,2.0,1236.0,0.0,78.0,0.0,00-0035243,213.40000000000003
2023,27,0.0,0.0,1.0,0.0,2.0,414.0,0.0,154.0,0.0,00-0035243,85.80000000000001
2024,21,0.0,0.0,1.0,0.0,0.0,139.0,0.0,98.0,0.0,00-0035243,50.7
2019,0,416.0,0.0,0.0,3.0,1.0,0.0,0.0,0.0,0.0,00-0034412,8.64
2019,34,0.0,0.0,1.0,0.0,0.0,85.0,0.0,310.0,4.0,00-0034928,103.5
2020,27,0.0,0.0,0.0,0.0,2.0,18.0,0.0,265.0,1.0,00-0034928,57.3
2022,14,0.0,0.0,0.0,0.0,0.0,54.0,0.0,104.0,0.0,00-0034928,29.799999999999997
2023,3,0.0,0.0,0.0,0.0,0.0,1.0,0.0,25.0,0.0,00-0034928,5.6
2024,0,0.0,0.0,0.0,0.0,1.0,0.0,0.0,0.0,0.0,00-0034928,-2.0
2019,9,0.0,0.0,1.0,0.0,0.0,128.0,0.0,43.0,0.0,00-0035148,32.1
2020,7,0.0,0.0,1.0,0.0,1.0,97.0,0.0,65.0,1.0,00-0035148,33.2
2018,4,0.0,0.0,0.0,0.0,0.0,0.0,0.0,39.0,0.0,00-0034309,7.9
2019,2,0.0,0.0,0.0,0.0,0.0,0.0,0.0,70.0,0.0,00-0034309,9.0
2020,20,0.0,0.0,0.0,0.0,1.0,0.0,0.0,201.0,2.0,00-0034309,50.1
2019,3,0.0,0.0,2.0,0.0,1.0,426.0,0.0,23.0,0.0,00-0035217,57.9
2020,10,0.0,0.0,4.0,0.0,1.0,368.0,0.0,61.0,0.0,00-0035217,74.9
2021,2,0.0,0.0,0.0,0.0,0.0,76.0,0.0,13.0,0.0,00-0035217,10.900000000000002
2022,2,0.0,0.0,1.0,0.0,0.0,90.0,0.0,17.0,0.0,00-0035217,18.7
2019,0,1765.0,13.0,0.0,9.0,0.0,42.0,0.0,0.0,0.0,00-0034771,108.80000000000001
2020,0,324.0,2.0,0.0,1.0,0.0,-6.0,0.0,0.0,0.0,00-0034771,18.36
2021,0,277.0,1.0,0.0,1.0,0.0,53.0,0.0,0.0,0.0,00-0034771,18.380000000000003
2023,0,567.0,2.0,0.0,0.0,0.0,9.0,0.0,0.0,0.0,00-0034771,31.58
2024,0,1460.0,9.0,1.0,9.0,1.0,101.0,1.0,0.0,0.0,00-0034771,92.5
2019,57,0.0,0.0,3.0,0.0,1.0,159.0,1.0,802.0,3.0,00-0035719,189.10000000000002
2020,33,0.0,0.0,0.0,0.0,0.0,26.0,0.0,391.0,1.0,00-0035719,80.7
2021,73,0.0,0.0,7.0,0.0,2.0,320.0,0.0,1310.0,6.0,00-0035719,310.0
2022,54,0.0,0.0,3.0,0.0,2.0,228.0,0.0,612.0,2.0,00-0035719,164.0
2023,58,0.0,0.0,5.0,0.0,0.0,214.0,0.0,871.0,7.0,00-0035719,238.5
2024,51,0.0,0.0,1.0,0.0,1.0,136.0,0.0,670.0,3.0,00-0035719,153.6
2019,26,0.0,0.0,0.0,0.0,2.0,17.0,0.0,538.0,6.0,00-0035140,113.5
2020,41,0.0,0.0,0.0,0.0,2.0,31.0,1.0,560.0,4.0,00-0035140,122.1
2021,51,0.0,0.0,0.0,0.0,2.0,36.0,0.0,590.0,2.0,00-0035140,121.6
2022,25,0.0,0.0,2.0,0.0,0.0,31.0,0.0,297.0,4.0,00-0035140,93.8
2023,9,0.0,0.0,0.0,0.0,1.0,3.0,0.0,47.0,0.0,00-0035140,12.0
2024,12,0.0,0.0,1.0,0.0,0.0,62.0,0.0,90.0,0.0,00-0035140,33.2
2019,6,0.0,0.0,1.0,0.0,0.0,116.0,0.0,57.0,0.0,00-0034578,29.3
2020,2,0.0,0.0,0.0,0.0,0.0,69.0,0.0,18.0,1.0,00-0034578,16.7
2021,2,0.0,0.0,0.0,0.0,0.0,4.0,0.0,12.0,0.0,00-0034578,3.6
2019,28,0.0,0.0,0.0,0.0,0.0,9.0,0.0,388.0,2.0,00-0035689,79.7
2020,24,0.0,0.0,0.0,0.0,2.0,0.0,0.0,288.0,3.0,00-0035689,66.8
2021,46,0.0,0.0,0.0,0.0,0.0,0.0,1.0,538.0,9.0,00-0035689,155.8
2022,46,0.0,0.0,0.0,0.0,0.0,0.0,0.0,504.0,5.0,00-0035689,126.4
2023,20,0.0,0.0,0.0,0.0,0.0,0.0,1.0,164.0,1.0,00-0035689,44.400000000000006
2024,22,0.0,0.0,0.0,0.0,0.0,0.0,0.0,311.0,1.0,00-0035689,59.1
2019,6,0.0,0.0,0.0,0.0,1.0,31.0,0.0,24.0,0.0,00-0035215,9.5
2020,20,0.0,0.0,0.0,0.0,1.0,51.0,0.0,186.0,1.0,00-0035215,47.7
2021,33,0.0,0.0,0.0,0.0,1.0,32.0,0.0,546.0,3.0,00-0035215,106.80000000000001
2022,2,0.0,0.0,0.0,0.0,1.0,0.0,0.0,13.0,0.0,00-0035215,1.3
2023,14,0.0,0.0,0.0,0.0,1.0,0.0,0.0,138.0,1.0,00-0035215,31.8
2019,2,0.0,0.0,0.0,0.0,1.0,0.0,0.0,34.0,0.0,00-0035645,3.4000000000000004
2020,5,0.0,0.0,0.0,0.0,0.0,23.0,0.0,62.0,1.0,00-0035645,19.5
2021,2,0.0,0.0,0.0,0.0,0.0,9.0,0.0,31.0,0.0,00-0035645,6.0
2022,5,0.0,0.0,0.0,0.0,1.0,35.0,0.0,53.0,0.0,00-0035645,11.8
2023,1,0.0,0.0,0.0,0.0,2.0,0.0,0.0,0.0,0.0,00-0035645,-3.0
2019,0,14.0,0.0,0.0,1.0,0.0,-2.0,0.0,0.0,0.0,00-0035264,-1.64
2020,0,256.0,2.0,0.0,3.0,0.0,7.0,0.0,0.0,0.0,00-0035264,12.940000000000001
2022,0,437.0,3.0,0.0,2.0,0.0,34.0,0.0,0.0,0.0,00-0035264,28.880000000000003
2023,0,224.0,1.0,0.0,0.0,0.0,6.0,0.0,0.0,0.0,00-0035264,13.56
2024,0,0.0,0.0,0.0,0.0,0.0,-2.0,0.0,0.0,0.0,00-0035264,-0.2
2019,59,0.0,0.0,0.0,0.0,1.0,41.0,0.0,680.0,5.0,00-0035216,159.1
2020,88,0.0,0.0,0.0,0.0,1.0,15.0,0.0,923.0,7.0,00-0035216,221.8
2021,100,0.0,0.0,0.0,0.0,2.0,53.0,1.0,1110.0,8.0,00-0035216,262.3
2022,84,0.0,0.0,0.0,0.0,0.0,25.0,1.0,844.0,0.0,00-0035216,172.9
2023,47,0.0,0.0,0.0,0.0,0.0,0.0,0.0,621.0,4.0,00-0035216,133.1
2024,31,0.0,0.0,0.0,0.0,0.0,6.0,0.0,363.0,3.0,00-0035216,85.9
2019,2,0.0,0.0,0.0,0.0,0.0,0.0,0.0,21.0,0.0,00-0033994,4.1
2019,32,0.0,0.0,0.0,0.0,1.0,0.0,0.0,428.0,3.0,00-0035350,90.80000000000001
2020,18,0.0,0.0,0.0,0.0,0.0,0.0,2.0,288.0,4.0,00-0035350,74.8
2021,6,0.0,0.0,0.0,0.0,0.0,7.0,0.0,71.0,0.0,00-0035350,13.8
2019,6,0.0,0.0,0.0,0.0,0.0,17.0,0.0,44.0,1.0,00-0035125,18.1
2020,12,0.0,0.0,0.0,0.0,0.0,4.0,0.0,110.0,1.0,00-0035125,29.4
2021,10,0.0,0.0,0.0,0.0,0.0,1.0,0.0,85.0,1.0,00-0035125,24.6
2022,15,0.0,0.0,1.0,0.0,0.0,8.0,0.0,105.0,1.0,00-0035125,38.3
2023,13,0.0,0.0,0.0,0.0,0.0,0.0,0.0,119.0,0.0,00-0035125,24.9
2024,9,0.0,0.0,1.0,0.0,1.0,17.0,0.0,75.0,0.0,00-0035125,22.2
2016,4,0.0,0.0,0.0,0.0,0.0,0.0,0.0,27.0,0.0,00-0032794,6.7
2017,3,0.0,0.0,0.0,0.0,0.0,0.0,0.0,19.0,0.0,00-0032794,4.9
2018,1,0.0,0.0,0.0,0.0,0.0,0.0,0.0,2.0,0.0,00-0032794,1.2
2019,7,0.0,0.0,0.0,0.0,0.0,3.0,0.0,97.0,0.0,00-0032794,17.0
2019,9,0.0,0.0,0.0,0.0,0.0,15.0,0.0,189.0,1.0,00-0035527,35.400000000000006
2020,21,0.0,0.0,0.0,0.0,0.0,-6.0,0.0,224.0,2.0,00-0035527,54.8
2021,1,0.0,0.0,0.0,0.0,0.0,0.0,0.0,13.0,0.0,00-0035527,2.3
2022,2,0.0,0.0,0.0,0.0,0.0,1.0,0.0,21.0,0.0,00-0035527,4.2
2019,35,0.0,0.0,2.0,0.0,1.0,17.0,0.0,286.0,0.0,00-0033854,75.30000000000001
2020,10,0.0,0.0,0.0,0.0,0.0,145.0,0.0,54.0,0.0,00-0033854,29.9
2021,10,0.0,0.0,1.0,0.0,0.0,107.0,0.0,89.0,1.0,00-0033854,41.6
2022,15,0.0,0.0,1.0,0.0,0.0,90.0,0.0,99.0,0.0,00-0033854,39.9
2023,2,0.0,0.0,0.0,0.0,0.0,35.0,0.0,18.0,0.0,00-0033854,7.3
2024,17,0.0,0.0,0.0,0.0,0.0,115.0,0.0,172.0,1.0,00-0033854,51.7
2019,3,0.0,0.0,0.0,0.0,2.0,91.0,0.0,1.0,0.0,00-0035013,8.2
2019,0,1365.0,7.0,0.0,7.0,2.0,101.0,1.0,0.0,0.0,00-0035232,76.69999999999999
2020,0,1439.0,5.0,1.0,7.0,3.0,46.0,0.0,0.0,0.0,00-0035232,68.16
2019,21,0.0,0.0,0.0,0.0,1.0,3.0,1.0,187.0,1.0,00-0035287,46.0
2020,15,0.0,0.0,0.0,0.0,0.0,0.0,0.0,173.0,0.0,00-0035287,32.3
2019,0,1063.0,5.0,0.0,8.0,1.0,68.0,0.0,0.0,0.0,00-0035577,51.32000000000001
2019,0,0.0,0.0,0.0,0.0,0.0,4.0,0.0,0.0,0.0,00-0032320,0.4
2019,6,0.0,0.0,0.0,0.0,1.0,6.0,0.0,31.0,0.0,00-0031319,7.699999999999999
2020,3,0.0,0.0,0.0,0.0,0.0,19.0,0.0,26.0,0.0,00-0031319,7.5
2021,1,0.0,0.0,0.0,0.0,2.0,0.0,0.0,-3.0,0.0,00-0031319,-3.3
2019,4,0.0,0.0,0.0,0.0,0.0,48.0,0.0,18.0,0.0,00-0032540,10.600000000000001
2018,8,0.0,0.0,0.0,0.0,0.0,0.0,0.0,156.0,2.0,00-0034159,35.6
2019,23,0.0,0.0,0.0,0.0,0.0,7.0,0.0,262.0,4.0,00-0034159,73.9
2020,24,0.0,0.0,0.0,0.0,0.0,0.0,0.0,251.0,2.0,00-0034159,61.1
2021,21,0.0,0.0,0.0,0.0,0.0,0.0,0.0,231.0,1.0,00-0034159,50.1
2022,34,0.0,0.0,0.0,0.0,0.0,0.0,0.0,349.0,3.0,00-0034159,86.9
2023,14,0.0,0.0,0.0,0.0,0.0,0.0,0.0,126.0,0.0,00-0034159,26.6
2024,45,0.0,0.0,0.0,0.0,0.0,0.0,0.0,439.0,1.0,00-0034159,94.9
2018,5,0.0,0.0,0.0,0.0,0.0,0.0,0.0,91.0,1.0,00-0034631,20.1
2019,17,0.0,0.0,1.0,0.0,1.0,52.0,0.0,225.0,0.0,00-0034631,48.7
2020,1,0.0,0.0,0.0,0.0,0.0,0.0,0.0,13.0,0.0,00-0034631,2.3
2021,0,0.0,0.0,0.0,0.0,0.0,0.0,0.0,0.0,0.0,00-0034631,0.0
2019,13,0.0,0.0,0.0,0.0,0.0,16.0,0.0,200.0,1.0,00-0035298,40.6
2020,33,0.0,0.0,0.0,0.0,0.0,14.0,0.0,501.0,3.0,00-0035298,102.5
2021,4,0.0,0.0,0.0,0.0,0.0,0.0,0.0,29.0,0.0,00-0035298,6.9
2022,22,0.0,0.0,0.0,0.0,0.0,8.0,0.0,177.0,0.0,00-0035298,40.5
2023,9,0.0,0.0,0.0,0.0,0.0,0.0,0.0,95.0,2.0,00-0035298,30.5
2024,5,0.0,0.0,0.0,0.0,0.0,0.0,0.0,69.0,0.0,00-0035298,11.9
2019,1,0.0,0.0,0.0,0.0,1.0,0.0,0.0,1.0,0.0,00-0035181,-0.9
2020,5,0.0,0.0,0.0,0.0,1.0,0.0,0.0,46.0,0.0,00-0035181,7.6000000000000005
2019,0,0.0,0.0,0.0,1.0,0.0,0.0,0.0,0.0,0.0,00-0033787,-2.0
2019,24,0.0,0.0,5.0,0.0,1.0,245.0,0.0,204.0,0.0,00-0034414,96.9
2020,25,0.0,0.0,1.0,0.0,0.0,374.0,0.0,212.0,1.0,00-0034414,95.60000000000001
2021,13,0.0,0.0,7.0,0.0,1.0,373.0,0.0,83.0,0.0,00-0034414,98.60000000000001
2022,5,0.0,0.0,2.0,0.0,0.0,163.0,0.0,15.0,0.0,00-0034414,34.8
2023,4,0.0,0.0,0.0,0.0,1.0,81.0,0.0,52.0,0.0,00-0034414,15.3
2019,58,0.0,0.0,0.0,0.0,3.0,11.0,1.0,900.0,7.0,00-0035640,187.1
2020,83,0.0,0.0,0.0,0.0,1.0,0.0,0.0,1303.0,10.0,00-0035640,271.3
2021,70,0.0,0.0,0.0,0.0,0.0,6.0,0.0,909.0,12.0,00-0035640,233.5
2022,87,0.0,0.0,0.0,0.0,2.0,0.0,0.0,1008.0,6.0,00-0035640,219.8
2023,65,0.0,0.0,0.0,0.0,0.0,0.0,0.0,1104.0,8.0,00-0035640,223.4
2024,63,0.0,0.0,0.0,0.0,2.0,0.0,0.0,939.0,4.0,00-0035640,176.9
2019,0,0.0,0.0,0.0,0.0,0.0,26.0,0.0,0.0,0.0,00-0034654,2.6
2018,14,0.0,0.0,0.0,0.0,1.0,0.0,0.0,174.0,0.0,00-0034777,29.400000000000002
2019,73,0.0,0.0,0.0,0.0,0.0,20.0,1.0,1008.0,8.0,00-0034777,225.8
2020,53,0.0,0.0,0.0,0.0,0.0,0.0,0.0,706.0,5.0,00-0034777,153.60000000000002
2021,7,0.0,0.0,0.0,0.0,0.0,0.0,0.0,154.0,2.0,00-0034777,34.4
2022,27,0.0,0.0,0.0,0.0,0.0,0.0,0.0,488.0,3.0,00-0034777,93.80000000000001
2023,33,0.0,0.0,0.0,0.0,0.0,0.0,0.0,479.0,5.0,00-0034777,110.9
2024,3,0.0,0.0,0.0,0.0,0.0,0.0,0.0,25.0,0.0,00-0034777,5.5
2019,52,0.0,0.0,1.0,0.0,0.0,60.0,0.0,1051.0,8.0,00-0035676,217.10000000000002
2020,70,0.0,0.0,0.0,0.0,1.0,0.0,0.0,1075.0,11.0,00-0035676,241.5
2021,59,0.0,0.0,0.0,0.0,0.0,10.0,0.0,801.0,4.0,00-0035676,164.10000000000002
2022,84,0.0,0.0,0.0,0.0,2.0,0.0,0.0,1401.0,11.0,00-0035676,286.1
2023,105,0.0,0.0,0.0,0.0,1.0,0.0,0.0,1447.0,7.0,00-0035676,289.70000000000005
2024,67,0.0,0.0,0.0,0.0,0.0,0.0,0.0,1079.0,7.0,00-0035676,216.9
2019,0,0.0,0.0,0.0,0.0,0.0,12.0,0.0,0.0,0.0,00-0035657,1.2000000000000002
2020,5,0.0,0.0,2.0,0.0,0.0,691.0,0.0,52.0,0.0,00-0035657,91.30000000000001
2021,14,0.0,0.0,14.0,0.0,2.0,892.0,0.0,96.0,0.0,00-0035657,192.79999999999998
2022,16,0.0,0.0,3.0,0.0,0.0,414.0,0.0,93.0,0.0,00-0035657,84.7
2023,2,0.0,0.0,1.0,0.0,0.0,94.0,0.0,16.0,0.0,00-0035657,19.0
2019,6,0.0,0.0,0.0,0.0,1.0,0.0,0.0,115.0,0.0,00-0034419,15.5
2020,37,0.0,0.0,0.0,0.0,0.0,29.0,0.0,394.0,3.0,00-0034419,97.30000000000001
2021,46,0.0,0.0,2.0,0.0,1.0,40.0,0.0,409.0,2.0,00-0034419,112.9
2022,18,2.0,1.0,2.0,0.0,0.0,91.0,0.0,145.0,0.0,00-0034419,57.68
2023,25,0.0,0.0,0.0,0.0,0.0,11.0,0.0,229.0,1.0,00-0034419,55.0
2024,0,0.0,0.0,0.0,0.0,0.0,0.0,0.0,0.0,0.0,00-0034419,0.0
2019,0,0.0,0.0,0.0,0.0,0.0,11.0,0.0,0.0,0.0,00-0034995,1.1
2020,0,0.0,0.0,0.0,0.0,0.0,8.0,0.0,0.0,0.0,00-0034995,0.8
2019,0,15.0,0.0,0.0,0.0,0.0,-7.0,0.0,0.0,0.0,00-0034177,-0.10000000000000009
2020,0,0.0,0.0,0.0,0.0,0.0,-9.0,0.0,0.0,0.0,00-0034177,-0.9
2021,0,526.0,3.0,0.0,6.0,0.0,14.0,1.0,0.0,0.0,00-0034177,24.439999999999998
2023,0,360.0,1.0,0.0,4.0,0.0,5.0,0.0,0.0,0.0,00-0034177,10.899999999999999
2024,0,276.0,1.0,0.0,1.0,0.0,9.0,0.0,0.0,0.0,00-0034177,13.940000000000001
2016,92,0.0,0.0,0.0,0.0,2.0,0.0,0.0,1137.0,9.0,00-0032765,255.7
2017,104,0.0,0.0,0.0,0.0,0.0,0.0,0.0,1245.0,5.0,00-0032765,258.5
2018,125,0.0,0.0,0.0,0.0,2.0,0.0,0.0,1405.0,9.0,00-0032765,315.5
2019,149,0.0,0.0,0.0,0.0,0.0,-9.0,0.0,1725.0,9.0,00-0032765,374.6
2020,40,0.0,0.0,0.0,0.0,0.0,1.0,0.0,438.0,0.0,00-0032765,83.9
2022,16,0.0,0.0,0.0,0.0,0.0,0.0,0.0,171.0,3.0,00-0032765,51.1
2023,39,0.0,0.0,0.0,0.0,0.0,0.0,0.0,448.0,1.0,00-0032765,89.80000000000001
2018,1,0.0,0.0,0.0,0.0,0.0,0.0,0.0,23.0,0.0,00-0034052,3.3000000000000003
2019,8,0.0,0.0,0.0,0.0,0.0,0.0,0.0,106.0,0.0,00-0034052,18.6
2020,3,0.0,0.0,0.0,0.0,0.0,1.0,0.0,35.0,0.0,00-0034052,6.6
2021,18,0.0,0.0,0.0,0.0,0.0,0.0,0.0,250.0,1.0,00-0034052,49.0
2019,0,0.0,0.0,0.0,0.0,0.0,0.0,0.0,0.0,0.0,00-0034941,0.0
2020,0,0.0,0.0,0.0,0.0,0.0,0.0,0.0,0.0,0.0,00-0034941,0.0
2019,0,0.0,0.0,0.0,0.0,0.0,9.0,0.0,0.0,0.0,00-0035275,0.9
2017,12,0.0,0.0,0.0,0.0,0.0,0.0,0.0,127.0,3.0,00-0033896,42.7
2018,5,0.0,0.0,0.0,0.0,0.0,0.0,1.0,48.0,1.0,00-0033896,17.8
2019,9,0.0,0.0,0.0,0.0,1.0,0.0,1.0,74.0,0.0,00-0033896,16.4
2020,12,0.0,0.0,0.0,0.0,0.0,0.0,0.0,150.0,3.0,00-0033896,45.0
2021,12,0.0,0.0,0.0,0.0,0.0,0.0,0.0,110.0,0.0,00-0033896,23.0
2019,0,515.0,3.0,0.0,2.0,0.0,39.0,0.0,0.0,0.0,00-0032434,32.5
2020,0,925.0,5.0,0.0,4.0,1.0,27.0,0.0,0.0,0.0,00-0032434,49.7
2021,0,13.0,1.0,0.0,0.0,0.0,-4.0,0.0,0.0,0.0,00-0032434,4.119999999999999
2022,0,22.0,0.0,0.0,0.0,0.0,-1.0,0.0,0.0,0.0,00-0032434,0.78
2024,0,199.0,1.0,0.0,2.0,1.0,4.0,0.0,0.0,0.0,00-0032434,6.360000000000001
2019,0,0.0,0.0,0.0,0.0,0.0,7.0,0.0,0.0,0.0,00-0035551,0.7000000000000001
2020,0,0.0,0.0,0.0,0.0,0.0,4.0,0.0,0.0,0.0,00-0035551,0.4
2017,34,0.0,0.0,0.0,0.0,0.0,0.0,0.0,525.0,1.0,00-0033921,92.5
2018,59,0.0,0.0,0.0,0.0,1.0,0.0,1.0,842.0,7.0,00-0033921,185.2
2019,86,0.0,0.0,0.0,0.0,0.0,8.0,1.0,1333.0,9.0,00-0033921,276.1
2020,65,0.0,0.0,0.0,0.0,0.0,0.0,0.0,840.0,7.0,00-0033921,191.0
2021,98,0.0,0.0,1.0,0.0,2.0,21.0,0.0,1103.0,5.0,00-0033921,242.4
2022,98,0.0,0.0,0.0,0.0,1.0,5.0,1.0,964.0,3.0,00-0033921,212.9
2023,77,0.0,0.0,1.0,0.0,0.0,34.0,1.0,973.0,2.0,00-0033921,197.70000000000002
2024,50,0.0,0.0,0.0,0.0,0.0,2.0,0.0,576.0,5.0,00-0033921,137.8
2019,0,0.0,0.0,0.0,0.0,0.0,5.0,0.0,0.0,0.0,00-0028128,0.5
2019,0,474.0,2.0,0.0,2.0,3.0,77.0,0.0,0.0,0.0,00-0035652,24.66
2020,0,164.0,1.0,1.0,2.0,0.0,66.0,0.0,0.0,0.0,00-0035652,19.16
2013,8,0.0,0.0,0.0,0.0,0.0,0.0,0.0,119.0,0.0,00-0030470,19.9
2014,2,0.0,0.0,0.0,0.0,1.0,0.0,0.0,30.0,0.0,00-0030470,3.0
2015,30,0.0,0.0,0.0,0.0,0.0,0.0,0.0,326.0,3.0,00-0030470,80.6
2016,24,0.0,0.0,0.0,0.0,0.0,0.0,0.0,391.0,4.0,00-0030470,87.1
2017,14,0.0,0.0,0.0,0.0,0.0,0.0,0.0,188.0,1.0,00-0030470,38.8
2018,50,0.0,0.0,0.0,0.0,1.0,0.0,0.0,610.0,4.0,00-0030470,133.0
2019,38,0.0,0.0,0.0,0.0,0.0,2.0,0.0,273.0,3.0,00-0030470,83.5
2020,15,0.0,0.0,0.0,0.0,0.0,0.0,0.0,99.0,0.0,00-0030470,24.9
2019,23,0.0,0.0,1.0,0.0,0.0,168.0,1.0,204.0,0.0,00-0035342,68.2
2020,10,0.0,0.0,0.0,0.0,1.0,72.0,0.0,68.0,0.0,00-0035342,22.0
2021,3,0.0,0.0,0.0,0.0,0.0,4.0,0.0,17.0,0.0,00-0035342,5.1
2019,2,0.0,0.0,0.0,0.0,0.0,2.0,0.0,47.0,0.0,00-0035259,6.9
2020,1,0.0,0.0,0.0,0.0,0.0,0.0,0.0,5.0,0.0,00-0035259,1.5
2021,3,0.0,0.0,0.0,0.0,0.0,0.0,0.0,35.0,0.0,00-0035259,6.5
2022,2,0.0,0.0,0.0,0.0,0.0,0.0,1.0,26.0,0.0,00-0035259,6.6
2023,1,0.0,0.0,0.0,0.0,0.0,0.0,0.0,21.0,0.0,00-0035259,3.1
2019,1,0.0,0.0,4.0,0.0,0.0,50.0,0.0,7.0,0.0,00-0035273,30.7
2020,0,0.0,0.0,0.0,0.0,0.0,3.0,0.0,0.0,0.0,00-0035273,0.30000000000000004
2021,4,0.0,0.0,0.0,0.0,1.0,86.0,0.0,12.0,0.0,00-0035273,11.8
2019,7,0.0,0.0,1.0,0.0,0.0,133.0,0.0,51.0,0.0,00-0035311,31.400000000000002
2020,41,0.0,0.0,3.0,0.0,2.0,584.0,0.0,388.0,2.0,00-0035311,164.20000000000002
2021,46,0.0,0.0,3.0,0.0,1.0,613.0,0.0,223.0,4.0,00-0035311,169.60000000000002
2022,4,0.0,0.0,0.0,0.0,0.0,26.0,0.0,28.0,0.0,00-0035311,9.4
2024,1,0.0,0.0,0.0,0.0,0.0,-1.0,0.0,11.0,0.0,00-0035311,2.0
2019,1,0.0,0.0,1.0,0.0,1.0,377.0,0.0,5.0,0.0,00-0034432,43.2
2020,0,0.0,0.0,0.0,0.0,0.0,31.0,0.0,0.0,0.0,00-0034432,3.1
2019,0,0.0,0.0,0.0,0.0,0.0,10.0,0.0,0.0,0.0,00-0034449,1.0
2020,1,0.0,0.0,0.0,0.0,0.0,64.0,0.0,3.0,0.0,00-0034449,7.7
2021,0,0.0,0.0,0.0,0.0,0.0,11.0,0.0,0.0,0.0,00-0034449,1.1
2019,0,0.0,0.0,0.0,0.0,0.0,0.0,0.0,0.0,0.0,00-0034342,0.0
2019,0,0.0,0.0,0.0,0.0,1.0,0.0,0.0,0.0,0.0,00-0035687,-2.0
2019,0,0.0,0.0,0.0,0.0,1.0,0.0,0.0,0.0,0.0,00-0034362,-2.0
2018,27,0.0,0.0,0.0,0.0,0.0,0.0,0.0,541.0,3.0,00-0034510,99.1
2019,3,0.0,0.0,0.0,0.0,0.0,29.0,0.0,64.0,0.0,00-0034510,12.3
2020,2,0.0,0.0,0.0,0.0,0.0,0.0,0.0,37.0,0.0,00-0034510,5.7
2018,1,0.0,0.0,0.0,0.0,0.0,0.0,0.0,7.0,0.0,00-0034521,1.7000000000000002
2019,35,0.0,0.0,0.0,0.0,0.0,21.0,0.0,477.0,3.0,00-0034521,102.80000000000001
2020,33,0.0,0.0,0.0,0.0,0.0,17.0,0.0,451.0,3.0,00-0034521,97.80000000000001
2021,35,0.0,0.0,0.0,0.0,0.0,32.0,0.0,438.0,6.0,00-0034521,118.0
2022,56,0.0,0.0,0.0,0.0,0.0,0.0,0.0,747.0,5.0,00-0034521,160.7
2023,23,0.0,0.0,0.0,0.0,0.0,0.0,0.0,311.0,1.0,00-0034521,60.1
2024,34,0.0,0.0,0.0,0.0,0.0,0.0,0.0,459.0,5.0,00-0034521,109.9
2019,2,0.0,0.0,0.0,0.0,2.0,0.0,0.0,15.0,0.0,00-0035374,-0.5
2019,0,0.0,0.0,0.0,0.0,0.0,0.0,0.0,0.0,0.0,00-0033791,0.0
2019,1,0.0,0.0,0.0,0.0,0.0,122.0,0.0,9.0,0.0,00-0035596,14.100000000000001
2019,1,984.0,4.0,0.0,6.0,0.0,31.0,0.0,19.0,1.0,00-0035040,55.36
2020,0,49.0,0.0,0.0,1.0,0.0,18.0,0.0,0.0,0.0,00-0035040,1.76
2021,0,0.0,0.0,0.0,0.0,0.0,6.0,0.0,0.0,0.0,00-0035040,0.6000000000000001
2022,0,222.0,1.0,0.0,0.0,0.0,7.0,0.0,0.0,0.0,00-0035040,13.58
2019,0,1020.0,7.0,0.0,3.0,1.0,72.0,0.0,0.0,0.0,00-0035704,68.00000000000001
2020,0,2933.0,16.0,3.0,15.0,3.0,160.0,1.0,0.0,0.0,00-0035704,181.32
2021,1,625.0,2.0,0.0,2.0,1.0,18.0,0.0,1.0,0.0,00-0035704,29.900000000000002
2023,0,543.0,3.0,0.0,3.0,0.0,14.0,0.0,0.0,0.0,00-0035704,29.119999999999997
2024,0,933.0,5.0,2.0,4.0,2.0,130.0,1.0,0.0,0.0,00-0035704,72.32
2019,11,0.0,0.0,0.0,0.0,0.0,114.0,0.0,56.0,0.0,00-0035594,28.0
2020,9,0.0,0.0,0.0,0.0,0.0,88.0,0.0,90.0,1.0,00-0035594,32.8
2021,15,0.0,0.0,1.0,0.0,0.0,173.0,0.0,138.0,0.0,00-0035594,52.099999999999994
2022,16,0.0,0.0,0.0,0.0,1.0,74.0,0.0,157.0,1.0,00-0035594,43.1
2023,0,0.0,0.0,0.0,0.0,0.0,0.0,0.0,0.0,0.0,00-0035594,0.0
2024,3,0.0,0.0,0.0,0.0,0.0,23.0,0.0,11.0,0.0,00-0035594,6.4
2019,0,0.0,0.0,0.0,0.0,1.0,0.0,0.0,0.0,0.0,00-0035500,-2.0
2021,1,0.0,0.0,0.0,0.0,0.0,24.0,0.0,10.0,0.0,00-0035500,4.4
2022,48,0.0,0.0,0.0,0.0,1.0,29.0,0.0,437.0,2.0,00-0035500,104.6
2023,22,0.0,0.0,0.0,0.0,0.0,5.0,0.0,266.0,2.0,00-0035500,61.1
2024,33,0.0,0.0,0.0,0.0,1.0,24.0,0.0,295.0,1.0,00-0035500,68.9
2019,0,18.0,0.0,0.0,0.0,0.0,-1.0,0.0,0.0,0.0,00-0029857,0.62
2019,31,0.0,0.0,0.0,0.0,0.0,6.0,0.0,294.0,3.0,00-0035006,79.0
2020,14,0.0,0.0,0.0,0.0,0.0,0.0,1.0,189.0,0.0,00-0035006,34.900000000000006
2019,12,0.0,0.0,0.0,0.0,0.0,49.0,0.0,105.0,2.0,00-0035624,39.4
2020,33,0.0,0.0,0.0,0.0,1.0,0.0,0.0,309.0,2.0,00-0035624,73.9
2021,12,0.0,0.0,0.0,0.0,1.0,0.0,0.0,184.0,0.0,00-0035624,28.400000000000002
2022,6,0.0,0.0,0.0,0.0,0.0,0.0,0.0,109.0,1.0,00-0035624,22.9
2019,2,0.0,0.0,2.0,0.0,0.0,21.0,0.0,1.0,0.0,00-0035489,16.200000000000003
2019,0,0.0,0.0,0.0,0.0,0.0,0.0,0.0,0.0,0.0,00-0035699,0.0
2019,0,228.0,0.0,0.0,4.0,1.0,22.0,0.0,0.0,0.0,00-0035251,1.3200000000000012
2019,28,0.0,0.0,0.0,0.0,0.0,5.0,0.0,254.0,1.0,00-0033733,59.900000000000006
2020,53,15.0,0.0,0.0,0.0,0.0,-4.0,1.0,419.0,6.0,00-0033733,133.10000000000002
2021,6,0.0,0.0,0.0,0.0,0.0,0.0,0.0,93.0,3.0,00-0033733,33.3
2019,9,6.0,0.0,0.0,0.0,0.0,3.0,0.0,90.0,1.0,00-0034959,24.54
2022,5,0.0,0.0,0.0,0.0,0.0,0.0,0.0,69.0,0.0,00-0034959,11.9
2023,9,0.0,0.0,1.0,0.0,1.0,3.0,0.0,46.0,1.0,00-0034959,23.900000000000002
2024,0,0.0,0.0,0.0,0.0,0.0,0.0,0.0,0.0,0.0,00-0034959,0.0
2017,42,0.0,0.0,0.0,0.0,1.0,0.0,0.0,748.0,3.0,00-0033681,132.8
2018,38,0.0,0.0,0.0,0.0,2.0,0.0,0.0,491.0,1.0,00-0033681,89.1
2019,24,0.0,0.0,0.0,0.0,0.0,6.0,0.0,361.0,3.0,00-0033681,78.7
2020,55,0.0,0.0,0.0,0.0,0.0,2.0,0.0,642.0,5.0,00-0033681,149.4
2021,25,0.0,0.0,0.0,0.0,0.0,0.0,0.0,395.0,0.0,00-0033681,64.5
2022,9,0.0,0.0,0.0,0.0,0.0,0.0,0.0,136.0,1.0,00-0033681,28.6
2019,0,0.0,0.0,0.0,0.0,0.0,0.0,0.0,0.0,0.0,00-0035621,0.0
2020,0,0.0,0.0,0.0,0.0,1.0,0.0,0.0,0.0,0.0,00-0035621,-2.0
2021,0,0.0,0.0,0.0,0.0,0.0,0.0,0.0,0.0,0.0,00-0035621,0.0
2022,2,0.0,0.0,0.0,0.0,0.0,0.0,0.0,14.0,0.0,00-0035621,3.4000000000000004
2019,2,0.0,0.0,0.0,0.0,0.0,5.0,0.0,22.0,0.0,00-0034256,4.7
2019,30,11.0,0.0,0.0,0.0,0.0,0.0,0.0,365.0,0.0,00-0035297,66.94
2019,1,0.0,0.0,0.0,0.0,0.0,6.0,0.0,23.0,0.0,00-0035669,3.9000000000000004
2019,0,0.0,0.0,0.0,0.0,0.0,11.0,0.0,0.0,0.0,00-0034705,1.1
2019,0,0.0,0.0,0.0,0.0,0.0,8.0,0.0,0.0,0.0,00-0034597,0.8
2020,8,0.0,0.0,0.0,0.0,0.0,0.0,0.0,67.0,1.0,00-0034597,20.7
2021,1,0.0,0.0,0.0,0.0,0.0,4.0,0.0,4.0,0.0,00-0034597,1.7999999999999998
2019,3,0.0,0.0,0.0,0.0,0.0,27.0,0.0,23.0,0.0,00-0035184,8.0
2020,9,0.0,0.0,0.0,0.0,0.0,1.0,0.0,42.0,0.0,00-0035184,13.3
2021,1,0.0,0.0,0.0,0.0,0.0,-3.0,0.0,7.0,0.0,00-0035184,1.4
2022,1,0.0,0.0,0.0,0.0,0.0,4.0,0.0,3.0,0.0,00-0035184,1.7
2023,1,0.0,0.0,0.0,0.0,0.0,5.0,0.0,8.0,0.0,00-0035184,2.3
2018,0,0.0,0.0,0.0,0.0,0.0,0.0,0.0,0.0,0.0,00-0033471,0.0
2019,23,0.0,0.0,0.0,0.0,0.0,11.0,0.0,244.0,0.0,00-0033471,48.5
2020,28,0.0,0.0,0.0,0.0,0.0,0.0,0.0,276.0,0.0,00-0033471,55.6
2021,12,0.0,0.0,0.0,0.0,0.0,0.0,0.0,161.0,2.0,00-0033471,40.1
2019,49,0.0,0.0,0.0,0.0,0.0,0.0,0.0,605.0,4.0,00-0034983,133.5
2020,56,0.0,0.0,0.0,0.0,1.0,0.0,0.0,656.0,2.0,00-0034983,131.60000000000002
2021,99,0.0,0.0,0.0,0.0,1.0,7.0,0.0,1025.0,7.0,00-0034983,242.2
2022,29,0.0,0.0,0.0,0.0,1.0,0.0,0.0,267.0,1.0,00-0034983,59.7
2023,25,0.0,0.0,0.0,0.0,1.0,0.0,0.0,255.0,0.0,00-0034983,48.5
2019,0,0.0,0.0,0.0,0.0,0.0,1.0,0.0,0.0,0.0,00-0035146,0.1
2020,0,90.0,1.0,0.0,0.0,0.0,17.0,0.0,0.0,0.0,00-0035146,9.3
2022,0,383.0,0.0,0.0,4.0,2.0,48.0,0.0,0.0,0.0,00-0035146,8.120000000000001
2019,1,0.0,0.0,0.0,0.0,0.0,0.0,0.0,38.0,1.0,00-0032442,10.8
2013,20,0.0,0.0,0.0,0.0,0.0,0.0,0.0,272.0,1.0,00-0030089,53.2
2014,22,0.0,0.0,0.0,0.0,0.0,0.0,0.0,362.0,3.0,00-0030089,76.2
2015,17,0.0,0.0,0.0,0.0,0.0,0.0,0.0,213.0,1.0,00-0030089,44.3
2016,15,0.0,0.0,0.0,0.0,0.0,0.0,0.0,129.0,2.0,00-0030089,39.9
2017,15,0.0,0.0,0.0,0.0,0.0,0.0,0.0,153.0,4.0,00-0030089,54.3
2018,13,0.0,0.0,0.0,0.0,0.0,0.0,0.0,87.0,0.0,00-0030089,21.700000000000003
2019,8,0.0,0.0,0.0,0.0,0.0,0.0,0.0,79.0,0.0,00-0030089,15.9
2020,1,0.0,0.0,0.0,0.0,0.0,0.0,0.0,12.0,0.0,00-0030089,2.2
2020,0,105.0,1.0,0.0,1.0,0.0,15.0,0.0,0.0,0.0,00-0035752,7.699999999999999
2021,0,36.0,0.0,0.0,0.0,0.0,6.0,0.0,0.0,0.0,00-0035752,2.04
2022,0,90.0,0.0,0.0,0.0,0.0,54.0,0.0,0.0,0.0,00-0035752,9.0
2020,46,0.0,0.0,8.0,0.0,2.0,521.0,0.0,357.0,2.0,00-0036275,189.8
2021,58,0.0,0.0,4.0,0.0,1.0,587.0,0.0,434.0,2.0,00-0036275,194.1
2022,41,0.0,0.0,5.0,0.0,0.0,517.0,1.0,328.0,3.0,00-0036275,175.5
2023,39,0.0,0.0,5.0,0.0,1.0,1049.0,0.0,214.0,1.0,00-0036275,199.3
2024,42,0.0,0.0,5.0,0.0,0.0,894.0,1.0,386.0,0.0,00-0036275,202.0
2020,18,0.0,0.0,9.0,0.0,0.0,805.0,2.0,120.0,0.0,00-0036158,168.5
2022,7,0.0,0.0,2.0,0.0,0.0,520.0,0.0,42.0,1.0,00-0036158,81.2
2023,2,0.0,0.0,1.0,0.0,0.0,22.0,0.0,15.0,0.0,00-0036158,11.7
2024,29,0.0,0.0,9.0,0.0,0.0,842.0,0.0,131.0,0.0,00-0036158,180.29999999999998
2020,0,0.0,0.0,0.0,0.0,1.0,-2.0,0.0,0.0,0.0,00-0035042,-2.2
2021,0,0.0,0.0,0.0,0.0,0.0,0.0,0.0,0.0,0.0,00-0035042,0.0
2022,0,0.0,0.0,0.0,0.0,0.0,-3.0,0.0,0.0,0.0,00-0035042,-0.30000000000000004
2017,4,0.0,0.0,0.0,0.0,0.0,0.0,0.0,12.0,2.0,00-0033376,17.2
2019,8,0.0,0.0,0.0,0.0,0.0,0.0,0.0,47.0,1.0,00-0033376,18.7
2020,9,0.0,0.0,0.0,0.0,1.0,-1.0,0.0,45.0,1.0,00-0033376,17.4
2021,8,0.0,0.0,0.0,0.0,0.0,4.0,0.0,63.0,1.0,00-0033376,20.700000000000003
2022,11,0.0,0.0,0.0,0.0,0.0,16.0,0.0,74.0,0.0,00-0033376,20.0
2023,5,0.0,0.0,0.0,0.0,0.0,0.0,0.0,52.0,1.0,00-0033376,16.2
2024,2,0.0,0.0,0.0,0.0,0.0,0.0,0.0,8.0,1.0,00-0033376,8.8
2020,11,0.0,0.0,2.0,0.0,1.0,625.0,0.0,123.0,1.0,00-0036414,101.8
2022,10,0.0,0.0,7.0,0.0,2.0,682.0,0.0,93.0,0.0,00-0036414,125.5
2023,11,0.0,0.0,2.0,0.0,0.0,167.0,0.0,70.0,0.0,00-0036414,46.7
2024,12,0.0,0.0,2.0,0.0,1.0,379.0,0.0,64.0,3.0,00-0036414,84.30000000000001
2020,2,0.0,0.0,2.0,0.0,0.0,242.0,0.0,21.0,0.0,00-0036265,40.300000000000004
2021,33,0.0,0.0,5.0,0.0,1.0,740.0,0.0,309.0,2.0,00-0036265,177.9
2022,28,0.0,0.0,7.0,0.0,0.0,737.0,0.0,206.0,0.0,00-0036265,164.29999999999998
2023,22,0.0,0.0,2.0,0.0,0.0,613.0,0.0,223.0,0.0,00-0036265,117.60000000000001
2020,36,0.0,0.0,4.0,0.0,0.0,803.0,0.0,297.0,1.0,00-0036360,176.0
2021,19,0.0,0.0,4.0,0.0,2.0,517.0,1.0,129.0,2.0,00-0036360,117.60000000000001
2022,17,0.0,0.0,3.0,0.0,0.0,302.0,0.0,151.0,3.0,00-0036360,98.30000000000001
2023,16,0.0,0.0,1.0,0.0,0.0,222.0,0.0,179.0,1.0,00-0036360,68.10000000000001
2024,2,0.0,0.0,0.0,0.0,0.0,20.0,0.0,10.0,0.0,00-0036360,5.0
2020,49,0.0,0.0,7.0,0.0,1.0,1070.0,1.0,344.0,3.0,00-0035831,250.4
2021,31,0.0,0.0,8.0,0.0,2.0,767.0,0.0,222.0,0.0,00-0035831,173.89999999999998
2022,11,0.0,0.0,3.0,0.0,0.0,425.0,0.0,51.0,2.0,00-0035831,88.6
2023,1,0.0,0.0,0.0,0.0,0.0,2.0,0.0,-2.0,0.0,00-0035831,1.0
2020,36,0.0,0.0,11.0,0.0,1.0,1169.0,0.0,299.0,1.0,00-0036223,252.8
2021,37,0.0,0.0,18.0,0.0,2.0,1734.0,0.0,342.0,2.0,00-0036223,360.59999999999997
2022,28,0.0,0.0,4.0,0.0,3.0,861.0,0.0,143.0,0.0,00-0036223,146.40000000000003
2023,17,0.0,0.0,6.0,0.0,0.0,553.0,0.0,145.0,1.0,00-0036223,128.8
2024,17,0.0,0.0,10.0,0.0,1.0,1254.0,0.0,133.0,1.0,00-0036223,219.70000000000002
2020,58,0.0,0.0,0.0,0.0,0.0,91.0,0.0,600.0,5.0,00-0036268,157.1
2021,58,0.0,0.0,0.0,0.0,1.0,41.0,0.0,557.0,0.0,00-0036268,115.80000000000001
2022,26,0.0,0.0,1.0,0.0,0.0,64.0,0.0,264.0,1.0,00-0036268,70.8
2023,10,0.0,0.0,0.0,0.0,0.0,55.0,0.0,60.0,0.0,00-0036268,21.5
2024,5,0.0,0.0,0.0,0.0,2.0,1.0,0.0,36.0,0.0,00-0036268,4.7
2020,0,2688.0,13.0,3.0,5.0,4.0,142.0,0.0,0.0,0.0,00-0036442,173.71999999999997
2021,0,4611.0,34.0,2.0,14.0,2.0,118.0,1.0,0.0,0.0,00-0036442,314.24
2022,0,4260.0,34.0,5.0,12.0,2.0,247.0,3.0,0.0,0.0,00-0036442,339.09999999999997
2023,0,2309.0,15.0,0.0,6.0,1.0,88.0,0.0,0.0,0.0,00-0036442,147.16000000000003
2024,0,4641.0,42.0,2.0,8.0,5.0,202.0,0.0,0.0,0.0,00-0036442,359.84
2020,23,0.0,0.0,2.0,0.0,2.0,354.0,0.0,148.0,0.0,00-0036370,81.2
2021,5,0.0,0.0,0.0,0.0,1.0,102.0,0.0,38.0,0.0,00-0036370,17.0
2022,13,0.0,0.0,2.0,0.0,0.0,269.0,0.0,95.0,0.0,00-0036370,61.400000000000006
2023,8,0.0,0.0,2.0,0.0,1.0,404.0,0.0,32.0,0.0,00-0036370,61.60000000000001
2020,26,0.0,0.0,0.0,0.0,2.0,49.0,0.0,452.0,2.0,00-0036357,84.1
2021,24,0.0,0.0,0.0,0.0,0.0,16.0,0.0,469.0,2.0,00-0036357,84.5
2020,1,0.0,0.0,0.0,0.0,0.0,110.0,0.0,4.0,0.0,00-0036096,12.4
2021,4,0.0,0.0,2.0,0.0,1.0,37.0,0.0,8.0,0.0,00-0036096,18.5
2022,1,0.0,0.0,0.0,0.0,0.0,9.0,0.0,8.0,0.0,00-0036096,2.7
2024,2,0.0,0.0,0.0,0.0,0.0,44.0,0.0,0.0,0.0,00-0036096,6.4
2020,14,0.0,0.0,4.0,0.0,0.0,481.0,0.0,95.0,1.0,00-0036251,101.6
2021,21,0.0,0.0,4.0,0.0,1.0,337.0,0.0,191.0,1.0,00-0036251,101.80000000000001
2022,8,0.0,0.0,0.0,0.0,1.0,342.0,0.0,32.0,0.0,00-0036251,43.400000000000006
2023,27,0.0,0.0,5.0,0.0,0.0,764.0,1.0,192.0,2.0,00-0036251,166.60000000000002
2024,23,0.0,0.0,2.0,0.0,1.0,242.0,0.0,187.0,1.0,00-0036251,81.9
2020,36,0.0,0.0,11.0,0.0,2.0,795.0,0.0,247.0,0.0,00-0036328,202.2
2021,41,0.0,0.0,6.0,0.0,4.0,891.0,1.0,289.0,3.0,00-0036328,207.00000000000003
2022,46,0.0,0.0,3.0,0.0,0.0,546.0,0.0,353.0,2.0,00-0036328,165.9
2023,45,0.0,0.0,1.0,0.0,2.0,257.0,0.0,361.0,2.0,00-0036328,120.80000000000001
2024,19,0.0,0.0,1.0,0.0,0.0,497.0,0.0,185.0,0.0,00-0036328,93.2
2020,31,0.0,0.0,0.0,0.0,0.0,26.0,1.0,396.0,1.0,00-0036387,81.2
2021,31,0.0,0.0,0.0,0.0,0.0,22.0,0.0,280.0,2.0,00-0036387,73.2
2022,6,0.0,0.0,0.0,0.0,0.0,20.0,0.0,87.0,1.0,00-0036387,22.700000000000003
2023,6,0.0,0.0,0.0,0.0,0.0,0.0,0.0,105.0,0.0,00-0036387,16.5
2024,7,0.0,0.0,0.0,0.0,1.0,-3.0,0.0,100.0,0.0,00-0036387,14.7
2020,1,0.0,0.0,0.0,0.0,0.0,19.0,0.0,0.0,0.0,00-0036278,2.9000000000000004
2020,62,0.0,0.0,2.0,0.0,1.0,16.0,0.0,859.0,9.0,00-0036326,213.5
2021,54,0.0,0.0,0.0,0.0,0.0,63.0,0.0,811.0,1.0,00-0036326,147.4
2022,44,1.0,1.0,0.0,0.0,1.0,59.0,0.0,428.0,1.0,00-0036326,100.74000000000001
2023,7,0.0,0.0,0.0,0.0,0.0,0.0,0.0,74.0,1.0,00-0036326,20.4
2020,0,0.0,0.0,0.0,0.0,1.0,2.0,0.0,0.0,0.0,00-0032592,-1.8
2020,0,0.0,0.0,0.0,0.0,1.0,0.0,0.0,0.0,0.0,00-0035681,-2.0
2020,74,0.0,0.0,1.0,0.0,1.0,82.0,1.0,935.0,5.0,00-0036358,211.7
2021,77,0.0,0.0,0.0,0.0,0.0,76.0,0.0,1057.0,6.0,00-0036358,226.3
2022,102,0.0,0.0,0.0,0.0,0.0,47.0,0.0,1307.0,8.0,00-0036358,285.4
2023,122,0.0,0.0,2.0,0.0,2.0,106.0,1.0,1651.0,10.0,00-0036358,367.70000000000005
2024,101,0.0,0.0,0.0,0.0,1.0,70.0,1.0,1194.0,6.0,00-0036358,263.4
2020,0,0.0,0.0,0.0,0.0,0.0,3.0,0.0,0.0,0.0,00-0033083,0.30000000000000004
2020,35,0.0,0.0,0.0,0.0,0.0,0.0,0.0,599.0,7.0,00-0036196,136.9
2021,32,0.0,0.0,0.0,0.0,0.0,0.0,0.0,510.0,6.0,00-0036196,119.0
2022,45,0.0,0.0,0.0,0.0,1.0,0.0,0.0,797.0,7.0,00-0036196,164.7
2023,45,0.0,0.0,0.0,0.0,1.0,-2.0,1.0,746.0,7.0,00-0036196,161.4
2024,20,0.0,0.0,0.0,0.0,1.0,0.0,0.0,246.0,2.0,00-0036196,54.6
2020,0,0.0,0.0,0.0,0.0,0.0,29.0,0.0,0.0,0.0,00-0036293,2.9000000000000004
2020,30,0.0,0.0,0.0,0.0,0.0,40.0,0.0,381.0,3.0,00-0036412,90.1
2021,5,0.0,0.0,0.0,0.0,0.0,0.0,0.0,74.0,0.0,00-0036412,12.4
2022,7,0.0,0.0,0.0,0.0,0.0,23.0,0.0,165.0,0.0,00-0036412,25.8
2020,0,0.0,0.0,0.0,0.0,0.0,0.0,0.0,0.0,0.0,00-0036316,0.0
2020,0,4336.0,31.0,5.0,10.0,1.0,234.0,2.0,0.0,0.0,00-0036355,332.84
2021,0,4631.0,35.0,3.0,14.0,1.0,301.0,5.0,0.0,0.0,00-0036355,353.34000000000003
2022,2,4466.0,23.0,0.0,10.0,3.0,148.0,1.0,-10.0,0.0,00-0036355,262.44
2023,1,3134.0,20.0,3.0,7.0,1.0,228.0,1.0,10.0,0.0,00-0036355,234.16000000000003
2024,0,3524.0,21.0,2.0,3.0,2.0,264.0,2.0,0.0,0.0,00-0036355,257.36
2020,0,0.0,0.0,1.0,0.0,0.0,29.0,0.0,0.0,0.0,00-0036377,8.9
2020,19,0.0,0.0,0.0,0.0,0.0,-1.0,0.0,220.0,1.0,00-0036415,46.9
2021,48,0.0,0.0,0.0,0.0,0.0,20.0,0.0,771.0,6.0,00-0036415,163.10000000000002
2022,21,0.0,0.0,0.0,0.0,0.0,0.0,0.0,308.0,3.0,00-0036415,69.8
2023,18,0.0,0.0,0.0,0.0,0.0,4.0,0.0,196.0,0.0,00-0036415,38.0
2024,21,0.0,0.0,0.0,0.0,0.0,0.0,0.0,258.0,2.0,00-0036415,58.8
2020,11,0.0,0.0,2.0,0.0,0.0,232.0,0.0,63.0,0.0,00-0036269,52.5
2021,0,0.0,0.0,0.0,0.0,0.0,31.0,0.0,0.0,0.0,00-0036269,3.1
2023,0,0.0,0.0,0.0,0.0,0.0,1.0,0.0,0.0,0.0,00-0036269,0.1
2020,1,1061.0,6.0,3.0,4.0,2.0,354.0,0.0,3.0,0.0,00-0036389,109.14
2021,0,3144.0,16.0,10.0,9.0,2.0,784.0,3.0,0.0,0.0,00-0036389,312.15999999999997
2022,0,3472.0,22.0,13.0,5.0,2.0,747.0,2.0,0.0,0.0,00-0036389,369.58
2023,0,3803.0,23.0,15.0,14.0,5.0,601.0,0.0,0.0,0.0,00-0036389,356.22
2024,0,2903.0,18.0,14.0,5.0,5.0,630.0,0.0,0.0,0.0,00-0036389,315.12
2020,6,0.0,0.0,0.0,0.0,0.0,113.0,0.0,54.0,0.0,00-0036336,22.700000000000003
2021,1,0.0,0.0,0.0,0.0,0.0,3.0,0.0,11.0,0.0,00-0036336,2.4000000000000004
2022,2,0.0,0.0,0.0,0.0,0.0,30.0,0.0,11.0,0.0,00-0036336,6.1
2023,2,0.0,0.0,0.0,0.0,0.0,0.0,0.0,11.0,0.0,00-0036336,3.1
2020,2,0.0,0.0,0.0,0.0,0.0,21.0,0.0,29.0,0.0,00-0036100,7.0
2020,60,0.0,0.0,2.0,0.0,0.0,77.0,0.0,748.0,5.0,00-0036261,184.5
2021,50,0.0,0.0,0.0,0.0,1.0,17.0,1.0,719.0,5.0,00-0036261,153.60000000000002
2022,74,0.0,0.0,0.0,0.0,1.0,23.0,0.0,956.0,8.0,00-0036261,217.9
2023,72,0.0,0.0,0.0,0.0,1.0,0.0,0.0,1317.0,7.0,00-0036261,243.70000000000002
2024,25,0.0,0.0,0.0,0.0,0.0,0.0,0.0,369.0,0.0,00-0036261,61.9
2019,31,0.0,0.0,0.0,0.0,0.0,0.0,0.0,268.0,3.0,00-0034988,75.8
2020,18,0.0,0.0,0.0,0.0,0.0,0.0,0.0,112.0,0.0,00-0034988,29.200000000000003
2021,3,0.0,0.0,0.0,0.0,0.0,0.0,0.0,33.0,0.0,00-0034988,6.300000000000001
2020,7,0.0,0.0,1.0,0.0,0.0,148.0,0.0,33.0,0.0,00-0035806,31.1
2021,21,0.0,0.0,1.0,0.0,1.0,64.0,0.0,136.0,0.0,00-0035806,45.0
2022,20,0.0,0.0,2.0,0.0,0.0,189.0,0.0,126.0,1.0,00-0035806,69.5
2023,0,0.0,0.0,0.0,0.0,0.0,0.0,0.0,0.0,0.0,00-0035806,0.0
2024,10,0.0,0.0,0.0,0.0,0.0,69.0,0.0,59.0,1.0,00-0035806,28.799999999999997
2020,0,295.0,2.0,0.0,4.0,0.0,-5.0,0.0,0.0,0.0,00-0034955,11.3
2021,0,0.0,0.0,0.0,0.0,0.0,0.0,0.0,0.0,0.0,00-0034955,0.0
2022,0,483.0,2.0,0.0,4.0,1.0,7.0,0.0,0.0,0.0,00-0034955,18.02
2023,0,172.0,0.0,0.0,1.0,1.0,19.0,0.0,0.0,0.0,00-0034955,4.78
2020,2,0.0,0.0,0.0,0.0,0.0,54.0,0.0,27.0,1.0,00-0036297,16.1
2021,2,0.0,0.0,0.0,0.0,0.0,7.0,0.0,11.0,0.0,00-0036297,3.8000000000000003
2022,1,0.0,0.0,0.0,0.0,0.0,64.0,0.0,33.0,0.0,00-0036297,10.700000000000001
2023,7,0.0,0.0,1.0,0.0,0.0,121.0,0.0,49.0,0.0,00-0036297,30.0
2024,0,0.0,0.0,0.0,0.0,0.0,3.0,0.0,0.0,0.0,00-0036297,0.30000000000000004
2020,1,0.0,0.0,0.0,0.0,0.0,22.0,0.0,3.0,0.0,00-0036340,3.5
2019,58,0.0,0.0,0.0,0.0,0.0,0.0,0.0,919.0,7.0,00-0035659,191.9
2020,87,0.0,0.0,0.0,0.0,1.0,30.0,0.0,1118.0,4.0,00-0035659,223.8
2021,73,0.0,0.0,0.0,0.0,0.0,12.0,0.0,960.0,5.0,00-0035659,200.2
2022,74,0.0,0.0,0.0,0.0,0.0,29.0,0.0,1117.0,4.0,00-0035659,212.60000000000002
2023,73,0.0,0.0,0.0,0.0,0.0,0.0,0.0,946.0,4.0,00-0035659,191.60000000000002
2024,74,0.0,0.0,0.0,0.0,1.0,2.0,0.0,1034.0,12.0,00-0035659,247.6
2020,27,0.0,0.0,0.0,0.0,1.0,16.0,0.0,197.0,0.0,00-0036142,46.300000000000004
2019,5,0.0,0.0,0.0,0.0,0.0,0.0,0.0,51.0,1.0,00-0035039,16.1
2020,1,0.0,0.0,0.0,0.0,0.0,0.0,1.0,11.0,0.0,00-0035039,4.1
2020,61,0.0,0.0,0.0,0.0,0.0,20.0,1.0,631.0,4.0,00-0036309,152.1
2021,69,0.0,0.0,1.0,0.0,0.0,32.0,0.0,929.0,4.0,00-0036309,195.10000000000002
2022,40,0.0,0.0,0.0,0.0,0.0,2.0,0.0,493.0,2.0,00-0036309,101.5
2023,31,0.0,0.0,0.0,0.0,0.0,5.0,0.0,414.0,1.0,00-0036309,78.9
2024,64,0.0,0.0,0.0,0.0,0.0,0.0,0.0,992.0,5.0,00-0036309,193.2
2020,67,0.0,0.0,0.0,0.0,1.0,28.0,0.0,908.0,6.0,00-0036410,194.60000000000002
2021,74,0.0,0.0,0.0,0.0,1.0,0.0,1.0,1091.0,6.0,00-0036410,219.10000000000002
2022,73,0.0,0.0,0.0,0.0,0.0,0.0,1.0,1022.0,7.0,00-0036410,219.2
2023,42,0.0,0.0,0.0,0.0,0.0,0.0,0.0,656.0,5.0,00-0036410,137.60000000000002
2024,69,0.0,0.0,0.0,0.0,1.0,0.0,0.0,858.0,10.0,00-0036410,212.8
2020,5,0.0,0.0,0.0,0.0,1.0,109.0,0.0,34.0,1.0,00-0036450,23.299999999999997
2021,2,0.0,0.0,1.0,0.0,0.0,151.0,0.0,14.0,0.0,00-0036450,24.5
2022,1,0.0,0.0,0.0,0.0,0.0,27.0,0.0,11.0,0.0,00-0036450,4.800000000000001
2023,2,0.0,0.0,0.0,0.0,0.0,42.0,0.0,2.0,0.0,00-0036450,6.4
2024,0,0.0,0.0,0.0,0.0,0.0,4.0,0.0,0.0,0.0,00-0036450,0.4
2020,5,0.0,0.0,0.0,0.0,0.0,7.0,0.0,25.0,2.0,00-0035908,20.2
2021,3,0.0,0.0,0.0,0.0,0.0,8.0,0.0,17.0,0.0,00-0035908,5.5
2019,2,0.0,0.0,0.0,0.0,0.0,0.0,0.0,31.0,0.0,00-0033367,5.1
2020,11,0.0,0.0,0.0,0.0,0.0,3.0,0.0,101.0,0.0,00-0033367,21.400000000000002
2021,4,0.0,0.0,0.0,0.0,0.0,6.0,0.0,51.0,0.0,00-0033367,9.7
2022,1,0.0,0.0,0.0,0.0,0.0,0.0,0.0,6.0,0.0,00-0033367,1.6
2020,1,0.0,0.0,0.0,0.0,0.0,-12.0,0.0,2.0,0.0,00-0036000,-1.6653345369377348e-16
2020,28,32.0,0.0,0.0,0.0,0.0,32.0,0.0,211.0,0.0,00-0036364,53.580000000000005
2023,10,0.0,0.0,0.0,0.0,0.0,34.0,0.0,78.0,0.0,00-0036364,21.200000000000003
2020,17,0.0,0.0,2.0,0.0,0.0,108.0,0.0,111.0,1.0,00-0036425,56.9
2021,21,0.0,0.0,2.0,0.0,0.0,137.0,0.0,133.0,0.0,00-0036425,60.0
2022,16,0.0,0.0,0.0,1.0,0.0,157.0,0.0,129.0,0.0,00-0036425,42.6
2023,6,0.0,0.0,0.0,0.0,2.0,36.0,0.0,26.0,0.0,00-0036425,8.2
2024,2,0.0,0.0,0.0,0.0,0.0,27.0,0.0,6.0,1.0,00-0036425,11.299999999999999
2019,1,0.0,0.0,0.0,0.0,0.0,0.0,0.0,12.0,0.0,00-0035510,2.2
2020,17,0.0,0.0,0.0,0.0,0.0,0.0,0.0,167.0,0.0,00-0035510,33.7
2021,7,0.0,0.0,0.0,0.0,0.0,-1.0,0.0,111.0,0.0,00-0035510,18.0
2022,8,0.0,0.0,0.0,0.0,0.0,0.0,0.0,134.0,0.0,00-0035510,21.4
2020,20,0.0,0.0,0.0,0.0,0.0,70.0,0.0,201.0,0.0,00-0036331,47.1
2021,33,0.0,0.0,0.0,0.0,0.0,48.0,0.0,272.0,2.0,00-0036331,77.0
2022,37,0.0,0.0,1.0,0.0,0.0,84.0,0.0,407.0,3.0,00-0036331,110.10000000000001
2023,4,0.0,0.0,0.0,0.0,0.0,15.0,0.0,18.0,0.0,00-0036331,7.3
2024,11,0.0,0.0,0.0,0.0,0.0,3.0,0.0,79.0,0.0,00-0036331,19.200000000000003
2019,46,0.0,0.0,0.0,0.0,0.0,0.0,0.0,584.0,7.0,00-0035662,146.4
2020,58,0.0,0.0,0.0,0.0,0.0,1.0,0.0,769.0,8.0,00-0035662,183.0
2021,88,0.0,0.0,0.0,0.0,1.0,5.0,0.0,981.0,6.0,00-0035662,220.60000000000002
2022,66,0.0,0.0,0.0,0.0,0.0,1.0,0.0,702.0,3.0,00-0035662,154.3
2023,51,0.0,0.0,0.0,0.0,0.0,23.0,0.0,574.0,4.0,00-0035662,134.7
2024,9,0.0,0.0,0.0,0.0,0.0,0.0,0.0,91.0,0.0,00-0035662,18.1
2019,2,0.0,0.0,0.0,0.0,0.0,0.0,0.0,17.0,0.0,00-0035021,3.7
2020,3,0.0,0.0,0.0,0.0,0.0,11.0,0.0,53.0,0.0,00-0035021,9.4
2021,13,0.0,0.0,0.0,0.0,0.0,32.0,0.0,173.0,2.0,00-0035021,45.5
2022,15,0.0,0.0,0.0,0.0,0.0,8.0,0.0,207.0,1.0,00-0035021,42.5
2024,2,0.0,0.0,0.0,0.0,0.0,45.0,0.0,67.0,1.0,00-0035021,19.2
2020,20,0.0,0.0,0.0,0.0,0.0,17.0,0.0,398.0,3.0,00-0035457,79.5
2021,2,0.0,0.0,0.0,0.0,0.0,0.0,0.0,16.0,0.0,00-0035457,3.6
2022,1,0.0,0.0,0.0,0.0,0.0,0.0,0.0,8.0,0.0,00-0035457,1.8
2019,0,0.0,0.0,0.0,0.0,0.0,0.0,0.0,0.0,0.0,00-0035414,0.0
2020,28,0.0,0.0,0.0,0.0,0.0,0.0,0.0,511.0,3.0,00-0035414,97.1
2021,25,0.0,0.0,0.0,0.0,0.0,34.0,0.0,396.0,3.0,00-0035414,86.0
2022,2,0.0,0.0,0.0,0.0,0.0,0.0,0.0,64.0,0.0,00-0035414,8.4
2023,10,0.0,0.0,0.0,0.0,0.0,0.0,0.0,89.0,1.0,00-0035414,24.9
2019,5,0.0,0.0,0.0,0.0,0.0,0.0,0.0,46.0,0.0,00-0034418,9.600000000000001
2020,17,23.0,1.0,0.0,0.0,0.0,-12.0,0.0,189.0,2.0,00-0034418,51.620000000000005
2021,40,88.0,0.0,0.0,0.0,0.0,11.0,1.0,483.0,4.0,00-0034418,118.92000000000002
2022,12,0.0,0.0,0.0,0.0,0.0,8.0,0.0,136.0,0.0,00-0034418,26.400000000000002
2023,21,0.0,0.0,0.0,0.0,0.0,0.0,0.0,272.0,3.0,00-0034418,66.2
2024,17,21.0,1.0,0.0,0.0,1.0,0.0,0.0,189.0,1.0,00-0034418,44.74
2020,0,0.0,0.0,0.0,0.0,0.0,24.0,0.0,0.0,0.0,00-0036139,2.4000000000000004
2023,14,0.0,0.0,2.0,0.0,0.0,315.0,0.0,90.0,2.0,00-0036139,78.5
2024,37,0.0,0.0,1.0,0.0,2.0,1007.0,0.0,237.0,3.0,00-0036139,181.39999999999998
2020,0,1814.0,11.0,3.0,5.0,1.0,109.0,1.0,0.0,0.0,00-0036212,135.46
2021,0,2544.0,15.0,3.0,10.0,1.0,90.0,1.0,0.0,0.0,00-0036212,168.76
2022,0,3548.0,25.0,0.0,8.0,1.0,70.0,0.0,0.0,0.0,00-0036212,230.92000000000002
2023,0,4451.0,28.0,0.0,12.0,5.0,67.0,0.0,0.0,0.0,00-0036212,262.73999999999995
2024,0,2867.0,19.0,0.0,7.0,2.0,49.0,2.0,0.0,0.0,00-0036212,181.58
2019,48,0.0,0.0,0.0,0.0,0.0,0.0,0.0,740.0,8.0,00-0035535,170.0
2020,50,0.0,0.0,0.0,0.0,1.0,-1.0,0.0,751.0,3.0,00-0035535,141.0
2021,24,0.0,0.0,0.0,0.0,1.0,-13.0,0.0,310.0,1.0,00-0035535,57.7
2022,46,0.0,0.0,0.0,0.0,1.0,0.0,0.0,724.0,2.0,00-0035535,128.4
2023,45,0.0,0.0,0.0,0.0,0.0,0.0,0.0,708.0,3.0,00-0035535,133.8
2024,39,0.0,0.0,0.0,0.0,0.0,17.0,0.0,573.0,2.0,00-0035535,110.0
2020,0,0.0,0.0,0.0,0.0,0.0,2.0,0.0,0.0,0.0,00-0035950,0.2
2020,0,219.0,0.0,0.0,0.0,2.0,22.0,0.0,0.0,0.0,00-0036384,6.96
2019,3,0.0,0.0,0.0,0.0,0.0,0.0,0.0,115.0,1.0,00-0035208,20.5
2020,20,0.0,0.0,0.0,0.0,0.0,0.0,0.0,274.0,1.0,00-0035208,53.400000000000006
2021,28,0.0,0.0,0.0,0.0,0.0,2.0,0.0,359.0,3.0,00-0035208,82.1
2022,36,0.0,0.0,0.0,0.0,1.0,7.0,0.0,496.0,2.0,00-0035208,96.30000000000001
2023,8,0.0,0.0,0.0,0.0,0.0,0.0,0.0,144.0,2.0,00-0035208,34.4
2024,43,0.0,0.0,0.0,0.0,1.0,8.0,0.0,455.0,3.0,00-0035208,105.3
2020,0,4.0,0.0,0.0,0.0,0.0,-2.0,0.0,0.0,0.0,00-0035282,-0.04000000000000001
2023,0,871.0,3.0,1.0,1.0,3.0,67.0,0.0,0.0,0.0,00-0035282,51.540000000000006
2019,26,0.0,0.0,0.0,0.0,0.0,0.0,0.0,359.0,0.0,00-0034960,61.9
2020,59,43.0,2.0,0.0,0.0,1.0,9.0,1.0,729.0,0.0,00-0034960,142.52
2021,79,45.0,0.0,0.0,0.0,0.0,9.0,2.0,796.0,2.0,00-0034960,177.3
2022,64,0.0,0.0,0.0,0.0,2.0,9.0,1.0,772.0,5.0,00-0034960,170.10000000000002
2023,68,12.0,1.0,1.0,0.0,0.0,19.0,0.0,746.0,7.0,00-0034960,196.98000000000002
2024,78,0.0,0.0,0.0,0.0,0.0,23.0,1.0,904.0,3.0,00-0034960,190.7
2020,0,368.0,1.0,0.0,5.0,0.0,-2.0,0.0,0.0,0.0,00-0033275,8.52
2021,0,362.0,1.0,0.0,3.0,1.0,13.0,1.0,0.0,0.0,00-0033275,13.780000000000001
2022,0,731.0,3.0,0.0,3.0,0.0,39.0,0.0,0.0,0.0,00-0033275,39.14
2023,0,674.0,1.0,0.0,5.0,2.0,30.0,0.0,0.0,0.0,00-0033275,19.96
2020,0,0.0,0.0,0.0,0.0,0.0,0.0,0.0,0.0,0.0,00-0022455,0.0
2020,9,0.0,0.0,0.0,0.0,0.0,5.0,0.0,92.0,1.0,00-0036245,24.700000000000003
2020,0,13.0,0.0,0.0,0.0,0.0,0.0,0.0,0.0,0.0,00-0035889,0.52
2021,0,16.0,0.0,0.0,0.0,0.0,0.0,0.0,0.0,0.0,00-0035889,0.64
2022,0,0.0,0.0,0.0,0.0,0.0,0.0,0.0,0.0,0.0,00-0035889,0.0
2023,0,11.0,0.0,0.0,0.0,0.0,0.0,0.0,0.0,0.0,00-0035889,0.44
2020,10,0.0,0.0,0.0,0.0,0.0,46.0,0.0,79.0,0.0,00-0035848,22.5
2019,0,0.0,0.0,0.0,0.0,0.0,0.0,0.0,0.0,0.0,00-0032575,0.0
2020,0,0.0,0.0,0.0,0.0,0.0,0.0,0.0,0.0,0.0,00-0032575,0.0
2020,0,28.0,0.0,0.0,0.0,0.0,0.0,0.0,0.0,0.0,00-0036320,1.12
2020,0,0.0,0.0,0.0,0.0,0.0,11.0,0.0,0.0,0.0,00-0030558,1.1
2020,5,0.0,0.0,0.0,0.0,0.0,9.0,0.0,66.0,1.0,00-0035480,18.5
2021,2,0.0,0.0,0.0,0.0,1.0,0.0,0.0,14.0,0.0,00-0035480,1.4000000000000001
2023,2,0.0,0.0,0.0,0.0,0.0,0.0,0.0,13.0,0.0,00-0035480,3.3
2020,0,0.0,0.0,0.0,0.0,0.0,6.0,0.0,0.0,0.0,00-0035161,0.6000000000000001
2020,0,624.0,2.0,1.0,6.0,0.0,13.0,0.0,0.0,0.0,00-0036312,28.26
2020,7,0.0,0.0,0.0,0.0,1.0,0.0,0.0,73.0,0.0,00-0036382,12.3
2021,3,0.0,0.0,0.0,0.0,0.0,0.0,0.0,30.0,0.0,00-0036382,6.0
2020,11,0.0,0.0,3.0,0.0,0.0,319.0,1.0,61.0,0.0,00-0036020,69.0
2021,12,0.0,0.0,0.0,0.0,0.0,149.0,0.0,117.0,0.0,00-0036020,38.6
2022,1,0.0,0.0,1.0,0.0,0.0,57.0,0.0,8.0,0.0,00-0036020,13.5
2023,16,0.0,0.0,1.0,0.0,0.0,61.0,0.0,88.0,1.0,00-0036020,42.900000000000006
2016,0,0.0,0.0,0.0,0.0,1.0,0.0,0.0,0.0,0.0,00-0030471,-2.0
2020,0,0.0,0.0,0.0,0.0,0.0,46.0,0.0,0.0,0.0,00-0030471,4.6000000000000005
2020,5,0.0,0.0,0.0,0.0,1.0,157.0,0.0,30.0,0.0,00-0035291,21.700000000000003
2021,0,0.0,0.0,0.0,0.0,0.0,13.0,0.0,0.0,0.0,00-0035291,1.3
2022,2,0.0,0.0,0.0,0.0,0.0,30.0,0.0,30.0,0.0,00-0035291,8.0
2023,7,0.0,0.0,0.0,0.0,0.0,71.0,0.0,10.0,0.0,00-0035291,15.100000000000001
2020,40,0.0,0.0,0.0,0.0,0.0,26.0,0.0,503.0,1.0,00-0036252,98.9
2021,82,0.0,0.0,0.0,0.0,0.0,44.0,0.0,1018.0,5.0,00-0036252,218.20000000000002
2022,96,0.0,0.0,0.0,0.0,1.0,30.0,0.0,895.0,3.0,00-0036252,204.5
2023,104,0.0,0.0,0.0,0.0,0.0,0.0,2.0,1108.0,4.0,00-0036252,242.8
2024,63,0.0,0.0,0.0,0.0,1.0,0.0,0.0,736.0,3.0,00-0036252,152.60000000000002
2020,0,0.0,0.0,1.0,0.0,0.0,34.0,0.0,0.0,0.0,00-0036208,9.4
2020,0,0.0,0.0,0.0,0.0,1.0,0.0,0.0,0.0,0.0,00-0035318,-2.0
2020,1,0.0,0.0,0.0,0.0,0.0,3.0,0.0,27.0,0.0,00-0035187,4.0
2021,2,0.0,0.0,1.0,0.0,0.0,101.0,0.0,9.0,0.0,00-0035187,19.0
2020,9,0.0,0.0,1.0,0.0,0.0,156.0,0.0,59.0,0.0,00-0035957,36.5
2021,5,0.0,0.0,0.0,0.0,0.0,0.0,0.0,48.0,0.0,00-0035957,9.8
2020,0,0.0,0.0,0.0,0.0,0.0,0.0,0.0,0.0,0.0,00-0036345,0.0
2021,49,0.0,0.0,0.0,0.0,0.0,10.0,0.0,634.0,6.0,00-0036345,149.4
2022,55,0.0,0.0,0.0,0.0,0.0,6.0,0.0,533.0,5.0,00-0036345,138.9
2023,46,0.0,0.0,0.0,0.0,0.0,0.0,0.0,531.0,3.0,00-0036345,117.1
2024,7,0.0,0.0,0.0,0.0,0.0,0.0,0.0,57.0,1.0,00-0036345,18.7
2016,11,0.0,0.0,0.0,0.0,0.0,0.0,0.0,85.0,1.0,00-0033110,25.5
2017,25,0.0,0.0,0.0,0.0,0.0,0.0,0.0,295.0,1.0,00-0033110,60.5
2018,24,0.0,0.0,0.0,0.0,0.0,0.0,0.0,292.0,2.0,00-0033110,65.2
2019,69,0.0,0.0,0.0,0.0,0.0,0.0,0.0,734.0,3.0,00-0033110,160.4
2020,44,0.0,0.0,0.0,0.0,0.0,1.0,1.0,521.0,5.0,00-0033110,128.2
2021,55,0.0,0.0,0.0,0.0,0.0,0.0,0.0,505.0,3.0,00-0033110,123.5
2022,68,0.0,0.0,0.0,0.0,0.0,0.0,0.0,587.0,3.0,00-0033110,144.7
2023,47,0.0,0.0,0.0,0.0,0.0,0.0,0.0,495.0,2.0,00-0033110,108.5
2024,3,0.0,0.0,0.0,0.0,0.0,0.0,0.0,20.0,1.0,00-0033110,11.0
2020,0,0.0,0.0,0.0,0.0,0.0,-28.0,0.0,0.0,0.0,00-0031543,-2.8000000000000003
2021,0,0.0,0.0,0.0,0.0,0.0,0.0,0.0,0.0,0.0,00-0031543,0.0
2020,0,7.0,0.0,0.0,0.0,0.0,10.0,0.0,0.0,0.0,00-0034438,1.28
2021,0,0.0,0.0,0.0,0.0,0.0,-6.0,0.0,0.0,0.0,00-0034438,-0.6000000000000001
2018,17,0.0,0.0,0.0,0.0,0.0,0.0,0.0,225.0,0.0,00-0034364,39.5
2019,36,0.0,0.0,0.0,0.0,0.0,0.0,0.0,418.0,2.0,00-0034364,89.80000000000001
2020,37,0.0,0.0,0.0,0.0,0.0,4.0,0.0,403.0,1.0,00-0034364,83.7
2021,24,0.0,0.0,0.0,0.0,2.0,3.0,0.0,214.0,0.0,00-0034364,41.7
2022,33,0.0,0.0,0.0,0.0,1.0,0.0,0.0,425.0,3.0,00-0034364,91.5
2023,12,0.0,0.0,0.0,0.0,0.0,0.0,0.0,108.0,0.0,00-0034364,22.8
2024,34,0.0,0.0,0.0,0.0,0.0,0.0,0.0,330.0,1.0,00-0034364,73.0
2020,2,0.0,0.0,0.0,0.0,0.0,0.0,0.0,8.0,0.0,00-0034171,2.8
2021,4,0.0,0.0,0.0,0.0,0.0,23.0,0.0,16.0,1.0,00-0034171,13.9
2022,1,0.0,0.0,0.0,0.0,0.0,4.0,0.0,5.0,0.0,00-0034171,1.9
2023,0,0.0,0.0,0.0,0.0,0.0,0.0,0.0,0.0,0.0,00-0034171,0.0
2020,0,0.0,0.0,0.0,0.0,1.0,0.0,0.0,0.0,0.0,00-0035133,-2.0
2023,0,0.0,0.0,0.0,0.0,1.0,11.0,0.0,0.0,0.0,00-0035133,-0.8999999999999999
2020,0,13.0,0.0,0.0,2.0,0.0,7.0,0.0,0.0,0.0,00-0035864,-2.78
2021,15,1.0,0.0,0.0,0.0,0.0,0.0,0.0,175.0,1.0,00-0035864,38.54
2022,24,0.0,0.0,0.0,0.0,0.0,13.0,0.0,311.0,0.0,00-0035864,56.400000000000006
2020,88,0.0,0.0,0.0,0.0,0.0,2.0,2.0,1400.0,7.0,00-0036322,274.2
2021,103,35.0,0.0,0.0,0.0,1.0,10.0,0.0,1509.0,9.0,00-0036322,308.3
2022,124,34.0,0.0,1.0,0.0,0.0,24.0,1.0,1771.0,8.0,00-0036322,360.86
2023,56,0.0,0.0,0.0,0.0,1.0,0.0,0.0,882.0,4.0,00-0036322,166.2
2024,100,22.0,0.0,0.0,0.0,0.0,3.0,0.0,1479.0,10.0,00-0036322,309.08000000000004
2018,4,0.0,0.0,0.0,0.0,0.0,0.0,0.0,32.0,0.0,00-0034426,7.2
2019,18,0.0,0.0,0.0,0.0,0.0,0.0,0.0,186.0,1.0,00-0034426,42.6
2020,6,0.0,0.0,0.0,0.0,0.0,2.0,0.0,48.0,1.0,00-0034426,17.0
2020,1,0.0,0.0,0.0,0.0,0.0,19.0,0.0,3.0,0.0,00-0035022,3.2
2021,7,0.0,0.0,0.0,0.0,0.0,0.0,0.0,59.0,0.0,00-0035022,12.9
2022,3,0.0,0.0,0.0,0.0,0.0,0.0,0.0,20.0,0.0,00-0035022,5.0
2020,0,0.0,0.0,0.0,0.0,0.0,4.0,0.0,0.0,0.0,00-0035632,0.4
2021,1,0.0,0.0,0.0,0.0,0.0,0.0,0.0,6.0,0.0,00-0035632,1.6
2022,0,0.0,0.0,0.0,0.0,0.0,0.0,0.0,0.0,0.0,00-0035632,0.0
2023,0,0.0,0.0,0.0,0.0,0.0,2.0,0.0,0.0,0.0,00-0035632,0.2
2019,2,0.0,0.0,0.0,0.0,0.0,0.0,0.0,27.0,0.0,00-0034104,4.7
2020,32,0.0,0.0,0.0,0.0,0.0,5.0,0.0,477.0,1.0,00-0034104,86.2
2021,15,0.0,0.0,0.0,0.0,0.0,7.0,0.0,211.0,2.0,00-0034104,48.8
2022,8,0.0,0.0,0.0,0.0,0.0,0.0,0.0,89.0,0.0,00-0034104,16.9
2019,32,0.0,0.0,0.0,0.0,0.0,0.0,0.0,367.0,2.0,00-0035229,80.7
2020,67,0.0,0.0,0.0,0.0,1.0,0.0,1.0,723.0,6.0,00-0035229,175.3
2021,61,0.0,0.0,0.0,0.0,0.0,0.0,1.0,583.0,4.0,00-0035229,145.3
2022,85,0.0,0.0,0.0,0.0,1.0,0.0,2.0,888.0,6.0,00-0035229,211.8
2023,95,0.0,0.0,0.0,0.0,1.0,0.0,0.0,960.0,5.0,00-0035229,219.0
2024,39,0.0,0.0,0.0,0.0,0.0,0.0,0.0,446.0,0.0,00-0035229,83.6
2020,0,0.0,0.0,0.0,0.0,0.0,3.0,0.0,0.0,0.0,00-0035327,0.30000000000000004
2021,0,0.0,0.0,0.0,0.0,0.0,28.0,0.0,0.0,0.0,00-0035327,2.8000000000000003
2022,0,0.0,0.0,0.0,0.0,0.0,55.0,0.0,0.0,0.0,00-0035327,5.5
2020,1,0.0,0.0,0.0,0.0,0.0,9.0,0.0,7.0,0.0,00-0036069,2.6
2021,2,0.0,0.0,0.0,0.0,0.0,13.0,0.0,9.0,0.0,00-0036069,4.2
2020,0,0.0,0.0,0.0,0.0,0.0,0.0,0.0,0.0,0.0,00-0032870,0.0
2020,0,15.0,0.0,0.0,0.0,0.0,22.0,0.0,0.0,0.0,00-0035993,2.8000000000000003
2021,0,940.0,3.0,2.0,2.0,2.0,222.0,0.0,0.0,0.0,00-0035993,75.80000000000001
2022,0,658.0,2.0,1.0,3.0,0.0,137.0,1.0,0.0,0.0,00-0035993,50.02
2023,0,57.0,2.0,0.0,0.0,0.0,15.0,0.0,0.0,0.0,00-0035993,11.780000000000001
2024,0,602.0,2.0,2.0,1.0,1.0,119.0,0.0,0.0,0.0,00-0035993,51.98
2017,21,0.0,0.0,0.0,0.0,0.0,0.0,0.0,212.0,0.0,00-0032775,42.2
2018,22,0.0,0.0,0.0,0.0,0.0,0.0,0.0,288.0,4.0,00-0032775,74.8
2019,32,0.0,0.0,0.0,0.0,0.0,0.0,0.0,449.0,4.0,00-0032775,100.9
2020,45,0.0,0.0,0.0,0.0,1.0,0.0,0.0,466.0,3.0,00-0032775,107.6
2021,22,0.0,0.0,0.0,0.0,0.0,0.0,0.0,245.0,3.0,00-0032775,64.5
2022,46,0.0,0.0,0.0,0.0,1.0,0.0,0.0,434.0,2.0,00-0032775,99.4
2023,26,0.0,0.0,0.0,0.0,1.0,23.0,0.0,371.0,4.0,00-0032775,87.4
2024,28,0.0,0.0,0.0,0.0,0.0,0.0,0.0,433.0,7.0,00-0032775,113.30000000000001
2020,0,0.0,0.0,0.0,0.0,0.0,0.0,0.0,0.0,0.0,00-0035190,0.0
2023,0,0.0,0.0,0.0,0.0,0.0,0.0,0.0,0.0,0.0,00-0035190,0.0
2024,0,34.0,0.0,0.0,0.0,0.0,0.0,0.0,0.0,0.0,00-0035190,1.36
2015,15,0.0,0.0,0.0,0.0,0.0,0.0,0.0,186.0,0.0,00-0032062,33.6
2016,4,0.0,0.0,0.0,0.0,0.0,0.0,0.0,85.0,0.0,00-0032062,12.5
2017,3,0.0,0.0,0.0,0.0,0.0,0.0,1.0,19.0,0.0,00-0032062,6.9
2018,8,0.0,0.0,0.0,0.0,0.0,0.0,0.0,67.0,0.0,00-0032062,14.7
2019,8,0.0,0.0,0.0,0.0,0.0,0.0,0.0,67.0,0.0,00-0032062,14.7
2020,11,0.0,0.0,0.0,0.0,0.0,2.0,0.0,110.0,0.0,00-0032062,22.2
2021,9,0.0,0.0,0.0,0.0,0.0,10.0,0.0,87.0,0.0,00-0032062,18.700000000000003
2022,1,0.0,0.0,0.0,0.0,0.0,0.0,0.0,17.0,1.0,00-0032062,8.7
2023,4,0.0,0.0,0.0,0.0,1.0,0.0,0.0,23.0,1.0,00-0032062,10.3
2017,4,0.0,0.0,0.0,0.0,0.0,0.0,0.0,33.0,0.0,00-0033591,7.300000000000001
2018,5,0.0,0.0,0.0,0.0,0.0,0.0,0.0,54.0,0.0,00-0033591,10.4
2020,14,0.0,0.0,0.0,0.0,0.0,4.0,0.0,154.0,0.0,00-0033591,29.8
2021,16,0.0,0.0,0.0,0.0,0.0,0.0,0.0,184.0,0.0,00-0033591,34.400000000000006
2022,42,0.0,0.0,0.0,0.0,1.0,0.0,0.0,545.0,3.0,00-0033591,112.5
2023,33,0.0,0.0,0.0,0.0,0.0,-1.0,0.0,567.0,2.0,00-0033591,101.6
2024,35,0.0,0.0,0.0,0.0,0.0,0.0,0.0,453.0,1.0,00-0033591,86.30000000000001
2020,0,13.0,0.0,0.0,0.0,0.0,0.0,0.0,0.0,0.0,00-0035290,0.52
2020,28,0.0,0.0,0.0,0.0,1.0,-3.0,0.0,243.0,2.0,00-0036290,62.0
2021,56,0.0,0.0,0.0,0.0,0.0,0.0,0.0,564.0,0.0,00-0036290,112.4
2022,46,0.0,0.0,0.0,0.0,0.0,9.0,0.0,487.0,6.0,00-0036290,131.60000000000002
2023,70,0.0,0.0,0.0,0.0,0.0,2.0,0.0,678.0,6.0,00-0036290,174.0
2024,45,0.0,0.0,0.0,0.0,0.0,0.0,1.0,471.0,4.0,00-0036290,118.1
2020,1,0.0,0.0,0.0,0.0,0.0,4.0,0.0,3.0,0.0,00-0035567,1.7
2021,7,0.0,0.0,0.0,0.0,0.0,228.0,0.0,52.0,0.0,00-0035567,35.0
2022,9,0.0,0.0,0.0,0.0,0.0,102.0,0.0,116.0,0.0,00-0035567,30.800000000000004
2023,5,0.0,0.0,1.0,0.0,2.0,179.0,0.0,47.0,0.0,00-0035567,29.6
2024,3,0.0,0.0,0.0,0.0,0.0,100.0,0.0,40.0,0.0,00-0035567,17.0
2020,1,0.0,0.0,0.0,0.0,0.0,11.0,0.0,5.0,0.0,00-0035912,2.6
2020,0,231.0,0.0,0.0,1.0,0.0,56.0,0.0,0.0,0.0,00-0034899,12.84
2021,0,5.0,0.0,0.0,1.0,0.0,-1.0,0.0,0.0,0.0,00-0034899,-1.9000000000000001
2022,0,390.0,1.0,0.0,3.0,1.0,32.0,0.0,0.0,0.0,00-0034899,14.8
2020,3,0.0,0.0,0.0,0.0,0.0,3.0,0.0,32.0,0.0,00-0035313,6.5
2020,1,0.0,0.0,2.0,0.0,0.0,63.0,0.0,20.0,0.0,00-0036188,21.3
2020,0,0.0,0.0,0.0,0.0,0.0,13.0,0.0,0.0,0.0,00-0035860,1.3
2021,5,0.0,0.0,0.0,0.0,0.0,120.0,0.0,29.0,0.0,00-0035860,19.9
2022,5,0.0,0.0,0.0,0.0,0.0,24.0,0.0,30.0,0.0,00-0035860,10.4
2023,7,0.0,0.0,2.0,0.0,0.0,95.0,0.0,37.0,0.0,00-0035860,32.2
2020,0,0.0,0.0,0.0,0.0,0.0,24.0,0.0,0.0,0.0,00-0036433,2.4000000000000004
2020,10,0.0,0.0,0.0,0.0,0.0,1.0,1.0,167.0,0.0,00-0036398,28.799999999999997
2021,0,0.0,0.0,0.0,0.0,0.0,0.0,0.0,0.0,0.0,00-0036398,0.0
2021,0,6.0,0.0,0.0,0.0,0.0,0.0,0.0,0.0,0.0,00-0032496,0.24
2022,0,0.0,0.0,0.0,0.0,0.0,-3.0,0.0,0.0,0.0,00-0032496,-0.30000000000000004
2021,0,0.0,0.0,0.0,0.0,0.0,9.0,0.0,0.0,0.0,00-0036698,0.9
2021,9,0.0,0.0,1.0,0.0,0.0,181.0,0.0,84.0,0.0,00-0036457,41.5
2021,0,1870.0,7.0,2.0,10.0,5.0,420.0,0.0,0.0,0.0,00-0036945,126.8
2022,0,2242.0,17.0,8.0,11.0,2.0,1143.0,1.0,0.0,0.0,00-0036945,295.98
2023,0,2414.0,16.0,4.0,9.0,4.0,630.0,0.0,0.0,0.0,00-0036945,221.56
2024,0,1106.0,5.0,5.0,1.0,1.0,289.0,0.0,0.0,0.0,00-0036945,119.14000000000001
2021,9,0.0,0.0,0.0,0.0,0.0,36.0,0.0,122.0,1.0,00-0036999,30.800000000000004
2022,4,0.0,0.0,1.0,0.0,1.0,57.0,0.0,51.0,0.0,00-0036999,18.8
2021,41,0.0,0.0,4.0,0.0,1.0,857.0,0.0,298.0,3.0,00-0036997,196.5
2022,16,0.0,0.0,0.0,0.0,1.0,204.0,0.0,76.0,0.0,00-0036997,42.00000000000001
2023,40,0.0,0.0,2.0,0.0,1.0,742.0,2.0,185.0,2.0,00-0036997,158.7
2024,49,0.0,0.0,4.0,0.0,2.0,485.0,0.0,296.0,0.0,00-0036997,147.1
2021,1,0.0,0.0,0.0,0.0,0.0,24.0,0.0,5.0,0.0,00-0036669,3.9000000000000004
2022,0,0.0,0.0,0.0,0.0,0.0,7.0,0.0,0.0,0.0,00-0036669,0.7000000000000001
2021,0,277.0,1.0,0.0,1.0,1.0,28.0,0.0,0.0,0.0,00-0036264,13.88
2022,0,195.0,1.0,0.0,0.0,0.0,-1.0,0.0,0.0,0.0,00-0036264,11.700000000000001
2023,0,3843.0,30.0,4.0,11.0,2.0,248.0,2.0,0.0,0.0,00-0036264,300.52000000000004
2024,0,3320.0,25.0,1.0,11.0,0.0,83.0,3.0,0.0,0.0,00-0036264,231.10000000000002
2021,0,3418.0,10.0,2.0,17.0,5.0,317.0,2.0,0.0,0.0,00-0036971,180.42000000000002
2022,0,3901.0,24.0,5.0,8.0,8.0,294.0,3.0,0.0,0.0,00-0036971,285.44
2023,0,3736.0,19.0,4.0,12.0,8.0,329.0,1.0,0.0,0.0,00-0036971,244.34
2024,0,2045.0,11.0,3.0,7.0,1.0,119.0,3.0,0.0,0.0,00-0036971,145.7
2021,1,0.0,0.0,1.0,0.0,0.0,87.0,0.0,-1.0,0.0,00-0036650,15.600000000000001
2022,1,0.0,0.0,0.0,0.0,0.0,15.0,0.0,13.0,0.0,00-0036650,3.8
2021,8,0.0,0.0,2.0,0.0,0.0,245.0,0.0,59.0,0.0,00-0036755,50.4
2021,0,3540.0,21.0,0.0,12.0,2.0,125.0,2.0,0.0,0.0,00-0036972,214.1
2022,0,2754.0,11.0,1.0,8.0,1.0,97.0,1.0,0.0,0.0,00-0036972,153.85999999999999
2023,0,2120.0,10.0,0.0,12.0,2.0,96.0,0.0,0.0,0.0,00-0036972,106.4
2024,0,1447.0,7.0,1.0,7.0,2.0,75.0,1.0,0.0,0.0,00-0036972,83.38
2021,13,0.0,0.0,5.0,0.0,1.0,572.0,0.0,121.0,0.0,00-0036875,110.30000000000001
2022,64,0.0,0.0,5.0,0.0,1.0,986.0,0.0,393.0,1.0,00-0036875,235.90000000000003
2023,38,0.0,0.0,4.0,0.0,1.0,619.0,0.0,238.0,0.0,00-0036875,145.70000000000002
2024,33,0.0,0.0,7.0,0.0,3.0,801.0,2.0,164.0,1.0,00-0036875,175.50000000000003
2021,79,0.0,0.0,0.0,0.0,1.0,21.0,0.0,1429.0,13.0,00-0036900,300.0
2022,79,0.0,0.0,0.0,0.0,2.0,8.0,0.0,960.0,8.0,00-0036900,219.8
2023,96,-7.0,0.0,0.0,0.0,0.0,-6.0,0.0,1197.0,7.0,00-0036900,256.82
2024,117,0.0,0.0,0.0,0.0,0.0,32.0,0.0,1612.0,16.0,00-0036900,377.4
2021,0,2247.0,8.0,4.0,11.0,1.0,161.0,2.0,0.0,0.0,00-0037013,141.98
2022,1,1688.0,6.0,1.0,7.0,1.0,102.0,0.0,2.0,1.0,00-0037013,98.92
2023,0,2271.0,8.0,0.0,7.0,7.0,211.0,2.0,0.0,0.0,00-0037013,119.94
2021,36,0.0,0.0,4.0,0.0,1.0,620.0,0.0,307.0,0.0,00-0036924,150.7
2022,39,0.0,0.0,3.0,0.0,1.0,398.0,0.0,287.0,0.0,00-0036924,123.50000000000001
2023,23,0.0,0.0,0.0,0.0,0.0,170.0,0.0,99.0,1.0,00-0036924,55.9
2024,7,0.0,0.0,0.0,0.0,0.0,88.0,0.0,41.0,0.0,00-0036924,19.900000000000002
2021,29,0.0,0.0,4.0,0.0,1.0,213.0,1.0,244.0,1.0,00-0036919,104.7
2022,22,0.0,0.0,4.0,0.0,0.0,205.0,0.0,162.0,0.0,00-0036919,82.7
2023,30,17.0,0.0,2.0,0.0,1.0,302.0,1.0,183.0,0.0,00-0036919,91.17999999999999
2024,14,0.0,0.0,1.0,0.0,0.0,276.0,0.0,107.0,0.0,00-0036919,58.300000000000004
2021,70,0.0,0.0,7.0,0.0,0.0,1172.0,0.0,440.0,3.0,00-0036893,291.2
2022,40,4.0,0.0,6.0,0.0,1.0,954.0,0.0,223.0,3.0,00-0036893,209.86
2023,24,0.0,0.0,7.0,0.0,1.0,923.0,0.0,149.0,0.0,00-0036893,171.20000000000002
2024,32,0.0,0.0,5.0,0.0,0.0,1007.0,0.0,263.0,0.0,00-0036893,189.0
2021,10,0.0,0.0,0.0,0.0,0.0,59.0,0.0,64.0,1.0,00-0036620,28.299999999999997
2022,7,0.0,0.0,0.0,0.0,0.0,10.0,0.0,58.0,0.0,00-0036620,13.8
2023,0,0.0,0.0,0.0,0.0,0.0,5.0,0.0,0.0,0.0,00-0036620,0.5
2024,3,0.0,0.0,0.0,0.0,0.0,0.0,0.0,44.0,0.0,00-0036620,7.4
2020,13,0.0,0.0,0.0,0.0,0.0,0.0,0.0,159.0,2.0,00-0036247,40.9
2021,24,0.0,0.0,0.0,0.0,0.0,32.0,0.0,318.0,3.0,00-0036247,77.0
2022,2,0.0,0.0,0.0,0.0,0.0,0.0,0.0,20.0,0.0,00-0036247,4.0
2021,0,603.0,5.0,1.0,2.0,0.0,168.0,1.0,0.0,0.0,00-0037012,64.92
2022,0,194.0,0.0,0.0,1.0,0.0,67.0,0.0,0.0,0.0,00-0037012,12.46
2024,0,22.0,0.0,0.0,1.0,0.0,15.0,0.0,0.0,0.0,00-0037012,0.3799999999999999
2021,19,0.0,0.0,5.0,0.0,0.0,878.0,0.0,137.0,1.0,00-0036567,156.5
2022,3,0.0,0.0,0.0,0.0,0.0,224.0,0.0,7.0,0.0,00-0036567,26.1
2023,4,0.0,0.0,1.0,0.0,0.0,229.0,0.0,-1.0,0.0,00-0036567,32.800000000000004
2021,99,0.0,0.0,1.0,0.0,1.0,3.0,0.0,988.0,5.0,00-0036613,232.10000000000002
2022,70,0.0,0.0,0.0,0.0,1.0,17.0,0.0,1312.0,8.0,00-0036613,248.90000000000003
2023,72,0.0,0.0,0.0,0.0,0.0,12.0,0.0,1014.0,4.0,00-0036613,198.60000000000002
2024,54,0.0,0.0,0.0,0.0,0.0,6.0,2.0,723.0,2.0,00-0036613,142.89999999999998
2020,2,0.0,0.0,0.0,0.0,0.0,0.0,0.0,16.0,1.0,00-0036187,9.6
2021,3,0.0,0.0,0.0,0.0,0.0,3.0,0.0,23.0,0.0,00-0036187,5.6
2022,8,0.0,0.0,0.0,0.0,0.0,0.0,0.0,69.0,1.0,00-0036187,20.9
2023,1,0.0,0.0,0.0,0.0,0.0,0.0,0.0,3.0,0.0,00-0036187,1.3
2024,0,0.0,0.0,0.0,0.0,0.0,3.0,0.0,0.0,0.0,00-0036187,0.30000000000000004
2021,16,0.0,0.0,0.0,0.0,0.0,18.0,0.0,163.0,1.0,00-0036654,40.1
2022,2,0.0,0.0,0.0,0.0,0.0,-4.0,0.0,8.0,0.0,00-0036654,2.4000000000000004
2021,0,2363.0,13.0,0.0,10.0,1.0,32.0,1.0,0.0,0.0,00-0036898,129.71999999999997
2022,0,2820.0,14.0,2.0,13.0,3.0,102.0,0.0,0.0,0.0,00-0036898,159.0
2023,0,173.0,2.0,0.0,0.0,0.0,9.0,1.0,0.0,0.0,00-0036898,17.82
2024,0,84.0,0.0,0.0,0.0,0.0,0.0,0.0,0.0,0.0,00-0036898,3.36
2021,0,25.0,0.0,0.0,1.0,0.0,0.0,0.0,0.0,0.0,00-0036226,-1.0
2022,0,59.0,0.0,0.0,1.0,0.0,0.0,0.0,0.0,0.0,00-0036226,0.3599999999999999
2017,16,0.0,0.0,0.0,0.0,0.0,0.0,0.0,257.0,0.0,00-0033307,41.7
2018,42,0.0,0.0,0.0,0.0,0.0,0.0,0.0,487.0,4.0,00-0033307,114.7
2019,30,0.0,0.0,0.0,0.0,0.0,0.0,1.0,358.0,5.0,00-0033307,97.80000000000001
2020,49,0.0,0.0,0.0,0.0,0.0,0.0,1.0,667.0,2.0,00-0033307,129.7
2021,52,25.0,1.0,0.0,0.0,1.0,117.0,0.0,776.0,5.0,00-0033307,174.3
2022,31,0.0,0.0,0.0,0.0,0.0,39.0,0.0,389.0,1.0,00-0033307,79.80000000000001
2023,37,0.0,0.0,0.0,0.0,1.0,4.0,0.0,406.0,4.0,00-0033307,100.0
2024,26,0.0,0.0,0.0,0.0,0.0,6.0,0.0,293.0,1.0,00-0033307,61.900000000000006
2021,23,0.0,0.0,5.0,0.0,1.0,564.0,0.0,166.0,0.0,00-0036555,124.0
2022,14,0.0,0.0,2.0,0.0,1.0,397.0,0.0,147.0,0.0,00-0036555,78.4
2023,37,0.0,0.0,5.0,0.0,0.0,819.0,0.0,224.0,0.0,00-0036555,171.3
2024,43,0.0,0.0,10.0,0.0,3.0,1195.0,1.0,171.0,1.0,00-0036555,241.6
2021,3,0.0,0.0,1.0,0.0,0.0,167.0,0.0,26.0,0.0,00-0036984,28.3
2022,0,0.0,0.0,0.0,0.0,0.0,19.0,0.0,0.0,0.0,00-0036984,1.9000000000000001
2023,3,0.0,0.0,0.0,0.0,0.0,160.0,0.0,13.0,0.0,00-0036984,20.3
2024,15,0.0,0.0,2.0,0.0,0.0,159.0,0.0,94.0,0.0,00-0036984,52.3
2021,54,0.0,0.0,0.0,0.0,1.0,76.0,0.0,435.0,1.0,00-0036936,109.1
2022,41,0.0,0.0,0.0,0.0,0.0,-5.0,0.0,414.0,1.0,00-0036936,87.9
2023,36,0.0,0.0,1.0,0.0,0.0,173.0,0.0,321.0,1.0,00-0036936,97.4
2021,1,0.0,0.0,0.0,0.0,0.0,4.0,0.0,6.0,0.0,00-0036569,2.0
2022,4,0.0,0.0,1.0,0.0,0.0,81.0,0.0,36.0,0.0,00-0036569,21.700000000000003
2023,5,0.0,0.0,0.0,0.0,0.0,19.0,0.0,47.0,0.0,00-0036569,11.600000000000001
2021,18,0.0,0.0,1.0,0.0,0.0,7.0,1.0,173.0,1.0,00-0037005,50.0
2022,18,0.0,0.0,0.0,0.0,1.0,0.0,0.0,172.0,3.0,00-0037005,51.2
2023,21,0.0,0.0,0.0,0.0,0.0,0.0,0.0,183.0,3.0,00-0037005,57.3
2024,21,0.0,0.0,0.0,0.0,1.0,0.0,0.0,204.0,1.0,00-0037005,45.400000000000006
2021,0,0.0,0.0,0.0,0.0,0.0,7.0,0.0,0.0,0.0,00-0035448,0.7000000000000001
2021,0,0.0,0.0,0.0,0.0,0.0,5.0,0.0,0.0,0.0,00-0036860,0.5
2023,1,0.0,0.0,0.0,0.0,0.0,10.0,0.0,12.0,0.0,00-0036860,3.2
2021,12,0.0,0.0,0.0,0.0,0.0,-4.0,0.0,165.0,0.0,00-0036626,28.1
2022,5,0.0,0.0,0.0,0.0,0.0,15.0,0.0,143.0,2.0,00-0036626,32.8
2023,12,0.0,0.0,0.0,0.0,0.0,0.0,0.0,168.0,1.0,00-0036626,34.8
2024,27,0.0,0.0,0.0,0.0,1.0,18.0,0.0,292.0,1.0,00-0036626,62.0
2021,14,0.0,0.0,2.0,0.0,0.0,422.0,0.0,96.0,0.0,00-0036906,77.80000000000001
2022,8,0.0,0.0,4.0,0.0,0.0,681.0,0.0,58.0,1.0,00-0036906,111.9
2023,18,0.0,0.0,2.0,0.0,1.0,583.0,1.0,121.0,1.0,00-0036906,106.4
2024,3,0.0,0.0,1.0,0.0,0.0,61.0,0.0,11.0,0.0,00-0036906,16.200000000000003
2019,12,0.0,0.0,0.0,0.0,0.0,0.0,0.0,170.0,1.0,00-0034297,35.0
2020,13,0.0,0.0,0.0,0.0,0.0,0.0,0.0,160.0,1.0,00-0034297,35.0
2021,37,0.0,0.0,0.0,0.0,1.0,0.0,0.0,512.0,5.0,00-0034297,116.2
2022,9,0.0,0.0,0.0,0.0,0.0,0.0,0.0,130.0,2.0,00-0034297,34.0
2023,14,0.0,0.0,0.0,0.0,1.0,0.0,0.0,161.0,0.0,00-0034297,28.1
2021,39,19.0,0.0,0.0,0.0,0.0,6.0,0.0,420.0,0.0,00-0036913,82.36
2022,14,0.0,0.0,0.0,0.0,1.0,56.0,0.0,153.0,2.0,00-0036913,44.900000000000006
2023,27,0.0,0.0,0.0,0.0,0.0,31.0,0.0,169.0,1.0,00-0036913,53.0
2024,0,0.0,0.0,0.0,0.0,1.0,-4.0,0.0,0.0,0.0,00-0036913,-2.4
2021,0,0.0,0.0,0.0,0.0,0.0,12.0,0.0,0.0,0.0,00-0035760,1.2000000000000002
2021,0,0.0,0.0,0.0,1.0,0.0,6.0,0.0,0.0,0.0,00-0036825,-1.4
2022,0,0.0,0.0,0.0,0.0,0.0,0.0,0.0,0.0,0.0,00-0036825,0.0
2024,0,0.0,0.0,0.0,0.0,0.0,0.0,0.0,0.0,0.0,00-0036825,0.0
2021,0,0.0,0.0,0.0,0.0,0.0,0.0,0.0,0.0,0.0,00-0036849,0.0
2022,16,0.0,0.0,0.0,0.0,0.0,23.0,0.0,271.0,1.0,00-0036849,51.400000000000006
2023,37,0.0,0.0,0.0,0.0,0.0,35.0,1.0,476.0,3.0,00-0036849,108.1
2024,37,0.0,0.0,0.0,0.0,0.0,7.0,0.0,525.0,0.0,00-0036849,90.2
2020,1,0.0,0.0,0.0,0.0,0.0,0.0,0.0,11.0,1.0,00-0035924,8.1
2021,2,0.0,0.0,0.0,0.0,0.0,33.0,0.0,32.0,0.0,00-0035924,8.5
2022,1,0.0,0.0,0.0,0.0,0.0,26.0,0.0,4.0,0.0,00-0035924,4.0
2023,0,0.0,0.0,0.0,0.0,0.0,11.0,0.0,0.0,0.0,00-0035924,1.1
2024,0,0.0,0.0,0.0,0.0,0.0,22.0,0.0,0.0,0.0,00-0035924,2.2
2021,11,0.0,0.0,0.0,0.0,0.0,42.0,0.0,127.0,1.0,00-0036857,33.9
2022,3,0.0,0.0,0.0,0.0,0.0,0.0,0.0,38.0,1.0,00-0036857,12.8
2023,1,0.0,0.0,0.0,0.0,0.0,12.0,0.0,-1.0,0.0,00-0036857,2.1
2021,6,0.0,0.0,0.0,0.0,0.0,-3.0,0.0,104.0,0.0,00-0036572,16.1
2022,22,0.0,0.0,0.0,0.0,1.0,0.0,0.0,296.0,2.0,00-0036572,61.6
2021,6,0.0,0.0,0.0,0.0,0.0,11.0,0.0,43.0,0.0,00-0036877,11.399999999999999
2022,2,0.0,0.0,0.0,0.0,0.0,2.0,0.0,26.0,0.0,00-0036877,4.800000000000001
2024,1,0.0,0.0,0.0,0.0,0.0,0.0,0.0,6.0,0.0,00-0036877,1.6
2021,2,0.0,0.0,0.0,0.0,0.0,5.0,0.0,7.0,1.0,00-0034311,9.2
2021,0,38.0,0.0,0.0,0.0,0.0,0.0,0.0,0.0,0.0,00-0035156,1.52
2022,0,6.0,0.0,0.0,0.0,0.0,0.0,0.0,0.0,0.0,00-0035156,0.24
2024,0,17.0,0.0,0.0,0.0,0.0,0.0,0.0,0.0,0.0,00-0035156,0.68
2021,2,0.0,0.0,1.0,0.0,0.0,87.0,0.0,17.0,0.0,00-0036383,18.400000000000002
2022,25,0.0,0.0,2.0,0.0,0.0,310.0,1.0,193.0,0.0,00-0036383,89.3
2021,0,953.0,5.0,0.0,8.0,0.0,-1.0,1.0,0.0,0.0,00-0034401,44.019999999999996
2022,0,1192.0,3.0,1.0,4.0,1.0,9.0,0.0,0.0,0.0,00-0034401,56.58
2023,0,74.0,1.0,0.0,1.0,1.0,-9.0,0.0,0.0,0.0,00-0034401,2.06
2021,43,0.0,0.0,1.0,0.0,0.0,54.0,0.0,538.0,5.0,00-0036980,138.20000000000002
2022,36,0.0,0.0,0.0,0.0,0.0,5.0,0.0,435.0,1.0,00-0036980,86.0
2023,59,0.0,0.0,0.0,0.0,2.0,11.0,0.0,640.0,2.0,00-0036980,132.1
2024,58,0.0,0.0,0.0,0.0,0.0,1.0,0.0,502.0,1.0,00-0036980,114.3
2021,3,0.0,0.0,0.0,0.0,0.0,11.0,0.0,40.0,0.0,00-0036991,8.1
2022,13,0.0,0.0,0.0,0.0,2.0,7.0,0.0,188.0,1.0,00-0036991,34.5
2023,0,0.0,0.0,0.0,0.0,0.0,0.0,0.0,0.0,0.0,00-0036991,0.0
2021,8,0.0,0.0,2.0,0.0,0.0,226.0,0.0,105.0,0.0,00-0035715,53.1
2023,0,0.0,0.0,0.0,0.0,0.0,23.0,0.0,0.0,0.0,00-0035715,2.3000000000000003
2021,4,0.0,0.0,2.0,0.0,0.0,74.0,0.0,23.0,0.0,00-0036670,25.7
2024,1,0.0,0.0,0.0,0.0,0.0,22.0,0.0,10.0,0.0,00-0036670,4.2
2021,7,0.0,0.0,1.0,0.0,2.0,118.0,0.0,60.0,0.0,00-0034614,26.8
2022,1,0.0,0.0,0.0,0.0,0.0,4.0,0.0,3.0,0.0,00-0034614,1.7
2020,52,0.0,0.0,0.0,0.0,0.0,0.0,1.0,856.0,3.0,00-0036407,157.60000000000002
2021,36,0.0,0.0,0.0,0.0,0.0,3.0,0.0,437.0,0.0,00-0036407,80.0
2022,62,0.0,0.0,0.0,0.0,0.0,1.0,0.0,818.0,6.0,00-0036407,179.9
2023,51,0.0,0.0,0.0,0.0,0.0,0.0,0.0,679.0,1.0,00-0036407,124.9
2024,84,0.0,0.0,0.0,0.0,0.0,0.0,2.0,1166.0,4.0,00-0036407,228.60000000000002
2018,16,0.0,0.0,0.0,0.0,0.0,0.0,0.0,217.0,1.0,00-0034676,43.7
2019,44,0.0,0.0,0.0,0.0,1.0,0.0,0.0,735.0,3.0,00-0034676,133.5
2020,30,0.0,0.0,0.0,0.0,0.0,0.0,0.0,392.0,5.0,00-0034676,99.2
2021,24,0.0,0.0,0.0,0.0,0.0,13.0,0.0,285.0,2.0,00-0034676,65.8
2022,0,0.0,0.0,0.0,0.0,0.0,0.0,0.0,0.0,0.0,00-0034676,0.0
2021,0,0.0,0.0,0.0,0.0,1.0,0.0,0.0,0.0,0.0,00-0036986,-2.0
2021,0,0.0,0.0,0.0,0.0,1.0,0.0,0.0,0.0,0.0,00-0036998,-2.0
2022,0,0.0,0.0,0.0,0.0,0.0,0.0,0.0,0.0,0.0,00-0036998,0.0
2021,4,0.0,0.0,0.0,0.0,0.0,57.0,0.0,9.0,0.0,00-0036842,10.6
2022,1,0.0,0.0,0.0,0.0,0.0,1.0,0.0,5.0,0.0,00-0036842,1.6
2023,0,0.0,0.0,0.0,0.0,0.0,13.0,0.0,0.0,0.0,00-0036842,1.3
2021,0,0.0,0.0,0.0,0.0,0.0,9.0,0.0,0.0,0.0,00-0036879,0.9
2022,0,364.0,1.0,0.0,1.0,1.0,66.0,0.0,0.0,0.0,00-0036879,21.160000000000004
2021,0,0.0,0.0,0.0,0.0,0.0,-3.0,0.0,0.0,0.0,00-0033550,-0.30000000000000004
2021,0,0.0,0.0,0.0,0.0,0.0,36.0,0.0,0.0,0.0,00-0035973,3.6
2022,1,0.0,0.0,0.0,0.0,0.0,31.0,0.0,17.0,0.0,00-0035973,5.8
2023,11,0.0,0.0,0.0,0.0,0.0,141.0,0.0,49.0,0.0,00-0035973,30.0
2024,2,0.0,0.0,1.0,0.0,0.0,74.0,0.0,13.0,0.0,00-0035973,16.7
2020,11,0.0,0.0,0.0,0.0,0.0,0.0,0.0,193.0,1.0,00-0036365,36.3
2021,30,0.0,0.0,0.0,0.0,0.0,0.0,0.0,508.0,3.0,00-0036365,98.80000000000001
2022,3,0.0,0.0,0.0,0.0,0.0,0.0,0.0,15.0,0.0,00-0036365,4.5
2021,0,0.0,0.0,1.0,0.0,0.0,31.0,0.0,0.0,0.0,00-0036493,9.1
2022,24,0.0,0.0,1.0,0.0,1.0,201.0,0.0,134.0,1.0,00-0036493,67.5
2023,5,0.0,0.0,0.0,0.0,2.0,16.0,0.0,14.0,0.0,00-0036493,4.0
2014,68,0.0,0.0,0.0,0.0,0.0,0.0,0.0,1051.0,12.0,00-0031408,245.10000000000002
2015,74,0.0,0.0,0.0,0.0,1.0,0.0,0.0,1211.0,3.0,00-0031408,211.10000000000002
2016,96,0.0,0.0,0.0,0.0,0.0,0.0,2.0,1321.0,12.0,00-0031408,304.1
2017,71,0.0,0.0,0.0,0.0,0.0,0.0,1.0,1004.0,5.0,00-0031408,203.4
2018,86,0.0,0.0,0.0,0.0,1.0,0.0,0.0,1524.0,8.0,00-0031408,284.4
2019,67,0.0,0.0,0.0,0.0,0.0,0.0,1.0,1157.0,8.0,00-0031408,232.7
2020,70,0.0,0.0,0.0,0.0,0.0,0.0,0.0,1006.0,13.0,00-0031408,248.60000000000002
2021,68,0.0,0.0,0.0,0.0,0.0,10.0,0.0,946.0,12.0,00-0031408,235.60000000000002
2022,77,0.0,0.0,0.0,0.0,0.0,0.0,0.0,1124.0,6.0,00-0031408,225.4
2023,76,0.0,0.0,0.0,0.0,0.0,0.0,0.0,1233.0,13.0,00-0031408,277.3
2024,65,0.0,0.0,0.0,0.0,0.0,0.0,0.0,915.0,11.0,00-0031408,222.5
2021,29,0.0,0.0,0.0,0.0,0.0,6.0,0.0,308.0,3.0,00-0036988,78.4
2022,68,0.0,0.0,0.0,0.0,0.0,4.0,0.0,730.0,3.0,00-0036988,159.4
2023,32,0.0,0.0,0.0,0.0,1.0,0.0,0.0,537.0,2.0,00-0036988,95.7
2024,39,0.0,0.0,0.0,0.0,0.0,0.0,2.0,575.0,1.0,00-0036988,106.5
2021,0,0.0,0.0,0.0,0.0,0.0,0.0,0.0,0.0,0.0,00-0035859,0.0
2023,0,0.0,0.0,0.0,0.0,0.0,10.0,0.0,0.0,0.0,00-0035859,1.0
2021,0,0.0,0.0,0.0,0.0,0.0,0.0,0.0,0.0,0.0,00-0036571,0.0
2021,0,0.0,0.0,0.0,0.0,0.0,14.0,0.0,0.0,0.0,00-0034496,1.4000000000000001
2022,0,0.0,0.0,0.0,0.0,0.0,2.0,0.0,0.0,0.0,00-0034496,0.2
2018,6,0.0,0.0,0.0,0.0,0.0,0.0,0.0,50.0,0.0,00-0034798,11.0
2019,7,0.0,0.0,0.0,0.0,0.0,0.0,0.0,65.0,0.0,00-0034798,13.5
2020,26,0.0,0.0,0.0,0.0,0.0,0.0,0.0,208.0,2.0,00-0034798,58.8
2021,32,0.0,0.0,0.0,0.0,0.0,3.0,0.0,325.0,0.0,00-0034798,64.8
2022,12,0.0,0.0,1.0,0.0,0.0,1.0,0.0,90.0,1.0,00-0034798,33.1
2023,32,0.0,0.0,0.0,0.0,0.0,0.0,0.0,336.0,0.0,00-0034798,65.6
2024,9,0.0,0.0,0.0,0.0,0.0,0.0,0.0,53.0,0.0,00-0034798,14.3
2021,0,0.0,0.0,0.0,0.0,0.0,0.0,0.0,0.0,0.0,00-0036748,0.0
2021,0,0.0,0.0,0.0,0.0,1.0,0.0,0.0,0.0,0.0,00-0035935,-2.0
2020,7,0.0,0.0,0.0,0.0,0.0,0.0,0.0,106.0,1.0,00-0036271,23.6
2021,38,0.0,0.0,0.0,0.0,0.0,3.0,1.0,563.0,0.0,00-0036271,96.6
2022,31,0.0,0.0,0.0,0.0,1.0,1.0,0.0,340.0,3.0,00-0036271,81.1
2023,7,0.0,0.0,0.0,0.0,0.0,0.0,0.0,49.0,0.0,00-0036271,11.9
2019,4,0.0,0.0,0.0,0.0,0.0,0.0,0.0,54.0,0.0,00-0035099,9.4
2020,4,0.0,0.0,0.0,0.0,0.0,0.0,0.0,39.0,0.0,00-0035099,7.9
2021,1,0.0,0.0,0.0,0.0,1.0,6.0,0.0,-1.0,0.0,00-0035099,-0.4999999999999999
2022,0,0.0,0.0,0.0,0.0,0.0,0.0,0.0,0.0,0.0,00-0035099,0.0
2023,3,0.0,0.0,0.0,0.0,0.0,26.0,0.0,2.0,0.0,00-0035099,5.8
2021,0,0.0,0.0,0.0,0.0,0.0,-1.0,0.0,0.0,0.0,00-0036582,-0.1
2021,82,0.0,0.0,1.0,0.0,0.0,49.0,2.0,803.0,4.0,00-0036963,201.20000000000002
2022,100,0.0,0.0,0.0,0.0,0.0,95.0,0.0,1112.0,6.0,00-0036963,256.7
2023,112,0.0,0.0,0.0,0.0,1.0,24.0,0.0,1371.0,9.0,00-0036963,303.5
2024,109,7.0,1.0,0.0,0.0,1.0,6.0,0.0,1186.0,14.0,00-0036963,314.48
2021,0,0.0,0.0,0.0,0.0,0.0,0.0,0.0,0.0,0.0,00-0036950,0.0
2022,13,0.0,0.0,1.0,0.0,1.0,97.0,0.0,61.0,0.0,00-0036950,32.800000000000004
2021,0,0.0,0.0,0.0,0.0,0.0,-1.0,0.0,0.0,0.0,00-0034131,-0.1
2021,0,0.0,0.0,0.0,0.0,0.0,3.0,0.0,0.0,0.0,00-0036768,0.30000000000000004
2021,0,0.0,0.0,0.0,0.0,0.0,6.0,0.0,0.0,0.0,00-0034726,0.6000000000000001
2022,0,0.0,0.0,0.0,0.0,0.0,0.0,0.0,0.0,0.0,00-0034726,0.0
2021,2,0.0,0.0,0.0,0.0,0.0,9.0,0.0,6.0,0.0,00-0036523,3.5
2021,0,107.0,0.0,0.0,1.0,0.0,12.0,0.0,0.0,0.0,00-0036197,3.4800000000000004
2021,0,0.0,0.0,0.0,0.0,0.0,4.0,0.0,0.0,0.0,00-0035378,0.4
2021,0,0.0,0.0,0.0,0.0,0.0,4.0,0.0,0.0,0.0,00-0036313,0.4
2022,0,17.0,0.0,0.0,0.0,0.0,0.0,0.0,0.0,0.0,00-0036313,0.68
2023,0,28.0,0.0,0.0,0.0,0.0,0.0,0.0,0.0,0.0,00-0036313,1.12
2021,0,0.0,0.0,0.0,0.0,0.0,3.0,0.0,0.0,0.0,00-0035835,0.30000000000000004
2021,0,0.0,0.0,0.0,0.0,0.0,3.0,0.0,0.0,0.0,00-0035883,0.30000000000000004
2021,0,135.0,0.0,0.0,2.0,0.0,6.0,0.0,0.0,0.0,00-0036929,2.0000000000000004
2021,2,0.0,0.0,0.0,0.0,0.0,4.0,0.0,14.0,0.0,00-0036727,3.8
2022,3,0.0,0.0,0.0,0.0,0.0,9.0,0.0,9.0,0.0,00-0036727,4.8
2023,2,0.0,0.0,0.0,0.0,1.0,12.0,0.0,12.0,0.0,00-0036727,2.4000000000000004
2024,0,0.0,0.0,0.0,0.0,0.0,0.0,0.0,0.0,0.0,00-0036727,0.0
2019,1,0.0,0.0,0.0,0.0,0.0,0.0,0.0,3.0,0.0,00-0033215,1.3
2020,0,0.0,0.0,0.0,0.0,0.0,0.0,0.0,0.0,0.0,00-0033215,0.0
2021,10,0.0,0.0,0.0,0.0,0.0,14.0,0.0,212.0,2.0,00-0033215,44.6
2021,0,23.0,0.0,0.0,0.0,0.0,0.0,0.0,0.0,0.0,00-0029747,0.92
2015,17,0.0,0.0,0.0,0.0,0.0,0.0,0.0,199.0,1.0,00-0032128,42.900000000000006
2016,44,0.0,0.0,0.0,0.0,0.0,0.0,0.0,530.0,0.0,00-0032128,97.0
2017,11,0.0,0.0,0.0,0.0,0.0,0.0,0.0,175.0,0.0,00-0032128,28.5
2018,32,0.0,0.0,0.0,0.0,2.0,0.0,0.0,334.0,5.0,00-0032128,91.4
2019,47,0.0,0.0,0.0,0.0,0.0,0.0,1.0,775.0,5.0,00-0032128,156.5
2020,40,0.0,0.0,0.0,0.0,1.0,0.0,0.0,471.0,2.0,00-0032128,97.1
2021,22,0.0,0.0,0.0,0.0,1.0,3.0,0.0,323.0,2.0,00-0032128,64.6
2022,4,0.0,0.0,0.0,0.0,0.0,0.0,0.0,46.0,0.0,00-0032128,8.600000000000001
2024,2,0.0,0.0,0.0,0.0,0.0,0.0,0.0,17.0,0.0,00-0032128,3.7
2021,0,0.0,0.0,0.0,0.0,0.0,0.0,0.0,0.0,0.0,00-0035280,0.0
2024,0,0.0,0.0,0.0,0.0,1.0,0.0,0.0,0.0,0.0,00-0035280,-2.0
2021,0,0.0,0.0,0.0,0.0,0.0,0.0,0.0,0.0,0.0,00-0032353,0.0
2018,22,0.0,0.0,0.0,0.0,1.0,0.0,0.0,202.0,0.0,00-0034829,40.2
2019,51,0.0,0.0,0.0,0.0,1.0,0.0,0.0,570.0,5.0,00-0034829,136.0
2020,53,0.0,0.0,0.0,0.0,0.0,0.0,0.0,703.0,6.0,00-0034829,159.3
2021,71,0.0,0.0,0.0,0.0,0.0,0.0,1.0,758.0,2.0,00-0034829,160.8
2022,28,0.0,0.0,0.0,0.0,0.0,0.0,0.0,316.0,5.0,00-0034829,89.6
2023,28,0.0,0.0,0.0,0.0,0.0,0.0,0.0,239.0,2.0,00-0034829,63.900000000000006
2024,57,0.0,0.0,0.0,0.0,1.0,0.0,0.0,597.0,2.0,00-0034829,126.7
2021,0,5.0,0.0,0.0,0.0,0.0,0.0,0.0,0.0,0.0,00-0036946,0.2
2021,9,0.0,0.0,0.0,0.0,1.0,1.0,0.0,83.0,0.0,00-0036671,15.4
2022,6,0.0,0.0,0.0,0.0,0.0,0.0,0.0,37.0,1.0,00-0036671,15.7
2019,3,0.0,0.0,0.0,0.0,0.0,0.0,0.0,18.0,0.0,00-0035399,4.8
2021,1,0.0,0.0,0.0,0.0,0.0,0.0,0.0,3.0,0.0,00-0035399,1.3
2022,0,0.0,0.0,0.0,0.0,0.0,0.0,0.0,0.0,0.0,00-0035399,0.0
2020,14,0.0,0.0,0.0,0.0,0.0,0.0,1.0,304.0,2.0,00-0036233,58.400000000000006
2021,31,0.0,0.0,0.0,0.0,1.0,0.0,0.0,559.0,3.0,00-0036233,102.9
2022,59,0.0,0.0,0.0,0.0,1.0,2.0,0.0,797.0,3.0,00-0036233,154.9
2023,11,0.0,0.0,0.0,0.0,0.0,0.0,0.0,130.0,0.0,00-0036233,24.0
2021,4,0.0,0.0,0.0,0.0,0.0,0.0,0.0,38.0,0.0,00-0035544,7.800000000000001
2022,8,0.0,0.0,0.0,0.0,0.0,0.0,0.0,141.0,0.0,00-0035544,22.1
2024,0,0.0,0.0,0.0,0.0,0.0,0.0,0.0,0.0,0.0,00-0035544,0.0
2022,0,0.0,0.0,0.0,0.0,0.0,0.0,0.0,0.0,0.0,00-0036222,0.0
2018,34,0.0,0.0,0.0,0.0,0.0,0.0,0.0,552.0,3.0,00-0034753,107.2
2019,64,0.0,0.0,0.0,0.0,1.0,0.0,0.0,852.0,10.0,00-0034753,207.2
2020,58,0.0,0.0,0.0,0.0,0.0,0.0,0.0,701.0,7.0,00-0034753,170.10000000000002
2021,99,0.0,0.0,0.0,0.0,0.0,0.0,2.0,1276.0,9.0,00-0034753,284.6
2022,73,0.0,0.0,0.0,0.0,0.0,8.0,1.0,847.0,5.0,00-0034753,190.5
2023,45,0.0,0.0,0.0,0.0,0.0,0.0,0.0,544.0,6.0,00-0034753,135.4
2024,51,0.0,0.0,0.0,0.0,0.0,5.0,0.0,619.0,10.0,00-0034753,173.4
2024,3,0.0,0.0,0.0,0.0,0.0,0.0,0.0,31.0,0.0,00-0035602,6.1
2022,19,0.0,0.0,4.0,0.0,1.0,463.0,0.0,218.0,1.0,00-0038120,115.10000000000001
2023,74,0.0,0.0,4.0,0.0,0.0,816.0,0.0,579.0,4.0,00-0038120,261.5
2024,54,0.0,0.0,5.0,0.0,2.0,819.0,1.0,468.0,2.0,00-0038120,222.70000000000002
2022,19,0.0,0.0,2.0,0.0,1.0,462.0,0.0,174.0,1.0,00-0037248,98.60000000000001
2023,41,0.0,0.0,2.0,0.0,2.0,1086.0,0.0,429.0,4.0,00-0037248,224.50000000000003
2024,32,0.0,0.0,15.0,0.0,0.0,981.0,0.0,258.0,2.0,00-0037248,257.90000000000003
2022,36,0.0,0.0,2.0,0.0,0.0,68.0,0.0,507.0,7.0,00-0038124,147.5
2023,28,0.0,0.0,0.0,0.0,0.0,11.0,0.0,422.0,5.0,00-0038124,101.30000000000001
2024,29,0.0,0.0,0.0,0.0,1.0,23.0,1.0,620.0,2.0,00-0038124,105.3
2022,42,0.0,0.0,0.0,0.0,1.0,11.0,0.0,425.0,3.0,00-0037816,101.6
2023,59,0.0,0.0,0.0,0.0,0.0,0.0,0.0,674.0,8.0,00-0037816,174.4
2024,46,0.0,0.0,0.0,0.0,0.0,0.0,1.0,601.0,4.0,00-0037816,132.1
2022,30,0.0,0.0,4.0,0.0,2.0,939.0,0.0,165.0,1.0,00-0037258,166.4
2023,13,0.0,0.0,2.0,0.0,0.0,416.0,0.0,101.0,0.0,00-0037258,76.69999999999999
2024,2,0.0,0.0,1.0,0.0,0.0,117.0,0.0,2.0,0.0,00-0037258,19.900000000000002
2022,32,0.0,0.0,0.0,0.0,0.0,-7.0,1.0,451.0,7.0,00-0037741,120.4
2023,47,0.0,0.0,0.0,0.0,0.0,0.0,0.0,501.0,4.0,00-0037741,121.1
2024,12,0.0,0.0,0.0,0.0,0.0,13.0,0.0,122.0,0.0,00-0037741,25.5
2022,33,0.0,0.0,5.0,0.0,3.0,1108.0,1.0,297.0,0.0,00-0036973,199.5
2023,53,0.0,0.0,11.0,0.0,0.0,951.0,2.0,446.0,1.0,00-0036973,268.70000000000005
2024,36,0.0,0.0,2.0,0.0,1.0,527.0,0.0,225.0,0.0,00-0036973,121.2
2022,13,0.0,0.0,4.0,0.0,2.0,766.0,0.0,130.0,0.0,00-0037197,122.60000000000001
2023,44,0.0,0.0,7.0,0.0,1.0,935.0,0.0,244.0,2.0,00-0037197,213.9
2024,12,0.0,0.0,1.0,0.0,0.0,310.0,0.0,79.0,0.0,00-0037197,56.9
2022,5,0.0,0.0,0.0,0.0,0.0,8.0,0.0,8.0,2.0,00-0037331,18.6
2014,38,0.0,0.0,0.0,0.0,0.0,0.0,0.0,446.0,3.0,00-0031381,100.6
2015,50,0.0,0.0,0.0,0.0,0.0,0.0,1.0,495.0,1.0,00-0031381,107.5
2016,75,0.0,0.0,0.0,0.0,1.0,0.0,1.0,997.0,12.0,00-0031381,246.7
2017,74,0.0,0.0,0.0,0.0,0.0,0.0,0.0,885.0,10.0,00-0031381,222.5
2018,111,0.0,0.0,0.0,0.0,0.0,0.0,1.0,1386.0,13.0,00-0031381,329.6
2019,83,0.0,0.0,0.0,0.0,1.0,0.0,1.0,997.0,5.0,00-0031381,212.7
2020,115,0.0,0.0,0.0,0.0,1.0,0.0,0.0,1374.0,18.0,00-0031381,358.4
2021,117,0.0,0.0,0.0,0.0,0.0,0.0,0.0,1498.0,11.0,00-0031381,332.8
2022,95,0.0,0.0,0.0,0.0,0.0,-1.0,0.0,1443.0,14.0,00-0031381,323.20000000000005
2023,98,0.0,0.0,0.0,0.0,0.0,0.0,0.0,1098.0,7.0,00-0031381,249.8
2024,79,0.0,0.0,0.0,0.0,0.0,0.0,1.0,975.0,7.0,00-0031381,220.5
2022,8,0.0,0.0,0.0,0.0,2.0,0.0,0.0,78.0,0.0,00-0037273,11.8
2023,13,0.0,0.0,0.0,0.0,1.0,0.0,0.0,166.0,0.0,00-0037273,27.6
2022,29,0.0,0.0,0.0,0.0,0.0,2.0,1.0,408.0,2.0,00-0037809,84.0
2023,52,0.0,0.0,0.0,0.0,0.0,6.0,0.0,492.0,1.0,00-0037809,107.80000000000001
2024,52,0.0,0.0,0.0,0.0,1.0,17.0,1.0,483.0,2.0,00-0037809,114.0
2022,25,0.0,0.0,1.0,0.0,0.0,343.0,0.0,207.0,0.0,00-0037228,86.00000000000001
2023,56,0.0,0.0,4.0,0.0,1.0,751.0,0.0,353.0,0.0,00-0037228,188.40000000000003
2024,38,0.0,0.0,1.0,0.0,1.0,490.0,0.0,310.0,0.0,00-0037228,122.0
2022,50,0.0,0.0,1.0,0.0,3.0,466.0,0.0,280.0,2.0,00-0037256,136.6
2023,60,0.0,0.0,6.0,0.0,2.0,915.0,0.0,531.0,3.0,00-0037256,254.6
2024,51,0.0,0.0,3.0,0.0,3.0,613.0,0.0,393.0,6.0,00-0037256,199.60000000000002
2022,0,0.0,0.0,0.0,0.0,0.0,66.0,0.0,0.0,0.0,00-0038040,6.6000000000000005
2023,14,0.0,0.0,1.0,0.0,1.0,339.0,0.0,89.0,0.0,00-0038040,60.8
2024,6,0.0,0.0,1.0,0.0,2.0,183.0,0.0,30.0,0.0,00-0038040,29.3
2022,16,0.0,0.0,3.0,0.0,0.0,900.0,1.0,139.0,1.0,00-0037263,145.9
2023,15,0.0,0.0,4.0,0.0,0.0,659.0,1.0,183.0,1.0,00-0037263,131.20000000000002
2024,11,0.0,0.0,3.0,0.0,0.0,592.0,1.0,71.0,0.0,00-0037263,97.3
2022,2,0.0,0.0,1.0,0.0,0.0,366.0,0.0,3.0,0.0,00-0036829,44.9
2022,1,0.0,0.0,0.0,0.0,1.0,17.0,0.0,9.0,0.0,00-0037801,1.6
2023,12,0.0,0.0,1.0,0.0,0.0,105.0,0.0,127.0,3.0,00-0037801,59.2
2024,28,0.0,0.0,0.0,0.0,1.0,87.0,0.0,367.0,2.0,00-0037801,83.4
2022,4,0.0,0.0,0.0,0.0,1.0,30.0,0.0,2.0,0.0,00-0037272,5.2
2023,0,0.0,0.0,0.0,0.0,0.0,0.0,0.0,0.0,0.0,00-0037272,0.0
2022,74,0.0,0.0,0.0,0.0,1.0,4.0,0.0,1014.0,4.0,00-0037740,197.8
2023,93,0.0,0.0,0.0,0.0,2.0,0.0,0.0,1008.0,3.0,00-0037740,207.8
2024,97,0.0,0.0,0.0,0.0,2.0,5.0,1.0,1053.0,7.0,00-0037740,242.8
2022,0,0.0,0.0,0.0,0.0,0.0,72.0,0.0,0.0,0.0,00-0037827,7.2
2023,0,0.0,0.0,0.0,0.0,0.0,21.0,0.0,0.0,0.0,00-0037827,2.1
2024,0,0.0,0.0,0.0,0.0,0.0,7.0,0.0,0.0,0.0,00-0037827,0.7000000000000001
2022,26,0.0,0.0,9.0,0.0,0.0,936.0,0.0,155.0,0.0,00-0038134,189.10000000000002
2023,28,0.0,0.0,8.0,0.0,0.0,827.0,0.0,256.0,1.0,00-0038134,190.29999999999998
2024,46,0.0,0.0,7.0,0.0,0.0,573.0,0.0,299.0,1.0,00-0038134,181.20000000000002
2022,0,0.0,0.0,0.0,0.0,1.0,0.0,0.0,0.0,0.0,00-0035293,-2.0
2022,9,0.0,0.0,0.0,0.0,0.0,90.0,0.0,44.0,0.0,00-0037617,22.4
2024,3,0.0,0.0,1.0,0.0,1.0,56.0,0.0,49.0,1.0,00-0037617,23.5
2022,0,276.0,0.0,1.0,3.0,2.0,123.0,0.0,0.0,0.0,00-0038128,19.340000000000003
2023,0,74.0,0.0,0.0,0.0,1.0,21.0,0.0,0.0,0.0,00-0038128,3.06
2024,0,414.0,3.0,1.0,0.0,0.0,135.0,0.0,0.0,0.0,00-0038128,48.06
2022,0,0.0,0.0,0.0,0.0,0.0,0.0,0.0,0.0,0.0,00-0036087,0.0
2023,0,0.0,0.0,0.0,0.0,0.0,0.0,0.0,0.0,0.0,00-0036087,0.0
2022,2,0.0,0.0,0.0,0.0,0.0,54.0,0.0,8.0,0.0,00-0037087,8.200000000000001
2022,0,0.0,0.0,0.0,0.0,0.0,3.0,0.0,0.0,0.0,00-0034355,0.30000000000000004
2022,22,0.0,0.0,0.0,0.0,3.0,24.0,0.0,250.0,0.0,00-0038090,43.4
2023,21,0.0,0.0,0.0,0.0,0.0,23.0,0.0,244.0,1.0,00-0038090,53.7
2024,0,0.0,0.0,0.0,0.0,0.0,0.0,0.0,0.0,0.0,00-0038090,0.0
2022,29,0.0,0.0,0.0,0.0,0.0,47.0,0.0,425.0,1.0,00-0037742,82.2
2023,16,0.0,0.0,0.0,0.0,0.0,18.0,0.0,221.0,0.0,00-0037742,39.900000000000006
2024,4,0.0,0.0,0.0,0.0,0.0,1.0,0.0,34.0,0.0,00-0037742,7.5
2017,16,0.0,0.0,0.0,0.0,0.0,0.0,0.0,226.0,1.0,00-0033555,44.6
2019,10,0.0,0.0,0.0,0.0,0.0,0.0,0.0,125.0,0.0,00-0033555,22.5
2020,16,0.0,0.0,0.0,0.0,1.0,0.0,0.0,176.0,1.0,00-0033555,37.6
2021,14,0.0,0.0,0.0,0.0,0.0,0.0,0.0,223.0,4.0,00-0033555,60.3
2022,55,4.0,0.0,0.0,0.0,0.0,40.0,0.0,675.0,4.0,00-0033555,150.66
2023,18,0.0,0.0,0.0,0.0,0.0,0.0,0.0,251.0,0.0,00-0033555,43.1
2024,28,0.0,0.0,0.0,0.0,0.0,0.0,0.0,353.0,5.0,00-0033555,93.30000000000001
2022,0,0.0,0.0,0.0,0.0,0.0,0.0,0.0,0.0,0.0,00-0037132,0.0
2023,1,0.0,0.0,0.0,0.0,0.0,0.0,0.0,7.0,0.0,00-0037132,1.7000000000000002
2024,7,0.0,0.0,0.0,0.0,0.0,0.0,0.0,34.0,0.0,00-0037132,10.4
2022,0,0.0,0.0,1.0,0.0,0.0,230.0,0.0,0.0,0.0,00-0037525,29.0
2023,2,0.0,0.0,3.0,0.0,0.0,170.0,0.0,19.0,0.0,00-0037525,38.9
2024,11,0.0,0.0,3.0,0.0,1.0,789.0,0.0,90.0,0.0,00-0037525,114.9
2022,6,0.0,0.0,0.0,0.0,3.0,61.0,0.0,79.0,1.0,00-0037745,20.0
2023,4,0.0,0.0,0.0,0.0,0.0,51.0,0.0,20.0,0.0,00-0037745,11.100000000000001
2024,1,0.0,0.0,0.0,0.0,1.0,11.0,0.0,8.0,0.0,00-0037745,0.9000000000000001
2021,7,0.0,0.0,0.0,0.0,0.0,0.0,0.0,36.0,1.0,00-0036637,16.6
2022,27,0.0,0.0,1.0,0.0,0.0,1.0,0.0,285.0,1.0,00-0036637,67.6
2023,28,0.0,0.0,0.0,0.0,0.0,1.0,0.0,298.0,2.0,00-0036637,69.9
2024,39,0.0,0.0,0.0,0.0,0.0,0.0,0.0,436.0,5.0,00-0036637,112.6
2022,0,13.0,0.0,0.0,0.0,0.0,0.0,0.0,0.0,0.0,00-0037500,0.52
2022,1,781.0,5.0,0.0,3.0,3.0,0.0,0.0,-6.0,0.0,00-0038108,39.64
2023,0,1184.0,6.0,1.0,7.0,1.0,70.0,0.0,0.0,0.0,00-0038108,68.36
2022,0,2209.0,6.0,3.0,9.0,1.0,236.0,1.0,0.0,0.0,00-0038102,135.96
2023,0,2070.0,6.0,1.0,4.0,0.0,54.0,0.0,0.0,0.0,00-0038102,110.2
2024,0,291.0,2.0,1.0,1.0,0.0,15.0,0.0,0.0,0.0,00-0038102,25.14
2022,0,382.0,1.0,0.0,3.0,2.0,18.0,0.0,0.0,0.0,00-0037327,11.080000000000002
2024,0,187.0,0.0,0.0,0.0,0.0,4.0,0.0,0.0,0.0,00-0037327,7.880000000000001
2022,30,0.0,0.0,1.0,0.0,1.0,2.0,1.0,268.0,2.0,00-0038115,75.0
2023,25,0.0,0.0,0.0,0.0,0.0,0.0,0.0,255.0,0.0,00-0038115,50.5
2024,12,0.0,0.0,0.0,0.0,0.0,0.0,0.0,116.0,0.0,00-0038115,23.6
2022,0,0.0,0.0,0.0,0.0,0.0,0.0,0.0,0.0,0.0,00-0036502,0.0
2022,0,0.0,0.0,0.0,0.0,1.0,0.0,0.0,0.0,0.0,00-0035795,-2.0
2024,0,0.0,0.0,0.0,0.0,0.0,0.0,0.0,0.0,0.0,00-0035795,0.0
2017,0,0.0,0.0,0.0,0.0,0.0,0.0,0.0,0.0,0.0,00-0031550,0.0
2022,0,0.0,0.0,0.0,0.0,0.0,0.0,0.0,0.0,0.0,00-0031550,0.0
2022,0,1196.0,10.0,1.0,4.0,0.0,6.0,0.0,0.0,0.0,00-0037834,86.44
2023,0,4280.0,31.0,2.0,11.0,2.0,144.0,0.0,0.0,0.0,00-0037834,295.6
2024,0,3864.0,20.0,5.0,12.0,3.0,323.0,0.0,0.0,0.0,00-0037834,266.86
2022,9,0.0,0.0,2.0,0.0,0.0,797.0,0.0,60.0,1.0,00-0037746,112.7
2023,33,0.0,0.0,5.0,0.0,1.0,708.0,1.0,358.0,3.0,00-0037746,187.60000000000002
2024,19,0.0,0.0,8.0,0.0,2.0,789.0,0.0,153.0,0.0,00-0037746,157.20000000000002
2022,2,0.0,0.0,1.0,0.0,0.0,55.0,0.0,23.0,0.0,00-0037299,15.8
2023,4,0.0,0.0,0.0,0.0,0.0,74.0,0.0,26.0,0.0,00-0037299,14.0
2022,5,0.0,0.0,0.0,0.0,0.0,21.0,0.0,29.0,0.0,00-0037557,10.0
2023,5,0.0,0.0,0.0,0.0,0.0,77.0,0.0,22.0,0.0,00-0037557,14.899999999999999
2024,1,0.0,0.0,0.0,0.0,0.0,51.0,0.0,0.0,0.0,00-0037557,6.1000000000000005
2021,11,0.0,0.0,0.0,0.0,0.0,0.0,0.0,133.0,0.0,00-0036862,24.3
2022,39,0.0,0.0,1.0,0.0,0.0,17.0,0.0,376.0,0.0,00-0036862,84.30000000000001
2023,6,0.0,0.0,0.0,0.0,0.0,9.0,0.0,44.0,1.0,00-0036862,17.3
2024,5,0.0,0.0,0.0,0.0,0.0,0.0,0.0,69.0,0.0,00-0036862,11.9
2022,25,0.0,0.0,1.0,0.0,0.0,50.0,0.0,454.0,2.0,00-0037545,93.4
2023,43,0.0,0.0,0.0,0.0,1.0,37.0,0.0,654.0,4.0,00-0037545,134.10000000000002
2024,20,0.0,0.0,0.0,0.0,1.0,29.0,0.0,349.0,3.0,00-0037545,73.8
2022,0,0.0,0.0,0.0,0.0,0.0,0.0,0.0,0.0,0.0,00-0037616,0.0
2022,21,0.0,0.0,1.0,0.0,0.0,16.0,0.0,234.0,2.0,00-0038104,64.0
2023,13,0.0,0.0,0.0,0.0,0.0,51.0,0.0,91.0,0.0,00-0038104,27.200000000000003
2024,4,0.0,0.0,0.0,0.0,0.0,0.0,0.0,47.0,0.0,00-0038104,8.7
2022,0,0.0,0.0,1.0,0.0,0.0,52.0,0.0,0.0,0.0,00-0037286,11.2
2023,2,0.0,0.0,1.0,0.0,0.0,61.0,0.0,54.0,0.0,00-0037286,19.5
2022,7,0.0,0.0,1.0,0.0,0.0,100.0,0.0,42.0,0.0,00-0038098,27.2
2023,5,0.0,0.0,1.0,0.0,1.0,226.0,0.0,47.0,0.0,00-0038098,36.300000000000004
2024,14,0.0,0.0,0.0,0.0,0.0,108.0,0.0,104.0,0.0,00-0038098,35.2
2018,5,0.0,0.0,0.0,0.0,0.0,0.0,0.0,77.0,0.0,00-0034270,12.7
2019,8,0.0,0.0,0.0,0.0,0.0,0.0,0.0,58.0,0.0,00-0034270,13.8
2020,19,0.0,0.0,0.0,0.0,0.0,0.0,0.0,194.0,1.0,00-0034270,44.400000000000006
2021,59,0.0,0.0,0.0,0.0,0.0,0.0,0.0,587.0,3.0,00-0034270,135.7
2022,56,0.0,0.0,0.0,0.0,0.0,3.0,0.0,539.0,3.0,00-0034270,128.2
2023,59,0.0,0.0,0.0,0.0,0.0,0.0,0.0,605.0,0.0,00-0034270,119.5
2024,49,0.0,0.0,0.0,0.0,0.0,0.0,1.0,433.0,3.0,00-0034270,112.30000000000001
2022,49,0.0,0.0,1.0,0.0,0.0,24.0,1.0,729.0,3.0,00-0037247,150.3
2023,63,0.0,0.0,0.0,0.0,0.0,15.0,0.0,1140.0,5.0,00-0037247,208.5
2024,58,0.0,0.0,0.0,0.0,1.0,-6.0,0.0,900.0,3.0,00-0037247,163.4
2021,2,0.0,0.0,0.0,0.0,0.0,0.0,0.0,13.0,1.0,00-0036635,9.3
2022,1,0.0,0.0,0.0,0.0,1.0,-1.0,0.0,15.0,0.0,00-0036635,0.3999999999999999
2023,7,0.0,0.0,1.0,0.0,0.0,74.0,0.0,45.0,0.0,00-0036635,24.9
2024,0,0.0,0.0,0.0,0.0,0.0,0.0,0.0,0.0,0.0,00-0036635,0.0
2022,0,0.0,0.0,0.0,0.0,0.0,0.0,0.0,0.0,0.0,00-0034067,0.0
2022,0,0.0,0.0,0.0,0.0,0.0,26.0,0.0,0.0,0.0,00-0036527,2.6
2024,16,0.0,0.0,1.0,0.0,0.0,33.0,0.0,158.0,1.0,00-0036527,47.1
2022,3,0.0,0.0,0.0,0.0,0.0,41.0,0.0,13.0,0.0,00-0038045,8.4
2023,6,0.0,0.0,0.0,0.0,0.0,96.0,0.0,34.0,0.0,00-0038045,19.0
2022,10,0.0,0.0,3.0,0.0,1.0,76.0,0.0,93.0,0.0,00-0037429,42.900000000000006
2023,6,0.0,0.0,0.0,0.0,0.0,40.0,1.0,45.0,0.0,00-0037429,16.5
2024,0,0.0,0.0,0.0,0.0,0.0,33.0,0.0,0.0,0.0,00-0037429,3.3000000000000003
2022,0,0.0,0.0,0.0,0.0,1.0,0.0,0.0,0.0,0.0,00-0034515,-2.0
2022,2,0.0,0.0,0.0,0.0,0.0,43.0,0.0,10.0,0.0,00-0036543,7.3
2022,6,0.0,0.0,1.0,0.0,0.0,142.0,0.0,63.0,0.0,00-0037563,32.5
2022,0,0.0,0.0,0.0,0.0,0.0,4.0,0.0,0.0,0.0,00-0034335,0.4
2022,0,0.0,0.0,0.0,0.0,0.0,2.0,0.0,0.0,0.0,00-0036329,0.2
2023,0,0.0,0.0,0.0,0.0,0.0,3.0,0.0,0.0,0.0,00-0036329,0.30000000000000004
2024,0,0.0,0.0,0.0,0.0,0.0,21.0,0.0,0.0,0.0,00-0036329,2.1
2020,1,0.0,0.0,0.0,0.0,0.0,0.0,0.0,5.0,0.0,00-0035341,1.5
2021,1,0.0,0.0,0.0,0.0,0.0,0.0,0.0,25.0,0.0,00-0035341,3.5
2022,14,0.0,0.0,0.0,0.0,0.0,11.0,0.0,219.0,4.0,00-0035341,61.0
2023,23,0.0,0.0,0.0,0.0,0.0,0.0,0.0,282.0,1.0,00-0035341,57.2
2024,3,0.0,0.0,0.0,0.0,0.0,0.0,0.0,15.0,0.0,00-0035341,4.5
2021,11,0.0,0.0,0.0,0.0,0.0,0.0,0.0,106.0,0.0,00-0036876,21.6
2022,31,0.0,0.0,0.0,0.0,0.0,0.0,0.0,302.0,0.0,00-0036876,61.2
2023,29,0.0,0.0,0.0,0.0,0.0,2.0,0.0,345.0,1.0,00-0036876,69.7
2024,13,0.0,0.0,0.0,0.0,0.0,0.0,0.0,175.0,0.0,00-0036876,30.5
2022,5,0.0,0.0,0.0,0.0,0.0,24.0,0.0,64.0,0.0,00-0037168,13.8
2022,0,161.0,1.0,0.0,2.0,0.0,90.0,0.0,0.0,0.0,00-0035939,15.440000000000001
2022,9,0.0,0.0,0.0,0.0,0.0,139.0,0.0,76.0,0.0,00-0037840,30.5
2023,32,0.0,0.0,12.0,0.0,2.0,1144.0,1.0,204.0,3.0,00-0037840,254.8
2024,34,0.0,0.0,14.0,0.0,3.0,1299.0,0.0,182.0,2.0,00-0037840,272.1
2022,11,0.0,0.0,1.0,0.0,0.0,2.0,0.0,103.0,2.0,00-0037569,39.5
2023,3,0.0,0.0,0.0,0.0,0.0,0.0,0.0,14.0,0.0,00-0037569,4.4
2024,3,0.0,0.0,0.0,0.0,0.0,0.0,0.0,26.0,0.0,00-0037569,5.6
2022,23,0.0,0.0,0.0,0.0,0.0,-1.0,0.0,227.0,1.0,00-0038117,51.6
2023,55,0.0,0.0,1.0,0.0,0.0,87.0,0.0,440.0,1.0,00-0038117,119.7
2024,83,0.0,0.0,0.0,0.0,0.0,18.0,0.0,656.0,3.0,00-0038117,168.4
2021,5,0.0,0.0,0.0,0.0,0.0,0.0,0.0,47.0,2.0,00-0035547,21.7
2022,9,0.0,0.0,0.0,0.0,1.0,0.0,0.0,108.0,2.0,00-0035547,29.8
2024,1,0.0,0.0,0.0,0.0,0.0,0.0,0.0,5.0,0.0,00-0035547,1.5
2022,0,0.0,0.0,1.0,0.0,0.0,42.0,0.0,0.0,0.0,00-0037265,10.2
2022,13,0.0,0.0,1.0,0.0,0.0,278.0,0.0,100.0,0.0,00-0037157,56.8
2023,1,0.0,0.0,0.0,0.0,0.0,13.0,0.0,8.0,0.0,00-0037157,3.0999999999999996
2022,0,0.0,0.0,0.0,0.0,0.0,0.0,0.0,0.0,0.0,00-0037097,0.0
2022,2,0.0,0.0,0.0,0.0,1.0,0.0,0.0,75.0,1.0,00-0037387,13.5
2020,24,0.0,0.0,0.0,0.0,2.0,0.0,0.0,238.0,3.0,00-0036232,61.8
2021,20,0.0,0.0,0.0,0.0,0.0,0.0,0.0,224.0,3.0,00-0036232,60.400000000000006
2022,29,0.0,0.0,0.0,0.0,0.0,8.0,0.0,219.0,1.0,00-0036232,57.7
2023,13,0.0,0.0,0.0,0.0,1.0,8.0,0.0,81.0,3.0,00-0036232,37.9
2024,9,0.0,0.0,0.0,0.0,0.0,0.0,0.0,86.0,0.0,00-0036232,17.6
2022,0,0.0,0.0,0.0,0.0,0.0,12.0,0.0,0.0,0.0,00-0037267,1.2000000000000002
2023,42,0.0,0.0,4.0,0.0,0.0,807.0,1.0,293.0,5.0,00-0037267,208.0
2024,37,0.0,0.0,3.0,0.0,0.0,565.0,0.0,225.0,0.0,00-0037267,134.0
2020,1,0.0,0.0,0.0,0.0,0.0,0.0,0.0,14.0,0.0,00-0036133,2.4000000000000004
2021,16,0.0,0.0,0.0,0.0,0.0,0.0,0.0,202.0,0.0,00-0036133,36.2
2022,8,0.0,0.0,0.0,1.0,0.0,0.0,0.0,62.0,0.0,00-0036133,12.2
2023,0,0.0,0.0,0.0,0.0,1.0,0.0,0.0,0.0,0.0,00-0036133,-2.0
2024,3,0.0,0.0,0.0,0.0,1.0,0.0,0.0,21.0,0.0,00-0036133,3.1
2022,3,0.0,0.0,0.0,0.0,0.0,12.0,0.0,41.0,0.0,00-0037594,8.3
2024,2,0.0,0.0,0.0,0.0,0.0,91.0,0.0,11.0,0.0,00-0037594,12.2
2022,0,16.0,0.0,0.0,0.0,0.0,-5.0,0.0,0.0,0.0,00-0037175,0.14
2022,0,0.0,0.0,0.0,0.0,0.0,0.0,0.0,0.0,0.0,00-0036561,0.0
2022,0,0.0,0.0,0.0,0.0,0.0,0.0,0.0,0.0,0.0,00-0037070,0.0
2022,1,0.0,0.0,0.0,0.0,0.0,9.0,0.0,7.0,0.0,00-0037487,2.6
2023,16,0.0,0.0,0.0,0.0,1.0,56.0,0.0,82.0,1.0,00-0037487,33.800000000000004
2024,4,0.0,0.0,0.0,0.0,0.0,7.0,0.0,20.0,0.0,00-0037487,6.7
2022,0,484.0,0.0,0.0,0.0,1.0,55.0,0.0,0.0,0.0,00-0038122,22.86
2023,1,2545.0,10.0,5.0,11.0,6.0,193.0,2.0,-6.0,0.0,00-0038122,161.50000000000003
2024,0,447.0,2.0,0.0,2.0,2.0,36.0,0.0,0.0,0.0,00-0038122,21.48
2022,4,0.0,0.0,0.0,0.0,0.0,-5.0,0.0,30.0,0.0,00-0037300,6.5
2024,7,0.0,0.0,0.0,0.0,0.0,0.0,0.0,65.0,0.0,00-0037300,13.5
2022,0,0.0,0.0,0.0,0.0,0.0,0.0,0.0,0.0,0.0,00-0037395,0.0
2022,1,0.0,0.0,0.0,0.0,0.0,0.0,0.0,3.0,0.0,00-0036176,1.3
2023,1,0.0,0.0,0.0,0.0,0.0,0.0,0.0,6.0,0.0,00-0036176,1.6
2024,2,0.0,0.0,0.0,0.0,0.0,0.0,0.0,17.0,0.0,00-0036176,3.7
2022,4,0.0,0.0,0.0,0.0,0.0,0.0,0.0,78.0,1.0,00-0037253,17.8
2023,0,0.0,0.0,0.0,0.0,0.0,0.0,0.0,0.0,0.0,00-0037253,0.0
2024,1,0.0,0.0,0.0,0.0,0.0,5.0,0.0,18.0,0.0,00-0037253,3.3
2022,9,0.0,0.0,0.0,0.0,0.0,21.0,0.0,106.0,1.0,00-0037304,27.700000000000003
2023,21,0.0,0.0,0.0,0.0,0.0,0.0,0.0,163.0,0.0,00-0037304,37.3
2024,6,0.0,0.0,0.0,0.0,0.0,0.0,0.0,40.0,1.0,00-0037304,16.0
2022,1,0.0,0.0,0.0,0.0,0.0,40.0,0.0,41.0,1.0,00-0037240,15.100000000000001
2023,24,0.0,0.0,1.0,0.0,0.0,29.0,0.0,354.0,2.0,00-0037240,80.3
2024,52,0.0,0.0,1.0,0.0,0.0,61.0,0.0,917.0,6.0,00-0037240,191.8
2022,1,0.0,0.0,0.0,0.0,0.0,9.0,0.0,10.0,0.0,00-0037828,2.9
2023,0,3793.0,20.0,5.0,19.0,2.0,264.0,2.0,0.0,0.0,00-0037077,250.12
2024,0,24.0,0.0,0.0,1.0,0.0,2.0,0.0,0.0,0.0,00-0037077,-0.8400000000000001
2024,3,0.0,0.0,0.0,0.0,1.0,86.0,0.0,-2.0,0.0,00-0037085,9.4
2022,6,0.0,0.0,0.0,0.0,0.0,0.0,0.0,42.0,1.0,00-0037382,16.2
2023,15,0.0,0.0,0.0,0.0,0.0,0.0,1.0,196.0,4.0,00-0037382,60.6
2024,1,0.0,0.0,0.0,0.0,0.0,0.0,0.0,9.0,0.0,00-0037382,1.9
2023,19,0.0,0.0,3.0,0.0,0.0,392.0,0.0,139.0,0.0,00-0037276,90.10000000000001
2024,6,0.0,0.0,0.0,0.0,0.0,182.0,0.0,42.0,0.0,00-0037276,28.4
2020,2,0.0,0.0,0.0,0.0,0.0,0.0,0.0,35.0,0.0,00-0036145,5.5
2022,5,0.0,0.0,0.0,0.0,0.0,0.0,0.0,49.0,1.0,00-0036145,15.9
2023,4,0.0,0.0,0.0,0.0,0.0,0.0,0.0,36.0,1.0,00-0036145,13.6
2023,0,0.0,0.0,0.0,0.0,0.0,-1.0,0.0,0.0,0.0,00-0036928,-0.1
2024,0,5.0,0.0,0.0,0.0,0.0,-4.0,0.0,0.0,0.0,00-0036928,-0.2
2021,2,0.0,0.0,0.0,0.0,1.0,0.0,0.0,8.0,0.0,00-0036652,0.8
2022,2,0.0,0.0,0.0,0.0,0.0,0.0,0.0,40.0,0.0,00-0036652,6.0
2023,2,0.0,0.0,2.0,0.0,1.0,247.0,0.0,12.0,0.0,00-0038611,37.900000000000006
2024,1,0.0,0.0,2.0,0.0,0.0,173.0,0.0,12.0,0.0,00-0038611,31.5
2023,51,0.0,0.0,4.0,0.0,3.0,948.0,0.0,384.0,3.0,00-0038542,220.20000000000002
2024,59,0.0,0.0,12.0,0.0,0.0,1286.0,1.0,428.0,1.0,00-0038542,310.40000000000003
2023,0,2783.0,11.0,0.0,10.0,5.0,229.0,2.0,0.0,0.0,00-0039150,152.22
2024,0,2152.0,12.0,4.0,9.0,2.0,225.0,0.0,0.0,0.0,00-0039150,158.57999999999998
2023,1,1780.0,9.0,3.0,6.0,0.0,109.0,1.0,-7.0,0.0,00-0035100,126.4
2024,0,0.0,0.0,0.0,0.0,0.0,-2.0,0.0,0.0,0.0,00-0035100,-0.2
2023,7,0.0,0.0,0.0,0.0,0.0,40.0,0.0,40.0,0.0,00-0038622,15.0
2024,3,0.0,0.0,0.0,0.0,0.0,33.0,0.0,18.0,0.0,00-0038622,8.100000000000001
2023,0,31.0,0.0,0.0,0.0,0.0,3.0,0.0,0.0,0.0,00-0033557,1.54
2024,0,0.0,0.0,0.0,0.0,0.0,1.0,0.0,0.0,0.0,00-0033557,0.1
2023,52,0.0,0.0,9.0,0.0,1.0,915.0,0.0,316.0,1.0,00-0039139,233.1
2024,47,0.0,0.0,13.0,0.0,1.0,1273.0,0.0,445.0,2.0,00-0039139,306.8
2023,79,0.0,0.0,0.0,0.0,1.0,-3.0,0.0,938.0,7.0,00-0039067,212.5
2024,24,0.0,0.0,0.0,0.0,0.0,1.0,0.0,288.0,2.0,00-0039067,64.9
2023,60,0.0,0.0,2.0,0.0,0.0,119.0,1.0,681.0,8.0,00-0039146,202.0
2024,53,0.0,0.0,1.0,0.0,0.0,160.0,0.0,809.0,6.0,00-0039146,191.9
2023,34,0.0,0.0,2.0,0.0,0.0,332.0,0.0,209.0,0.0,00-0039021,100.10000000000001
2024,11,0.0,0.0,6.0,0.0,0.0,147.0,0.0,88.0,0.0,00-0039021,70.5
2023,0,37.0,0.0,0.0,0.0,0.0,-2.0,0.0,0.0,0.0,00-0038391,1.28
2023,1,3844.0,21.0,3.0,5.0,4.0,137.0,1.0,0.0,0.0,00-0039163,254.45999999999998
2024,0,3677.0,19.0,0.0,12.0,4.0,233.0,0.0,0.0,0.0,00-0039163,214.38000000000002
2023,77,0.0,0.0,1.0,0.0,0.0,56.0,1.0,858.0,5.0,00-0039064,206.4
2024,73,0.0,0.0,0.0,0.0,0.0,47.0,0.0,1047.0,4.0,00-0039064,206.4
2023,0,577.0,3.0,4.0,1.0,1.0,136.0,2.0,0.0,0.0,00-0039164,72.68
2024,1,1814.0,8.0,6.0,12.0,3.0,499.0,1.0,-1.0,0.0,00-0039164,163.36
2023,1,0.0,0.0,2.0,0.0,1.0,116.0,0.0,6.0,0.0,00-0038555,23.200000000000003
2024,6,0.0,0.0,6.0,0.0,1.0,727.0,0.0,51.0,0.0,00-0038555,117.8
2023,1,0.0,0.0,0.0,0.0,0.0,1.0,0.0,6.0,0.0,00-0038397,1.7000000000000002
2023,31,0.0,0.0,1.0,0.0,0.0,430.0,0.0,181.0,0.0,00-0039165,98.1
2024,42,0.0,0.0,8.0,0.0,0.0,510.0,0.0,292.0,1.0,00-0039165,176.2
2023,0,0.0,0.0,0.0,0.0,0.0,22.0,0.0,0.0,0.0,00-0038092,2.2
2024,0,0.0,0.0,0.0,0.0,0.0,0.0,0.0,0.0,0.0,00-0038092,0.0
2023,2,0.0,0.0,0.0,0.0,0.0,23.0,0.0,9.0,0.0,00-0038951,5.200000000000001
2024,9,0.0,0.0,2.0,0.0,0.0,292.0,0.0,109.0,1.0,00-0038951,67.10000000000001
2023,4,0.0,0.0,0.0,0.0,0.0,0.0,0.0,60.0,0.0,00-0038821,10.0
2024,9,0.0,0.0,0.0,0.0,0.0,0.0,0.0,124.0,0.0,00-0038821,21.4
2023,49,0.0,0.0,1.0,0.0,0.0,428.0,0.0,344.0,0.0,00-0039032,132.20000000000002
2024,30,0.0,0.0,4.0,0.0,0.0,312.0,0.0,224.0,1.0,00-0039032,113.60000000000001
2023,13,0.0,0.0,0.0,0.0,0.0,136.0,0.0,146.0,1.0,00-0038597,47.2
2024,54,0.0,0.0,7.0,0.0,1.0,990.0,1.0,360.0,4.0,00-0038597,255.0
2023,17,0.0,0.0,1.0,0.0,0.0,49.0,0.0,180.0,1.0,00-0037837,51.9
2024,36,0.0,0.0,0.0,0.0,0.0,0.0,0.0,548.0,4.0,00-0037837,114.80000000000001
2023,4,0.0,0.0,0.0,0.0,0.0,85.0,0.0,23.0,0.0,00-0038797,14.8
2024,10,0.0,0.0,3.0,0.0,0.0,429.0,0.0,50.0,1.0,00-0038797,81.9
2023,2,0.0,0.0,0.0,0.0,0.0,6.0,0.0,13.0,0.0,00-0038862,3.9000000000000004
2023,14,0.0,0.0,0.0,0.0,1.0,84.0,0.0,48.0,0.0,00-0038573,25.2
2024,12,0.0,0.0,0.0,0.0,0.0,40.0,0.0,107.0,2.0,00-0038573,38.7
2023,14,0.0,0.0,0.0,0.0,0.0,66.0,0.0,252.0,2.0,00-0038563,57.800000000000004
2024,44,0.0,0.0,1.0,0.0,0.0,44.0,0.0,515.0,3.0,00-0038563,123.9
2023,26,0.0,0.0,7.0,0.0,1.0,744.0,0.0,192.0,3.0,00-0039040,177.60000000000002
2024,78,0.0,0.0,5.0,0.0,0.0,786.0,0.0,592.0,6.0,00-0039040,281.8
2023,21,0.0,0.0,2.0,0.0,0.0,284.0,0.0,119.0,0.0,00-0038705,73.30000000000001
2024,16,0.0,0.0,1.0,0.0,0.0,223.0,0.0,104.0,0.0,00-0038705,54.699999999999996
2023,101,0.0,0.0,0.0,0.0,0.0,89.0,0.0,1445.0,5.0,00-0039075,284.4
2024,79,0.0,0.0,1.0,0.0,0.0,46.0,0.0,990.0,3.0,00-0039075,206.6
2023,21,0.0,0.0,0.0,0.0,2.0,29.0,0.0,361.0,1.0,00-0038976,62.0
2024,34,0.0,0.0,0.0,0.0,0.0,42.0,0.0,450.0,4.0,00-0038976,107.2
2023,31,0.0,0.0,1.0,0.0,0.0,404.0,0.0,160.0,2.0,00-0038794,105.4
2024,22,0.0,0.0,1.0,0.0,1.0,457.0,0.0,67.0,2.0,00-0038794,90.4
2021,66,0.0,0.0,0.0,0.0,0.0,0.0,0.0,1018.0,1.0,00-0036970,173.8
2022,28,0.0,0.0,0.0,0.0,0.0,0.0,0.0,356.0,2.0,00-0036970,75.6
2023,51,0.0,0.0,0.0,0.0,0.0,-4.0,0.0,640.0,3.0,00-0036970,132.6
2024,45,0.0,0.0,0.0,0.0,0.0,0.0,0.0,587.0,4.0,00-0036970,127.7
2023,3,0.0,0.0,1.0,0.0,0.0,19.0,0.0,18.0,0.0,00-0038738,12.700000000000001
2024,12,0.0,0.0,0.0,0.0,0.0,23.0,0.0,111.0,0.0,00-0038738,25.400000000000002
2023,0,0.0,0.0,0.0,0.0,0.0,106.0,0.0,0.0,0.0,00-0038685,10.600000000000001
2024,11,0.0,0.0,1.0,0.0,0.0,124.0,0.0,69.0,0.0,00-0038685,36.3
2019,4,0.0,0.0,0.0,0.0,0.0,0.0,0.0,17.0,0.0,00-0034433,5.7
2021,1,0.0,0.0,0.0,0.0,0.0,0.0,0.0,20.0,0.0,00-0034433,3.0
2023,3,0.0,0.0,1.0,0.0,0.0,4.0,0.0,21.0,0.0,00-0034433,11.5
2023,47,0.0,0.0,0.0,0.0,1.0,41.0,0.0,548.0,0.0,00-0038621,103.9
2024,63,0.0,0.0,0.0,0.0,0.0,16.0,0.0,587.0,3.0,00-0038621,141.3
2023,9,0.0,0.0,0.0,0.0,0.0,83.0,0.0,111.0,0.0,00-0038551,28.400000000000002
2024,5,0.0,0.0,1.0,0.0,0.0,148.0,0.0,33.0,0.0,00-0038551,29.1
2020,1,0.0,0.0,0.0,0.0,0.0,0.0,0.0,26.0,0.0,00-0034490,3.6
2023,0,0.0,0.0,0.0,0.0,0.0,2.0,0.0,0.0,0.0,00-0034490,0.2
2023,0,440.0,1.0,0.0,4.0,0.0,65.0,1.0,0.0,0.0,00-0038583,22.1
2024,0,427.0,0.0,0.0,6.0,1.0,119.0,0.0,0.0,0.0,00-0038583,14.980000000000002
2023,16,0.0,0.0,0.0,0.0,1.0,41.0,0.0,156.0,0.0,00-0038941,33.7
2024,1,0.0,0.0,0.0,0.0,0.0,0.0,0.0,5.0,0.0,00-0038941,1.5
2023,20,0.0,0.0,1.0,0.0,2.0,68.0,0.0,225.0,0.0,00-0038496,51.3
2024,6,0.0,0.0,0.0,0.0,1.0,0.0,0.0,39.0,1.0,00-0038496,13.9
2023,0,1974.0,10.0,1.0,7.0,2.0,10.0,0.0,0.0,0.0,00-0038579,107.96000000000001
2024,0,1398.0,6.0,1.0,3.0,2.0,17.0,0.0,0.0,0.0,00-0038579,77.62
2023,47,0.0,0.0,0.0,0.0,0.0,51.0,0.0,709.0,7.0,00-0038977,165.0
2024,51,0.0,0.0,0.0,0.0,0.0,43.0,0.0,667.0,3.0,00-0038977,140.0
2023,5,0.0,0.0,0.0,0.0,0.0,29.0,0.0,13.0,0.0,00-0038396,9.200000000000001
2024,9,0.0,0.0,0.0,0.0,2.0,25.0,0.0,78.0,0.0,00-0038396,15.3
2022,66,0.0,0.0,0.0,0.0,3.0,0.0,1.0,746.0,4.0,00-0037238,160.60000000000002
2023,65,22.0,0.0,0.0,0.0,0.0,0.0,1.0,864.0,2.0,00-0037238,166.28
2024,90,0.0,0.0,0.0,0.0,0.0,-3.0,0.0,1084.0,7.0,00-0037238,240.1
2018,2,0.0,0.0,0.0,0.0,0.0,0.0,0.0,17.0,0.0,00-0034854,3.7
2019,4,0.0,0.0,0.0,0.0,0.0,0.0,0.0,76.0,0.0,00-0034854,11.600000000000001
2020,11,0.0,0.0,0.0,0.0,0.0,0.0,0.0,180.0,0.0,00-0034854,29.0
2021,13,0.0,0.0,0.0,0.0,0.0,0.0,1.0,157.0,0.0,00-0034854,30.700000000000003
2022,13,0.0,0.0,0.0,0.0,0.0,0.0,1.0,202.0,1.0,00-0034854,41.2
2023,14,0.0,0.0,0.0,0.0,0.0,0.0,0.0,232.0,0.0,00-0034854,37.2
2024,6,0.0,0.0,0.0,0.0,0.0,0.0,0.0,107.0,1.0,00-0034854,22.700000000000003
2022,2,0.0,0.0,0.0,0.0,0.0,0.0,0.0,13.0,0.0,00-0036841,3.3
2023,4,0.0,0.0,0.0,0.0,1.0,0.0,0.0,29.0,0.0,00-0036841,4.9
2024,2,0.0,0.0,0.0,0.0,1.0,0.0,0.0,40.0,0.0,00-0036841,4.0
2023,0,0.0,0.0,0.0,0.0,0.0,16.0,0.0,0.0,0.0,00-0039136,1.6
2022,2,0.0,0.0,0.0,0.0,0.0,0.0,0.0,12.0,0.0,00-0037666,3.2
2023,20,0.0,0.0,0.0,0.0,1.0,0.0,0.0,260.0,1.0,00-0037666,50.0
2024,45,0.0,0.0,0.0,0.0,0.0,0.0,0.0,512.0,7.0,00-0037666,138.2
2023,0,859.0,3.0,2.0,6.0,2.0,109.0,0.0,0.0,0.0,00-0038416,53.26
2024,0,11.0,0.0,0.0,0.0,0.0,-7.0,0.0,0.0,0.0,00-0038416,-0.26000000000000006
2023,0,0.0,0.0,0.0,0.0,0.0,0.0,0.0,0.0,0.0,00-0038911,0.0
2023,7,0.0,0.0,0.0,0.0,0.0,49.0,0.0,84.0,0.0,00-0038618,20.3
2024,11,0.0,0.0,0.0,0.0,0.0,0.0,0.0,112.0,0.0,00-0038618,22.200000000000003
2023,0,62.0,0.0,1.0,2.0,1.0,29.0,1.0,0.0,0.0,00-0038582,7.380000000000001
2024,0,8.0,0.0,0.0,0.0,1.0,-6.0,0.0,0.0,0.0,00-0038582,-2.2800000000000002
2023,33,14.0,0.0,0.0,0.0,1.0,1.0,0.0,520.0,2.0,00-0038393,95.66
2024,34,0.0,0.0,0.0,0.0,0.0,0.0,0.0,366.0,5.0,00-0038393,100.6
2021,0,0.0,0.0,0.0,0.0,0.0,0.0,0.0,0.0,0.0,00-0034903,0.0
2023,0,0.0,0.0,0.0,0.0,1.0,0.0,0.0,0.0,0.0,00-0034903,-2.0
2023,0,1808.0,8.0,1.0,4.0,4.0,57.0,1.0,0.0,0.0,00-0039152,102.02000000000001
2024,0,1916.0,12.0,0.0,12.0,5.0,175.0,0.0,0.0,0.0,00-0039152,108.14
2021,44,0.0,0.0,0.0,0.0,0.0,0.0,0.0,493.0,1.0,00-0036550,99.30000000000001
2022,15,0.0,0.0,0.0,0.0,1.0,0.0,0.0,285.0,2.0,00-0036550,53.5
2023,32,0.0,0.0,0.0,0.0,0.0,18.0,0.0,367.0,1.0,00-0036550,76.5
2024,40,0.0,0.0,0.0,0.0,0.0,0.0,0.0,680.0,8.0,00-0036550,156.0
2023,18,0.0,0.0,1.0,0.0,0.0,3.0,0.0,187.0,2.0,00-0038752,55.0
2024,12,0.0,0.0,0.0,0.0,0.0,0.0,0.0,103.0,0.0,00-0038752,22.3
2023,66,0.0,0.0,0.0,0.0,0.0,2.0,0.0,854.0,9.0,00-0038994,205.60000000000002
2024,62,0.0,0.0,1.0,0.0,0.0,20.0,0.0,875.0,9.0,00-0038994,211.5
2023,0,168.0,0.0,0.0,1.0,2.0,14.0,0.0,0.0,0.0,00-0038598,2.12
2023,0,1087.0,8.0,1.0,3.0,1.0,195.0,0.0,0.0,0.0,00-0038476,92.98
2024,0,257.0,0.0,0.0,0.0,0.0,32.0,0.0,0.0,0.0,00-0038476,13.48
2023,36,0.0,0.0,0.0,0.0,0.0,3.0,0.0,414.0,2.0,00-0038544,89.7
2024,42,0.0,0.0,0.0,0.0,0.0,6.0,0.0,525.0,8.0,00-0038544,143.1
2023,9,0.0,0.0,2.0,0.0,0.0,396.0,0.0,93.0,0.0,00-0038454,69.9
2024,1,0.0,0.0,0.0,0.0,0.0,20.0,0.0,28.0,0.0,00-0038454,5.800000000000001
2023,3,0.0,0.0,0.0,0.0,0.0,1.0,0.0,12.0,0.0,00-0037410,4.300000000000001
2023,0,0.0,0.0,0.0,0.0,1.0,0.0,0.0,0.0,0.0,00-0032933,-2.0
2023,7,0.0,0.0,0.0,0.0,1.0,64.0,0.0,43.0,0.0,00-0038389,15.7
2023,18,0.0,0.0,0.0,0.0,0.0,8.0,0.0,181.0,0.0,00-0038979,36.900000000000006
2024,29,0.0,0.0,0.0,0.0,1.0,-5.0,1.0,339.0,3.0,00-0038979,80.4
2023,37,0.0,0.0,0.0,0.0,1.0,22.0,0.0,375.0,3.0,00-0039052,92.7
2024,12,0.0,0.0,0.0,0.0,0.0,0.0,0.0,172.0,1.0,00-0039052,35.2
2023,0,0.0,0.0,0.0,0.0,0.0,0.0,0.0,0.0,0.0,00-0038042,0.0
2023,0,0.0,0.0,0.0,0.0,2.0,0.0,0.0,0.0,0.0,00-0038961,-4.0
2022,9,0.0,0.0,0.0,0.0,0.0,0.0,1.0,133.0,1.0,00-0037261,30.3
2023,33,0.0,0.0,0.0,0.0,0.0,10.0,0.0,506.0,2.0,00-0037261,96.6
2024,76,0.0,0.0,0.0,0.0,0.0,4.0,0.0,821.0,4.0,00-0037261,182.5
2023,0,0.0,0.0,0.0,0.0,0.0,0.0,0.0,0.0,0.0,00-0036589,0.0
2023,0,0.0,0.0,0.0,0.0,0.0,0.0,0.0,0.0,0.0,00-0037034,0.0
2023,15,0.0,0.0,0.0,0.0,1.0,0.0,0.0,121.0,2.0,00-0038606,37.1
2024,30,0.0,0.0,0.0,0.0,0.0,0.0,1.0,375.0,2.0,00-0038606,81.5
2023,0,0.0,0.0,0.0,0.0,1.0,-11.0,0.0,0.0,0.0,00-0037607,-3.1
2023,5,0.0,0.0,0.0,0.0,0.0,0.0,0.0,63.0,2.0,00-0038647,23.3
2024,2,0.0,0.0,0.0,0.0,0.0,0.0,0.0,22.0,0.0,00-0038647,4.2
2023,81,0.0,0.0,0.0,0.0,0.0,4.0,2.0,860.0,9.0,00-0039065,225.4
2024,53,0.0,0.0,0.0,0.0,0.0,0.0,0.0,663.0,7.0,00-0039065,161.3
2019,0,0.0,0.0,0.0,0.0,0.0,0.0,0.0,0.0,0.0,00-0031587,0.0
2023,0,0.0,0.0,0.0,0.0,1.0,0.0,0.0,0.0,0.0,00-0031587,-2.0
2019,2,0.0,0.0,0.0,0.0,0.0,0.0,0.0,26.0,0.0,00-0034613,4.6
2020,3,0.0,0.0,0.0,0.0,0.0,0.0,0.0,41.0,0.0,00-0034613,7.1000000000000005
2022,10,0.0,0.0,0.0,0.0,0.0,0.0,0.0,132.0,0.0,00-0034613,23.200000000000003
2023,37,0.0,0.0,0.0,0.0,0.0,0.0,0.0,341.0,1.0,00-0034613,77.1
2024,18,0.0,0.0,0.0,0.0,1.0,1.0,0.0,143.0,1.0,00-0034613,36.400000000000006
2018,33,0.0,0.0,0.0,0.0,0.0,0.0,0.0,334.0,4.0,00-0034351,90.4
2019,58,0.0,0.0,0.0,0.0,2.0,0.0,0.0,607.0,5.0,00-0034351,144.7
2020,46,0.0,0.0,0.0,0.0,0.0,0.0,0.0,524.0,3.0,00-0034351,116.4
2021,56,0.0,0.0,0.0,0.0,0.0,0.0,1.0,830.0,4.0,00-0034351,165.0
2022,49,0.0,0.0,0.0,0.0,1.0,0.0,0.0,656.0,3.0,00-0034351,130.60000000000002
2023,58,0.0,0.0,0.0,0.0,0.0,1.0,0.0,588.0,3.0,00-0034351,134.9
2024,38,0.0,0.0,0.0,0.0,0.0,0.0,0.0,441.0,2.0,00-0034351,94.1
2023,6,0.0,0.0,0.0,0.0,0.0,87.0,0.0,34.0,0.0,00-0037120,18.1
2024,10,0.0,0.0,1.0,0.0,0.0,153.0,0.0,56.0,1.0,00-0037120,42.9
2023,11,0.0,0.0,0.0,0.0,0.0,7.0,0.0,156.0,1.0,00-0037091,33.3
2024,8,0.0,0.0,0.0,0.0,0.0,53.0,0.0,91.0,0.0,00-0037091,22.4
2022,5,0.0,0.0,0.0,0.0,0.0,0.0,0.0,82.0,1.0,00-0037098,19.200000000000003
2023,8,0.0,0.0,0.0,0.0,1.0,0.0,1.0,78.0,0.0,00-0037098,15.8
2023,0,0.0,0.0,0.0,0.0,0.0,0.0,0.0,0.0,0.0,00-0036648,0.0
2021,30,0.0,0.0,0.0,0.0,0.0,0.0,0.0,381.0,1.0,00-0036554,74.1
2022,37,0.0,0.0,0.0,0.0,0.0,0.0,0.0,481.0,2.0,00-0036554,97.1
2023,71,0.0,0.0,0.0,0.0,0.0,7.0,1.0,1102.0,7.0,00-0036554,225.9
2024,63,0.0,0.0,0.0,0.0,0.0,0.0,0.0,968.0,6.0,00-0036554,195.8
2023,15,0.0,0.0,0.0,0.0,0.0,4.0,0.0,153.0,0.0,00-0037614,30.700000000000003
2024,22,0.0,0.0,0.0,0.0,0.0,0.0,0.0,230.0,1.0,00-0037614,51.0
2023,4,0.0,0.0,0.0,0.0,0.0,0.0,0.0,15.0,0.0,00-0038576,5.5
2024,1,0.0,0.0,0.0,0.0,1.0,0.0,0.0,5.0,0.0,00-0038576,-0.5
2021,18,0.0,0.0,0.0,0.0,0.0,0.0,0.0,188.0,3.0,00-0036259,54.8
2022,34,0.0,0.0,0.0,0.0,0.0,0.0,0.0,406.0,1.0,00-0036259,80.6
2023,19,0.0,0.0,0.0,0.0,0.0,0.0,0.0,265.0,1.0,00-0036259,51.5
2024,70,0.0,0.0,0.0,0.0,0.0,0.0,0.0,923.0,6.0,00-0036259,198.3
2024,6,0.0,0.0,1.0,0.0,0.0,291.0,0.0,59.0,0.0,00-0039921,47.0
2024,15,0.0,0.0,3.0,0.0,0.0,378.0,0.0,188.0,2.0,00-0039875,101.60000000000001
2024,59,0.0,0.0,3.0,0.0,0.0,104.0,0.0,638.0,6.0,00-0039894,187.20000000000002
2024,5,0.0,0.0,0.0,0.0,2.0,158.0,0.0,24.0,0.0,00-0039325,19.200000000000003
2023,43,0.0,0.0,0.0,0.0,0.0,0.0,0.0,418.0,0.0,00-0039062,84.80000000000001
2024,15,0.0,0.0,0.0,0.0,1.0,5.0,0.0,143.0,0.0,00-0039062,27.8
2024,9,0.0,0.0,0.0,0.0,0.0,58.0,0.0,58.0,0.0,00-0038678,20.6
2024,0,226.0,1.0,0.0,1.0,0.0,22.0,0.0,0.0,0.0,00-0038998,13.240000000000002
2024,1,3454.0,25.0,4.0,12.0,0.0,383.0,0.0,2.0,1.0,00-0039732,283.66
2024,5,0.0,0.0,1.0,0.0,1.0,276.0,0.0,27.0,0.0,00-0039373,39.300000000000004
2024,0,0.0,0.0,0.0,0.0,3.0,0.0,0.0,0.0,0.0,00-0039306,-6.0
2024,36,0.0,0.0,5.0,0.0,2.0,780.0,0.0,277.0,1.0,00-0039384,173.7
2024,17,0.0,0.0,2.0,0.0,0.0,319.0,0.0,140.0,1.0,00-0039794,80.9
2024,0,3393.0,19.0,0.0,6.0,5.0,479.0,3.0,0.0,0.0,00-0039918,243.62
2024,0,3530.0,25.0,6.0,9.0,0.0,864.0,3.0,0.0,0.0,00-0039910,351.6
2024,0,0.0,0.0,0.0,0.0,0.0,11.0,0.0,0.0,0.0,00-0039589,1.1
2024,45,0.0,0.0,7.0,0.0,1.0,1033.0,0.0,397.0,0.0,00-0039361,228.0
2024,3,0.0,0.0,0.0,0.0,1.0,253.0,0.0,8.0,0.0,00-0039874,27.1
2024,1,0.0,0.0,0.0,0.0,0.0,15.0,0.0,3.0,0.0,00-0039811,2.8
2024,6,0.0,0.0,0.0,0.0,0.0,197.0,0.0,46.0,0.0,00-0039738,30.300000000000004
2022,67,0.0,0.0,0.0,0.0,1.0,0.0,1.0,982.0,3.0,00-0037239,183.2
2023,84,0.0,0.0,0.0,0.0,0.0,0.0,1.0,1067.0,4.0,00-0037239,216.7
2024,32,0.0,0.0,0.0,0.0,1.0,7.0,0.0,400.0,1.0,00-0037239,76.7
2024,12,0.0,0.0,0.0,0.0,0.0,0.0,0.0,87.0,2.0,00-0039907,32.7
2024,15,0.0,0.0,4.0,0.0,1.0,415.0,0.0,152.0,0.0,00-0039363,93.7
2024,2,0.0,0.0,0.0,0.0,1.0,0.0,0.0,50.0,0.0,00-0039365,5.0
2022,41,0.0,0.0,0.0,0.0,0.0,0.0,0.0,386.0,2.0,00-0038129,91.6
2023,45,0.0,0.0,0.0,0.0,1.0,0.0,1.0,422.0,4.0,00-0038129,111.2
2024,59,0.0,0.0,0.0,0.0,1.0,-4.0,0.0,600.0,4.0,00-0038129,140.6
2024,52,0.0,0.0,0.0,0.0,1.0,15.0,0.0,716.0,3.0,00-0039919,141.10000000000002
2024,0,0.0,0.0,0.0,0.0,0.0,2.0,0.0,0.0,0.0,00-0039603,0.2
2022,5,0.0,0.0,0.0,0.0,0.0,0.0,0.0,117.0,1.0,00-0037291,22.700000000000003
2023,3,0.0,0.0,0.0,0.0,0.0,0.0,0.0,29.0,0.0,00-0037291,5.9
2024,25,0.0,0.0,0.0,0.0,1.0,-4.0,0.0,361.0,6.0,00-0037291,94.7
2024,3,0.0,0.0,0.0,0.0,0.0,123.0,0.0,22.0,0.0,00-0038636,17.5
2024,9,0.0,0.0,1.0,0.0,0.0,133.0,0.0,75.0,1.0,00-0039798,41.8
2024,0,2276.0,15.0,2.0,10.0,6.0,421.0,2.0,0.0,0.0,00-0039851,177.14000000000001
2024,104,0.0,0.0,0.0,0.0,0.0,2.0,1.0,1140.0,6.0,00-0039337,256.2
2024,0,0.0,0.0,0.0,0.0,0.0,0.0,0.0,0.0,0.0,00-0039333,0.0
2024,46,0.0,0.0,0.0,0.0,0.0,24.0,0.0,467.0,4.0,00-0039342,119.10000000000001
2024,108,0.0,0.0,0.0,0.0,0.0,13.0,0.0,1144.0,4.0,00-0039338,247.70000000000002
2024,0,0.0,0.0,0.0,0.0,0.0,11.0,0.0,0.0,0.0,00-0037450,1.1
2024,80,0.0,0.0,0.0,0.0,0.0,48.0,2.0,1179.0,10.0,00-0039893,266.70000000000005
2024,0,0.0,0.0,0.0,0.0,2.0,0.0,0.0,0.0,0.0,00-0039841,-4.0
2024,23,24.0,0.0,0.0,0.0,1.0,6.0,0.0,312.0,0.0,00-0039890,53.760000000000005
2024,0,0.0,0.0,0.0,0.0,0.0,17.0,0.0,0.0,0.0,00-0037609,1.7000000000000002
2023,4,0.0,0.0,0.0,0.0,0.0,0.0,0.0,64.0,1.0,00-0038046,16.4
2024,9,0.0,0.0,0.0,0.0,0.0,2.0,0.0,131.0,1.0,00-0038046,28.3
2023,28,0.0,0.0,0.0,0.0,0.0,0.0,0.0,324.0,2.0,00-0038996,72.4
2024,46,0.0,0.0,0.0,0.0,1.0,6.0,1.0,671.0,7.0,00-0038996,155.7
2024,0,62.0,0.0,0.0,0.0,0.0,2.0,0.0,0.0,0.0,00-0038550,2.68
2024,3,0.0,0.0,0.0,0.0,0.0,14.0,0.0,37.0,0.0,00-0039364,8.100000000000001
2024,0,0.0,0.0,0.0,0.0,0.0,13.0,0.0,0.0,0.0,00-0039757,1.3
2023,65,0.0,0.0,0.0,0.0,0.0,0.0,0.0,723.0,2.0,00-0038997,149.3
2024,62,0.0,0.0,0.0,0.0,0.0,-1.0,0.0,709.0,5.0,00-0038997,162.8
2024,26,0.0,0.0,0.0,0.0,0.0,8.0,0.0,251.0,2.0,00-0039868,63.9
2024,5,0.0,0.0,0.0,0.0,0.0,155.0,0.0,62.0,1.0,00-0039391,32.7
2024,0,0.0,0.0,0.0,0.0,1.0,0.0,0.0,0.0,0.0,00-0039407,-2.0
2024,0,1077.0,3.0,0.0,5.0,3.0,135.0,0.0,0.0,0.0,00-0039376,52.58
2024,32,0.0,0.0,0.0,0.0,0.0,37.0,0.0,387.0,7.0,00-0039855,116.4
2024,0,0.0,0.0,0.0,0.0,1.0,0.0,0.0,0.0,0.0,00-0035633,-2.0
2024,0,0.0,0.0,0.0,0.0,0.0,1.0,0.0,0.0,0.0,00-0039825,0.1
2024,2,0.0,0.0,0.0,0.0,0.0,30.0,0.0,6.0,0.0,00-0038359,5.6
2024,0,0.0,0.0,0.0,0.0,0.0,50.0,0.0,0.0,0.0,00-0039746,5.0
2023,60,0.0,0.0,0.0,0.0,0.0,0.0,0.0,614.0,4.0,00-0038543,145.4
2024,96,35.0,0.0,0.0,0.0,0.0,22.0,0.0,1121.0,6.0,00-0038543,247.7
2024,0,0.0,0.0,0.0,0.0,0.0,32.0,0.0,0.0,0.0,00-0039393,3.2
2024,0,463.0,1.0,0.0,2.0,0.0,6.0,0.0,0.0,0.0,00-0039917,19.12
2024,0,0.0,0.0,0.0,0.0,0.0,-2.0,0.0,0.0,0.0,00-0034488,-0.2
2024,25,0.0,0.0,0.0,0.0,0.0,45.0,0.0,331.0,2.0,00-0039916,74.6
2024,1,0.0,0.0,0.0,0.0,2.0,-5.0,0.0,8.0,0.0,00-0039392,-2.7
2022,26,0.0,0.0,0.0,0.0,0.0,0.0,0.0,224.0,1.0,00-0037744,54.400000000000006
2023,78,0.0,0.0,0.0,0.0,0.0,0.0,0.0,791.0,2.0,00-0037744,169.10000000000002
2024,104,0.0,0.0,1.0,0.0,0.0,2.0,0.0,1081.0,1.0,00-0037744,224.3
2024,3,0.0,0.0,0.0,0.0,1.0,26.0,0.0,16.0,0.0,00-0039920,5.2
2024,3,0.0,0.0,0.0,0.0,0.0,2.0,0.0,6.0,0.0,00-0039747,3.8000000000000003
2024,22,0.0,0.0,1.0,0.0,1.0,25.0,0.0,175.0,0.0,00-0039880,46.0
2024,0,0.0,0.0,0.0,0.0,0.0,-1.0,0.0,0.0,0.0,00-0039614,-0.1
2024,0,0.0,0.0,0.0,0.0,0.0,11.0,0.0,0.0,0.0,00-0039611,1.1
2024,0,0.0,0.0,0.0,0.0,0.0,0.0,0.0,0.0,0.0,00-0032399,0.0
2019,5,0.0,0.0,0.0,0.0,0.0,0.0,0.0,30.0,0.0,00-0035631,8.0
2020,40,0.0,0.0,0.0,0.0,1.0,0.0,0.0,349.0,1.0,00-0035631,78.9
2021,10,0.0,0.0,0.0,0.0,0.0,0.0,0.0,73.0,0.0,00-0035631,17.3
2022,2,0.0,0.0,0.0,0.0,0.0,0.0,0.0,-2.0,0.0,00-0035631,1.8
2023,20,0.0,0.0,0.0,0.0,0.0,0.0,0.0,156.0,2.0,00-0035631,47.6
2024,16,0.0,0.0,0.0,0.0,0.0,-4.0,0.0,95.0,1.0,00-0035631,31.1
2024,6,0.0,0.0,0.0,0.0,0.0,183.0,0.0,29.0,0.0,00-0037509,27.200000000000003
2024,3,0.0,0.0,0.0,0.0,0.0,22.0,0.0,23.0,0.0,00-0039344,7.5
2022,1,0.0,0.0,0.0,0.0,0.0,0.0,0.0,9.0,0.0,00-0036880,1.9
2024,0,0.0,0.0,0.0,0.0,0.0,0.0,0.0,0.0,0.0,00-0036880,0.0
2022,1,0.0,0.0,0.0,0.0,0.0,0.0,0.0,7.0,0.0,00-0037708,1.7000000000000002
2024,0,0.0,0.0,0.0,0.0,0.0,0.0,0.0,0.0,0.0,00-0037708,0.0
2024,10,0.0,0.0,0.0,0.0,0.0,9.0,0.0,138.0,0.0,00-0037231,24.700000000000003
2021,2,0.0,0.0,0.0,0.0,0.0,0.0,0.0,23.0,0.0,00-0036630,4.300000000000001
2022,3,0.0,0.0,0.0,0.0,0.0,0.0,0.0,21.0,0.0,00-0036630,5.1
2024,11,0.0,0.0,0.0,0.0,0.0,0.0,0.0,193.0,1.0,00-0036630,36.3
2024,0,0.0,0.0,0.0,0.0,1.0,0.0,0.0,0.0,0.0,00-0035270,-2.0
2024,0,0.0,0.0,0.0,0.0,0.0,31.0,0.0,0.0,0.0,00-0039796,3.1
2024,1,0.0,0.0,0.0,0.0,0.0,10.0,0.0,-1.0,0.0,00-0039299,1.9
2021,61,0.0,0.0,0.0,0.0,1.0,0.0,1.0,875.0,5.0,00-0036912,178.5
2022,88,0.0,0.0,0.0,0.0,1.0,0.0,0.0,1143.0,7.0,00-0036912,242.3
2023,81,0.0,0.0,0.0,0.0,1.0,0.0,0.0,1066.0,7.0,00-0036912,227.60000000000002
2024,68,0.0,0.0,0.0,0.0,0.0,1.0,0.0,833.0,8.0,00-0036912,199.4
2024,1,0.0,0.0,0.0,0.0,0.0,10.0,0.0,13.0,0.0,00-0039573,3.3
2024,0,0.0,0.0,0.0,0.0,0.0,2.0,0.0,0.0,0.0,00-0034974,0.2
2024,0,0.0,0.0,0.0,0.0,0.0,2.0,0.0,0.0,0.0,00-0039692,0.2
2024,0,0.0,0.0,0.0,0.0,1.0,0.0,0.0,0.0,0.0,00-0034377,-2.0
2023,32,0.0,0.0,0.0,0.0,0.0,0.0,1.0,470.0,3.0,00-0038559,99.0
2024,47,0.0,0.0,0.0,0.0,1.0,7.0,0.0,548.0,4.0,00-0038559,124.5
2024,0,54.0,2.0,0.0,0.0,0.0,-2.0,0.0,0.0,0.0,00-0038400,9.96
2024,0,0.0,0.0,0.0,0.0,0.0,0.0,0.0,0.0,0.0,00-0038519,0.0
2024,0,0.0,0.0,0.0,0.0,0.0,6.0,0.0,0.0,0.0,00-0039244,0.6000000000000001
2024,27,0.0,0.0,0.0,0.0,0.0,0.0,1.0,525.0,4.0,00-0039901,105.5
2024,25,0.0,0.0,0.0,0.0,0.0,0.0,0.0,416.0,2.0,00-0039491,78.6
2021,0,0.0,0.0,0.0,0.0,1.0,0.0,0.0,0.0,0.0,00-0035118,-2.0
2024,19,0.0,0.0,0.0,0.0,0.0,0.0,0.0,207.0,0.0,00-0039751,39.7
