player_name,median_prediction,credible_interval_95_lower,credible_interval_95_upper,credible_interval_85_lower,credible_interval_85_upper,probability_gt_300,probability_gt_200
Aaron Rodgers,215.69453877464733,128.50864639229832,301.0333865382716,152.32765002375265,278.0886136960241,0.0255,0.64025
Aaron Rodgers,195.73205837118346,109.97907960565797,283.14000830561184,131.74795424664788,260.2235231417827,0.009375,0.463
Joe Flacco,6.793550167308494,-74.96492238411055,90.83848076517968,-54.05460433498096,67.84591097352289,0.0,0.0
Joe Flacco,21.271973987542882,-59.45401132366825,102.95282604634254,-37.982243832133925,81.60845046828783,0.0,0.0
Matthew Stafford,215.8393113377084,131.52086106617327,298.51236963109227,154.7109192150585,276.31580533792635,0.022625,0.643
Matthew Stafford,219.4972619451115,133.79979924557628,303.76982490096225,155.81241885272587,281.85429942957626,0.031,0.673125
Josh Johnson,6.785765200047654,-76.49180817305785,90.57239963080997,-54.5133726037298,70.2496384481268,0.0,0.000125
Brian Hoyer,2.8145628043567816,-79.50919402203762,82.83222323083001,-58.48517535334512,61.753395352990715,0.0,0.0
Jimmy Graham,7.026225611475456,-77.09252641289497,91.50340967711324,-53.87867894606389,69.8827843660992,0.0,0.0
Andy Dalton,149.891018615003,67.79707630101883,236.96209200327917,89.39903259660366,212.06983716992596,0.0005,0.121875
Andy Dalton,28.535591714502367,-54.733469106364915,114.16946230944728,-32.34816287324721,90.09396632521727,0.0,0.0
Randall Cobb,12.299961873163078,-71.96425833744146,93.86664084319179,-49.95813154321835,73.25308714610888,0.0,0.0
Blaine Gabbert,17.268588840753814,-64.19802425719955,100.12983148864133,-45.277949862329706,77.44540555103586,0.0,0.0
Julio Jones,15.991418112735731,-68.9047846889326,98.96406101163821,-44.42431660749655,77.56016976032014,0.0,0.0
Tyrod Taylor,29.786777999482894,-54.66492694487498,111.74095420842664,-29.88468839256061,89.85853790727755,0.0,0.0
Tyrod Taylor,5.634921585590227,-76.4287868605082,87.96133341096582,-54.4152709781782,66.79209689686155,0.0,0.0
Ryan Tannehill,189.73878217139134,105.23778205690432,272.5036801556499,129.22523604829706,251.21875884221458,0.0035,0.407125
Brandon Bolden,22.083981130387127,-60.981101924452304,104.52142183381508,-39.927473685989206,82.86049257965952,0.0,0.0
Russell Wilson,238.5109847380055,156.0443783072226,322.17063034238237,178.1664889185034,299.62670325897057,0.07425,0.81575
Russell Wilson,181.25971963887523,97.11401108855678,266.27928810540953,120.72552698861722,243.80962821077952,0.002875,0.336
Kirk Cousins,269.1973300369385,185.4655157172223,351.5525588383541,206.82635422609482,330.03909478728644,0.241,0.94325
Kirk Cousins,207.88375527171007,125.21019783884466,290.93348540757916,147.0094492574657,268.9210750997963,0.015125,0.573125
Marvin Jones,20.0106753026064,-63.39917374982532,101.24668177681802,-40.72879252462651,80.09834448185997,0.0,0.0
Geno Smith,201.0844667387152,115.88653912691244,282.4319295227678,139.0336828902183,262.0700453093951,0.007,0.509625
Geno Smith,220.00658260031244,138.32229324678923,303.3950840900247,158.2532298910365,282.23996098988664,0.0305,0.673375
Robert Woods,159.1315422799576,74.96232217840739,238.80413029374662,97.46904172047404,219.05089192731432,0.00025,0.163125
Robert Woods,2.5997193982682294,-82.53676064590994,85.84814475704454,-59.46035483814052,65.01462067916786,0.0,0.0
Cordarrelle Patterson,136.45620292736174,56.90296561936696,220.49089031974532,76.05079154401714,197.6167931515642,0.0,0.068875
Cordarrelle Patterson,14.640796918357406,-66.7962288191245,96.26954370313682,-46.94463197613922,75.12472784325409,0.0,0.0
Zach Ertz,140.61330794889312,55.80322678475253,223.21724814075924,78.63685484114211,200.9366862004671,0.0,0.0775
Zach Ertz,147.87857782983207,61.35281863947304,233.32674684080828,84.7500508303492,209.38119713536034,0.0,0.115125
Marquise Goodwin,11.089735479244581,-72.2402103211685,95.90056017227026,-49.1644343951668,74.13038932044624,0.0,0.0
Matt Barkley,28.116812467925122,-52.09576305364873,110.42072488742708,-31.618127858987584,88.88488539307895,0.0,0.000125
Case Keenum,8.317783879044818,-73.12707635508451,91.34123339320408,-52.16439338635685,69.4480615240487,0.0,0.0
Keenan Allen,184.0550062525408,100.67265124523826,266.18133668082055,122.37520093187449,244.41305201751237,0.00275,0.355
Keenan Allen,183.85711606989358,100.7804552395604,268.2711628503917,122.57868939514884,244.94318361690577,0.0035,0.354625
Jerick McKinnon,149.1923031493199,67.34101410161468,234.374895447191,88.75771253071068,210.49574974254702,0.00025,0.117375
Brandin Cooks,167.6987439194958,83.63433890554325,249.4203908681122,108.00317173882479,227.72555990863168,0.000625,0.218125
Brandin Cooks,150.96009992244058,67.38120231882701,234.26439927633083,89.67977159792473,211.39608642753126,0.00025,0.1205
Derek Carr,219.62982612087762,135.39650407446987,305.84138745766114,156.6431148833814,282.1437331600019,0.0345,0.6745
Derek Carr,214.64051306297807,129.11106779549317,297.87834151012197,152.56265333515444,275.50081404757,0.02225,0.63225
Latavius Murray,137.6418552735464,53.05040324509048,218.85777059195422,76.61429031495744,198.4799417324138,0.0,0.069
Damien Williams,17.817529644780933,-64.43230520963456,100.54940167358401,-42.75680088657531,77.89675421965914,0.0,0.0
Teddy Bridgewater,150.3940437883851,67.98230395233219,233.24703408153403,89.03389914241157,210.5154879975148,0.000375,0.11925
Jimmy Garoppolo,176.94826660935752,95.62477028289638,259.37092399768744,116.53574131704909,237.8316980309297,0.00225,0.292625
Logan Thomas,16.853216865396085,-67.41909148300768,98.4350733283072,-44.499447119888664,77.04907430561809,0.0,0.0
Odell Beckham Jr.,41.18811102900027,-42.68749853399797,125.92698621860994,-20.524614454925736,104.23358505843785,0.0,0.0
Odell Beckham Jr.,29.481522369072145,-52.220966183874104,112.27520976255681,-30.972930863830086,90.92743025895226,0.0,0.0
Ameer Abdullah,19.181113212373077,-63.08535553178206,102.50649448054088,-40.22938578611858,80.25840034601062,0.0,0.0
Ameer Abdullah,9.43839545396413,-73.11048169274527,92.06564766909354,-50.69202158600365,69.7184579620381,0.0,0.0
Melvin Gordon,44.20869946045711,-37.779804424732774,128.2173815263239,-17.12957827854821,105.75946405555662,0.0,0.000125
Phillip Dorsett,22.5015739248056,-59.632922488810884,104.06205699585419,-36.850020501967315,81.78873272245087,0.0,0.0
Jamison Crowder,11.844316391492962,-72.70602612896703,95.44964278194817,-47.459705306254925,73.96331373442133,0.0,0.0
Jamison Crowder,19.246765846373442,-64.50672177515527,101.67272958565997,-41.877308260459415,80.12754871689351,0.0,0.0
Marcus Mariota,168.64225766432355,87.3806161913272,254.1341646329733,108.19590609401038,231.52030684648867,0.001125,0.228125
Marcus Mariota,29.99114453794188,-53.39795324385236,113.39604983364126,-31.382784668021507,90.4484434918301,0.0,0.0
Jameis Winston,49.680080581108776,-31.754853338007877,132.26077978843247,-9.650800092411258,111.22591015041267,0.0,0.0
Jameis Winston,23.955275609878747,-59.459394040682795,106.92623392391272,-36.85449630273254,85.44556934919243,0.0,0.0
Michael Burton,19.27810110680864,-62.60858223280804,100.26424209780848,-40.34211391334548,78.97883139013618,0.0,0.000125
Michael Burton,24.77610367513161,-56.26272920018054,108.7488437153273,-35.271872386250905,86.72415560904702,0.0,0.0
Tyler Lockett,183.00360994848944,97.94094425544606,266.06567937479747,122.3000800586386,245.39883316331887,0.002875,0.34475
Tyler Lockett,174.62133476818906,93.0397668531656,255.8034608062598,113.72291577650368,235.34343408738272,0.0015,0.274625
Ty Montgomery,11.278873500923421,-71.18676730288661,94.55020178219988,-49.29666355711907,71.68218985492531,0.0,0.0
Amari Cooper,182.25025912387036,97.1631071577744,263.28196764744666,120.69309118476566,241.95713143280716,0.00225,0.334125
Amari Cooper,175.4105792465366,93.53128366720934,259.034521936588,114.45588034020501,236.93984460698277,0.000625,0.279375
Stefon Diggs,223.09374034908652,140.88741102372126,305.8088635399201,162.1144453719871,282.71293939034655,0.03375,0.701875
Stefon Diggs,212.7187364910758,127.81536491925137,296.5412041680194,151.53547195862035,274.2443873435966,0.02,0.616625
AJ McCarron,12.427130891761049,-70.72706090821595,95.03726909020067,-48.1433609849916,73.21370971697195,0.0,0.0
Adam Thielen,162.02772332956215,79.9942188666855,245.92415829610508,101.59425981418651,223.55185483630808,0.000625,0.189625
Adam Thielen,152.70709555327784,69.68008427704603,236.2467086291875,91.0394935254866,213.31266905351777,0.00025,0.131375
Kyle Juszczyk,20.087333411077612,-61.263676113584985,100.64509729390831,-39.08798114272091,80.2833089891875,0.0,0.0
Kyle Juszczyk,22.399570325673842,-61.23806199726983,104.12945579682157,-38.91800032504602,82.29830489816185,0.0,0.0
Trevor Siemian,11.904847092931657,-73.09436824907944,95.1361079839769,-50.940620279084946,71.55441498141116,0.0,0.0
Raheem Mostert,160.25316040047568,80.53641364503709,241.8207360880671,99.73829806451903,220.21922952529067,0.0005,0.1685
Raheem Mostert,133.1258882972037,45.32757246917647,221.54006323303344,69.9995832189268,198.24356607999698,0.000125,0.070375
Carson Wentz,181.25908485886808,100.95366235880195,261.9297904784329,121.00062502062265,241.4941678195464,0.00175,0.32525
Derrick Henry,198.13465746017266,115.51155245131778,279.2495498476388,136.05262656280874,257.7587864401567,0.00775,0.483375
Derrick Henry,157.0813009893633,71.3802151357741,238.98290031828407,93.43592664595178,218.40502192483936,0.000375,0.153375
Ezekiel Elliott,163.26666450365252,79.30050696634628,246.75168677616224,102.28509595352959,224.9508468086321,0.000625,0.193625
Ezekiel Elliott,175.3060486030867,93.85099347831715,256.96234619499836,113.89174163092547,236.22918972582534,0.002,0.27975
Dak Prescott,242.8845320866954,159.11525004352666,325.9536629467783,180.162837132525,303.6967431427606,0.08525,0.840875
Dak Prescott,229.69584952304058,145.4313183407918,311.15640857153164,167.6037555934618,291.67318432837953,0.049625,0.7595
Keith Smith,16.72737027490896,-66.6273630155959,99.35092867437199,-43.978124162425,76.7486983939047,0.0,0.0
Tyreek Hill,261.9301531455211,180.53836446605507,345.1003109823911,202.43767162369846,324.1586835264399,0.190125,0.932125
Tyreek Hill,272.37696937755277,189.73486192376427,358.52804687540237,211.05726849613797,336.0177523573469,0.259875,0.957625
Jacoby Brissett,33.942985287575226,-48.35478643209573,115.04915885679846,-26.9663512740431,93.24916319151572,0.0,0.000125
Jacoby Brissett,27.573747328574036,-55.40763016602676,108.80420159203048,-34.82756517728691,88.56802923450051,0.0,0.0
Kenyan Drake,22.45655190261084,-61.730896759736915,105.39734607534476,-39.613142256930445,83.63461812800216,0.0,0.0
Jonathan Williams,18.827496518344553,-63.98809316756187,103.28311704166498,-40.99432180802447,79.9178542408723,0.0,0.0
Nelson Agholor,21.45086143628297,-61.41490130368194,103.51996475739271,-39.782242111241224,80.26370183494089,0.0,0.0
Nelson Agholor,130.79520556806966,47.97302951046793,212.44702226380616,68.77591751958636,192.9704041470907,0.000125,0.052125
Robbie Chosen,18.33175923729626,-62.69565311959703,101.6870289077787,-40.8587627922504,79.90918519361678,0.0,0.0
Robbie Chosen,17.623861103738534,-64.35962571177362,100.13053965190689,-43.40640785859636,78.63354703139207,0.0,0.000125
Alex Erickson,20.79293252314254,-59.296912843841575,105.07157143143002,-38.328194856713644,81.7718408910036,0.0,0.0
Tyler Boyd,162.8452797785195,82.16624855852699,246.89348318620065,103.77435469481196,223.13666989365908,0.00025,0.180625
Tyler Boyd,154.96135144679414,71.25460885498752,235.13598246450087,93.7625096977823,213.92277093432483,0.0005,0.1365
Chris Moore,24.30498697268226,-57.54415947780418,105.75098995747,-36.00053153421023,85.5115814935232,0.0,0.0
Jared Goff,220.9456555972291,138.0154911652258,304.2831860707754,159.51921639434062,281.12370554336997,0.0305,0.6875
Jared Goff,255.6593099637633,171.8670335317268,337.5528805228193,194.88827989855187,316.9045125659167,0.151125,0.9055
Travis Kelce,210.99867833509376,125.61140791784169,295.979608133846,149.0225766614587,273.3768638092963,0.01875,0.60275
Travis Kelce,217.7920911193618,133.5714523473608,301.4932361824954,156.17124956592704,278.54153999906583,0.02675,0.6575
Willie Snead,16.474312517413566,-66.5474921736484,101.3652504741264,-43.78589759492678,78.54090956488666,0.0,0.0
Sterling Shepard,21.598504219682848,-61.08796429741831,101.27427840023135,-38.33553110269419,81.14342150541374,0.0,0.0
Sterling Shepard,21.040571829616127,-61.57256024534564,101.34907164956192,-40.359400818023964,81.66799872397033,0.0,0.0
Kalif Raymond,14.923362031959684,-65.29069840577617,99.0300854932778,-44.246768901370835,76.26879275634681,0.0,0.0
Kalif Raymond,134.26415485181144,50.50284329706147,217.42385251325723,73.83797346598585,194.78769301903756,0.0,0.058
Joe Mixon,195.44460851436628,114.93387298686021,279.318317701025,134.71442615737257,257.6985071082691,0.007625,0.459125
Joe Mixon,170.19890506762044,88.04059321910132,252.71997676295115,108.91588441704714,231.2421038065251,0.00125,0.246625
Matt Breida,26.989538941078866,-54.739159018080024,108.23218111062477,-33.21909522265739,87.31089308772738,0.0,0.000125
Christian McCaffrey,261.80851552028855,176.68229185640521,350.33067118885873,201.25649301734597,325.48406590026957,0.202,0.92875
Christian McCaffrey,250.7439493800801,163.91508363061305,337.88592423845733,187.51040873078094,313.1014335288099,0.124875,0.87625
Leonard Fournette,192.73319337157298,109.724583408896,277.159943971748,133.36098347570308,253.28395857366897,0.006875,0.43475
D'Onta Foreman,144.8619770851508,61.36737692580323,227.49587743482857,85.08419165429852,206.46315218646114,0.00025,0.102
D'Onta Foreman,18.11101180366065,-63.56056796451433,102.06350783023625,-40.86782202549574,78.39464980507117,0.0,0.0
Deshaun Watson,235.48892921864223,153.49977916123416,319.53943376257183,174.65961562230544,298.019343558937,0.069375,0.796
Deshaun Watson,88.15294452878537,5.154369242612768,174.23907101214792,26.891409849891296,151.1718316774527,0.0,0.0055
Kareem Hunt,162.7410999964709,80.64474956842915,245.33945123859766,101.83515277640474,223.3763375622055,0.000375,0.1825
Kareem Hunt,18.251870356810116,-64.97701979868023,99.73346651035874,-42.467656006362944,78.34352915124548,0.0,0.0
Alvin Kamara,217.39580160210028,134.24294973002824,302.1515101320059,157.1110014331112,280.0442596727296,0.02775,0.6625
Alvin Kamara,192.41943827394638,106.58874280730875,276.9097280769666,129.14441723156403,255.15497371861213,0.006875,0.428375
Dalvin Cook,181.01338943147226,98.51347243864613,264.3438317976074,120.81873029263545,241.97201643305334,0.002875,0.322875
Dalvin Cook,45.197368108152425,-39.74263271253691,127.04330836709403,-17.596975463967063,105.56875466679385,0.0,0.00025
James Conner,168.99848227208867,87.25552599496703,254.1910921472284,108.43883401331115,231.07089625253687,0.001375,0.23225
James Conner,167.61195896376785,83.4882133817565,249.21688638849184,105.8974940308569,227.8267876060092,0.000625,0.216
Jamaal Williams,150.54934852965926,65.48470612731273,233.44650689106155,89.65269408322834,211.62899265663012,0.0005,0.119375
Jamaal Williams,37.68923343818924,-43.65242764423589,120.12408329657437,-22.5187570080647,98.59591973637035,0.0,0.000125
John Ross,21.109769968028516,-62.37517750455982,106.23037730433408,-39.83501354462343,82.83268190347225,0.0,0.0
C.J. Ham,21.712292987542476,-61.524969153198576,104.13930268461515,-39.186772060088686,81.03697056613066,0.0,0.0
C.J. Ham,23.22535371086673,-59.618913895373055,106.35410936821977,-37.240379534900825,84.18388124874319,0.0,0.0
Samaje Perine,152.12123890343594,71.6738379968017,233.95563989425548,92.88011451694994,212.60770332620254,0.000375,0.127875
Samaje Perine,32.22324684115877,-50.83110635987898,114.11394930371041,-28.68099095540785,92.50514060113572,0.0,0.000125
Isaiah McKenzie,32.59967804730333,-52.20039256946069,114.62636818280603,-27.82886375360638,92.62786684145863,0.0,0.0
Curtis Samuel,137.8122751661976,55.20724140987367,221.32903019185304,76.9773485075809,198.75218986785228,0.0,0.071875
Curtis Samuel,146.07488592749672,63.31800479110924,228.12638330252287,86.57910302323594,207.29225529519675,0.000125,0.100375
Damiere Byrd,22.699272966894974,-58.070416564681885,105.24163937545178,-38.23562028552256,83.4788113366468,0.0,0.0
Aaron Jones,190.42902619648763,107.44576855227724,274.24260023810416,129.2807928373733,251.93507300123278,0.004375,0.40625
Aaron Jones,157.1537209171171,72.79580523782937,238.10790069804065,95.68961272344191,216.72054991143125,0.0005,0.157125
Austin Ekeler,226.62612113084685,141.34567609244655,312.4627604765479,163.06826433058802,287.75058233287615,0.043,0.728875
Austin Ekeler,186.84841027965496,101.03326631373386,270.61934488881803,123.93726265400443,247.48353590068578,0.00475,0.37975
Mitchell Trubisky,47.40870554298933,-37.120498581228816,131.55774418300572,-14.161859742061138,107.94540529726636,0.0,0.000125
Mitchell Trubisky,27.303384986632008,-53.812913397028886,109.07931604212547,-32.27663627886731,85.9448810469191,0.0,0.0
David Njoku,142.95638972499734,60.15463255297973,226.67577010187313,80.82196374991085,204.82969856781042,0.0,0.092
David Njoku,158.68215440852444,74.69022522667836,241.53271448195804,97.37184211991108,220.93625245400668,0.000375,0.1675
Jamal Agnew,20.334577764344033,-62.82430691699591,101.20509618048833,-40.66955260494009,81.09474580710777,0.0,0.0
C.J. Beathard,14.402499590007837,-68.58052769148549,97.25631980554057,-46.56784823002908,75.43423576357817,0.0,0.0
Trent Taylor,14.631036917052132,-67.30691945638473,97.85418067002774,-46.85783287699994,75.33873807211086,0.0,0.0
Cooper Rush,30.235477889200702,-48.75461463490375,109.81623786663765,-28.364349945419228,89.64178150540843,0.0,0.0
Cooper Rush,26.90736086718177,-53.40745737631225,109.57401805194517,-33.29167424895023,88.57196333942508,0.0,0.0
Gerald Everett,149.65151696445906,67.8500357390762,233.98415126151747,89.38789815385461,211.20353883864095,0.0005,0.119
Gerald Everett,143.33327579977276,61.70393824802125,226.63702496971482,83.86382214590618,204.04842025296702,0.0,0.090125
Nathan Peterman,15.6128582480879,-65.99782158676214,97.76372231923021,-44.642709791136404,76.90848218697217,0.0,0.0
Cooper Kupp,250.82479317511752,167.0860293878311,336.63055840607086,190.0022481958609,313.5880562990077,0.1275,0.885
Cooper Kupp,195.74338286043604,112.1932249681791,279.6199051081992,135.62037472221684,256.25733842128346,0.006,0.45775
Evan Engram,161.95488982399624,79.89438219041996,243.53888425781085,100.74333634000548,221.4827658411566,0.000375,0.1765
Evan Engram,183.4260240332161,102.17967079985253,267.8118517344999,122.91560828380969,243.9748732887925,0.002875,0.350875
Taylor Heinicke,31.099723499486537,-52.051922715856165,114.85258822625667,-29.917871817389813,92.64926708046819,0.0,0.0
Taylor Heinicke,16.35246017730792,-66.40947240018671,98.17268258405879,-44.31177084909836,76.5065103552073,0.0,0.0
Patrick Mahomes,321.62275612065787,233.6064857792969,408.8214303928248,257.5403702158652,385.0384787791228,0.6845,0.997875
Patrick Mahomes,307.98386107345607,221.59709434364046,395.0364482279132,245.55580083880184,371.62163487251655,0.574875,0.99275
Lamar Jackson,226.47233696169195,139.8288261594317,308.7717166419749,162.86459993457652,286.66238867596024,0.042875,0.72875
Lamar Jackson,261.88015621700174,178.71892320110516,347.0932111663014,199.98897200696683,325.7661978388039,0.187125,0.924875
Josh Allen,316.2923184263392,232.3735756844518,402.34421531258494,254.81193032299478,378.13135091037475,0.65175,0.995
Josh Allen,308.496095732518,219.24625507993514,396.7741518811981,243.62892892405986,373.8574621301531,0.57525,0.990875
D.J. Moore,202.2126525209199,119.53358987574939,286.2908434039484,141.71250789896246,263.23785499815926,0.01175,0.523125
DJ Moore,212.52681788591082,129.42626323077872,293.5148121380521,151.39578209665848,272.0303247094516,0.015625,0.61125
Alex Armah,11.71258161775945,-69.69926722741397,94.70743690054923,-48.30745976804468,72.77406543335606,0.0,0.0
DeAndre Hopkins,170.13570086080784,87.31899088729124,252.3228982159281,109.63253716523765,230.80989620848365,0.0005,0.242875
DeAndre Hopkins,163.2622342962108,78.36265238892715,246.7264996814209,100.49046771618777,224.82815700023053,0.00075,0.193625
Saquon Barkley,198.07545052367993,112.6668360446639,283.07534048641884,134.8719731020294,260.1417432797472,0.009,0.483
Saquon Barkley,175.27010989875504,91.90577821097638,258.118876337446,115.10038805521741,235.79263391678498,0.001625,0.282875
Sam Darnold,20.695304854991285,-60.88027535339506,103.1634312357433,-38.81541692210897,81.22150430148825,0.0,0.0
Sam Darnold,154.53555917888042,71.86099400620438,233.71414910316727,93.43041943918637,212.37486965775395,0.000375,0.132125
Nick Chubb,199.55552971220192,115.66363973518597,283.40413611453636,138.22855906498526,261.31562854618426,0.00875,0.495375
Nick Chubb,56.50058320428498,-28.64491268665768,139.89849456196472,-5.13112141716372,118.21149445772444,0.0,0.000375
Royce Freeman,17.54062729384804,-65.17312536309237,97.42709992591175,-43.81630709491472,75.64414604412418,0.0,0.0
Rashaad Penny,25.47360677574016,-57.450903270540145,108.52530911720594,-35.96015830787637,86.2168249672728,0.0,0.0
Dante Pettis,24.060135442181334,-58.22348995837083,107.25290186099551,-36.07524166664789,84.6627522492898,0.0,0.0
Chase Edmonds,28.331827958838574,-53.954954037642054,111.94894460187707,-32.7636207723361,88.5289865729852,0.0,0.000125
Calvin Ridley,181.87279907894217,99.70323894114655,267.31425426503637,122.01609058850424,245.54911164298812,0.00225,0.339625
Calvin Ridley,180.23405076167535,98.34000471669123,261.64612548887186,120.03170264250252,241.07087681721077,0.002,0.31425
Mike Boone,23.015856078571552,-58.69549218227789,105.75983877465625,-36.43309356293615,82.94774846021424,0.0,0.0
Mike Boone,19.011769358090234,-65.34551371296531,101.40996626762535,-40.9433534486446,79.0815569235898,0.0,0.0
Taysom Hill,22.851646370475024,-59.35365983283097,104.04098743293018,-37.60891380273028,83.2502999574392,0.0,0.0
Taysom Hill,16.540584849880943,-67.39968534450676,99.40343312545755,-44.20902615786522,76.60532668671758,0.0,0.0
Baker Mayfield,173.6276040604002,91.5570119714208,255.49814768225465,114.52647250458274,234.5944953639133,0.001625,0.273375
Baker Mayfield,211.58745631728314,126.70448150749003,296.14871087128614,149.7875517497864,274.44871721699656,0.019125,0.607
Jeremy McNichols,28.801925462973255,-57.512379581657896,111.56226679713964,-35.328725640088905,89.67696054887023,0.0,0.000125
Christian Kirk,186.23290023297554,100.86904641208913,268.98128285133475,124.73697810654718,245.7570656833305,0.00325,0.375
Christian Kirk,182.56696435211114,100.36305341813008,264.5124735930146,121.40400984765037,242.2656532702405,0.003,0.335625
Joshua Dobbs,19.699095435690808,-62.08960052285078,103.36597861468836,-40.63469151007281,79.8230026500412,0.0,0.0
Joshua Dobbs,194.4619832289925,109.31440848383596,280.59848508155295,132.1656892073107,257.5320034347791,0.009125,0.449125
Josh Reynolds,18.19668755487016,-65.0328442492648,100.01510672513704,-42.6441746672311,78.9811322206955,0.0,0.000125
Josh Reynolds,149.57636428099948,67.0648666718865,231.97782622526395,89.34265512261878,210.61990150218634,0.00025,0.11725
Mike Williams,187.68793652715465,105.36218650121513,269.94860628309596,127.05661179845775,249.42559883118818,0.00375,0.385875
Mike Williams,159.4332913283981,76.82126730191295,243.0935041444977,98.87911564172511,220.25700068642865,0.0,0.17375
Ray-Ray McCloud,16.603808858508202,-65.8439037150103,98.36414832435445,-43.716099820513996,77.46812595354804,0.0,0.0
Ray-Ray McCloud,21.63418590336517,-61.45314420305678,107.16749649787306,-40.57465099057236,83.68800554989048,0.0,0.000125
Hayden Hurst,143.36997294800625,58.78308730692946,227.27207359337882,82.09514955194032,205.39023316866962,0.00025,0.092875
Hayden Hurst,25.027347387511938,-57.68035260354578,106.32869421834748,-36.93449782984192,85.67612745577705,0.0,0.0
Gus Edwards,29.176268799784147,-53.94560203830538,110.50651086743967,-31.542089032197133,87.73949576719241,0.0,0.0
Gus Edwards,141.5771351200238,58.28612798024352,225.73727719148758,80.4194874980678,203.7471252765746,0.00025,0.088625
Zach Pascal,16.60916378401855,-65.26661186779388,99.90202686866708,-44.181742849988275,76.6061510907222,0.0,0.0
DeAndre Carter,23.46244144774808,-60.49742306092057,104.21931950409294,-37.4553190748058,83.88314846903576,0.0,0.0
DeAndre Carter,21.855880553553767,-60.34429886856171,103.64662954087976,-38.91115469896615,82.33338366049054,0.0,0.0
David Moore,9.158875658744492,-72.73793340953091,91.21809289414324,-50.40582895391313,70.12974753030642,0.0,0.0
David Moore,20.370505497090395,-59.527008969528225,101.9893023475293,-39.596296005711274,80.93697941931636,0.0,0.0
Tim Patrick,145.12041819885826,60.73484995125854,226.1714970683181,83.54461144425979,205.47685636767304,0.000125,0.093875
Anthony Miller,29.03177316642507,-53.02837038730326,109.31213825829494,-30.3306096677553,89.88242906764016,0.0,0.000125
Zay Jones,145.6058827494037,62.4763742542332,228.9712647555675,85.70827077625812,207.00931308535075,0.000125,0.1025
Zay Jones,18.244719506646845,-66.01799420694842,99.28932326771232,-41.89215806224888,77.85023480765142,0.0,0.0
Nick Mullens,18.329552269617274,-63.52661820857056,101.6436808928674,-40.44223869730522,80.186724282709,0.0,0.000125
Nick Mullens,24.3660311258516,-58.21683760465324,106.84218496995615,-37.4331726025623,84.76743541491737,0.0,0.0
JuJu Smith-Schuster,181.64417662759902,97.9777037980061,265.79915089316535,120.17270420315184,242.01556252926255,0.002875,0.33375
JuJu Smith-Schuster,158.04319755817468,75.52533796008821,242.14501134310657,96.96398195907649,219.52552033746994,0.000625,0.163125
Equanimeous St. Brown,24.889269429980104,-57.89405163974553,107.44479369798546,-35.166469742426514,85.19471225376925,0.0,0.0
George Kittle,178.55114660773654,96.35269061909429,261.88460245921857,117.36791235401995,239.2098631308608,0.00125,0.308
George Kittle,180.845648185137,97.169841367083,261.45804085149604,119.3100808847138,241.35217011980166,0.002,0.324125
Jeff Wilson,162.51546744292295,80.21198935562808,243.92776696628962,101.55987634563024,222.21738032907416,0.000625,0.183875
Jeff Wilson,29.171025567128915,-54.41920630748559,107.90945618107669,-32.79651393582583,87.49481154980431,0.0,0.0
Marquez Valdes-Scantling,165.1880902013587,84.49060298132302,249.35830310513632,106.27639465906792,226.75212054988992,0.001,0.20525
Marquez Valdes-Scantling,21.63977890176602,-57.27669840019525,104.89205584115216,-37.79779207768573,83.44273991587875,0.0,0.0
Richie James,147.36339061967124,65.21757048022424,228.81331913322995,86.38632751437811,205.8748279335889,0.00025,0.098375
Courtland Sutton,176.82923348470555,96.03492084219728,260.5457111732328,117.32708499729912,237.18399579259514,0.002375,0.287375
Courtland Sutton,179.7144275941136,98.16240402229542,261.53973622003315,119.89373479023111,240.54406042243582,0.00175,0.318875
Brandon Powell,23.820685175609142,-57.8238367591076,108.05645982502985,-37.250122610842695,85.73047496052416,0.0,0.0
Brandon Powell,18.028374910314582,-63.527848210012806,100.8880058934957,-40.954390330130025,77.91615586395045,0.0,0.0
Darren Waller,160.53536151143135,77.64121578753266,242.94737994725793,99.01498157335331,221.29240971754857,0.001,0.177625
Kyle Allen,37.019480553788256,-44.77270883555781,118.64046749388115,-22.51103861260945,97.91061016282595,0.0,0.0
Kyle Allen,19.378225971760628,-61.87115744896375,102.37148120244716,-40.8149148347926,80.63577492233105,0.0,0.0
Allen Robinson,34.69823260293064,-50.15231518077471,116.45098350364485,-25.83717812514435,95.33222412054181,0.0,0.00025
Allen Robinson,25.819146445506497,-56.859023761708855,108.08607670210318,-36.01991391539639,87.09460171032596,0.0,0.000125
River Cracraft,24.354612534971334,-56.69414127114415,104.64460124721259,-35.8200330541347,82.830158052628,0.0,0.0
River Cracraft,25.17638565303043,-57.53707252587759,108.49730387466212,-35.4794345421901,86.44128164925853,0.0,0.0
Alexander Mattison,159.29336408752954,77.47902383651875,242.01538217218757,98.06741615112729,220.61915887005816,0.00025,0.166125
Alexander Mattison,168.3477286748895,85.5967033817404,249.88241142858413,106.65951003594846,228.36773003981347,0.001,0.219375
Justice Hill,19.364436264644077,-63.766201219278265,102.07485144409048,-41.8422721628213,79.99143987487527,0.0,0.0
Justice Hill,22.593926197971648,-59.47708619337887,105.34084095868198,-37.28669088172348,83.06584523814765,0.0,0.0
Devin Singletary,169.1410073206282,86.57530191356933,251.3421061884882,107.24710286874273,228.52139558714458,0.00025,0.226375
Devin Singletary,165.84926967237232,85.68862169168199,248.67126471997327,106.44614009506489,227.5150049331298,0.000875,0.21725
Josh Jacobs,239.218416010481,156.0675470495272,323.54160994308944,177.61098174238245,300.93958848991025,0.078375,0.821
Josh Jacobs,189.31178054132243,106.17908753550843,274.0833382044444,127.84845690385069,252.32103129206033,0.005875,0.407125
Noah Fant,159.12804227902402,75.60360735261396,243.83849995161287,96.98240676838769,221.37899363040313,0.0005,0.167
Noah Fant,28.403895400809105,-54.5889677543698,109.94232391406831,-32.95709962333453,88.69692676063961,0.0,0.0
Kyler Murray,233.54167623899534,149.10236392965547,316.94552650848743,170.65423845707292,293.532740506413,0.05575,0.773375
Kyler Murray,217.90470275075438,136.75302137420155,298.87397551243976,156.9284412745275,277.6066979222868,0.023875,0.66125
Ty Johnson,16.241283407552597,-64.63176995311335,95.48209529780698,-44.659958612580404,75.54522207594529,0.0,0.0
Ty Johnson,12.550689485114734,-71.3024742020822,95.69267056115001,-48.15837280100624,74.09940036260853,0.0,0.0
David Montgomery,184.9698867114447,102.44850211847184,266.32931389455763,123.9196935471745,245.7623935275396,0.00275,0.358875
David Montgomery,176.62677417043545,94.12985996527445,257.2928059481346,115.46461794781474,236.57345312567048,0.00225,0.295875
Parris Campbell,162.89539027854943,80.8218561576407,244.90356490265847,104.00043458242317,223.87919557731902,0.000625,0.195125
Parris Campbell,20.363098424779288,-62.33790233116683,101.44845552579528,-39.758829550262185,80.29108577855575,0.0,0.0
Gardner Minshew,24.350294003233806,-56.90035194321576,105.82493069599282,-35.23847013183295,83.74167381983544,0.0,0.0
Gardner Minshew,169.14607989087875,88.43871761631976,251.26554111862956,109.7086269038868,228.900863842948,0.001125,0.22725
Darrell Henderson,21.12551999310412,-58.236969857819844,103.43102231353095,-36.84799063395244,82.00798928142808,0.0,0.0
Tony Pollard,180.41552821688634,97.48548581266513,262.9668090636805,119.00139279790699,240.22621629518338,0.002125,0.317625
Tony Pollard,177.87629941581298,94.98439603274251,261.0969718258799,117.62426456795292,238.53299045015993,0.002,0.2995
Daniel Jones,225.61993750909403,139.90225665555843,308.50689229989,162.08263366427698,286.7464293899539,0.040625,0.719
Daniel Jones,177.54534568659548,92.72157509284281,260.12318841292114,116.28345243350057,238.63552997947644,0.002375,0.293875
Jonnu Smith,25.502441133120783,-60.17086892304071,108.41612567201479,-35.936672754693504,86.14072937320604,0.0,0.0
Jonnu Smith,142.04546551857874,59.6195413292268,224.93314120327622,81.36217152969424,202.76345346223582,0.000125,0.084125
D'Ernest Johnson,15.033534559937632,-68.7420063720429,98.89408101603773,-45.435153756382846,76.99676962030676,0.0,0.0
D'Ernest Johnson,25.68583007282126,-56.112714141891644,108.52060631037197,-34.8441632066496,86.4628247515659,0.0,0.0
Miles Sanders,175.50750599544654,92.37577311968369,259.5956633687666,113.52417430459907,236.39289847765298,0.00125,0.285125
Miles Sanders,167.75592116548552,85.38353921328019,249.28941608253214,107.66125963010712,228.42974485472521,0.001,0.22525
Steven Sims,23.347589099605084,-56.86802666297444,105.29372751927298,-35.7005742733484,84.14468439123449,0.0,0.0
Steven Sims,12.993384543255795,-70.68618304784424,95.53542946200568,-46.69296796269449,72.64053185002174,0.0,0.0
Mason Rudolph,22.074979582525188,-59.72819063937888,106.3627907062802,-38.6697252437791,82.85163878147753,0.0,0.0
Mason Rudolph,13.748019949779042,-67.02710857150569,95.8416149762106,-45.57644518153381,73.82214158028597,0.0,0.0
Deebo Samuel,199.9259624295241,115.69637110631906,282.47307439856576,138.46789155280038,259.47033762185276,0.009625,0.49975
Deebo Samuel Sr.,189.57808261010706,106.41087918141965,275.127028896598,127.50084271845566,251.31086639962362,0.00625,0.40475
Mecole Hardman,158.27297983378492,74.61043753388148,241.78098149674665,97.91420864528858,218.40418032892484,0.000625,0.165875
Mecole Hardman,30.204610040626065,-53.33418784266988,112.97915580073766,-31.044506957668787,89.35681315306154,0.0,0.0
Dawson Knox,158.4812687998753,76.34991932808519,239.37164667721368,97.53732188823369,218.70164189357604,0.0005,0.16425
Dawson Knox,25.86342230800676,-56.755679040594565,107.14492848656782,-35.78642730792621,85.6168278948486,0.0,0.0
Deonte Harty,8.216078725323866,-74.31468376725316,92.93792488350391,-52.29108150778273,70.47842695918563,0.0,0.0
Gunner Olszewski,30.25532032007047,-49.89854124477071,112.12089932194013,-29.726054717744372,91.25039248851216,0.0,0.0
Jarrett Stidham,35.14920120015405,-47.42748699916771,117.33169571412316,-24.529405199052963,97.37231748493366,0.0,0.000125
Jarrett Stidham,23.718955464902823,-60.58032306802228,106.49002454607182,-36.75307308010684,85.15254410271655,0.0,0.0
Diontae Johnson,208.13256563323742,125.67686668019842,291.44188152902257,146.55368064840474,269.2149339909744,0.016375,0.57425
Diontae Johnson,177.47788668886432,94.33217851315672,259.53063034652126,116.67891289882758,238.0678921173418,0.001875,0.300625
Alec Ingold,31.27624219227966,-50.59566160930846,112.97818192179693,-29.38063548192576,91.47244730452356,0.0,0.0
Alec Ingold,34.03940052785178,-50.74313285500321,118.1794546776171,-28.4316632738814,96.27867056854832,0.0,0.000125
Dare Ogunbowale,22.990313398324492,-60.318823387589546,103.84676053523637,-38.3960009956864,82.66663691012386,0.0,0.0
Dare Ogunbowale,12.412076807511944,-69.91015858515136,93.77399009665375,-47.729928313331804,73.17969042487472,0.0,0.0
Will Dissly,15.508778785567026,-67.17079268229003,99.50955950757542,-45.18198654003273,76.86239287235954,0.0,0.0
Will Dissly,30.350731317512995,-50.163815596175574,115.03946515636129,-30.56007489555313,92.06102605518466,0.0,0.0
Scott Miller,20.417781156618968,-59.06872835684182,103.1872385347931,-37.94004020705609,81.49128649069009,0.0,0.0
Scott Miller,24.44540405728109,-55.86277868184984,104.47243008548907,-34.833748788739996,84.00710972661638,0.0,0.0
Boston Scott,21.253986497155157,-61.38430344420317,102.3920992031575,-39.58485299535324,80.54286627274578,0.0,0.0
DK Metcalf,222.22841999395897,140.4608355122195,304.83515667822513,162.36029892486033,283.48971815638504,0.03325,0.7045
DK Metcalf,208.42470668528998,125.28487192816505,289.30325785647346,147.4267226742903,269.3510624788714,0.01475,0.579875
D.J. Chark,33.76199944471334,-47.88348489378164,115.83944150900011,-26.635711717573415,94.62620191177172,0.0,0.000125
DJ Chark,23.56624643969053,-58.002923857081406,104.84013578092424,-37.32516415971717,84.02046258281743,0.0,0.0
A.J. Brown,225.5520792198829,141.8045948944236,309.9554214230543,164.24135361081446,285.36700585446516,0.041375,0.7315
A.J. Brown,236.30039255116648,155.3942219759785,317.78927028768936,175.08401880910813,297.0533278912943,0.0665,0.8015
Damien Harris,144.58357045792752,63.40314740621589,228.03448855743468,85.1302828417638,205.6942706423134,0.000375,0.09675
Braxton Berrios,18.23600557466549,-65.7345758409217,98.23827708218111,-42.853639222314484,77.42737260368,0.0,0.0
Braxton Berrios,143.79526623000424,58.92901802449113,228.12017791825096,81.46269110388977,204.9934480792253,0.000125,0.092875
Tim Boyle,21.420943563115454,-60.49887139533082,104.5038609575776,-39.41605917977739,82.492773750771,0.0,0.0
Tim Boyle,10.3711387999281,-73.22843973388785,93.45866689718099,-50.139137999208586,71.18380669530613,0.0,0.0
Michael Thomas,51.9234072196732,-29.46319861565635,134.94905845664553,-9.956817407295034,111.92898756742952,0.0,0.000125
Brandon Allen,20.568160844663467,-61.313650219963,104.09120852739828,-39.94677232425753,80.9239291702145,0.0,0.0
Chris Godwin,195.92708600482052,115.28368250396034,278.9795810757967,136.13925683027313,256.92409440309893,0.0075,0.459625
Chris Godwin,183.8659021410425,101.35436346376933,265.3917394518981,121.9945063500175,244.26731108766177,0.0025,0.3465
Trevon Wesco,38.98326038277712,-44.09694049797479,123.31234907910904,-21.502760459253366,100.55614232829564,0.0,0.0
Myles Gaskin,21.015906030161354,-61.889728447625856,102.60098019916543,-39.54826700511056,80.64374081131459,0.0,0.0
Allen Lazard,167.92608423090138,85.5797585995111,250.32500927243476,108.23831997800956,228.9368059484105,0.001,0.222125
Allen Lazard,157.1927458327957,76.33639298558981,238.02988867402502,96.79540821986328,216.4107530643896,0.0005,0.145625
Drew Lock,33.19055059059929,-51.19005459795877,114.77134264580269,-27.15615735772378,93.0009314996031,0.0,0.0
Drew Lock,18.065421875239274,-64.3099467874844,98.31891035642069,-43.92247517667102,78.06738962623905,0.0,0.0
Travis Homer,29.97423995628222,-53.643486152662085,112.90139191452836,-29.391091062967497,91.64892900154899,0.0,0.0
Travis Homer,22.322642767251473,-61.96342188879248,105.39476659110872,-38.870016113164056,83.30951175908397,0.0,0.0
Greg Dortch,20.348935806222542,-61.88989759613564,102.46792381281934,-40.13434419197116,79.77615569406926,0.0,0.0
Greg Dortch,26.676892701814502,-54.387691023156336,108.45540856990901,-32.80101713551512,88.16264441969423,0.0,0.0
Andrew Beck,26.4604670628434,-56.20927104679177,108.78864169593818,-32.601164479701545,87.42347933568287,0.0,0.0
Andrew Beck,15.45314764305398,-65.46246406847365,97.87798350939596,-43.54336792885466,75.66729261173596,0.0,0.0
Devine Ozigbo,11.162273555708317,-73.42001934066427,94.89993660863156,-49.363905177616786,70.96637994649504,0.0,0.0
Hunter Renfrow,165.7578195332551,82.18660556412172,248.12326678162395,103.08192016216289,226.15480522844044,0.0005,0.212
D'Andre Swift,167.03429587535112,83.1429318628029,251.13315777501285,105.65794761060148,228.65485220096505,0.000875,0.21825
D'Andre Swift,184.34197608117364,102.79449128982458,265.34953469916286,123.76901174054149,244.50224118348098,0.00275,0.3545
J.K. Dobbins,168.83841138720254,84.77661290985213,253.11317909437395,106.95381426984781,231.7075184102471,0.001,0.2285
J.K. Dobbins,33.40582291299633,-49.123908949087365,118.43298439478203,-26.9704780694386,94.61124191306288,0.0,0.0
Patrick Ricard,22.053152742714214,-61.984228712096666,105.14794478613005,-38.99915119708144,82.91524166413699,0.0,0.0
Patrick Ricard,27.11028046862194,-54.71261412092406,111.08957785897135,-31.77137364375768,88.61220331448814,0.0,0.0
Cam Akers,168.46465511255735,86.56556006571387,251.00663744765797,107.63669662997826,229.50135474204396,0.001375,0.234125
Cam Akers,30.348459655598838,-52.663408018894884,113.18633062017113,-29.137020849472638,90.66939306266701,0.0,0.0
AJ Dillon,161.78952519495266,78.86553530338132,243.11517052297995,102.5043048060206,221.94232876076492,0.0005,0.186875
Clyde Edwards-Helaire,161.78028809403384,79.31518336660547,244.340939383354,102.4244427112638,223.38116142450048,0.0005,0.1875
Clyde Edwards-Helaire,28.74526685604642,-52.19426721107261,112.20774439933403,-30.73974178677746,90.69128928120665,0.0,0.0
James Robinson,27.99537744286156,-55.34851544342332,111.38172311308503,-31.2741825242997,88.38094780436435,0.0,0.0
Jonathan Taylor,208.23659591344102,123.74951085718173,291.3950712096064,145.7552765262972,269.12478635610427,0.017,0.57125
Jonathan Taylor,182.31919389997853,98.93898365114961,265.7576907714696,121.60851699545853,244.40067750906104,0.002875,0.339125
Laviska Shenault,25.281225709221957,-59.04337516080875,107.06039647711555,-36.172430297535406,86.02341018011016,0.0,0.0
Laviska Shenault Jr.,12.92094641376003,-69.81364804433542,94.1430512152626,-48.16738883273743,72.9915774625633,0.0,0.0
Joe Burrow,254.6663903835157,169.82606970847547,342.23273243245364,192.53927246681997,318.55043710029673,0.153375,0.899375
Joe Burrow,246.16698487936736,160.86158923161548,329.35939725832594,184.84733955642685,306.9560780059817,0.10025,0.85875
Joshua Kelley,27.305575927222122,-54.69183680562956,108.58585665874772,-33.048181415070665,87.33826725548987,0.0,0.0
J.J. Taylor,32.28952062029269,-48.88118740678545,115.63625042806234,-26.84355117819639,92.0104131070046,0.0,0.0
Zack Moss,33.12142125157931,-49.804571552979844,116.61459895113562,-27.904435765987134,94.20080461848396,0.0,0.0
Zack Moss,154.83933956221878,71.59315031375604,236.2874730692905,94.81349370584118,215.71196973955128,0.000125,0.14075
Antonio Gibson,188.7942406418066,103.39174852544414,268.92261692426604,126.3885401929371,247.52478172393305,0.003625,0.38875
Antonio Gibson,40.79298169451467,-41.14815925136671,120.32146336892365,-20.56328770025568,100.09200864812102,0.0,0.000125
Jalen Reagor,15.419065694698258,-68.1424860237407,97.90564007620829,-44.71993802488454,75.99020288480558,0.0,0.0
Jalen Reagor,32.692142940933586,-49.973251308631575,115.09768924851699,-28.173599790431595,92.97851539159137,0.0,0.0
Chase Claypool,160.65956234934293,78.13351439373109,243.7910269600566,100.3374492278312,220.86403928249396,0.000375,0.17375
CeeDee Lamb,238.6728392569596,157.60114485000565,319.03257274443615,178.17927292108757,297.38667922212807,0.066125,0.814625
CeeDee Lamb,278.5877538364838,195.94271520416896,362.08381818498407,219.2212512873077,340.0388950829213,0.313375,0.96975
Gabe Davis,183.04278735037352,99.7840354082584,264.98969710837616,122.90656782557241,243.91110333908364,0.002,0.339125
Gabe Davis,163.17638779602822,81.37094315877147,247.47706012552047,102.85313583957829,223.59820799974682,0.00075,0.191875
Justin Herbert,296.913941651168,212.5937740087848,380.2242376758715,235.18618080189532,358.8125064676854,0.466875,0.98825
Justin Herbert,242.88374476763903,159.99133961958265,326.1431687353556,181.858412586672,304.45423683535364,0.092,0.841125
Van Jefferson,30.691007959656122,-53.67473038909456,113.10279242323175,-30.083618176044922,91.65772024520223,0.0,0.0
Van Jefferson,20.9565258317285,-60.70777998274919,103.84463634651195,-39.38548505250823,80.17437747434155,0.0,0.0
La'Mical Perine,15.625459097637385,-64.66567861954144,98.02503212326329,-43.72995809921138,77.46040809518676,0.0,0.0
Jalen Hurts,285.3864183351849,200.18644098782312,370.82037513808945,222.9453781400456,347.3339156538495,0.367625,0.975375
Jalen Hurts,297.22011547999807,213.03526454638262,383.8456187576916,234.39962210692582,360.0391666446375,0.473375,0.987125
Anthony McFarland,16.27711118158525,-62.927658000841596,99.26611028913197,-42.973465190881726,77.75234121315913,0.0,0.0
Brandon Aiyuk,189.88132282996068,109.59584689031324,268.85755439552264,131.22274442749213,248.938105816524,0.0035,0.412375
Brandon Aiyuk,203.65106426983226,122.33058917425414,284.77146708306407,142.7004229996095,262.9670827875156,0.00925,0.530125
Jamycal Hasty,21.51487974001313,-59.60244517097372,102.14861688078689,-38.792115854335016,81.57498412588048,0.0,0.0
JaMycal Hasty,12.653088541283363,-70.73221140885346,94.79205907275754,-48.25217739424946,73.43429202952808,0.0,0.0
Brett Rypien,22.896737787048107,-59.15591395768607,105.96689851945973,-37.46203242158461,82.95660155655897,0.0,0.0
Darrynton Evans,13.827097330366032,-68.01570785627364,97.4209345681947,-47.637656042070134,74.39487304699549,0.0,0.0
Darrynton Evans,24.256867979237747,-56.83924528731928,107.21891719117389,-35.628888981867334,84.40553018102949,0.0,0.0
Terry McLaurin,204.78006309797934,124.80494418379462,287.9792004487971,145.18728073765982,266.18017277103206,0.01325,0.545375
Terry McLaurin,195.35642569404817,112.41395635892012,277.82738983097886,134.4305494817321,256.5569198932677,0.0065,0.45325
Darnell Mooney,169.70698969375604,87.13095710523636,251.53938885493372,109.34465140125255,230.02406803439214,0.001125,0.23175
Darnell Mooney,34.222832411409044,-49.70006132378071,115.26942316765565,-26.858751688452944,94.29797759400167,0.0,0.0
Tee Higgins,209.8461934981235,125.07007567591089,290.3317096469497,148.49842483344977,270.1432906840366,0.0125,0.5985
Tee Higgins,188.85511481436933,103.65444350578095,273.84120833708886,127.59986577612841,251.17235747104743,0.004875,0.399125
Ke'Shawn Vaughn,16.900467891907425,-66.17403983483308,96.74592478961524,-43.50321697887474,76.294771697673,0.0,0.0
Ke'Shawn Vaughn,19.8461205637875,-57.857706882408934,101.85331405788152,-38.50979964389572,81.1856420928084,0.0,0.0
Lynn Bowden,18.441629684733847,-65.35572251254274,101.15204327701181,-42.82226168426817,77.15605283135612,0.0,0.000125
DeeJay Dallas,25.27895008658136,-55.43271873367086,106.58128578524435,-34.26327372747977,83.58979956694212,0.0,0.0
DeeJay Dallas,14.545674802497953,-67.19792502015889,96.69776914329802,-45.780786599249545,74.96847739546867,0.0,0.0
Devin Duvernay,23.47161195537326,-60.58483782154548,104.83997064561241,-38.43196748050917,83.00309711345268,0.0,0.000125
Devin Duvernay,15.684265813395545,-68.32653506200433,97.67416603244567,-44.757796031600435,75.725581386928,0.0,0.0
Marquise Brown,189.37541322425406,108.16606812417729,270.80689561577185,130.35443038253703,248.7206389321577,0.00475,0.3995
Marquise Brown,170.90575014096962,87.88889973425103,252.75448507269476,108.97508490082804,231.1383630119502,0.00125,0.238
Ashton Dulin,23.540516130580876,-57.15953322107673,107.3510871564172,-35.25213483912939,85.30359117966633,0.0,0.0
Jalen Guyton,9.525766617991732,-74.4144239544533,91.08106598138673,-52.39115408345654,70.01230902974825,0.0,0.0
Ced Wilson,25.733550818275507,-56.113156509997374,109.57128451127161,-33.580945793223286,87.10140620742703,0.0,0.0
Cedrick Wilson Jr.,34.29859774205163,-48.78771929056473,117.83255532070253,-26.75566847016208,95.7604191247933,0.0,0.00025
Rico Dowdle,19.87956775582539,-61.821612407251614,103.05721883540713,-38.853705422897924,81.08085503222351,0.0,0.0
Rico Dowdle,156.2405810379219,75.04993630089629,237.7318524042848,94.2787488218765,216.21670762208927,0.000125,0.147
Tua Tagovailoa,223.8300251264351,141.27437627310943,305.7124012077001,162.1649817110831,284.181223053401,0.03525,0.7075
Tua Tagovailoa,241.1809784065557,158.17328219946134,325.28722948559187,179.6337307106809,303.80404651391893,0.088375,0.837375
Darius Slayton,149.579206923934,68.40884004343891,232.36319536302503,88.07551962493872,209.68056322932603,0.000125,0.1165
Darius Slayton,156.77719266352884,75.34202192968043,237.447513575449,96.99074250290776,216.15503215014584,0.000625,0.1435
Olamide Zaccheaus,27.750056706213222,-53.97485772432349,111.16680308814139,-32.65835380159351,88.5860818168015,0.0,0.0
Olamide Zaccheaus,25.55228332441515,-59.06440035395395,107.39546466366477,-35.510798234886316,86.86702593888917,0.0,0.000125
Easton Stick,14.099680822815163,-69.66532512468686,94.98785743938274,-47.21166057933997,72.91656662394101,0.0,0.0
Jakobi Meyers,177.20192186015788,94.57750822072353,260.6385299340643,116.47975743425384,238.12768182214091,0.002375,0.298375
Jakobi Meyers,168.44101261952503,86.79832412167194,250.16904877820792,107.02481298315575,228.47754223661687,0.000875,0.221125
PJ Walker,18.327103380407088,-64.84391252896397,100.04289696201317,-42.81550947950253,78.48715134811479,0.0,0.0
Malik Taylor,11.89196672697073,-69.90449860706678,93.50919662674573,-48.51124166019155,71.76417165037088,0.0,0.0
Salvon Ahmed,11.252028334550644,-72.77816738246321,91.378635076668,-48.51052544875112,71.11194989240012,0.0,0.0
Trayveon Williams,8.516798998666761,-71.7189714614106,90.04973118711787,-50.086634134989126,69.40202751863556,0.0,0.0
Michael Pittman,214.1624190853555,132.36437758661617,296.01674421328084,153.12422809821862,274.8686536058939,0.0195,0.634875
Michael Pittman,213.60478302109243,130.91821838802,296.7517326170531,153.22721118023634,275.98772801683145,0.01975,0.628875
K.J. Osborn,160.55976137266725,78.38738879965304,243.2783330524035,100.26433188404842,221.09278524204268,0.000375,0.17025
K.J. Osborn,155.63276643701116,73.2157354533708,238.36157962635681,95.56451333545007,217.67749971842517,0.000375,0.150875
Tyler Higbee,159.4976598923459,77.5868657974836,241.53373937911803,99.00716561988034,219.4426943935069,0.00075,0.164375
Tyler Higbee,151.10515678154604,68.72870895967455,233.04778331291288,88.98534503815102,211.42129487645067,0.000125,0.12225
Jordan Akins,24.377307423540962,-58.71563259187853,108.26064091617899,-37.67872360978949,84.75844569419473,0.0,0.0
Jordan Akins,17.924282569078827,-64.17996271415399,100.45910299320983,-43.27670767238299,79.30004369950339,0.0,0.0
Jason Cabinda,6.494100339928469,-76.05346710068503,86.85060974154666,-53.507312364617306,66.79307001372779,0.0,0.0
Justin Jefferson,284.22722329421174,200.19764959090705,369.25061923807834,222.3463594725719,346.24919717935904,0.349875,0.975125
Justin Jefferson,243.2709854078583,158.33214940968313,327.5199274482143,183.46169391085365,304.791027192457,0.091125,0.85175
T.J. Hockenson,182.2013389538405,100.75632270245,264.6825097030711,121.30771824464651,243.8431521817506,0.001375,0.3395
T.J. Hockenson,191.6578074242467,109.54063707761247,273.8201983445027,130.85185809321968,252.14684569304586,0.004125,0.427375
Tyler Huntley,27.003108563837458,-55.17059283130842,109.98206589136844,-33.218882342036245,86.95864682660833,0.0,0.0
Tyler Huntley,7.225610006215096,-74.44284436796374,91.07921493090055,-51.65407926536562,68.4657772684477,0.0,0.0
Demarcus Robinson,24.214285965136973,-58.3144898512416,108.11641796502917,-36.69911857439307,84.05999344151313,0.0,0.0
Demarcus Robinson,135.79019276303717,55.51241612173251,219.93588616940156,76.54911804148948,197.6544560980833,0.000125,0.06675
Blake Bell,28.451468099227753,-53.10764608176273,110.66247845530054,-33.01110342434184,88.35167833571194,0.0,0.0
Noah Brown,21.45680490097633,-61.22917967037781,100.41811996836647,-39.35879144366762,80.46332894922158,0.0,0.000125
Noah Brown,11.072329772677179,-74.01040045013451,91.63217323483275,-51.30793884091913,70.07905783102338,0.0,0.0
Cole Kmet,157.06240729882575,74.39451943232369,239.36176573272658,96.46965254220514,218.35456343095825,0.0,0.15275
Cole Kmet,170.67756899773096,89.45958224173697,254.48776580663883,110.15222937048216,231.53590746363176,0.001375,0.2475
Craig Reynolds,18.947610687505957,-65.576655304305,101.25676823228385,-42.943022279961916,79.19087216448142,0.0,0.0
Craig Reynolds,18.435693644796842,-64.56040696391965,99.53922801800094,-42.12976912488208,77.77371496408976,0.0,0.0
Tony Jones,13.156881679728677,-68.08616955952654,94.555088131054,-47.25188205262632,72.41002526940582,0.0,0.0
Justin Fields,243.02043093728747,157.94507476865664,327.69536944069534,181.04787166309023,306.264886239532,0.095875,0.838
Justin Fields,190.32160035780154,107.52125923207159,274.69986189892643,129.14174768278338,251.43514756893973,0.006,0.407
Javonte Williams,177.12530990179633,92.68418558136044,259.5341236078642,115.48533800178815,238.61994659828338,0.001625,0.3045
Javonte Williams,179.5092416796634,98.47388829145727,262.27669359976,120.34413220264052,239.5043443515383,0.00225,0.311875
Jordan Love,43.089693156166746,-39.69300907935722,126.58711524827018,-17.265875781116918,105.10646592243222,0.0,0.000125
Jordan Love,236.54652528669507,154.92757750470597,321.2649096375352,176.8811189881216,299.3667370002949,0.07275,0.81275
Trevor Lawrence,255.34619830580363,169.36755596946315,341.03629086773117,192.23379538065464,318.60935285804754,0.152625,0.894875
Trevor Lawrence,253.0193157130372,168.54236496007186,335.1830434880988,190.6900263594723,313.7614974130694,0.13275,0.889375
Mac Jones,203.31303961754008,119.639118276989,284.41313267967877,142.81757267695377,263.0741974810266,0.010125,0.532
Mac Jones,31.254219327728023,-50.2370665235178,112.74121808702722,-30.310344902907936,90.10537059309756,0.0,0.000125
Rhamondre Stevenson,199.77929879246085,117.53594480106302,279.33431349876867,139.96346872325165,260.2581856235374,0.008625,0.4975
Rhamondre Stevenson,184.21482425044962,98.56537236359253,266.6199986040574,122.76637765749554,243.9678540361419,0.003375,0.349375
Ja'Marr Chase,243.84909787017227,162.50794610154156,326.5826764525052,183.49570763246456,305.1697767460229,0.09225,0.85325
Ja'Marr Chase,244.58509414544676,161.70577366734747,327.6571795435729,182.91116511244564,305.5568644580811,0.096,0.84675
Zach Wilson,168.68848665694117,87.78409224198472,252.46117829044604,107.92711229965904,230.43827098207737,0.001375,0.2245
Michael Carter,34.25368373898284,-48.94147404023849,117.86919702717084,-26.344309135056683,94.52229836610991,0.0,0.0
Michael Carter,25.576841432224214,-57.811391661912786,107.8314930448873,-34.46808367194089,85.48454654011694,0.0,0.0
Kenneth Gainwell,28.94381493775212,-53.37544193759804,110.68738957164878,-31.55572437446509,89.09279454562021,0.0,0.0
Kenneth Gainwell,31.783611747362126,-49.5204564860245,116.51085861980549,-27.622724176589127,94.29282848250058,0.0,0.0
Najee Harris,214.30392636963916,131.299737387841,297.4652737800967,152.91271405381636,274.70168475988197,0.02125,0.63375
Najee Harris,193.01442453106506,109.81370402419546,273.97996577431803,131.5733688124065,252.88517083680358,0.00575,0.432875
D'Wayne Eskridge,23.577916754285578,-60.36843252090305,106.00973144793342,-36.48335743831973,84.59509266527321,0.0,0.0
Dee Eskridge,25.993717211439417,-57.22859104911931,108.2911554792831,-35.32795217440775,87.3404232476883,0.0,0.00025
Trey Lance,23.842140685829925,-57.63078086498456,106.48200550441982,-37.48497110957473,84.11254427484194,0.0,0.0
Elijah Mitchell,41.070808194286094,-42.06496841157817,121.90043547608934,-21.14907772786869,101.30335373706907,0.0,0.0
Jaylen Waddle,229.95440622985672,146.2191903905955,313.29468045774126,167.70693532554333,290.484027219098,0.04875,0.7515
Jaylen Waddle,224.4100271505754,142.82571577278233,305.85204734084675,163.17720912631972,283.396267887121,0.034,0.71175
Reggie Gilliam,25.184007654440137,-58.81606120281568,106.80407689264624,-37.72989948738425,84.71114203740227,0.0,0.0
Reggie Gilliam,34.1559990790781,-50.240036085649905,117.48704983991583,-26.47769662232802,94.33412778550017,0.0,0.0
Davis Mills,162.5492091867173,79.4414144812434,244.4648093745696,102.48749963057506,224.03400323409957,0.0005,0.1925
Davis Mills,28.211300917948073,-56.026186842746895,112.83774123013178,-32.6891696390815,89.71292831553757,0.0,0.0
Kendrick Bourne,28.140457527553018,-53.92662299740782,110.80962306310707,-31.482725708555574,88.83515715714489,0.0,0.000125
Kendrick Bourne,21.1791692604104,-61.03861874782141,103.27187372419733,-38.57222639152528,82.8062872530549,0.0,0.0
Chuba Hubbard,36.5350282530747,-45.27690396449034,118.51116356739895,-23.204113731407862,97.47732567124862,0.0,0.0
Chuba Hubbard,165.94181618310347,83.74649430736797,250.13622443743452,105.23340149706559,227.09362189914816,0.00075,0.21
Trey Sermon,17.502660521122756,-65.60203909102985,98.41085785863456,-43.95521420590105,77.0527307782616,0.0,0.0
Trey Sermon,19.831420531439658,-64.12834669351403,100.94818028204138,-40.99530924400128,79.53148528718286,0.0,0.0
Rondale Moore,159.39029421743376,76.64821186456516,240.28268235584915,98.91584726161419,217.79966556246234,0.000375,0.163375
Gary Brightwell,15.932958954676224,-66.09449417621568,101.44917302973833,-45.4487516548917,77.76559197541187,0.0,0.0
Tommy Tremble,29.304383599453665,-52.80012887949239,110.52758149401194,-31.38930762789986,90.56710194400027,0.0,0.0
Tommy Tremble,18.465627389943833,-64.81673720800887,101.78986367803105,-42.389320691879405,79.56390629964102,0.0,0.0
Jake Funk,12.41736413299267,-68.01519954727539,94.99144041141167,-46.985858237377364,72.53487591659847,0.0,0.0
Dyami Brown,23.399739967099976,-59.983803325598274,103.4554743717015,-38.56719417658795,81.33024272188516,0.0,0.0
Dyami Brown,24.659427504574438,-57.54405583422617,107.49249925309556,-36.15515530581951,85.64311642536055,0.0,0.0
Khalil Herbert,160.20910680195806,77.31187905038058,242.51478540406984,99.98540748059649,221.61047721086447,0.0005,0.17525
Khalil Herbert,155.02215043259258,70.65034848845089,236.6914227376682,94.27232514015407,215.58591105819954,0.00025,0.14025
Byron Pringle,19.215101712021728,-63.48425886366928,101.64684878242961,-40.99761900294318,79.34702143816804,0.0,0.000125
Kadarius Toney,33.89254435497138,-49.63627399566243,116.68411223900485,-27.765943648994305,94.47997814654214,0.0,0.0
Kadarius Toney,23.86513459176898,-57.679826202912786,106.43878697875014,-36.745922044626084,83.05180088224475,0.0,0.0
Feleipe Franks,28.868750153011753,-53.2022517466577,111.79941762321873,-30.901741409729112,90.06740676101983,0.0,0.000125
Tutu Atwell,22.387474067503987,-60.80894532273756,104.49178079992632,-37.83258782558701,82.69636743369078,0.0,0.0
Tutu Atwell,139.84353793198235,54.64662971978895,221.73114417326173,78.81556695532227,200.17497692427844,0.0,0.07625
Jonathan Ward,12.378802968003571,-68.55732784496514,93.4866270850785,-47.4561429536614,72.93688666732334,0.0,0.0
Jonathan Ward,17.97689261803904,-64.39718676010779,100.81149776172191,-42.84587187689793,80.34069313645567,0.0,0.0
Chris Evans,23.7620674359908,-57.87408734547687,106.21928763381257,-36.655198038880194,83.51392201749937,0.0,0.0
Jaelon Darden,26.227565361843965,-58.14577246992338,108.72739565654958,-35.05449681589335,85.91667733740273,0.0,0.0
Mike White,15.552862578803564,-66.60285051071475,96.89284312391935,-45.463289214728846,74.93713857069925,0.0,0.0
Elijah Moore,153.94709146733004,69.3582344629024,236.0419478278714,91.82767137493435,214.95178800630475,0.000125,0.135875
Elijah Moore,157.47068524892978,78.1443885824244,239.76313979527393,98.60720799297214,217.03865455493724,0.00075,0.1565
Amari Rodgers,33.01262236655944,-49.803522135113916,115.79739314246287,-28.478041574372252,93.90284952803425,0.0,0.0
Derrick Gore,23.862857373359986,-59.28520550726213,105.2831471204854,-37.31515265795422,83.7115239083164,0.0,0.0
Jermar Jefferson,26.94627714296348,-55.784072181430524,110.79935604371548,-34.189610976850766,87.4420957292335,0.0,0.000125
Jerry Jeudy,180.42083240051923,94.74630416017696,265.03271964267054,117.92823403301702,240.67423005506822,0.003875,0.317875
Jerry Jeudy,167.7561630028552,85.41041433054558,248.24545675445856,107.5408872371765,228.7688948453289,0.000375,0.22
Kene Nwangwu,3.2226965484956636,-80.30901210661769,83.60301493858441,-57.52656997245665,61.64703618234611,0.0,0.0
Patrick Taylor,9.40502431382923,-71.37182844942345,91.85834571305222,-49.75071868736483,72.8990051377701,0.0,0.000125
Patrick Taylor,25.305964009196476,-56.486368515887825,104.81052008086488,-35.99655441593747,84.46114917967606,0.0,0.0
Deon Jackson,37.0446817472076,-43.420825819319624,118.22032404833534,-24.095044549729533,97.28495808812299,0.0,0.0
Mike Evans,201.73874333925704,118.28685807432991,283.88317696352135,142.12742387112996,263.3120144719742,0.009875,0.51525
Mike Evans,199.84823336121065,117.85446682937308,283.89940618292763,140.79648804732966,261.84861190890894,0.007625,0.498
Josh Palmer,165.47697887479,82.83994314851809,248.1179866241795,104.97707403696243,224.64741288715928,0.00025,0.194875
Josh Palmer,158.44017336454664,74.37315547302737,240.64827535766403,97.15516491363614,219.16999284272143,0.001,0.1565
Durham Smythe,14.990761259200093,-65.10157464402387,97.03378709859551,-45.57987232773289,74.88978209707366,0.0,0.0
Durham Smythe,21.93515947344175,-61.73537538570409,102.71965934866454,-40.342076591660295,82.20661142171899,0.0,0.0
Quez Watkins,24.23229702830093,-55.2759954154825,107.54657150458664,-34.61385123522865,84.65432908576783,0.0,0.0
Khari Blasingame,6.15984112903227,-75.52387953329732,88.77223050669217,-53.4011502059656,67.43615930460906,0.0,0.0
Amon-Ra St. Brown,227.6969454964372,143.30671586057812,309.14342688594525,167.35600974924108,288.25408764568954,0.0425,0.747125
Amon-Ra St. Brown,263.57474514472887,182.15780133922166,347.25064668610173,203.47671480066964,324.26147387471343,0.192875,0.935375
Adam Prentice,8.310850064634128,-75.9769548429591,90.91172454955802,-53.48034005769254,68.39535778236676,0.0,0.000125
Adam Prentice,23.99110292190199,-60.79663122953024,106.59710698530469,-37.59548115046568,83.60959233309319,0.0,0.0
Chris Conley,17.911166906718293,-63.4707203307893,99.70279411056768,-41.79308224159491,77.67950406473336,0.0,0.0
Mike Gesicki,151.03904257956862,65.55280393691389,231.29470403832764,88.26885284836973,211.72287545621148,0.0,0.118875
Mike Gesicki,159.07845697765754,79.04367875856305,241.2992430598521,99.00483202884755,219.93499055830165,0.0,0.16675
Donovan Peoples-Jones,157.85501480957706,76.92348209311598,239.53047590002797,97.95743191729953,218.2255997422351,0.000125,0.15575
Tom Kennedy,41.23530060191826,-41.26690544382428,125.36665898303566,-19.97246611576629,103.55137849953451,0.0,0.000625
Mark Andrews,209.46785728834243,129.08048365902783,290.8214314421513,150.28720188933525,270.4129394949312,0.015625,0.592625
Mark Andrews,173.57802761308318,91.87779332980514,254.20696750564412,111.99099603327679,233.60363145485297,0.00075,0.26475
Alex Bachman,27.174142298110105,-55.10951725293948,109.43167131265353,-33.36148317725482,89.01857483862734,0.0,0.0
Breece Hall,166.67007155405634,81.7586043566004,252.17861689875784,104.24807055423425,227.51508396687666,0.001,0.213625
Breece Hall,219.1136033727757,134.2873853018412,302.494576119924,157.35803031909347,280.6753756807618,0.0275,0.670625
James Cook,161.0704189157987,78.03399474146056,245.22045898566122,101.43474183038,222.7743274350064,0.000625,0.179375
James Cook,194.0341315116627,110.39708935834,275.72574210844283,133.73004565954304,253.4063428966406,0.00575,0.439375
Christian Watson,167.42892489722826,85.6702094295546,250.29228209697607,106.41200782761278,227.70604147245322,0.000875,0.224125
Christian Watson,159.73186012441477,74.95136610305272,242.15060857547573,97.34371716147895,219.98694049402368,0.00025,0.164375
Romeo Doubs,164.16853860230316,83.0342011396031,245.53961292174074,104.1952834087408,225.1308984118748,0.000375,0.193375
Romeo Doubs,165.50071581567602,83.23876679770692,246.5896253306433,105.48919701028306,225.79056953531085,0.00075,0.2055
Dameon Pierce,192.45607167652622,111.34872601385254,274.4143554684545,132.67651246175117,254.5767606025352,0.006375,0.433375
Dameon Pierce,39.416131630777095,-41.89033325305365,121.15661857822728,-20.306754198459846,99.62594159704643,0.0,0.0
Jahan Dotson,174.15146020849704,92.12559988243409,256.7643696917829,113.6304463666208,234.19938592159903,0.002,0.264125
Jahan Dotson,157.42286666237723,72.98577484007163,239.05146023881784,95.27015701917627,217.250337136025,0.00025,0.155125
Travis Etienne,204.59204731851582,121.3390361530273,287.65690349369106,144.32120087465927,265.8694582725378,0.013375,0.547625
Travis Etienne,204.36572186284604,121.24855745259279,286.4471396739621,144.01762347380588,264.10656435000146,0.011125,0.54225
Isiah Pacheco,180.5916628990749,98.2185998788088,261.85615164270286,118.91307568742245,239.968846321885,0.001625,0.3245
Isiah Pacheco,192.70342583612518,112.81381220199745,275.2753439106029,133.9100306611354,255.1439642002894,0.006125,0.432125
Davante Adams,231.08560892517607,147.02190031439437,317.2000172277469,170.9883376220841,293.46398008254954,0.056875,0.773875
Davante Adams,215.67096353852156,131.69045774361012,299.690508746912,154.71533524983585,277.9240922592816,0.0245,0.643
Kyle Philips,27.796013257553938,-55.61487127466399,110.83571581703711,-32.067361128395305,88.71593054637793,0.0,0.0
Chigoziem Okonkwo,167.31308235910979,87.34076132423972,251.20616010706112,109.7599150784646,228.48691939926988,0.001125,0.22025
Chig Okonkwo,161.90657529488556,79.15245836774412,243.31657264962263,101.15910731030978,220.96731128788298,0.000375,0.176375
Jaylen Warren,39.47446933016595,-42.463465753749844,124.63221667726816,-20.55201315572478,100.43192062626153,0.0,0.0
Jaylen Warren,177.9684121905455,95.34736455313782,259.5853063895086,117.94938208458038,239.1149422706723,0.001625,0.303875
Rachaad White,173.28184127924555,92.41140130416683,256.21771055325775,113.36655783300401,234.08847412698512,0.002125,0.267125
Rachaad White,202.52742298170972,122.11560252529407,284.94481542473306,143.2886309241603,263.37778062905704,0.012125,0.523875
Zamir White,13.482227092383734,-68.89728175235622,97.76715456700275,-46.59220617680576,74.55966224394001,0.0,0.0
Zamir White,46.591952134354315,-36.427087435563735,128.91113941033294,-13.64128182974452,106.97178259906029,0.0,0.0
Tyler Allgeier,170.89322948041325,90.47273318596149,255.04585664013737,110.65930772540811,232.1879524745112,0.001625,0.23925
Tyler Allgeier,162.01462498247932,80.98311054361366,242.60439872654803,102.83102571837449,220.5727850058838,0.000625,0.178875
KaVontae Turpin,17.372798109717102,-63.50486774592863,100.29169841328756,-41.62766236440683,80.13566957602723,0.0,0.0
KaVontae Turpin,27.825764062225907,-54.46833515804283,110.98486354305415,-31.54773464971037,87.96093453477314,0.0,0.0
Montrell Washington,24.355057757431,-56.7299949570989,109.67250417739564,-35.87208684498117,85.45285081802812,0.0,0.0
Garrett Wilson,202.17864522738643,118.53222885454035,285.11326973543913,141.99329147771962,262.01103254226206,0.01,0.521
Garrett Wilson,229.83117954182757,143.54547684617827,312.47715409487586,168.1731063371033,289.0019219665074,0.04475,0.75975
Tyrion Davis-Price,18.531964450054346,-64.94786721651626,102.74378785958142,-43.99660885838036,79.92262398732323,0.0,0.0
Tyrion Davis-Price,29.265361444730903,-52.991489739609044,114.12470584158822,-31.621440183999418,90.8424234609748,0.0,0.0
Kenneth Walker,185.68380527683053,102.16219096367158,265.7097896902025,123.33495472944972,244.64960913987446,0.003,0.3735
Kenneth Walker III,191.60751709157807,110.55111922708443,273.40050237556073,132.4181611616327,253.35664034874773,0.004375,0.42225
Hassan Haskins,30.299931629260307,-52.8718958285475,113.11117613072392,-28.880015931733286,91.08676499158766,0.0,0.000125
Malik Willis,20.592003240084598,-62.23341003583798,102.24540197256762,-41.09950437376029,81.00803729867484,0.0,0.0
Malik Willis,25.7778373572986,-57.573685106814814,108.21757499320259,-35.27467670694299,86.53012983336107,0.0,0.0
Skyy Moore,149.94167177384352,68.9149957177955,233.6255266677496,89.28957992777697,210.47341629204072,0.00025,0.11875
Skyy Moore,20.76462827737482,-63.28552938375372,102.203033195975,-40.71927577321275,80.40310346629987,0.0,0.0
Treylon Burks,165.2320556580616,81.46216589673001,246.70608722314495,104.85888804162649,225.03980755815846,0.000875,0.20925
Treylon Burks,20.539715321162813,-59.666659826297256,102.77512987043787,-38.52030280521561,82.80568757663927,0.0,0.0
Mack Hollins,26.727158602411876,-55.26635724829255,109.11431871069271,-33.685973668987934,88.44750312856864,0.0,0.0
Mack Hollins,18.373660903674654,-65.7485947048736,103.33452633200322,-43.23952689877398,80.93981526539078,0.0,0.0
Britain Covey,4.109255533984019,-78.32063736147906,85.08116812907379,-56.981445635809635,63.81695703948565,0.0,0.0
Britain Covey,12.226082696810579,-70.83200861937033,93.70941438384529,-47.898590893433585,73.31817896352396,0.0,0.0
Jordan Mason,26.253653275563856,-56.26455691299536,108.67588819815784,-34.70532799820424,87.31893018366777,0.0,0.000125
Jordan Mason,32.582749572178706,-50.72539935653868,117.17103810455366,-28.8420709128364,93.91311799441941,0.0,0.000375
Velus Jones,15.009802479946432,-66.79999086535229,98.72980430727014,-44.67031636963222,76.39242445787434,0.0,0.0
Velus Jones Jr.,20.749558519269016,-61.051684559599714,104.43195008063728,-38.70727262441436,82.59861983071465,0.0,0.0
Noah Gray,18.783284135689623,-61.03109031470107,102.0100086692298,-40.66507068038451,78.99161077732124,0.0,0.0
Noah Gray,19.809796940344206,-61.791391131576816,102.76733415458872,-40.620633460143985,80.43446746603017,0.0,0.000125
Bailey Zappe,18.098797431916783,-62.720237642439734,98.96617334031039,-41.81477045390976,79.10515348668893,0.0,0.0
Kenny Pickett,192.34443681399614,109.86528621182875,275.3884227222717,130.79819300963817,254.83103377180825,0.007125,0.427375
Kenny Pickett,163.89871284926676,82.30881543911669,247.84433245820216,103.7583149711869,225.6383372983473,0.000625,0.201375
Skylar Thompson,25.20742419363916,-56.52706344091874,106.68319203993877,-33.968591716995874,85.58948426846743,0.0,0.0
Daniel Bellinger,30.228226150549652,-51.49462478732766,113.75952338895546,-30.371578751638065,91.02791632688665,0.0,0.0
Daniel Bellinger,29.446415617734722,-54.16897647773029,110.12496048802555,-32.47890032390578,89.85790174469918,0.0,0.0
Brock Purdy,178.57239994921764,95.06123323601282,259.57847553062294,117.04260921998595,238.79210646867884,0.001375,0.307625
Brock Purdy,241.51699348844795,159.0690004158022,323.3282691037536,180.13084713204987,302.32774306384187,0.083625,0.83375
Brian Robinson,164.4558180705145,81.68132130182138,248.7920098489564,104.16979851156374,227.09929091679166,0.000625,0.20925
Brian Robinson,172.96581865189455,90.38276151869239,255.99060665436528,112.98903742394344,234.71252264880786,0.00225,0.25925
Keaontay Ingram,21.363916525808992,-59.408080446722025,103.64029322879217,-37.750802443705815,81.21068097800398,0.0,0.0
Ronnie Rivers,10.606349851687913,-71.2181165423008,91.71485710597375,-50.144587875543024,70.91039559097123,0.0,0.0
Ronnie Rivers,13.491294169772631,-67.73904240984166,96.09902226650284,-47.490100443586726,72.75896909306229,0.0,0.0
Ben Skowronek,24.9324014651545,-54.650436200359,105.4932327242279,-35.06737079051709,83.83808586307786,0.0,0.0
Ben Skowronek,17.65103990065973,-64.58596023819634,100.27653010876298,-43.29338701652644,78.47832384771988,0.0,0.0
Rashid Shaheed,30.830290614664367,-51.27990871974615,113.97629845920684,-29.908072656669205,92.33820110236236,0.0,0.0
Rashid Shaheed,157.74796543794818,75.62931506293936,241.622859440764,96.61114306179968,218.63265399296864,0.000375,0.1605
Tyquan Thornton,26.439134653711257,-55.74816786962009,107.11920893794706,-33.72286369043689,85.8574940810448,0.0,0.0
Tyquan Thornton,31.54431452148597,-53.6112152602166,113.83613393673289,-30.68752330017092,91.59122208417382,0.0,0.0
Kevin Harris,11.692430063270976,-70.71060425896378,92.3207562327864,-49.13120999863551,71.69968728111525,0.0,0.0
Pierre Strong,24.93800346796236,-56.39962720536914,106.79240799799096,-34.70774155933956,84.437602964401,0.0,0.0
Pierre Strong,26.524724167359288,-53.80188447228048,108.8090288243994,-33.17048215279934,88.86660771858936,0.0,0.0
Tyler Conklin,27.062414933003886,-55.33316495620381,109.53326962573693,-33.880609547999875,87.46754426927802,0.0,0.0
Tyler Conklin,160.57907253666843,79.8952101306384,244.7719074959165,100.92919763778524,220.96031113160066,0.0005,0.175
George Pickens,186.14811362608089,102.397364672689,268.2977390002877,124.27313402617168,245.4106349543311,0.002125,0.36975
George Pickens,194.62979522418183,112.65125947989335,277.0097562904995,133.72039232429728,255.24050302892599,0.00625,0.44725
Ihmir Smith-Marsette,8.00886787274962,-75.98075926866991,89.04743376410924,-52.39483054541685,68.01412047806203,0.0,0.0
Ihmir Smith-Marsette,26.553371861991288,-56.95294152419903,110.93517321095923,-34.80538507220001,87.03741795310657,0.0,0.0
DJ Turner,14.117914022358281,-70.71809450156391,97.36700510071078,-46.88248361518538,75.80196874086315,0.0,0.0
Isaiah Spiller,15.439612244707373,-67.26225979423823,97.76737839351341,-44.31144227534245,77.8050956564632,0.0,0.0
Raheem Blackshear,24.066755495303646,-59.33625199033648,106.3341279141695,-36.98063771325567,85.3342661246439,0.0,0.000125
Raheem Blackshear,19.320653624866573,-62.153109901047934,99.1130013012055,-41.56796880499861,78.42796637150707,0.0,0.0
Trenton Irwin,147.34320081281075,64.69785810613956,230.0184606453927,86.25581027831412,207.18111067855915,0.0,0.108375
Trenton Irwin,22.253009228301707,-56.9659433930688,103.67509135164822,-35.549617966974076,81.9455629926959,0.0,0.0
Kylen Granson,19.489768647645334,-66.20681915783527,99.27716288210813,-42.912317906219414,78.70833983913293,0.0,0.0
Kylen Granson,11.965471303804495,-69.31524465799954,91.63524113401512,-48.613070365678865,70.63002014137163,0.0,0.0
Kyren Williams,24.181494622667486,-56.88887440995252,108.11291660941383,-35.55266361435224,85.8464979944112,0.0,0.0
Kyren Williams,186.78232516778553,101.67065868571937,276.63963196595574,124.62357529740575,251.0556626133543,0.006125,0.381875
Peyton Hendershot,20.51602406096307,-61.94491772879326,102.71577121395364,-39.55218402835343,80.11081836274802,0.0,0.0
Peyton Hendershot,24.831443000327567,-57.50764330827843,107.01335992780103,-35.72113696388675,85.79089271798952,0.0,0.0
Wan'Dale Robinson,29.36384667955776,-54.211265332768505,111.96611330371428,-32.73562022780473,90.03441464941537,0.0,0.0
Wan'Dale Robinson,143.68409351723733,63.005894769388455,224.8589204562782,84.80413630283354,203.5169780465969,0.000125,0.08675
Joseph Fortson,27.466442323919118,-55.30147125468385,110.64769646141892,-33.5760330021623,88.18559272873973,0.0,0.0
Bam Knight,22.039499741265434,-61.874121837248886,102.30264930303926,-40.331109449121406,82.26962656203696,0.0,0.0
Harrison Bryant,19.06040329971476,-62.900181565483834,98.5044982451785,-41.75415572653629,79.52828780976611,0.0,0.0
Harrison Bryant,25.701969154914618,-57.5990823504995,108.9252535978289,-35.68426691010078,86.10738986478101,0.0,0.0
Jerome Ford,13.395640675123659,-67.01257185665689,94.87481543001927,-45.729879744174205,73.91616350105923,0.0,0.0
Jerome Ford,162.99662711167568,78.52143241169837,245.53073480290743,101.55086141073637,223.40956703965196,0.000625,0.190375
James Proche,13.93031071707354,-71.38873900877553,97.35208134255323,-47.68304347419888,74.15072893979676,0.0,0.0
James Proche,24.11980910611412,-62.154167085653285,106.56439782279695,-36.836598507633376,85.77480362530822,0.0,0.0
Julius Chestnut,18.348235082245097,-64.86165639525919,97.8495411685274,-42.624646633014365,76.63889763355691,0.0,0.0
Deven Thompkins,3.2259190382228407,-76.94424220945398,85.10233174007719,-55.7019648281511,63.88814309170117,0.0,0.0
Deven Thompkins,28.359109501627426,-54.70270460939635,111.68182117908015,-33.27293086585748,89.35564395559886,0.0,0.0
Desmond Ridder,39.64307994729053,-40.54917113663453,122.48061005442437,-21.281462459092264,100.05145650966686,0.0,0.0
Desmond Ridder,37.54234563529771,-47.89385129656871,120.06384789818445,-24.98634204770396,99.18763582801131,0.0,0.000125
Mike Woods,5.513904683195841,-75.61373320805477,87.98496430308606,-54.7859289955505,65.62803279423638,0.0,0.0
Mason Kinsey,12.705396076001588,-72.60380150001166,96.8112374866245,-50.541192383872,71.8984271705324,0.0,0.0
Mason Kinsey,27.965495578627024,-53.64900703253787,110.48402586935082,-32.80618196637929,88.95283172582921,0.0,0.0
Connor Heyward,32.92065367218957,-48.820002040601054,114.82078129888653,-26.981923098374637,93.30320513014753,0.0,0.000125
Connor Heyward,26.623953580509173,-54.726281041075,109.53190993866977,-32.375433613924855,86.08493047052177,0.0,0.0
Jameson Williams,23.706911198187285,-58.27764174226769,105.01259232299604,-35.91670215825468,84.4050882928818,0.0,0.0
Jameson Williams,32.08148799561545,-52.184654594956754,113.58828904001437,-30.104460593240237,90.8890964814998,0.0,0.00025
Sam Howell,162.89886572399507,81.92887597650798,243.8607556959226,104.21496511920739,223.49329802409895,0.00025,0.193125
Sam Howell,204.64211801175045,120.4584576700447,286.46482980870445,141.3885378913538,264.7395349427141,0.01425,0.54375
Tyler Badie,21.106655955680807,-62.26868925725453,103.83866208095397,-37.83343942248783,82.38293646261417,0.0,0.0
Brandon Johnson,16.152665038653794,-65.91631390158983,100.37351373371945,-43.092404324038434,78.86563138087648,0.0,0.0
Brandon Johnson,35.802381574677156,-46.37449766865479,117.93818737961557,-23.68127092745442,96.45266626324292,0.0,0.0
Ty Chandler,29.794207971287978,-53.44727722821681,110.00224875547059,-31.056093748191724,88.45872372926014,0.0,0.0
Ty Chandler,153.432485481227,72.15699291569616,236.92228782259568,93.34763008433379,214.42643734693394,0.0,0.136875
Lawrence Cager,26.706101646506674,-56.45781461328616,108.53621613465128,-34.816673812899104,86.49433096237429,0.0,0.0
Kyle Trask,28.857612281334184,-54.482764577882755,111.4526848607015,-32.36701805488251,87.15507570596546,0.0,0.0
Kyle Trask,3.634320940018401,-78.26952801871732,85.0260620805795,-57.15781775990637,63.552437922763104,0.0,0.0
Chris Rodriguez,30.960888131014325,-50.95769641141442,113.08785211184191,-29.153230009021097,91.62095317326059,0.0,0.000125
Chris Rodriguez Jr.,20.610482236386268,-61.59565319235129,104.17103636853062,-39.689697079977,81.05189770005616,0.0,0.000125
Bijan Robinson,159.67004808320797,76.75920586239623,241.46644352463343,97.54232763813579,219.83211485182906,0.000625,0.169
Bijan Robinson,220.4165428438402,139.5174478186663,304.87443787408165,159.53082299622218,281.0163003956531,0.030375,0.682625
Bryce Young,165.40008511367506,81.46468860125007,247.66987646500013,103.65016656103819,225.85902501655423,0.000375,0.20025
Bryce Young,198.5117648269939,115.46243722917582,281.5970767605707,136.91190203988472,259.92636185754117,0.00775,0.486
Jake Browning,35.02526785755562,-46.300917469431205,118.58027896417067,-25.976804947387492,96.23795729092768,0.0,0.0
Jake Browning,167.55223047824398,86.33458575904115,249.09800966414505,107.87714190050819,227.22811777739204,0.001375,0.219875
Deuce Vaughn,26.101036268397937,-57.91696588919543,108.44395506155894,-33.764186284492816,86.3567326008274,0.0,0.0
Deuce Vaughn,18.70011288329505,-64.34775782315319,102.89235915417574,-41.83312003680836,79.57914599719706,0.0,0.000125
Jahmyr Gibbs,155.89536442284952,73.30614802839519,236.58581439976726,95.1285141259895,216.54520492718302,0.00025,0.1505
Jahmyr Gibbs,215.44210150089543,133.76779337782577,298.4967165574089,155.4796827145834,275.9548169255763,0.02225,0.644375
Rashee Rice,23.439065927932745,-59.35401521758548,106.63877322034503,-36.238871535194605,84.63663750868989,0.0,0.0
Rashee Rice,191.50236737535698,106.74922038350647,273.0426168816617,130.85962579662322,251.74534259666007,0.00425,0.422
Jayden Reed,26.164431294641446,-56.02263372539763,107.15621469572545,-34.60505237167685,85.87317895391197,0.0,0.0
Jayden Reed,182.92714146018852,98.70366268402849,265.44282232789243,120.86512316155999,243.20880040727724,0.002625,0.341875
Roschon Johnson,21.706933122107458,-59.119049347210115,104.499889596576,-38.464370757305474,83.09993377118074,0.0,0.0
Roschon Johnson,34.270383611258566,-49.72352718134036,115.57189815614635,-26.79395418511384,92.61829511592383,0.0,0.0
Sean Clifford,29.51580191487087,-54.63341278704844,113.41433998403271,-32.03554483239852,90.11291779637754,0.0,0.0
C.J. Stroud,34.154483877708216,-49.842608043011474,117.58657949252968,-26.891850375230078,95.33506529170748,0.0,0.0
C.J. Stroud,255.3784831258439,169.99727616494368,339.42074464859695,192.94037103739345,315.8437152202809,0.149,0.89775
Zay Flowers,152.3185479004817,68.53910604448605,233.10380873094255,91.2515342058874,212.65055606430948,0.000125,0.129375
Zay Flowers,195.04241478052484,113.9050338562295,278.41052308953925,134.36814037662793,255.48924124648656,0.00825,0.450875
Anthony Richardson,165.59842097654789,84.89425007262084,247.94875575902563,106.11335540487646,225.2026715067584,0.0005,0.20525
Anthony Richardson,189.467643176492,104.97081145737302,271.34499196645714,126.85259002239415,250.32339737846084,0.004375,0.401125
Tank Bigsby,17.043065415001166,-63.890123238629144,99.544277939891,-42.37156893428312,77.85474977977861,0.0,0.0
Tank Bigsby,22.884310030584935,-59.93143212683747,104.63562207372183,-37.911097463922594,82.32134877261801,0.0,0.0
Evan Hull,19.319254336562754,-61.00509634702399,102.4068827809499,-41.74017953981387,79.58032866608266,0.0,0.0
Zach Charbonnet,33.70666982183042,-49.36045504509776,115.94128830682473,-27.21244053019162,94.22779208993384,0.0,0.0
Zach Charbonnet,40.82934838250711,-42.59737706085169,124.17529555628272,-20.19091809489715,101.56583503064115,0.0,0.000125
Erik Ezukanma,18.35811635735574,-63.87659327214649,100.41091416373435,-43.07690709829275,79.6580156083493,0.0,0.0
Erik Ezukanma,30.461959819185807,-52.12623089583026,113.54252719495747,-29.367616917298722,89.25838882456056,0.0,0.000125
Sean Tucker,15.718989104595472,-66.58508848032993,97.15411901903057,-45.17213932741105,76.0576552088258,0.0,0.0
Sean Tucker,20.041443565722872,-62.61268304326719,104.79993393187843,-40.29169432919603,81.19719313279128,0.0,0.000125
Rakim Jarrett,26.3523741595962,-54.26259858823613,108.40013226833636,-33.775949464338154,86.31283112397703,0.0,0.000125
Rakim Jarrett,23.180684746753897,-58.83360805040954,106.53268668515851,-36.26272863169735,84.56267735084643,0.0,0.0
Tyjae Spears,21.122099538248754,-60.392254739547546,101.40592793155601,-39.03125036437087,80.8297046512311,0.0,0.0
Tyjae Spears,174.3341130250305,92.8889953529326,256.5016627320735,114.17330012142274,234.0772478470246,0.00175,0.273625
Chase Brown,16.74536614928774,-63.45240908511964,98.65515347066864,-42.73297762984892,77.83189065462749,0.0,0.0
Chase Brown,38.2996349583946,-43.96216631603173,121.31096058035193,-21.20519566952131,100.01718373555845,0.0,0.000125
Calvin Austin,21.77200425106271,-61.135497500340826,104.04604904993066,-39.748327095211714,84.16108335963467,0.0,0.0
Calvin Austin III,22.564257747060402,-60.5214097902584,105.58976646779713,-38.25687238683697,83.30640621634981,0.0,0.0
Emanuel Wilson,31.385085354786234,-52.261316172804705,114.10091285421613,-29.804411180619383,90.16596032052222,0.0,0.0
Emanuel Wilson,9.583752240830407,-71.00973077490991,90.931336947312,-50.0178353123574,69.90854709848296,0.0,0.0
Elijah Dotson,14.91717434341123,-66.5063559731239,94.66839623368443,-45.89718250396151,73.44510515992037,0.0,0.0
Derius Davis,13.790442549666501,-68.84022653172003,98.86066255271619,-45.2392091681396,75.84978409491885,0.0,0.0
Derius Davis,21.927757468439736,-60.52840583843501,104.91993640451479,-39.8622440887213,82.41455214131754,0.0,0.0
Tre Tucker,14.242742206820466,-68.04961390932382,96.42609347177626,-46.37238613405028,74.96277905804574,0.0,0.0
Tre Tucker,32.37245516452923,-48.375743008790295,115.7436414523084,-27.119580294026452,93.16614771085831,0.0,0.0
De'Von Achane,19.852690766966994,-63.22451051585201,100.98087355556741,-40.84107574459767,79.73454714149553,0.0,0.0
De'Von Achane,190.50530395976807,106.7719198676333,274.7416937077138,128.60785349568764,251.64370373988095,0.004625,0.411625
Emari Demercado,30.991407110309748,-48.84978338426031,115.48387339210969,-27.047879916742502,92.75061905126164,0.0,0.0
Emari Demercado,20.290144091165068,-62.816858285990705,101.37736868532025,-40.83673479757642,80.24872689593333,0.0,0.0
Puka Nacua,18.304347380215518,-62.25315889549127,98.56246680653685,-41.834105490394435,78.44134895150609,0.0,0.0
Puka Nacua,243.55973446616275,160.17572395516663,328.9894374986712,181.35313754376293,306.03276631568707,0.095375,0.840375
Marvin Mims,25.00159525551775,-55.67537063250658,108.85232148880506,-35.71743082286101,86.9251888760141,0.0,0.0
Marvin Mims Jr.,32.38172660927782,-50.437903544915,115.30708327912421,-28.335888548614786,93.54180000405796,0.0,0.0
Jaleel McLaughlin,16.17841817816697,-66.48244110511136,100.14264533451737,-45.28512305682914,77.47041945515913,0.0,0.0
Jaleel McLaughlin,36.70280233592581,-45.059823145325566,117.44513897343579,-23.0120430335844,95.82161543242925,0.0,0.0
Kyle Pitts,174.8329174771523,90.17678165513547,257.2232334672336,112.35430147090904,236.32656850700815,0.001375,0.28
Kyle Pitts,164.32995986437035,81.73254043674434,246.66772216218288,104.09244321655027,224.96398568836258,0.000125,0.199375
Hunter Luepke,14.406027835850555,-68.16679430524515,97.17919417482678,-45.67616325112978,73.7429789755763,0.0,0.0
Hunter Luepke,20.682360112269144,-60.77064606140397,103.70210934480367,-39.71446869087638,81.68806530041113,0.0,0.0
Chris Brooks,13.624817303090598,-68.32396419292722,95.51380146605591,-47.07232365461668,73.60494929236098,0.0,0.0
Chris Brooks,30.57968863263757,-54.56458326095016,112.53001857752862,-31.887599698157203,91.16856906794798,0.0,0.0
Nick Bawden,6.914953559774386,-75.16394304025614,91.18585357652351,-54.13458569476139,68.8073868952359,0.0,0.0
Demario Douglas,25.56881491666173,-55.47581866087868,110.41147266426911,-33.45444252379979,87.03315036638786,0.0,0.0
Demario Douglas,163.0104181368268,81.07828399744848,243.51584241791548,103.1241955650573,222.74276194291681,0.000375,0.185375
Kendre Miller,20.81768130978341,-61.233675893691675,101.76261287869092,-39.89082619434012,81.82360599458879,0.0,0.0
Kendre Miller,26.953544411515715,-55.37640202193998,112.37127406284186,-33.73211828046435,89.71139406103956,0.0,0.0
Dorian Thompson-Robinson,24.109851919431463,-58.34466376282922,105.09228873663847,-35.554359452176854,83.4248356599918,0.0,0.0
Dorian Thompson-Robinson,19.610875905454375,-64.70107784086204,102.46911638597084,-40.376055721094055,78.60420419912509,0.0,0.0
Tyler Scott,16.826582763626995,-65.9823851506432,97.96364891862322,-43.6509374617618,77.38972319871915,0.0,0.0
Tyler Scott,24.639968909064404,-57.49640720053873,109.15011758489794,-35.80735009011417,85.86693936664454,0.0,0.000125
Xavier Gipson,18.794659497269855,-62.64254345918832,101.11518851152204,-42.1669478521092,79.53091595752554,0.0,0.0
Xavier Gipson,25.12107202884403,-53.319151007451744,106.99504017373245,-34.531329347903444,86.71361345228179,0.0,0.000125
Aidan O'Connell,20.80470236333136,-60.059796680327445,103.52199960887802,-38.6647803917145,80.4105969768584,0.0,0.0
Aidan O'Connell,162.1097701083101,78.86987896483691,244.27767907939938,102.16773754424793,223.06911559365952,0.000375,0.18425
Tank Dell,19.015130194936113,-64.63299360833801,100.04285350222551,-42.8311727607161,79.01101003034515,0.0,0.0
Tank Dell,185.71565250691643,103.26670291154392,268.53354615516827,125.34151240345601,246.16046927756358,0.002625,0.370375
Eric Gray,13.123393903166953,-67.90912688955143,97.22890883877267,-45.816398408186615,73.53899420436672,0.0,0.0
Eric Gray,28.03437062786425,-55.66253794290742,112.12165809663902,-32.61479724454996,90.28342730886246,0.0,0.0
Drake London,199.92154349149513,116.21794091696223,280.69657714665533,137.74877080029495,259.5219920118563,0.00825,0.498875
Drake London,193.73730107556986,110.28937382764566,277.4082474103683,133.92684528710794,253.79882659403756,0.007625,0.441875
KhaDarel Hodge,25.91711720884807,-57.68546600934424,106.9681595982492,-34.515885270999206,86.36523350594881,0.0,0.0
KhaDarel Hodge,13.983897921124921,-73.08600650471635,100.20889361358151,-49.06137299611952,77.99146388472238,0.0,0.0
Austin Trammell,5.905342555083244,-77.5525518848827,88.78573869290513,-54.273911214891655,65.79654211905822,0.0,0.0
Austin Trammell,11.840155025888428,-69.75820316464564,92.98609946037713,-48.06601768240916,71.70346282298544,0.0,0.0
Zach Evans,23.85464631485474,-57.969462404836996,104.06370327863071,-36.469912240799346,83.33994900397167,0.0,0.0
Jalen Tolbert,-1.8741090457056988,-87.30897524359501,78.42737436387871,-63.1977129886693,58.334148742127475,0.0,0.0
Jalen Tolbert,25.012028922794507,-56.59032268686516,107.9316128161707,-34.64947644964464,86.03515629443342,0.0,0.000125
Tyson Bagent,24.629610709355084,-59.418691822266034,105.22324624684589,-37.173990241724496,84.24279020270468,0.0,0.0
Tyson Bagent,28.78197087818528,-52.485879759546926,111.49617208206979,-29.510291363570694,89.08008944646683,0.0,0.000125
Malik Cunningham,32.55433014054664,-48.417609001704584,115.56942195631325,-27.943423722928806,93.66658740702906,0.0,0.0
Xavier Hutchinson,14.763373873424735,-68.22901962871724,97.52887559669882,-46.388609566531265,75.67191166569025,0.0,0.0
Xavier Hutchinson,20.60089095054748,-60.02581685121746,102.48116689024893,-38.978539467325085,82.14284913639645,0.0,0.0
Clayton Tune,21.196965088038816,-59.52877482524558,102.21447786522309,-38.72344852470312,81.40484123540934,0.0,0.0
Clayton Tune,9.46886384893252,-74.95290344138142,93.9088376575154,-52.28102189623378,71.1871816220832,0.0,0.0
Dontayvion Wicks,14.13827103607105,-68.00628639256077,94.77001676971356,-46.71841512049368,74.81609895145742,0.0,0.0
Dontayvion Wicks,157.95602799308097,74.84931426707753,238.18645400046012,96.53944440581208,218.20688668848064,0.000375,0.15775
Will Levis,20.87949247471083,-61.6444083010873,101.54013641799047,-39.12264980823568,81.04690912497703,0.0,0.0
Will Levis,168.82717584993705,86.67237189139325,253.050901757019,107.46919669254245,229.8305357024983,0.00075,0.232625
Rashod Bateman,154.63824794595826,72.03279805501464,236.80495890635723,93.35929476735112,215.15257157581271,0.00025,0.139125
Rashod Bateman,38.88101836002322,-44.07277453047434,121.02831792241172,-21.323143932799834,99.72215502627468,0.0,0.0
Jake Bobo,20.444283240790647,-59.61825383039695,100.92471062478477,-38.835929219728285,80.56801003691749,0.0,0.0
Jake Bobo,25.691723052625818,-58.53276982973137,108.48595515746953,-35.37997994531465,86.62040890027926,0.0,0.000125
Jordan Addison,152.72622910102814,70.47513175934834,234.30455228624783,92.04077154992075,212.8389250200165,0.000125,0.128125
Jordan Addison,197.16417653958797,113.99789642024494,278.32270142618296,136.42159150138176,258.20004544382607,0.005125,0.4735
Jaren Hall,18.054363734109366,-63.2329157561633,99.79173268941713,-41.90930327322152,78.86014910202289,0.0,0.0
Tommy DeVito,21.28696551033239,-60.18966805325507,102.7029108769192,-38.30674938180968,81.48184139102092,0.0,0.0
Tommy DeVito,35.61949116495836,-47.00272500395324,118.69889177086658,-26.28950963641404,97.22261530904646,0.0,0.000125
Quentin Johnston,154.43641064430562,71.9191980591797,237.09461032022884,94.34029206782525,214.50243452359476,0.00025,0.13875
Quentin Johnston,151.16690878790988,67.94004252765063,232.9277745528666,90.46079819122937,211.516470278649,0.000125,0.1195
Keaton Mitchell,31.990848940384826,-51.90357795034115,113.59292880729113,-28.89903240006442,92.83352877219782,0.0,0.0
Keaton Mitchell,33.887007503633285,-50.019019964419265,118.07389061207765,-27.520085840912955,94.55487010874292,0.0,0.000125
Jashaun Corbin,17.97592690124894,-63.611939277588036,99.08873954856676,-41.36303965388627,77.24916569151603,0.0,0.0
Israel Abanikanda,19.282883665370562,-63.28571565029547,100.8972287590392,-40.30265772110022,79.16826384265435,0.0,0.0
Cedric Tillman,13.940352836089552,-67.83678225537012,95.61303171890731,-45.62597898848531,74.61614778629765,0.0,0.0
Cedric Tillman,28.0471813189909,-54.24573675181933,110.58946238445483,-32.91392012372285,88.55580150056598,0.0,0.0
Trey Palmer,21.881655069209383,-59.993037188794574,101.50676115024764,-38.61086608816811,80.99976099043832,0.0,0.0
Trey Palmer,27.739798187003323,-53.19702788384922,110.73031893689817,-31.416483809236073,89.31193364254761,0.0,0.000125
Khalil Shakir,23.462378043519433,-56.98670647382916,103.7163229219646,-36.19195878990971,84.59138279988534,0.0,0.0
Khalil Shakir,152.94899651922523,69.04662658430912,233.06180825184782,91.69444462922947,212.19950039039168,0.000125,0.120875
Parker Washington,26.727566843046947,-54.514225357130584,109.1388336566545,-32.663031851516635,86.88148231166406,0.0,0.0
Parker Washington,14.614117113642195,-70.21063249831947,95.44892127602485,-46.33517633639105,73.94286317166626,0.0,0.0
Ronnie Bell,16.686039767878484,-66.11946127288427,98.64879979435986,-42.96949634140903,76.95236843881808,0.0,0.0
Ronnie Bell,18.083340615412975,-63.75587415652352,101.91426091529719,-42.25594941748303,79.16523732151394,0.0,0.0
Sam LaPorta,152.67400078800193,69.10957048252033,238.47937749920735,90.97176097346546,214.5352329919827,0.0,0.133125
Sam LaPorta,208.6708944581677,125.78815277140573,291.7208391287844,147.3351407077339,270.7143826974937,0.016375,0.57625
Tanner Hudson,20.515511406791312,-63.844356796975596,103.04646510909969,-40.38824756874457,80.79473695411482,0.0,0.000125
Tanner Hudson,5.775937495539937,-76.36445092579402,88.68475171108302,-55.1074753524374,66.86745797400366,0.0,0.0
Dallas Goedert,164.06025270321362,80.4241651735296,244.73318314475742,102.24311256850673,223.70866022365269,0.000875,0.189
Dallas Goedert,165.94200568242087,82.52505158479133,248.3849099862748,104.71770429296531,227.49191824279407,0.001,0.212875
Tyler Goodson,16.85996289296076,-64.89824175897002,101.11018618863822,-43.210220891957924,76.9795415916173,0.0,0.0
Tyler Goodson,10.847720926333087,-72.13758453428979,93.73967533331528,-48.982832201380226,71.56845838781798,0.0,0.0
Bo Melton,16.86292475201956,-66.24335050130644,98.93929312065696,-43.98475356302112,76.61630338058036,0.0,0.0
Bo Melton,19.21908456230078,-63.06845667164029,102.46884052966337,-40.382871129181986,79.28937838843736,0.0,0.0
Samori Toure,13.119274202520302,-69.98855546606853,95.55515154147912,-47.80441371382616,73.77289785977156,0.0,0.0
Nico Collins,157.78865323517658,77.35827122972411,241.7031150043214,99.062438611526,219.63734890997628,0.000375,0.15925
Nico Collins,176.04039210887316,94.06566613864429,261.74611354347115,115.88445593432746,238.82824237919607,0.002,0.290375
John Metchie III,22.50668441300757,-58.43610535119188,104.35589075760882,-38.24638258757251,82.35370125460194,0.0,0.0
John Metchie III,18.969577390501424,-63.47403834779588,99.69985799182396,-41.1625648537251,79.17085575025415,0.0,0.0
Charlie Jones,16.405533305946207,-65.38428237070468,99.87871367319434,-44.02426524988334,77.26225392404484,0.0,0.0
Charlie Jones,11.217073781526029,-69.42080706739507,94.76466778910354,-48.225684079402484,72.85555339168927,0.0,0.0
Jauan Jennings,22.41722383403838,-59.99139231396437,105.00625289864735,-37.01898209134757,82.96596151378205,0.0,0.0
Jauan Jennings,35.114177840475904,-47.589031563978516,118.86903627731071,-25.543020987366436,96.8187584827221,0.0,0.0
Trey Benson,29.152082986032717,-52.69377369714683,110.91415893052498,-29.90684484461392,89.3118351989702,0.0,0.0
Ray Davis,23.270689211127475,-59.21054129337987,107.7112212758727,-38.284063742174176,84.86854927031105,0.0,0.0
Xavier Worthy,153.104238462823,71.27260636829428,234.23910999138602,93.39110700276815,213.5705719311875,0.000375,0.133625
Carson Steele,20.453386772083853,-60.54842860006316,101.6596871664301,-39.94621962067669,80.88835603309757,0.0,0.0
Jonathan Mingo,23.611364759767557,-59.09619444076174,103.40480951198087,-37.54908306379241,81.99098595104913,0.0,0.0
Jonathan Mingo,28.179752609919717,-52.26020928477633,110.24225214761952,-31.749219977824215,89.17035444354597,0.0,0.0
Jordan Mims,25.710052605457822,-56.15048164068294,110.76180636199098,-34.255508788751726,87.39099218577337,0.0,0.0
Jake Haener,17.318231896006026,-65.07523789779454,101.3861167394862,-42.47840128213696,80.23321953793227,0.0,0.0
Bo Nix,164.83774024391317,81.30982541922089,247.64337724938653,102.68940624512157,224.4808392895956,0.000875,0.1975
Audric Estimé,20.266136159632524,-61.14380609924813,103.91061685192207,-40.12108346193119,81.9695278159446,0.0,0.0
Dee Williams,20.32794991778886,-62.61006508369861,102.48285471324942,-40.0024513777406,80.57107675946865,0.0,0.0
Tyrone Tracy Jr.,22.3280655285078,-57.84257020133,106.39898999507243,-36.86835231191407,82.69273702191776,0.0,0.0
Braelon Allen,22.49501526702081,-60.703767482496644,106.07337202653213,-36.69885332021146,84.2302271284076,0.0,0.0
Caleb Williams,171.13060473205104,88.89680237099721,252.70430192509306,111.23534502434292,228.9780915484268,0.000625,0.235125
Jayden Daniels,176.36022714909151,93.52360876016385,256.0984557304003,115.08797217512833,234.6264062603078,0.000625,0.279
Kameron Johnson,14.939270536242148,-66.82015242403439,97.6243150304008,-46.21814780682065,75.25339936243002,0.0,0.0
Bucky Irving,23.86396611847666,-56.88756761621369,106.51663223511706,-35.111198216065276,85.08202789530138,0.0,0.0
Jaylen Wright,28.139055005076663,-53.33518021423173,109.05639775357255,-31.61281201463134,88.18167167861449,0.0,0.0
MarShawn Lloyd,23.550450231455038,-56.23012738066858,106.56626453056636,-34.50326292557059,83.55306636163336,0.0,0.0
Blake Corum,29.30308309446945,-53.99779576548665,112.37537245024616,-31.874631912749706,90.28007950987774,0.0,0.0
Chris Olave,199.4657503149812,118.134371280412,282.88332912757954,139.4469362549696,259.8546337906516,0.0095,0.493625
Chris Olave,214.36775540829072,132.65761490548627,298.2259971594812,153.80513754887534,273.48669290647166,0.023375,0.639375
Ja'Lynn Polk,30.083333584334895,-53.16832101132477,110.77584627853764,-30.450324553397248,90.64509836854859,0.0,0.0
Isaac Guerendo,15.720110647138998,-65.91930103355018,98.02054265672959,-44.19828990500594,76.12020458702905,0.0,0.0
Jacob Cowing,17.08523733237179,-64.79103337133866,97.59941034002182,-43.581407048230524,76.98629476348512,0.0,0.0
Cade Otton,143.46411429894772,61.679694269348474,224.5600323878808,84.21998251200846,201.8183051714782,0.0,0.082
Cade Otton,153.73743002928012,67.4244287802976,233.61300260189708,90.15391741590113,213.24908205167384,0.0,0.13625
Rome Odunze,158.18586905842085,76.44644359550244,240.6911417213006,98.96865043285385,219.1849468777546,0.000125,0.162125
British Brooks,14.833221194179952,-67.59392441545401,94.55301210233922,-44.71019579587232,73.22062828604774,0.0,0.0
Jalen Nailor,35.32044437402408,-44.579246138785756,119.42578179211566,-23.924090386474244,97.08003730609323,0.0,0.0
Jalen Nailor,28.133291075853528,-53.43191879856864,111.12150035202907,-33.20625510933725,89.09540107676484,0.0,0.000125
Kenny McIntosh,15.016900616039477,-69.37000095036574,95.76063570005381,-46.19238833789928,75.8856725135834,0.0,0.0
Isaiah Davis,24.511221742520203,-59.29859695035635,106.5259906340016,-36.3891221019857,85.6075507975305,0.0,0.0
Drake Maye,35.285116938304206,-50.801851577500486,118.72021850034007,-25.725553558130283,95.20160421874294,0.0,0.0
Malik Nabers,154.74543674781154,72.77139021010657,235.9834421613429,94.39294496425387,214.72799081173494,0.00025,0.141125
Xavier Legette,145.22353708672725,65.17879844247521,228.63001058959495,87.3468202528565,207.5771422158037,0.000125,0.101875
Brock Bowers,154.397081666174,73.36497738040664,237.68436555199713,94.77558859337567,216.39182530506324,0.000375,0.146625
Tyreik McAllister,14.095718095196878,-68.89116124753416,97.20548732378326,-47.34403058678577,74.1726944031881,0.0,0.0
Brian Thomas Jr.,147.3475164165821,66.45138556463922,228.97554660292553,87.15470173270171,207.35729953619156,0.000375,0.10625
Adonai Mitchell,147.58314007724988,65.21163074628986,230.48675300342367,87.24282606368301,209.1153110375179,0.000375,0.107
Aaron Shampklin,24.583603999770354,-58.62442068948612,105.63032224833204,-36.212973383286,85.67137115410648,0.0,0.0
Charlie Kolar,22.916997140199943,-56.57450502221413,103.88765791208701,-36.45725208424853,83.8307977421678,0.0,0.0
Charlie Kolar,25.849985753243416,-56.26147908101999,108.16296829337479,-34.386718669967514,87.72329191131003,0.0,0.0
Tucker Kraft,23.96888736649371,-59.524211218931214,103.95979885738886,-38.25224499308616,83.54200425683808,0.0,0.0
Tucker Kraft,22.518385400667754,-57.7293501234828,103.62165680463977,-37.090866318121044,82.64368546086894,0.0,0.0
Hendon Hooker,29.943172893749427,-51.41232464355108,113.11891118708563,-30.102967924561028,91.84780951511361,0.0,0.0
Sione Vaki,17.276656750382525,-66.66070400343142,100.10362503339138,-43.89767091241759,77.69991143077064,0.0,0.0
Terrell Jennings,31.569476083020163,-49.07036221717304,115.10770239168855,-27.51354044444305,91.89633961236972,0.0,0.0
Josh Downs,23.453960079822746,-56.954890033987084,104.82237104224282,-36.14272837660403,84.81153629687569,0.0,0.0
Josh Downs,165.52955372214493,83.0277403832282,246.22875647804597,105.95646426024089,225.17101694215,0.00025,0.201875
Troy Franklin,21.377107657669818,-61.055311718565726,105.02989725309602,-38.43586622425026,82.00974240482748,0.0,0.0
Kimani Vidal,17.710893748873744,-64.7349189494903,98.15708240317687,-41.983117221992835,77.16011707306166,0.0,0.0
Dylan Laube,15.567834807385964,-66.88197060961728,98.20367455179961,-45.52170508114536,76.40391452903529,0.0,0.0
Spencer Rattler,27.17778460162298,-53.89071072812672,108.57047975590638,-32.16610315025255,88.10101181157913,0.0,0.0
Jalen McMillan,19.5357654266734,-63.08450870059283,101.39798365644178,-41.25086042948677,79.97930851142395,0.0,0.0
Xavier Smith,29.464269260787788,-53.196190846018986,113.67995584041032,-30.677867442243354,90.49020416966263,0.0,0.0
Will Shipley,17.490790396013004,-65.94835309302542,98.19799110603306,-44.20236706267627,77.67318172247768,0.0,0.0
Jaxon Smith-Njigba,31.425368885303293,-50.257518573124045,115.76155716466769,-29.799007271320026,92.29816572930224,0.0,0.0
Jaxon Smith-Njigba,177.45523349481843,93.68671893353152,258.94560651907875,116.18201340357679,237.59451429811182,0.00175,0.292125
Jase McClellan,7.6338933721070195,-73.34334764148716,90.26444038557108,-52.16506606761412,67.69846191395182,0.0,0.0
Michael Penix Jr.,32.73194549744407,-50.28369192769705,114.99439448596713,-28.24633287434287,93.27815966284771,0.0,0.0
Ricky Pearsall,30.19025782718851,-53.026499852753,111.99913204288299,-30.893126425305095,89.71987052699416,0.0,0.0
Jha'Quan Jackson,17.23581425223284,-65.09675106237903,101.6075487115361,-43.40454875097685,78.52062093116885,0.0,0.0
Trey McBride,21.458976832465417,-60.82249735509659,101.41567696561312,-38.6829700199807,80.45505901209197,0.0,0.0
Trey McBride,169.04671709105045,86.439265994297,249.6958894099596,108.80317922499297,229.3528976356392,0.000625,0.236875
Malachi Corley,21.30130888225511,-60.61573703802368,101.2474968844118,-39.29096269070846,81.44569697159241,0.0,0.0
Ainias Smith,13.486444579069065,-66.59788978682388,95.89537997441082,-45.61612479290476,74.50839832197806,0.0,0.0
Malik Washington,15.884187887618861,-65.05529448371782,95.87803945846764,-42.73406740525159,75.91170834867417,0.0,0.0
Jermaine Jackson,26.17746914228642,-54.78333985921057,108.62085022099153,-33.006048897177756,86.29426266393332,0.0,0.000125
Drew Sample,23.255436981093933,-61.765059610553564,104.28889421630018,-39.84361530622127,83.29951024273815,0.0,0.0
Drew Sample,17.58004538818073,-63.72079621011256,100.47066649817351,-42.08159328348421,78.58934153146315,0.0,0.0
Sincere McCormick,24.459386218933098,-58.352660874675585,106.09862085427812,-36.447484427814935,85.74897786930661,0.0,0.0
Jonathon Brooks,28.36439448180513,-53.60957469737129,108.55579357006538,-32.26238725586172,88.1942801516878,0.0,0.0
Maurice Alexander,20.890269024957803,-63.134664459759215,103.32069863133033,-40.97961320728526,81.899333501716,0.0,0.0
Kevin Austin Jr.,20.198012274446103,-60.86874211483988,100.88890290464131,-39.85843522921574,79.53100822470968,0.0,0.0
Tylan Wallace,9.573972818082758,-75.38435727942405,88.87166542403378,-51.98856011408175,69.66485829657691,0.0,0.0
Rasheen Ali,18.64027334217277,-63.82623071238946,102.0086267996621,-40.46105221155073,80.07321510082392,0.0,0.0
George Holani,20.918549341628243,-59.88143385476481,102.9576484170331,-38.41537380915684,81.35633489402035,0.0,0.0
DeVonta Smith,216.1032554618189,132.11685849373538,298.7963471686134,155.02276811990342,277.0133733416721,0.022625,0.64575
DeVonta Smith,223.83819800559394,140.43181232147705,304.6950503085743,162.6663806739921,283.1742159923121,0.0325,0.712875
Blake Watson,15.510219274021678,-67.0789844772781,97.85671080022794,-45.73089017883497,75.95244907518779,0.0,0.0
Michael Wilson,22.992660592306716,-59.42103249037506,105.7462799768432,-37.06556661151428,83.49242976793698,0.0,0.000125
Michael Wilson,160.5228734760155,80.57987820402101,243.96911866324623,100.91796110043985,221.49993814155047,0.000375,0.18025
Tanner McKee,15.179137577844216,-65.85034364457916,95.50272209180659,-44.034171110779276,74.21424323769357,0.0,0.0
Nikko Remigio,29.043459936355156,-51.33259571859823,111.76119921993744,-32.01019576862627,90.43117196965433,0.0,0.0
Chris Collier,12.211436207125479,-70.32973935448388,94.03661246584711,-49.75495006171364,73.53325242030634,0.0,0.0
Keon Coleman,155.37284778797294,73.27163061441608,236.90505852564857,94.94597374254745,214.92869752145415,0.000125,0.136875
Jalen Coker,26.796527733539747,-56.26336154879804,109.62255406517998,-34.24125106001416,86.99791238751351,0.0,0.0
Jordan Whittington,20.178895236309963,-61.39412126079303,102.98367723460295,-39.08467407571972,80.5436284100715,0.0,0.0
