season,gsis_id,player_name,median_prediction,credible_interval_95_lower,credible_interval_95_upper,credible_interval_85_lower,credible_interval_85_upper,probability_gt_300,probability_gt_200
2023,00-0023459,Aaron Rodgers,215.03510419979037,130.11532455417642,298.3760823069557,151.62618305082347,277.06764389828555,0.022625,0.629
2024,00-0023459,Aaron Rodgers,196.4378032624857,109.1089717366621,281.130892401311,131.89805370134422,257.41577314662885,0.008625,0.46425
2023,00-0026158,Joe Flacco,6.176587497758643,-76.81336824918719,88.85719855267865,-56.11226863890221,66.71846217525828,0.0,0.0
2024,00-0026158,Joe Flacco,21.72335900273758,-62.29303094453295,104.52326549205392,-39.98386904332031,82.8841880576238,0.0,0.0
2023,00-0026498,Matthew Stafford,214.44787702598688,131.16071927748408,298.533164987507,153.16100341752502,275.33136401968864,0.022625,0.635
2024,00-0026498,Matthew Stafford,219.9337599061093,134.91520103452206,304.385280488096,157.65771180243178,282.12361423891406,0.030125,0.677375
2024,00-0026300,Josh Johnson,7.601708056410211,-75.14814193287488,90.75041514537702,-52.59248212930923,68.39511594413668,0.0,0.0
2023,00-0026625,Brian Hoyer,3.4207159623530656,-82.00787100958404,84.87427148528901,-57.87111011168973,62.53287495794523,0.0,0.0
2023,00-0027696,Jimmy Graham,7.98681208252147,-77.92185249545315,90.42655952742015,-54.63811211046468,68.74301996251306,0.0,0.0
2023,00-0027973,Andy Dalton,150.27204323661522,67.30557815118277,234.49375169532965,89.87953897342123,210.6891421116159,0.00025,0.118375
2024,00-0027973,Andy Dalton,28.095198057211164,-55.6869761700528,111.38544572734928,-32.6732243412112,88.69221118012388,0.0,0.000125
2023,00-0028002,Randall Cobb,12.212371988344472,-70.2728193092046,96.18835562178208,-48.61900949068949,73.888218605918,0.0,0.0
2023,00-0027948,Blaine Gabbert,18.26282883719937,-64.89886788774761,100.40349324775433,-43.81127348848834,78.52483164951938,0.0,0.0
2023,00-0027944,Julio Jones,15.435374490937086,-66.64653240767812,97.82023431594074,-44.61204721156037,77.147144962684,0.0,0.0
2023,00-0028118,Tyrod Taylor,29.280051919143222,-51.23281132695781,112.555556056127,-31.00466681663841,90.64959346089157,0.0,0.0
2024,00-0028118,Tyrod Taylor,6.211160923872072,-76.59530815438637,88.90343380409763,-54.22135911894226,65.20729975001875,0.0,0.0
2023,00-0029701,Ryan Tannehill,190.08253685168745,103.89452829590948,274.8509413255917,128.75719041353355,250.71117738448336,0.006125,0.40825
2023,00-0029239,Brandon Bolden,21.60700335223289,-60.73669227839686,104.57425382096515,-38.049851431501246,82.57089366319512,0.0,0.0
2023,00-0029263,Russell Wilson,239.17418625316623,155.55564802418218,321.2879435069875,177.52546447499307,299.2874889428379,0.072,0.827625
2024,00-0029263,Russell Wilson,181.804090348736,98.94668258574882,265.4696044277484,120.70995541579818,242.31293381601267,0.00225,0.3345
2023,00-0029604,Kirk Cousins,267.778443249672,184.33549296848807,350.23791786527795,206.3025059371726,329.6248220301775,0.226125,0.94225
2024,00-0029604,Kirk Cousins,207.9359850180891,126.91567139635168,291.1934104975291,148.30957066014588,268.4011211542346,0.014,0.58125
2023,00-0029293,Marvin Jones,19.58459933896463,-61.202470912191416,103.4262092496212,-40.58009830280456,79.89769012823066,0.0,0.0
2023,00-0030565,Geno Smith,200.53781234725008,114.97877442654728,284.9164793000779,138.03678461424755,261.7966929705209,0.010625,0.505375
2024,00-0030565,Geno Smith,221.0893605049041,139.07617377111728,303.8868498920261,160.09759947489303,281.94712791701613,0.0295,0.68925
2023,00-0030431,Robert Woods,157.71695960803112,74.68187800704,241.0626752284,96.92031742638495,218.71901224758088,0.00025,0.156375
2024,00-0030431,Robert Woods,1.8253527913965784,-81.36188963075635,86.00995179084079,-59.71408968710823,63.94479395139816,0.0,0.0
2023,00-0030578,Cordarrelle Patterson,136.871667228717,55.15049040392884,218.52343504752545,76.46376159903765,196.4700286774008,0.0,0.06525
2024,00-0030578,Cordarrelle Patterson,13.988763870989118,-67.92761800130631,95.64287823051392,-46.5980333909724,74.18720710783442,0.0,0.0
2023,00-0030061,Zach Ertz,140.70741702781726,55.82493008028307,224.425091940234,79.06861873927252,201.29748269463053,0.000125,0.07925
2024,00-0030061,Zach Ertz,148.39898172177195,65.33335964387203,230.6683634840629,86.24527383258808,208.79436300123447,0.00025,0.11425
2023,00-0030068,Marquise Goodwin,12.244845413032934,-70.5200371237495,93.32197215748104,-48.20635813065871,72.37794185317917,0.0,0.0
2023,00-0030533,Matt Barkley,28.481369070535536,-52.79856486494701,110.12200694956738,-32.250412873140725,89.23257813421942,0.0,0.0
2023,00-0028986,Case Keenum,7.582537741142167,-74.56621721099975,87.93138559798135,-53.00211489534651,66.69875525774225,0.0,0.0
2023,00-0030279,Keenan Allen,184.9947284296884,100.71078433557136,268.9805673166736,122.8495271694407,245.7266653009908,0.00225,0.356375
2024,00-0030279,Keenan Allen,182.4831042172005,99.82643899255324,265.6027083035241,121.759809342729,243.98752203590192,0.003125,0.346375
2023,00-0031376,Jerick McKinnon,149.76545897304044,68.08591557522624,236.3345900941168,89.26943388800984,211.93266432848088,0.0005,0.12175
2023,00-0031236,Brandin Cooks,167.32509616421493,86.75894517612475,250.41452330820584,107.1054465756626,228.51282807594876,0.0005,0.222875
2024,00-0031236,Brandin Cooks,151.1316449846669,68.66437384144096,234.35132966212944,90.31363278449298,211.72699379271043,0.00025,0.12275
2023,00-0031280,Derek Carr,219.7720246805837,135.86296102702465,304.4428926886408,158.8152311525652,281.2666067423545,0.032625,0.6825
2024,00-0031280,Derek Carr,214.08397414233485,131.74184435175616,298.6917306445267,153.190809507976,275.4518418603576,0.023375,0.633875
2023,00-0030513,Latavius Murray,137.76767295671556,55.48125116247102,218.1124645704366,77.87108965108546,197.687388786498,0.000125,0.068125
2023,00-0030874,Damien Williams,18.72418854856801,-63.93433045134754,102.1293314274898,-42.471108262027485,79.42078108843536,0.0,0.0
2023,00-0031237,Teddy Bridgewater,149.5493968539977,65.38503511851928,232.94693030641287,87.49063521888236,211.31470215223317,0.000125,0.117375
2023,00-0031345,Jimmy Garoppolo,176.998147600718,94.68850360695168,259.02041568453404,115.61306036205718,237.93209624525264,0.00175,0.297125
2023,00-0031260,Logan Thomas,17.389425293993348,-64.74591832360544,100.52416794081388,-42.048673465274575,78.19744965799245,0.0,0.0
2023,00-0031235,Odell Beckham Jr.,42.25941837422165,-40.61500774439027,123.51097798353156,-20.088968024120536,101.44693615331492,0.0,0.00025
2024,00-0031235,Odell Beckham Jr.,28.80899040980677,-51.9723860907349,111.9016278115852,-31.587490180709484,91.10713800417729,0.0,0.0
2023,00-0032104,Ameer Abdullah,20.362123880032517,-64.58551463499793,100.87010474076368,-42.40393043684527,80.22126840598341,0.0,0.0
2024,00-0032104,Ameer Abdullah,9.404937664960713,-73.30171535257955,91.69058096946505,-52.86382890396607,69.70253764760001,0.0,0.0
2023,00-0032144,Melvin Gordon,45.070134998168285,-37.97313791691097,127.31417412155456,-15.61812339132748,105.83481830132251,0.0,0.000125
2023,00-0032208,Phillip Dorsett,23.05998260426472,-59.43390293642305,105.92106917737624,-37.65141961124949,84.43023358929425,0.0,0.0
2023,00-0031941,Jamison Crowder,12.287421605548689,-69.5192196160827,94.4729173702402,-48.39972447026491,72.12440849466977,0.0,0.0
2024,00-0031941,Jamison Crowder,19.26719017418033,-64.11376531593697,101.62907311745435,-42.1955576231361,80.00684329233472,0.0,0.0
2023,00-0032268,Marcus Mariota,168.9296921804683,85.06583470178686,250.94024654447023,108.00673079618775,229.71480175855424,0.001375,0.23525
2024,00-0032268,Marcus Mariota,29.48040260814216,-54.72351955018592,111.47333868238007,-34.002194158211736,89.30777861328694,0.0,0.0
2023,00-0031503,Jameis Winston,49.55522160239085,-32.88287855774028,129.01256647532833,-11.07364792174481,108.95184222243734,0.0,0.000125
2024,00-0031503,Jameis Winston,25.419802533303848,-57.03318765340654,107.0978125843155,-34.260688151746905,84.96817564277573,0.0,0.0
2023,00-0031595,Michael Burton,18.858749515130118,-61.87752293338181,99.9382501705502,-41.20189781404782,77.50002512412912,0.0,0.0
2024,00-0031595,Michael Burton,23.83718114119256,-59.04950003439345,109.24916172490792,-36.91261330672889,85.40637399409569,0.0,0.0
2023,00-0032211,Tyler Lockett,183.35359389371436,100.56126506289512,265.755012784301,123.31966844052847,243.9472163021592,0.003,0.348625
2024,00-0032211,Tyler Lockett,175.1374719768154,90.70561887362626,256.8453912412379,113.30768655834756,234.5590018282072,0.001875,0.2725
2023,00-0032200,Ty Montgomery,11.683843779827631,-72.44162132480287,93.59974885546964,-49.67346719087628,72.05441007528495,0.0,0.0
2023,00-0031544,Amari Cooper,181.18753619429944,99.02055656080132,262.86450456226595,121.2716866208284,242.24247878986677,0.002,0.323375
2024,00-0031544,Amari Cooper,175.7255489413269,91.93575870282012,259.0145421306518,113.71272850257996,237.1215820250432,0.0015,0.283375
2023,00-0031588,Stefon Diggs,222.69126941247407,139.7663445907732,305.86526757547904,161.12253238683203,283.5780853322862,0.03375,0.702625
2024,00-0031588,Stefon Diggs,212.89008422815212,129.1086148027283,295.84818337370154,150.68987841004292,274.0680483879541,0.019375,0.615125
2023,00-0031288,AJ McCarron,12.726497587555231,-72.88911116383733,91.77448746756043,-49.25094397252818,72.16741216634412,0.0,0.0
2023,00-0030035,Adam Thielen,163.03583867774483,80.839881295382,245.6006033292915,101.17470843789025,223.7371176393496,0.00025,0.1895
2024,00-0030035,Adam Thielen,152.88393876006188,68.23320500056657,234.85624856171063,90.27571355175364,212.032935721498,0.00025,0.129125
2023,00-0029892,Kyle Juszczyk,21.365863666893283,-58.62576724464727,102.16455661735448,-37.871680053172994,81.94460819863168,0.0,0.0
2024,00-0029892,Kyle Juszczyk,22.15551211264349,-59.92474356998781,101.3016706768826,-37.64060860297425,82.44053695246966,0.0,0.0
2023,00-0032156,Trevor Siemian,11.83385278242104,-69.85638264825597,93.91202662352084,-49.23270472438484,72.08801195820213,0.0,0.0
2023,00-0031687,Raheem Mostert,160.07083976560136,76.39141329156274,242.84062014669016,99.46855080533038,219.93812095262325,0.000125,0.16825
2024,00-0031687,Raheem Mostert,133.441765411436,46.483096100549325,220.73768024491832,69.53249772968726,196.8267197657354,0.0,0.065375
2024,00-0032950,Carson Wentz,181.19362567567185,100.2775008908758,264.38471546416565,121.63936657489256,242.707750222091,0.002375,0.32775
2023,00-0032764,Derrick Henry,198.30205727729688,115.36724072379972,280.7778718924593,138.1047347381551,258.85844446530933,0.009,0.484875
2024,00-0032764,Derrick Henry,156.11308706522175,72.52784475894477,239.23537517905729,93.7348473878664,217.70272678778477,0.0005,0.148
2023,00-0033045,Ezekiel Elliott,161.93789449731477,77.0697188695446,247.3727892814504,99.88371711909728,222.86519899802008,0.000625,0.182625
2024,00-0033045,Ezekiel Elliott,176.36962383159863,93.6942473487954,258.13347916390774,116.699941737633,236.4399049714026,0.001,0.290375
2023,00-0033077,Dak Prescott,243.40733320149863,158.0798735028959,327.8971472335603,181.8396221316546,305.24342127896455,0.090125,0.842625
2024,00-0033077,Dak Prescott,230.32014415632293,145.92199346600466,314.3022333650649,168.83803909101994,290.343753099548,0.047875,0.760875
2023,00-0030968,Keith Smith,15.668413228822592,-67.43356854554966,99.76742797670369,-46.01894687543236,76.5551681693829,0.0,0.0
2023,00-0033040,Tyreek Hill,262.0609900834663,176.9723444611252,342.8625426984114,200.1210258155909,321.852051010184,0.182125,0.9255
2024,00-0033040,Tyreek Hill,273.17446762535513,189.6256885875573,358.22987291059945,211.99367306543715,335.8758625572352,0.262625,0.957
2023,00-0033119,Jacoby Brissett,34.46692701962483,-47.97303684723743,117.09684907563565,-26.801422879182404,96.88420434754212,0.0,0.0
2024,00-0033119,Jacoby Brissett,26.002263199498188,-55.90679256017498,110.21871654888,-34.37613303517878,88.28816193719422,0.0,0.0
2023,00-0033118,Kenyan Drake,21.912736737046504,-62.63110793694395,105.91011539938836,-39.08100727154719,84.4882726668972,0.0,0.0
2023,00-0032975,Jonathan Williams,18.53520482701775,-63.90529093009525,102.38333804723312,-41.32483952297207,79.88729588109481,0.0,0.0
2023,00-0031549,Nelson Agholor,22.01857138799104,-59.41682736584837,104.55725603465494,-37.4356009167523,81.61032512285824,0.0,0.0
2024,00-0031549,Nelson Agholor,130.1402654730378,48.44218035780178,215.570097708243,70.03768418229627,191.36476826703213,0.0,0.05325
2023,00-0032688,Robbie Chosen,19.70768200772485,-62.59018726302427,97.3156724839151,-40.22652589526738,77.7661402477273,0.0,0.0
2024,00-0032688,Robbie Chosen,18.95721694390988,-67.16096309807251,102.04676005663744,-42.3933724997186,79.88632320650646,0.0,0.0
2023,00-0032543,Alex Erickson,21.489172737586543,-61.49486717810101,103.4827747601652,-39.5056436424388,82.14105743067387,0.0,0.000125
2023,00-0033009,Tyler Boyd,161.61049247579106,79.30987116548876,243.70959837966103,100.93614885008787,221.9202431952304,0.00075,0.1725
2024,00-0033009,Tyler Boyd,155.17563635200136,71.58364738711933,235.96886162610795,94.17839995101528,215.13510898408143,0.0005,0.138125
2023,00-0032398,Chris Moore,24.89809776659521,-57.86085914662016,106.5562643906978,-36.91782327634581,84.46217253683247,0.0,0.000125
2023,00-0033106,Jared Goff,220.2924352174284,138.58334103710527,302.8884787728784,159.7596886955736,282.0386053443245,0.029875,0.69225
2024,00-0033106,Jared Goff,257.36737978308804,175.51257530601976,338.19372977371773,195.55385416072951,317.9873373324179,0.157625,0.908875
2023,00-0030506,Travis Kelce,211.873312978296,124.87424565822845,296.5043251666282,147.77310154779764,273.1352322794798,0.01975,0.59725
2024,00-0030506,Travis Kelce,217.0366876672607,134.13187619654988,301.27763066913843,156.3634962137529,278.34197892496434,0.027875,0.665625
2023,00-0030663,Willie Snead,17.53782754676184,-66.2064300175853,97.80642596735044,-45.20435997984772,77.51615613906493,0.0,0.0
2023,00-0032385,Sterling Shepard,21.699447081355896,-60.67129772342085,104.44688106917684,-38.71445030401354,83.91055617107423,0.0,0.0
2024,00-0032385,Sterling Shepard,21.78628634614984,-61.05130873075371,103.61834974092191,-39.72554822822915,80.39248174574335,0.0,0.0
2023,00-0032464,Kalif Raymond,15.183091906358785,-68.40344547602398,95.87274217696005,-45.32698001052989,75.08959095125476,0.0,0.0
2024,00-0032464,Kalif Raymond,133.0047815432771,52.03422710925447,215.56385981996496,72.4629662032924,193.51700813502157,0.000125,0.057
2023,00-0033897,Joe Mixon,196.273914266786,113.47538714543082,279.1666878157324,136.4435123982711,257.61279650876776,0.008125,0.46225
2024,00-0033897,Joe Mixon,169.99248388275873,87.25400056873427,252.8251808688325,109.11108790436322,230.68394291361645,0.0015,0.249375
2023,00-0033308,Matt Breida,26.93442998456596,-54.9178037101002,106.88707852813964,-33.15684914815163,86.29862823669848,0.0,0.0
2023,00-0033280,Christian McCaffrey,262.6876165774603,177.04439148102531,345.31611425270466,200.03410412584176,322.9737374906928,0.19125,0.925
2024,00-0033280,Christian McCaffrey,251.6442214363656,166.39572207452713,337.3460690926667,190.698863390791,313.01204752149687,0.12625,0.885625
2023,00-0033856,Leonard Fournette,192.7280498672792,111.1897820242609,274.40147879430424,132.56401348543417,253.179308024441,0.00425,0.435375
2023,00-0033925,D'Onta Foreman,145.14868957149008,62.82949409759135,230.06463559250724,84.57737529961062,207.15471549068295,0.0,0.10325
2024,00-0033925,D'Onta Foreman,17.36093268881031,-61.75012877839987,99.65558825288564,-41.09364147680528,79.2091382300581,0.0,0.0
2023,00-0033537,Deshaun Watson,234.95202227405605,152.0774254000904,318.08059160204164,174.48180901215613,296.4559171962003,0.061875,0.789625
2024,00-0033537,Deshaun Watson,88.83947088068612,5.431155471865521,174.80885148069706,26.85175489001317,151.30318300190214,0.0,0.004375
2023,00-0033923,Kareem Hunt,161.16791916316305,80.6565858328385,245.7348275221507,102.75660511520536,223.21641222046927,0.000375,0.183625
2024,00-0033923,Kareem Hunt,18.03443591683296,-63.564076217963766,100.647880440586,-42.80243882196835,79.27723969419381,0.0,0.0
2023,00-0033906,Alvin Kamara,217.696114514206,134.5375137646568,303.0779529166541,156.67648174402342,279.7264218237191,0.029875,0.6665
2024,00-0033906,Alvin Kamara,193.49381490203,109.2194675435708,278.246080952164,132.86915141662206,253.23091187468407,0.007875,0.437
2023,00-0033893,Dalvin Cook,182.06989797064332,98.57429367107358,261.40151393331075,120.44278839023671,241.20873002545687,0.00225,0.33375
2024,00-0033893,Dalvin Cook,44.12443726442763,-36.757783829122495,125.7180988495965,-16.044170050606205,104.47707085346256,0.0,0.000125
2023,00-0033553,James Conner,169.8705774716963,84.30784851123876,251.75652747837705,108.66757425883516,230.4061314748978,0.00175,0.237375
2024,00-0033553,James Conner,167.68537151743033,84.33009776996866,247.2875493945214,106.46176652816035,226.43582108565545,0.0005,0.220625
2023,00-0033948,Jamaal Williams,148.04907883235126,64.83295173934106,233.1156130473879,87.2399158616682,211.2456586203429,0.000125,0.12125
2024,00-0033948,Jamaal Williams,36.575393337325,-45.33935987291648,118.3266340867846,-23.097055166921606,97.099120615901,0.0,0.0
2024,00-0033460,John Ross,21.17759892252502,-66.25833409993432,103.39075515730444,-42.15409775086823,84.07164127364219,0.0,0.0
2023,00-0032918,C.J. Ham,21.433313228335297,-60.59743922520254,103.7464660786909,-40.249153391172825,82.37936076861509,0.0,0.0
2024,00-0032918,C.J. Ham,23.297860617672647,-58.40236579574606,104.90677045583452,-36.54489865320289,83.75587771251813,0.0,0.0
2023,00-0033526,Samaje Perine,152.113623061623,69.61730826917012,234.35758942788925,91.66771016327664,214.391115645118,0.000375,0.13225
2024,00-0033526,Samaje Perine,31.961763722476427,-49.7223550277182,114.74327859378604,-28.80347712780471,92.54243537466787,0.0,0.0
2023,00-0033466,Isaiah McKenzie,31.536174156155727,-50.347634081534686,113.98485619661568,-28.272399594864265,92.23850530145675,0.0,0.0
2023,00-0033282,Curtis Samuel,138.1924302761655,57.3365528890857,219.5777240996724,80.23789449194574,199.84705757635376,0.0,0.0745
2024,00-0033282,Curtis Samuel,146.9270702078748,66.70639819615883,228.8207167353185,87.74427920959737,207.2924150406656,0.000375,0.103125
2023,00-0031868,Damiere Byrd,22.90090815219056,-59.08766060629442,105.148555825498,-37.71910199386644,82.97755867183164,0.0,0.0
2023,00-0033293,Aaron Jones,189.66725379120572,106.8717478019726,272.61582854211633,128.58778967582396,250.5050994933769,0.00575,0.404875
2024,00-0033293,Aaron Jones,156.20009582554763,74.30696828738279,240.19722039463315,94.46963120376228,218.01780861513384,0.000625,0.155
2023,00-0033699,Austin Ekeler,225.11560544151723,139.91793712110268,309.20004465245904,163.49974320514477,287.37063728007485,0.03925,0.721375
2024,00-0033699,Austin Ekeler,185.70854686806132,103.01201540080432,268.5653984128882,124.56069371685923,247.6575750148299,0.004125,0.3705
2023,00-0033869,Mitchell Trubisky,46.628354878630695,-34.4696863854707,130.46337989022217,-13.559163950450438,108.01507191119369,0.0,0.0
2024,00-0033869,Mitchell Trubisky,26.49387351217434,-56.75729733340073,109.54200032986992,-33.815482421278965,87.45883381510919,0.0,0.0
2023,00-0033885,David Njoku,142.38881592151188,58.40285106279632,225.9947192113923,79.95898642545905,203.42731634891535,0.000125,0.08625
2024,00-0033885,David Njoku,158.14762873425792,74.56118828748014,242.9320595595398,96.80036066280054,221.01893598203887,0.001375,0.173875
2023,00-0033572,Jamal Agnew,21.358154379019663,-63.69152664826336,100.58782362571498,-39.29917434707257,79.89011791143064,0.0,0.0
2023,00-0033936,C.J. Beathard,13.89227818408979,-67.72438635246803,96.24078724775146,-45.69653455103963,75.14042931035722,0.0,0.0
2023,00-0033292,Trent Taylor,13.201871786720114,-68.58938726655987,94.7844321182709,-47.33334446554869,74.06314198615392,0.0,0.0
2023,00-0033662,Cooper Rush,30.94461329026524,-51.69352502315419,113.89935763087824,-28.460204934944827,91.40231973047337,0.0,0.0
2024,00-0033662,Cooper Rush,28.062675276960714,-55.70167025327315,109.43384372213832,-31.3312669291451,86.93606274840818,0.0,0.0
2023,00-0033895,Gerald Everett,149.4609086386349,64.8477224862053,231.07098929111825,88.30235759956258,210.8177651411257,0.00025,0.117875
2024,00-0033895,Gerald Everett,143.53606947497303,61.19108073634972,226.2860758766139,82.64738549622743,203.73715278128643,0.000125,0.088
2023,00-0033958,Nathan Peterman,16.124452358454974,-67.84680284702493,98.89249454255908,-44.39014271433867,76.36270723324562,0.0,0.0
2023,00-0033908,Cooper Kupp,251.086492695755,169.67795986256422,336.774474766586,190.42351057721012,312.73525530205825,0.126375,0.88475
2024,00-0033908,Cooper Kupp,194.3497462387413,110.74016526723894,278.82006437858536,133.65529817988389,255.71946166326427,0.007875,0.448375
2023,00-0033881,Evan Engram,160.44778892585845,77.78697379905184,244.1444777734052,101.14928469398608,221.47104298123404,0.00125,0.170875
2024,00-0033881,Evan Engram,184.6343827568481,101.39672540892276,268.6037385483306,123.2386767675934,246.08686100755048,0.0035,0.356
2023,00-0031800,Taylor Heinicke,31.324347768944996,-49.53682920864309,115.14762280051922,-29.181034981731,92.51171973855084,0.0,0.0
2024,00-0031800,Taylor Heinicke,16.63656349625801,-66.60996048767848,99.22835282273596,-44.12310328590414,77.70348384120298,0.0,0.0
2023,00-0033873,Patrick Mahomes,320.72332602838605,232.9042617992527,407.6980537359063,256.1727724404553,383.4951004273957,0.67,0.996
2024,00-0033873,Patrick Mahomes,308.4628628423625,223.5898656011645,391.3163554755866,245.98051955299303,368.49736091278703,0.57475,0.995125
2023,00-0034796,Lamar Jackson,226.47635254781625,144.06888029065033,311.3760185017558,165.60236934618283,287.6623713126655,0.044625,0.73525
2024,00-0034796,Lamar Jackson,263.3208496320842,181.03727873176723,345.3837837363134,203.02756882026145,323.9784939404905,0.192625,0.93525
2023,00-0034857,Josh Allen,315.5891705192556,230.22738112901487,402.964429398255,252.82632063426664,378.1517309203634,0.6375,0.996125
2024,00-0034857,Josh Allen,308.644909342556,218.76415146222843,396.8814075470574,244.2432869253224,373.78474472083474,0.580375,0.99075
2023,00-0034827,D.J. Moore,202.0933858783646,118.764513143986,282.10635735899984,141.9260520209808,262.6518432148027,0.0105,0.52225
2024,00-0034827,DJ Moore,212.624133614482,128.9671809344144,295.1288702779253,150.81502729857806,273.77613503405775,0.019625,0.618625
2023,00-0033296,Alex Armah,11.09885992328536,-69.40710181106715,92.35507284287752,-49.126110812185246,71.57608749338904,0.0,0.0
2023,00-0030564,DeAndre Hopkins,170.71654701285166,89.48792660405329,253.6553977910817,110.64009380917696,232.4496108755736,0.001,0.236875
2024,00-0030564,DeAndre Hopkins,162.12479987040604,77.46554214377971,244.59593301454515,100.0572617124893,223.29014886307328,0.00025,0.1855
2023,00-0034844,Saquon Barkley,198.05907605691004,114.16157332112404,279.3538913254135,136.0720354992315,258.93784101416514,0.007375,0.48175
2024,00-0034844,Saquon Barkley,176.821683261994,93.8038362907864,260.09592268857944,114.95475193712834,237.71534403529037,0.002,0.29425
2023,00-0034869,Sam Darnold,22.90940720789656,-58.78339134446123,103.13841117819577,-37.39278636362027,81.91716070863392,0.0,0.000125
2024,00-0034869,Sam Darnold,153.19412518069174,72.7542086385088,236.74890399552,92.88451337604496,213.6373958469986,0.000375,0.12925
2023,00-0034791,Nick Chubb,200.1791784004764,115.33098988120764,282.3660695253368,138.09318035954172,260.7945819316281,0.01,0.502375
2024,00-0034791,Nick Chubb,56.33613773590815,-27.244800525441647,138.9684156240201,-4.974450959422367,117.95486776973092,0.0,0.00025
2023,00-0034838,Royce Freeman,18.08063435219982,-65.09144168724221,99.59095008547496,-43.60087198219812,77.63316660463182,0.0,0.0
2023,00-0034750,Rashaad Penny,24.950435555598204,-56.28283428943558,105.40450130903812,-35.00851894735666,83.60879897245478,0.0,0.0
2024,00-0034860,Dante Pettis,24.198441697601325,-58.45464136132305,105.66852490224896,-36.07179070583053,83.40211585871036,0.0,0.0
2023,00-0034681,Chase Edmonds,29.45418903388596,-52.393300071009904,110.98133288743811,-30.927594306555047,87.60473931931756,0.0,0.0
2023,00-0034837,Calvin Ridley,183.0449373776944,99.66899834922138,267.2306769960173,121.4163251221331,243.5681153702952,0.003375,0.345375
2024,00-0034837,Calvin Ridley,180.09924704692372,98.7639373321273,262.8198924479404,119.93589732549212,240.89637492809345,0.00175,0.311125
2023,00-0034208,Mike Boone,21.780921498725448,-58.07266266223106,104.58959733256084,-37.847061754121306,82.40365949322766,0.0,0.0
2024,00-0034208,Mike Boone,20.29164996333028,-61.306298393521566,100.95833611635248,-41.0120127171262,79.66870250544802,0.0,0.0
2023,00-0033357,Taysom Hill,22.86406239014028,-60.30753044784832,104.10588488812856,-36.76118323392038,82.98343501482155,0.0,0.0
2024,00-0033357,Taysom Hill,16.274351385409226,-67.56923186934705,100.24646628943351,-44.98778738132082,77.41452053670939,0.0,0.0
2023,00-0034855,Baker Mayfield,172.81828111883945,90.57563450562157,253.44609481123,111.97049405771725,233.2463398303905,0.001625,0.257375
2024,00-0034855,Baker Mayfield,212.3321256058429,131.98962166062992,295.9752411755744,151.01617253898627,274.5478773390422,0.02125,0.610875
2024,00-0033955,Jeremy McNichols,28.621253490537818,-52.86605120975489,111.40708528763822,-33.00052759826558,91.14763656541518,0.0,0.0
2023,00-0034775,Christian Kirk,186.4519754485509,103.41771747379106,266.71752702926864,126.84048616182896,247.3553254903084,0.003125,0.371125
2024,00-0034775,Christian Kirk,182.51316375585043,100.07677228570893,263.7089805591164,122.98346467957622,241.79934549995363,0.0025,0.332875
2023,00-0033949,Joshua Dobbs,18.921320549092144,-61.77108116914152,101.0964755707275,-42.52716811320892,79.60900259010776,0.0,0.0
2024,00-0033949,Joshua Dobbs,194.20521509111023,108.29009665825818,278.2159036304116,130.30522650114227,257.2916795069391,0.006875,0.4495
2023,00-0033943,Josh Reynolds,16.95888075468479,-64.32470823327463,102.36653266905904,-42.162042899751306,79.27735779647217,0.0,0.0
2024,00-0033943,Josh Reynolds,149.63236055925842,68.54975178323637,233.07999371416443,89.71582143964037,210.65333226347627,0.000125,0.118625
2023,00-0033536,Mike Williams,187.59162858581743,102.72069917014132,270.5595425416289,126.8784455813434,247.57247555700772,0.00275,0.38275
2024,00-0033536,Mike Williams,160.35354294288885,76.55041543328029,242.8190377881716,99.3391843147486,220.8642966141334,0.000375,0.17125
2023,00-0034407,Ray-Ray McCloud,17.330155800966182,-65.60833365626974,100.84790006493392,-44.00632002888495,78.18819174911546,0.0,0.0
2024,00-0034407,Ray-Ray McCloud,22.12145334634404,-60.044068532191815,104.76234116690092,-40.01506509985883,80.83224545261027,0.0,0.0
2023,00-0034830,Hayden Hurst,143.42899632995963,58.93907898199276,226.88993869269183,81.80605474934268,205.5312459686867,0.0,0.092875
2024,00-0034830,Hayden Hurst,26.25214610356524,-57.10950597183823,108.53782372828636,-35.73041936774121,86.36344259587656,0.0,0.0
2023,00-0034184,Gus Edwards,29.2455499297912,-50.02969466830108,113.47840349803036,-30.635317894024297,91.11841620539266,0.0,0.0
2024,00-0034184,Gus Edwards,141.1866167469103,56.28920341585162,225.7772079929688,78.50057677366554,203.37652366551288,0.000125,0.087375
2023,00-0033251,Zach Pascal,16.780366556781473,-65.53204884651926,99.97533527664028,-42.71423155171599,77.9563493558997,0.0,0.0
2023,00-0031763,DeAndre Carter,23.296522354385324,-59.32148721814776,107.91494921212616,-37.075997867379975,84.37965396518827,0.0,0.0
2024,00-0031763,DeAndre Carter,21.3861544911681,-58.963468490233225,105.30917103315744,-38.40327398534179,81.97272818317747,0.0,0.0
2023,00-0033589,David Moore,8.659219465002021,-74.60636656472322,92.26283375712104,-52.60700463082132,69.87021221247724,0.0,0.0
2024,00-0033589,David Moore,19.21369865204252,-63.39858883954686,101.62430373191512,-41.211868884118005,80.6892165477349,0.0,0.0
2024,00-0033375,Tim Patrick,145.03393668545533,60.09921147960511,226.7599424665479,83.74610940376981,205.02972069611104,0.0,0.095625
2024,00-0034353,Anthony Miller,29.5210747853712,-52.801759149582,114.13893967021522,-31.50914173699509,92.0616844209899,0.0,0.0
2023,00-0033891,Zay Jones,145.27899882465277,63.77500666724775,226.11901164835223,84.22072110242763,205.3029255259312,0.0,0.094875
2024,00-0033891,Zay Jones,18.218953088226648,-63.44120596133983,100.20478574098274,-41.67896017911167,79.43168294225363,0.0,0.0
2023,00-0033319,Nick Mullens,18.80644364529278,-65.17096164464346,100.77083634207804,-42.53847949689269,79.2573654609715,0.0,0.0
2024,00-0033319,Nick Mullens,24.48328543473511,-57.24434308405375,105.1698215701669,-36.37750635735277,84.00313465471312,0.0,0.0
2023,00-0033857,JuJu Smith-Schuster,180.61555366047855,97.62776199291837,264.52459341354086,120.8905048607876,241.94304116388224,0.002,0.32775
2024,00-0033857,JuJu Smith-Schuster,157.89855075737967,74.1426495157835,240.86426201778312,96.9477718110364,220.0723292529884,0.000125,0.163125
2023,00-0034279,Equanimeous St. Brown,25.17375668805837,-56.53028062583884,106.16658710566404,-34.26371061309967,84.48081279864927,0.0,0.000125
2023,00-0033288,George Kittle,179.1079986693136,96.25501818412556,261.4110235523814,117.84599344128632,241.4473554020201,0.00175,0.313125
2024,00-0033288,George Kittle,179.3580814841681,98.82192601202264,261.29220544557154,119.4971063633493,239.96419325794997,0.001375,0.311
2023,00-0034115,Jeff Wilson,162.4243376997191,80.0693745315669,245.63921727673855,101.96256947339432,224.2950409251003,0.00075,0.189375
2024,00-0034115,Jeff Wilson,28.175356390764087,-54.20388786458852,109.43170875549428,-32.81822707275762,88.24531415035409,0.0,0.0
2023,00-0034272,Marquez Valdes-Scantling,167.5631461307026,84.56784471625905,250.49351862208133,106.23418467446344,227.85157677851595,0.000375,0.2155
2024,00-0034272,Marquez Valdes-Scantling,22.538229842721897,-57.83595980930524,105.65277681972869,-35.36513134335596,83.07480072281531,0.0,0.0
2023,00-0034286,Richie James,145.86401866466247,64.0156511586804,229.22938454710976,84.73945106840932,208.037061409856,0.000125,0.10375
2023,00-0034348,Courtland Sutton,175.86873020188216,91.93873540265636,259.445192552503,114.7480105457884,237.94704699229467,0.001875,0.2845
2024,00-0034348,Courtland Sutton,179.94840781683456,96.77932588926114,263.40401845832514,117.89238456140085,240.77017294820695,0.00275,0.31525
2023,00-0034646,Brandon Powell,24.503013882653672,-55.180910619644806,108.80930642355422,-35.348481401975896,85.84524959909172,0.0,0.0
2024,00-0034646,Brandon Powell,17.50973337356057,-63.81547178898524,101.66897471319405,-41.48687037476329,78.62593135321323,0.0,0.0
2023,00-0031610,Darren Waller,160.95136980420108,74.0697614995057,246.47503043171525,98.40801325270886,222.69176768448847,0.000375,0.17775
2023,00-0034577,Kyle Allen,37.28896116803186,-44.58158013122007,119.19213140038076,-23.22843989483453,98.21462618820884,0.0,0.0
2024,00-0034577,Kyle Allen,20.284543725937453,-64.11551992651545,101.40475604295958,-42.08141222171323,81.21897518255325,0.0,0.0
2023,00-0031428,Allen Robinson,34.43424384666636,-46.39453022951496,115.24691176218931,-24.626549970961324,94.79162768975031,0.0,0.0
2024,00-0031428,Allen Robinson,26.20202285636864,-56.6818763377258,109.2449025922174,-35.385576064344136,88.29074219311146,0.0,0.0
2023,00-0034054,River Cracraft,24.928841313626663,-58.03766275094125,105.902159103958,-35.93795301493081,83.36195670779358,0.0,0.0
2024,00-0034054,River Cracraft,25.4382024613314,-56.39509411306062,105.51207326594408,-32.76526402687851,85.40635137949806,0.0,0.0
2023,00-0034972,Alexander Mattison,159.18035771369034,76.443013564262,243.18256335288493,97.28331836994144,219.814498002412,0.0005,0.162
2024,00-0034972,Alexander Mattison,167.92657425318936,83.34391968509274,250.50276567740144,106.9707237935056,229.13158448377723,0.000875,0.22
2023,00-0034975,Justice Hill,20.48708369429641,-62.00678591701996,103.26457609620034,-39.60095996835347,80.20042153472454,0.0,0.000125
2024,00-0034975,Justice Hill,22.26301540295188,-60.45692481611298,105.07447585655916,-37.33932916889901,83.66363847426341,0.0,0.0
2023,00-0035250,Devin Singletary,168.19166313508887,84.85818899681779,251.0895429364582,106.57194070874289,228.28971448341431,0.0005,0.226625
2024,00-0035250,Devin Singletary,165.52098016188165,83.95359830177848,246.80504392502695,106.50193981898434,226.24761171966875,0.000375,0.213
2023,00-0035700,Josh Jacobs,240.34054967140872,156.8299297209287,323.8595479878518,178.08255387185923,301.90352055154653,0.082125,0.831375
2024,00-0035700,Josh Jacobs,189.361291705984,105.84214748582085,272.92711614695054,128.62686054697377,252.03092607414757,0.004875,0.401625
2023,00-0035644,Noah Fant,159.5985400396625,76.26243378041491,242.66644297162392,98.10256302031593,219.97328193874796,0.0,0.16925
2024,00-0035644,Noah Fant,28.04431384876364,-55.885733298126674,112.30982711711106,-33.00350629406061,88.61906264469087,0.0,0.0
2023,00-0035228,Kyler Murray,231.6945588747429,148.3202016810944,315.0072506202186,170.2622272631557,293.54292429769487,0.055125,0.766
2024,00-0035228,Kyler Murray,218.92296724188128,135.11858648965145,300.89966791211674,156.78040459949608,279.87797179166665,0.026625,0.671625
2023,00-0035537,Ty Johnson,15.966572568191898,-64.69901645087813,98.04814600578418,-42.81178789641636,75.4133488850104,0.0,0.0
2024,00-0035537,Ty Johnson,10.741606418582515,-71.33878080759177,93.46111935155804,-50.51237138546834,70.90194495513718,0.0,0.0
2023,00-0035685,David Montgomery,184.15685244533844,101.0534759207696,267.870695009458,123.24588248455557,245.80250511130535,0.004125,0.351875
2024,00-0035685,David Montgomery,176.57095965233094,93.67878972702285,258.43392413558445,116.61174441835747,237.51476695225088,0.002,0.288
2023,00-0035639,Parris Campbell,163.54613274065025,83.3619881947529,247.2011959815094,104.16330634409118,224.21668731858244,0.001,0.194625
2024,00-0035639,Parris Campbell,20.273814353272307,-60.67636338276466,103.18790989516576,-39.6562250114883,80.14958060473629,0.0,0.0
2023,00-0035289,Gardner Minshew,23.742570167859046,-59.6609397996826,105.04424173581288,-36.55524289988113,84.34197232157813,0.0,0.0
2024,00-0035289,Gardner Minshew,169.31662399271227,88.12965605454451,252.19401796729863,108.78506619779968,230.4044373153209,0.00125,0.238625
2023,00-0035664,Darrell Henderson,21.669793743643872,-58.97226700292549,103.36717136343704,-37.4975909741349,82.60456142257561,0.0,0.0
2023,00-0035261,Tony Pollard,180.3385631783665,97.75748667562767,263.6888434311728,120.07098690146138,241.3379240343436,0.00225,0.31975
2024,00-0035261,Tony Pollard,177.79153100520023,94.91267935430592,260.2483287046003,116.5993514928098,239.0412979423683,0.002,0.29275
2023,00-0035710,Daniel Jones,224.5345552474285,140.12753374107075,304.4799401693412,163.21537417719446,284.7072683844339,0.034375,0.719125
2024,00-0035710,Daniel Jones,175.9927238110154,94.00168873233268,258.32141030906126,115.68249144614744,236.32800202672504,0.0015,0.294
2023,00-0033858,Jonnu Smith,26.522453678249885,-55.32510067709409,108.77419402742244,-34.40888635136501,87.88899220238717,0.0,0.0
2024,00-0033858,Jonnu Smith,142.06342671527045,59.91294297404627,224.57612523341288,81.3054806940214,203.14478901819427,0.0,0.08675
2023,00-0035628,D'Ernest Johnson,15.621012025785609,-67.16018282139557,97.24461227455588,-43.876188561032514,75.24065403375049,0.0,0.0
2024,00-0035628,D'Ernest Johnson,25.58022824447553,-57.98805008432387,108.86878157494245,-35.29115319053852,87.27546659185415,0.0,0.0
2023,00-0035243,Miles Sanders,176.25188153468758,91.40962327063887,259.2728359403611,114.52453882314136,237.75484043187672,0.001875,0.294125
2024,00-0035243,Miles Sanders,168.0402803551141,86.95060394112097,250.82874133331268,108.34013230328203,228.8223366378255,0.000875,0.23475
2023,00-0034928,Steven Sims,23.65700760303633,-56.43866037359064,106.31036485424444,-35.0535312628712,84.04398434259288,0.0,0.0
2024,00-0034928,Steven Sims,13.503598355407018,-68.41188624492503,95.3627485639026,-46.57279868791862,72.89382948234281,0.0,0.0
2023,00-0034771,Mason Rudolph,21.64428371177049,-58.19811985532957,106.87629540428372,-37.87170971466672,84.24934281908772,0.0,0.0
2024,00-0034771,Mason Rudolph,13.724448800273684,-70.28372329047461,93.4372114232994,-46.67506090632347,73.63534497996234,0.0,0.0
2023,00-0035719,Deebo Samuel,198.67695916023808,116.78807690135376,282.47136347670374,137.53329495514544,259.0679369716452,0.0085,0.4875
2024,00-0035719,Deebo Samuel Sr.,190.58496712270107,106.021383564628,271.6890297816808,129.12489136017652,251.55996622623329,0.00325,0.411875
2023,00-0035140,Mecole Hardman,157.9397133974845,75.89452235481217,240.29790598218483,96.75853627373904,219.0732234206871,0.00025,0.156625
2024,00-0035140,Mecole Hardman,30.80506375253885,-50.82562328009332,111.414332741641,-30.487074045163503,90.52369195546758,0.0,0.000125
2023,00-0035689,Dawson Knox,158.2895107093074,74.8711054852818,241.8661671450557,97.98557942637584,220.4612310571024,0.00025,0.165125
2024,00-0035689,Dawson Knox,24.18656948315264,-58.19469714535152,107.16605856797412,-36.64277347254577,86.05894838476422,0.0,0.0
2023,00-0035215,Deonte Harty,8.333844771698498,-75.05773693206439,93.8408832203546,-52.45310590146933,68.89499844067203,0.0,0.0
2023,00-0035645,Gunner Olszewski,29.011030191372903,-51.473519544100085,112.67878025722578,-30.911918334919942,90.61184590620805,0.0,0.0
2023,00-0035264,Jarrett Stidham,35.75944797490235,-46.815283860055175,117.99709927705716,-25.460782917408626,96.31284030920013,0.0,0.0
2024,00-0035264,Jarrett Stidham,23.438080053858847,-61.18112157135237,106.122973361274,-37.01811810434198,84.37785400216936,0.0,0.0
2023,00-0035216,Diontae Johnson,207.65396774925568,124.30744858855614,290.74228690808684,146.5005772158407,268.56633375908217,0.01425,0.570875
2024,00-0035216,Diontae Johnson,176.69781843234898,93.7740350665453,257.3139134033453,114.92225675287072,235.9092938059411,0.002,0.281125
2023,00-0035125,Alec Ingold,31.483357961507583,-50.21760761508038,111.47097170652316,-29.194733404285905,91.2941340420231,0.0,0.0
2024,00-0035125,Alec Ingold,33.54610251848882,-48.30899493168934,115.59837014900742,-26.728754921952017,93.95305686964934,0.0,0.0
2023,00-0033854,Dare Ogunbowale,22.18082716039807,-59.16463611095631,105.31114916474168,-38.38498129155423,82.14411972176507,0.0,0.0
2024,00-0033854,Dare Ogunbowale,12.69649489313318,-68.33169781911666,98.19986474911424,-46.338056152284864,75.32435384915043,0.0,0.0
2023,00-0034159,Will Dissly,16.053217966213854,-66.35132375713303,101.18121490240333,-43.58696322973977,76.59236952413796,0.0,0.0
2024,00-0034159,Will Dissly,30.53589523325471,-52.831753366261935,114.75526046786608,-30.9078971716432,91.33194398121312,0.0,0.0
2023,00-0035298,Scott Miller,20.5670137884572,-61.35299532882224,101.6220113870686,-39.565568430590005,80.65167833972234,0.0,0.0
2024,00-0035298,Scott Miller,25.064637162178958,-58.38941561967508,105.50150627020544,-36.3075183796886,84.97404086660825,0.0,0.0
2023,00-0034414,Boston Scott,21.204858518249225,-60.4132165680345,102.12131960300373,-40.42515901326969,82.15457619807545,0.0,0.0
2023,00-0035640,DK Metcalf,222.42364351280955,139.74631589679748,304.7189474276682,161.30164078450707,282.8506252988135,0.032625,0.70425
2024,00-0035640,DK Metcalf,208.70737131097093,126.21846305940852,290.4701310256822,148.00693727237294,267.958012853143,0.0145,0.579875
2023,00-0034777,D.J. Chark,34.303862391887286,-50.28561213424391,115.94361069209651,-27.07383877912476,95.28389206105624,0.0,0.0
2024,00-0034777,DJ Chark,25.23692361087851,-57.05762263040979,107.04921506792375,-35.81377020841014,84.25369124332548,0.0,0.0
2023,00-0035676,A.J. Brown,225.926079527618,140.94700535881276,310.54344675127834,164.17126967196666,286.55152236656903,0.0405,0.7275
2024,00-0035676,A.J. Brown,235.85285449157985,152.6090764612802,316.9848759166761,174.91025140440493,296.06813592704754,0.06325,0.805625
2023,00-0035657,Damien Harris,145.42698724731707,62.17198714913548,227.9339114695493,84.1280675080779,205.85594403802463,0.0,0.098
2023,00-0034419,Braxton Berrios,18.843458281630006,-63.79762146550617,101.45481495987876,-42.63654802637351,77.96103759904697,0.0,0.0
2024,00-0034419,Braxton Berrios,143.10678126887188,61.30603689057487,225.4755318279895,82.75142187578983,202.5848129832983,0.000125,0.084375
2023,00-0034177,Tim Boyle,22.00384688544184,-61.0945421656591,103.69809177550611,-38.010486749282336,81.29147695405639,0.0,0.0
2024,00-0034177,Tim Boyle,11.595636580539855,-72.52219444436338,95.21293317203654,-49.81791996620715,72.18360458192636,0.0,0.0
2023,00-0032765,Michael Thomas,52.067281643225016,-30.144416850189156,134.22494705723932,-8.505034771196506,112.23448659170552,0.0,0.000375
2024,00-0032434,Brandon Allen,20.083795318185214,-62.37010599836544,103.10797709995998,-40.56296954322976,80.78808672675214,0.0,0.0
2023,00-0033921,Chris Godwin,196.21686800790883,112.04011378974126,279.0304250561492,135.66983085111633,256.66938673651464,0.006375,0.4645
2024,00-0033921,Chris Godwin,184.8633902739886,100.0164476382878,268.15696818691674,122.89929507611872,245.71908973371623,0.002375,0.353375
2023,00-0035259,Trevon Wesco,39.05674882008044,-42.52945857932144,122.50729799546944,-21.555143741847875,100.4390064829427,0.0,0.00025
2024,00-0035311,Myles Gaskin,19.69296919320206,-65.07248939289788,104.85473042192557,-42.40317094921303,81.25752853160577,0.0,0.0
2023,00-0034521,Allen Lazard,168.84650600560934,86.71179061657664,250.5992168739917,107.62368589360612,227.8226137725532,0.00075,0.226
2024,00-0034521,Allen Lazard,156.7861620661538,74.54630271817719,238.9273254653092,97.36055933351872,216.5161240172411,0.0005,0.148375
2023,00-0035704,Drew Lock,32.6004007925589,-49.53770073132462,113.71543042245456,-27.989179659062657,92.7868256346689,0.0,0.0
2024,00-0035704,Drew Lock,16.69913954716568,-65.43387426064707,97.41552152602632,-45.32201982980133,76.31770618879618,0.0,0.0
2023,00-0035594,Travis Homer,30.813703222462163,-50.80703433522003,115.4071002686349,-29.72563270826552,91.08422978028844,0.0,0.0
2024,00-0035594,Travis Homer,22.827529069655576,-60.61754485887637,103.54370907666606,-37.8602408543288,81.98575556388614,0.0,0.0
2023,00-0035500,Greg Dortch,20.712979792386164,-62.95841844467435,102.68495662737897,-40.98055207016049,81.05935845227249,0.0,0.0
2024,00-0035500,Greg Dortch,26.69819644827165,-56.10443815787874,107.99305962826467,-33.03794643580392,87.6703898576406,0.0,0.0
2023,00-0034959,Andrew Beck,27.25182285722753,-54.788642599194176,107.51645138038398,-32.78751727467671,87.26314963219205,0.0,0.0
2024,00-0034959,Andrew Beck,16.429954842615466,-66.32541259166062,98.39130670103935,-44.846950129368814,76.09486877908977,0.0,0.0
2023,00-0035184,Devine Ozigbo,10.691680652316828,-71.60123256897151,93.404523450355,-49.34671684500881,70.0909901333051,0.0,0.0
2023,00-0034983,Hunter Renfrow,165.606711647474,82.45894818724845,248.4636928683116,106.35781313780876,226.9280426632929,0.00075,0.209
2023,00-0036275,D'Andre Swift,166.49694466241226,83.16316032640665,247.41723439926588,105.98803627337186,226.15554956299508,0.001,0.2065
2024,00-0036275,D'Andre Swift,183.9506386847244,101.53769497955848,266.21241408875926,123.18430126415672,244.45662866425252,0.003,0.3475
2023,00-0036158,J.K. Dobbins,167.98577714368747,88.05589225967975,250.24027751359736,109.1740812362562,228.22824154168356,0.000375,0.230125
2024,00-0036158,J.K. Dobbins,32.55124242310211,-52.31190663629597,116.3389984203979,-28.869588574545595,95.87420339092668,0.0,0.000125
2023,00-0033376,Patrick Ricard,22.070739910046463,-59.25957234078773,104.4366259594412,-37.62558193238917,82.36565377927154,0.0,0.0
2024,00-0033376,Patrick Ricard,26.719508703614306,-55.842301807875984,109.04889944922822,-33.620663508310386,88.03443869665178,0.0,0.0
2023,00-0036414,Cam Akers,168.4449865581296,86.17823583319569,249.61530183809865,108.03189427688922,228.32010623799212,0.0015,0.221875
2024,00-0036414,Cam Akers,30.752461936330235,-50.88723573712637,110.66143357879992,-29.70866117959962,90.09007849700272,0.0,0.0
2023,00-0036265,AJ Dillon,162.93698979485862,80.15543497248044,247.05501138655904,101.35247325692816,223.67501574922332,0.00075,0.190875
2023,00-0036360,Clyde Edwards-Helaire,162.1163890193066,78.46998703439314,243.8458643521268,100.18296680449636,222.4896058756785,0.0005,0.1885
2024,00-0036360,Clyde Edwards-Helaire,30.36183902821953,-54.03593721964519,111.58027469917756,-30.645715196046044,89.30917820647383,0.0,0.0
2023,00-0035831,James Robinson,28.171575936610928,-54.55537558354295,109.8719569541005,-32.99292379632799,88.64916480094098,0.0,0.0
2023,00-0036223,Jonathan Taylor,209.2214922401544,124.2737430445366,292.67064918342254,146.46865571245584,270.31824139076184,0.01675,0.58675
2024,00-0036223,Jonathan Taylor,183.21784723784407,97.61737959541875,267.7790281722045,120.70191400278156,245.02064614744413,0.00225,0.351125
2023,00-0036268,Laviska Shenault,24.30929429118864,-56.914716806892656,107.9085038897554,-36.14418816163385,83.87737530447306,0.0,0.0
2024,00-0036268,Laviska Shenault Jr.,13.523749220043827,-70.65993498345486,94.23397297606694,-49.0406203903102,73.23024718611045,0.0,0.0
2023,00-0036442,Joe Burrow,255.95054507624263,171.51321204238624,341.14018320300164,194.15784980102683,320.42143737569273,0.15825,0.90425
2024,00-0036442,Joe Burrow,246.1427894245438,162.9205337989958,330.0583686942594,185.06286138678425,306.7779687309932,0.098375,0.863125
2023,00-0036370,Joshua Kelley,27.980536217639735,-54.78293094886485,109.05268140921308,-33.45158960500057,87.20627336733996,0.0,0.0
2024,00-0036096,J.J. Taylor,31.465955363069742,-50.834852623957545,114.08645257895698,-28.606321215681444,91.8464898212182,0.0,0.0
2023,00-0036251,Zack Moss,33.69594654017642,-46.92475318449858,118.55359911876342,-24.96440651089933,94.96217455378424,0.0,0.0
2024,00-0036251,Zack Moss,155.4378211109081,71.57806488853589,237.90099966195217,95.03582714890808,216.1374964550371,0.000625,0.142
2023,00-0036328,Antonio Gibson,187.81887850846945,106.8356420901166,271.8147498175963,128.19912658820877,249.042013294628,0.0055,0.38925
2024,00-0036328,Antonio Gibson,38.68664359224696,-43.616509482327096,121.66230878154671,-23.74184012841091,99.0668098387904,0.0,0.0
2023,00-0036387,Jalen Reagor,15.235256340455262,-65.21863633678454,97.13333250404074,-45.14066121663312,76.20924251480353,0.0,0.0
2024,00-0036387,Jalen Reagor,32.28002626290538,-51.91708355776949,115.37369081049393,-28.50128723911427,93.70082459594586,0.0,0.0
2023,00-0036326,Chase Claypool,160.1192918058419,77.0606600723008,243.236685045428,99.27776398214291,221.1004122120571,0.0005,0.169875
2023,00-0036358,CeeDee Lamb,238.3810968794685,153.23826022102236,319.401502953966,177.5373426938357,298.42843274080514,0.070125,0.821
2024,00-0036358,CeeDee Lamb,281.5465701549461,196.1359206196639,363.5853385322387,218.75118755881277,340.549874490645,0.32775,0.969625
2023,00-0036196,Gabe Davis,183.30613081345217,102.17040931526768,265.79393362907,123.78509699506662,242.92776390002632,0.00275,0.347875
2024,00-0036196,Gabe Davis,162.8810087718348,83.60233020238145,246.9365858801521,103.60757363417252,225.5608746054017,0.00075,0.193625
2023,00-0036355,Justin Herbert,296.8562331531036,212.3357018871289,381.9958099487194,234.74250931214945,359.48535304519777,0.47375,0.987125
2024,00-0036355,Justin Herbert,242.71531858200063,159.71015229829342,327.1831360039142,181.08111496071663,304.2915006082375,0.091125,0.841625
2023,00-0036415,Van Jefferson,31.99189574421436,-51.02372093497864,113.28410795306876,-29.5302375522278,92.77360840587876,0.0,0.0
2024,00-0036415,Van Jefferson,20.578670126418903,-62.77514965489544,103.22156197997496,-40.04158557755782,82.07343428965211,0.0,0.0
2023,00-0036269,La'Mical Perine,15.29307669575557,-67.81213547997235,96.45656848798858,-45.884737302896816,74.38680895476519,0.0,0.0
2023,00-0036389,Jalen Hurts,286.1350653651311,201.3467477047135,369.5338839759426,223.9528011907051,347.53071114724924,0.37575,0.976375
2024,00-0036389,Jalen Hurts,297.69997342232614,211.26379955140612,384.8739986928727,234.34316114595816,361.7011402293273,0.479375,0.986125
2023,00-0036336,Anthony McFarland,17.341555910215035,-63.10734088112456,98.86983018183842,-42.69088889377407,78.2822230273542,0.0,0.0
2023,00-0036261,Brandon Aiyuk,188.85442242108493,106.83500444006675,270.61207904009296,130.02713486239782,249.9812975361158,0.0025,0.39525
2024,00-0036261,Brandon Aiyuk,202.08675452777112,120.95363495631514,285.63048943939924,141.20202751179306,263.5725426948925,0.011,0.51925
2023,00-0035806,Jamycal Hasty,20.35934944875733,-61.81695211379518,101.98086991996166,-39.11008061682006,82.27666181393823,0.0,0.0
2024,00-0035806,JaMycal Hasty,13.259591943561468,-69.40739389286891,94.42847951508485,-48.93219423839192,72.10613814536251,0.0,0.0
2023,00-0034955,Brett Rypien,23.71353535421379,-59.37228278038019,104.79959225855322,-36.472331558367046,83.75817669449508,0.0,0.0
2023,00-0036297,Darrynton Evans,14.838020726006704,-67.47344967200557,94.99321649645394,-47.306746044902894,74.06571837386575,0.0,0.0
2024,00-0036297,Darrynton Evans,25.005915471436047,-58.31158110699159,108.46068514235684,-35.26241258785179,85.42932569503832,0.0,0.0
2023,00-0035659,Terry McLaurin,204.67594499382767,122.36841050457872,286.3516921713179,144.4522856229159,265.5703559638117,0.012625,0.546375
2024,00-0035659,Terry McLaurin,195.9794617152354,114.39074108406196,278.15755650531617,136.12157217819015,256.2863882360173,0.007125,0.4635
2023,00-0036309,Darnell Mooney,169.13863719864392,85.23110733377202,251.72751510995556,109.12883827048742,229.7246710162059,0.000625,0.232
2024,00-0036309,Darnell Mooney,33.87002534054524,-47.62304226826202,115.44845332630604,-25.15019718595297,93.78760999391083,0.0,0.0
2023,00-0036410,Tee Higgins,209.13700068097432,125.79555274859752,292.67606688542924,145.79502026002427,270.56426974812075,0.017625,0.592375
2024,00-0036410,Tee Higgins,189.4817532455805,105.83867492836134,271.44470195434246,128.16370915685434,249.8008056782828,0.004375,0.4035
2023,00-0036450,Ke'Shawn Vaughn,16.92658032518822,-66.7131731128289,100.1344704670172,-44.42012616531015,77.83625954723098,0.0,0.0
2024,00-0036450,Ke'Shawn Vaughn,21.81880805197931,-62.30436977771066,106.38973658684851,-38.65405898479166,82.8579444797354,0.0,0.0
2023,00-0036364,Lynn Bowden,17.652485975789023,-66.06544290017777,101.79448680223078,-41.0530347519895,78.61008307632157,0.0,0.0
2023,00-0036425,DeeJay Dallas,24.074735577938117,-55.61108293842376,109.09017108381376,-35.591387831535734,86.10111260918606,0.0,0.0
2024,00-0036425,DeeJay Dallas,13.593991011951712,-67.56075132644018,94.8221748752403,-46.09912449071872,73.99732512347435,0.0,0.0
2023,00-0036331,Devin Duvernay,23.32108579631237,-59.99527195837008,104.5178221847647,-36.90395439282998,81.79626910821523,0.0,0.0
2024,00-0036331,Devin Duvernay,15.120370184728408,-65.92791826115004,94.50860611521152,-44.79052184662724,75.17569008024603,0.0,0.0
2023,00-0035662,Marquise Brown,190.38293875723636,107.9561775970638,271.52212842722537,129.82613263615718,250.14299121772055,0.00425,0.409625
2024,00-0035662,Marquise Brown,170.39818098448728,86.92328782370559,254.8704878155155,108.18898235026931,231.1386537281016,0.001125,0.245625
2024,00-0035021,Ashton Dulin,24.86934200010166,-60.3331692315787,105.68145016310432,-36.89251123292343,84.01356717748956,0.0,0.0
2023,00-0035414,Jalen Guyton,10.432293692570283,-70.49163685566052,91.0111202296789,-49.89441376524239,71.16363764279811,0.0,0.0
2023,00-0034418,Ced Wilson,25.88936224428468,-55.8032916210808,110.32147097021875,-33.63906245014946,87.46135327213578,0.0,0.0
2024,00-0034418,Cedrick Wilson Jr.,33.37511180093871,-49.66276629872101,117.4670860360204,-28.37295363417311,94.53648761799926,0.0,0.000125
2023,00-0036139,Rico Dowdle,20.906553735488444,-61.792992253700696,102.44038796627098,-40.21624806839911,82.46059685811501,0.0,0.0
2024,00-0036139,Rico Dowdle,155.09176276316816,71.38835993284388,238.84794545052804,94.92855385988427,216.0537970138629,0.000125,0.145
2023,00-0036212,Tua Tagovailoa,224.78910509662416,138.03200248737787,306.0697945755711,161.79571678653048,285.8418322970197,0.035875,0.711
2024,00-0036212,Tua Tagovailoa,240.83057532500936,158.6399454864067,323.1280388498613,181.73363151176235,300.7695635632704,0.077125,0.834
2023,00-0035535,Darius Slayton,149.32499993675282,67.77307302911443,231.2709067678975,89.30547021974232,209.83854344244963,0.00025,0.116
2024,00-0035535,Darius Slayton,157.5825170248376,74.96828211672168,240.5279237828232,95.98401127095322,218.7680567782745,0.00025,0.1585
2023,00-0035208,Olamide Zaccheaus,27.78283159101657,-53.93827031758065,112.56165731962022,-32.69310841391854,91.36412765436532,0.0,0.0
2024,00-0035208,Olamide Zaccheaus,25.404269169471117,-58.13926354193596,108.78516485993438,-35.89305448231987,85.75931836429497,0.0,0.000125
2023,00-0035282,Easton Stick,14.436401108586878,-70.13121007039514,96.75826427085936,-47.41620176757497,75.62689618214034,0.0,0.0
2023,00-0034960,Jakobi Meyers,178.12077741874654,94.734363658031,260.5572884551387,117.14739189158188,238.74434796708255,0.001375,0.299125
2024,00-0034960,Jakobi Meyers,169.79133401549066,86.21131255061933,251.50438088372,109.29156690116172,229.7882607595956,0.00175,0.2405
2023,00-0033275,PJ Walker,18.4093606028426,-63.42673113461193,100.60529020385388,-40.626220819271744,78.7765211887842,0.0,0.0
2023,00-0035480,Malik Taylor,12.76840605689454,-70.68730168948234,94.51252353426965,-48.92758459560629,73.88597808673197,0.0,0.0
2023,00-0036020,Salvon Ahmed,11.688893387111005,-70.58889327559302,94.28556368956126,-48.57883673244636,72.06444513029811,0.0,0.0
2023,00-0035291,Trayveon Williams,9.933168899114913,-72.41120150627144,93.91826142558324,-50.88171543420351,70.5270151485825,0.0,0.0
2023,00-0036252,Michael Pittman,215.3844323934568,130.28335750803453,297.7283614476279,153.9390662511619,274.7522442449288,0.022125,0.643625
2024,00-0036252,Michael Pittman,214.39159652934808,132.30384831393405,295.1197195298955,153.43773367822544,273.6849543469885,0.019,0.6265
2023,00-0036345,K.J. Osborn,160.76753954225714,79.48309425024775,245.19933264755124,99.61986040444096,221.5682609432008,0.000125,0.17575
2024,00-0036345,K.J. Osborn,155.00092958433137,71.55968535392941,236.58332673531663,94.92659916582195,215.32628251436995,0.00025,0.141625
2023,00-0033110,Tyler Higbee,159.46580178884216,74.92417268877989,241.99558238683116,98.05032895956624,217.9180102590112,0.0005,0.165875
2024,00-0033110,Tyler Higbee,150.02173165778703,67.61777801863937,232.1237573267638,89.55714140500957,210.44485969688336,0.0,0.116375
2023,00-0034364,Jordan Akins,21.96572489934177,-58.64175705167069,104.8637559319349,-37.006706875517565,83.65341400817026,0.0,0.000125
2024,00-0034364,Jordan Akins,19.26335320418024,-63.09430853680837,98.0941711789002,-41.44165314341456,77.834007297954,0.0,0.0
2023,00-0034171,Jason Cabinda,6.128366158463463,-77.72925105483765,88.90848464908062,-55.55302654352816,66.77748552321341,0.0,0.0
2023,00-0036322,Justin Jefferson,284.68622314450784,200.27195451013165,367.44498054731184,222.7026932569202,345.019417324168,0.361625,0.97525
2024,00-0036322,Justin Jefferson,243.07909556112816,159.15242456224703,327.2789081467392,181.77128203304056,305.1000612118239,0.092125,0.842
2023,00-0035229,T.J. Hockenson,182.3126338940565,98.39196343013523,265.707817602158,121.16044942276751,243.61334618749385,0.0035,0.34125
2024,00-0035229,T.J. Hockenson,191.1278540338251,108.80825299450191,273.2124681230606,131.66132264916538,252.432871339579,0.004375,0.414625
2023,00-0035993,Tyler Huntley,26.981698715496663,-55.61662549288447,109.90472659550755,-33.38081383943732,87.24292410144739,0.0,0.0
2024,00-0035993,Tyler Huntley,6.229627521552738,-75.82423288569275,88.49108713921005,-54.085661050267625,66.69379834658382,0.0,0.0
2023,00-0032775,Demarcus Robinson,24.324986860619013,-58.467363643282674,104.08010191686698,-35.395503922801886,82.53448832345214,0.0,0.0
2024,00-0032775,Demarcus Robinson,136.56746245259092,53.01462716102354,219.28228950097431,74.85358368528277,197.80277467985732,0.0,0.068125
2023,00-0032062,Blake Bell,29.08841703602601,-53.98409877238125,110.09288679553936,-31.14416868814917,89.92436861955144,0.0,0.0
2023,00-0033591,Noah Brown,20.93220825468765,-60.724931339978056,104.3021348388982,-38.51595835448581,79.84251767618524,0.0,0.0
2024,00-0033591,Noah Brown,9.98443771147828,-74.00304914790121,92.03271061543924,-50.80663809613727,71.31094942058759,0.0,0.0
2023,00-0036290,Cole Kmet,157.36942627944546,76.79467612083425,239.87873352687825,98.0982891118892,218.51513708347505,0.0,0.15775
2024,00-0036290,Cole Kmet,170.18306099653842,87.46736000134649,259.3181917236128,109.40658497830792,233.156834389348,0.00175,0.241375
2023,00-0035567,Craig Reynolds,18.7492038554875,-64.70857172874211,100.83008087967372,-41.26116401243698,77.762284136036,0.0,0.0
2024,00-0035567,Craig Reynolds,17.450301801096927,-64.83318994215324,99.47656246981563,-42.99575777934478,77.9285647981632,0.0,0.0
2023,00-0035860,Tony Jones,12.51718050744962,-70.3496722743538,92.12395140917216,-47.344831476461245,71.58780190497346,0.0,0.0
2023,00-0036945,Justin Fields,243.38684484204165,157.81024131219144,326.8466687127719,180.5563455709228,304.7015250439311,0.093875,0.846875
2024,00-0036945,Justin Fields,190.99505581077145,105.54090798971332,273.6830980144231,128.96501953942737,251.0479747040965,0.006,0.414125
2023,00-0036997,Javonte Williams,177.56563241040797,94.57719177174576,261.2279822443917,116.1118379077116,238.79910755330383,0.002,0.296625
2024,00-0036997,Javonte Williams,179.86213975173706,96.2355862373214,262.5680471435255,119.43001575730182,240.4525570341891,0.00225,0.324375
2023,00-0036264,Jordan Love,44.37509430294105,-37.269257610894506,125.11958634166362,-16.237581477905586,105.1741056389414,0.0,0.0
2024,00-0036264,Jordan Love,236.6997809596437,152.37121365181926,322.0560958850059,173.56122141395193,298.3964580059182,0.0705,0.8025
2023,00-0036971,Trevor Lawrence,255.7393272188878,172.14244282136238,342.35420157850257,193.30650063635667,317.9519115691517,0.151125,0.897375
2024,00-0036971,Trevor Lawrence,251.90593301230615,167.66732979669212,336.0744688207904,190.3128069282484,313.81321358444245,0.130875,0.8855
2023,00-0036972,Mac Jones,202.7617563745877,119.780845328892,285.84311866009995,142.1263351113416,263.3505919570844,0.011125,0.524
2024,00-0036972,Mac Jones,30.967662820387567,-51.49917293707546,111.3486648058609,-28.787043817319265,90.40509427978346,0.0,0.0
2023,00-0036875,Rhamondre Stevenson,200.9559074016877,117.56695912633631,284.3799774648745,140.0713231791243,260.19376623224707,0.00875,0.508125
2024,00-0036875,Rhamondre Stevenson,183.84345915017883,102.35803210825844,266.0240507024656,124.21218836929438,244.0372438462959,0.003875,0.345125
2023,00-0036900,Ja'Marr Chase,243.8417866529375,161.07414013830768,326.6992231520057,182.84180712817027,303.8990109105056,0.090625,0.84625
2024,00-0036900,Ja'Marr Chase,245.0576455741304,161.01902438158555,326.140080152418,186.3206242807032,305.7885052226636,0.097875,0.8645
2023,00-0037013,Zach Wilson,168.74129098131715,85.95573295219448,250.012025503016,108.39006527201848,229.03021868753345,0.0005,0.230125
2023,00-0036924,Michael Carter,35.35629313891648,-48.85929953258402,115.2318322986462,-25.49282200236679,93.718853351993,0.0,0.000125
2024,00-0036924,Michael Carter,25.974640079360604,-56.93423600212577,108.46736499926077,-35.56721171289221,86.82753200578252,0.0,0.0
2023,00-0036919,Kenneth Gainwell,28.30202392699741,-54.01223668183033,110.31131622580384,-32.26476979624938,88.28917516585786,0.0,0.000125
2024,00-0036919,Kenneth Gainwell,32.197224846533,-50.817835010347686,112.91252925838636,-28.510398883231023,91.2159668658028,0.0,0.00025
2023,00-0036893,Najee Harris,213.3653504809732,132.599464219162,295.63160064707074,153.39585309587451,274.0193619918646,0.019375,0.62525
2024,00-0036893,Najee Harris,192.9094314430335,110.00101789500788,275.67684900398064,132.73971891968404,253.59514602589567,0.0045,0.430625
2023,00-0036620,D'Wayne Eskridge,22.76366714921784,-61.62674325220371,108.72716514043228,-38.04754475687254,84.65918619458975,0.0,0.0
2024,00-0036620,Dee Eskridge,26.015025880702076,-58.1303873264983,109.83895515083736,-33.46034439734665,88.02139208253513,0.0,0.0
2024,00-0037012,Trey Lance,22.84840393960552,-59.968381044240815,105.48427898292736,-38.21283842471196,82.82227948765318,0.0,0.0
2023,00-0036567,Elijah Mitchell,40.35167460884678,-42.21382338657974,124.93481642855777,-21.05334425955808,102.17278603474084,0.0,0.0
2023,00-0036613,Jaylen Waddle,230.49443150074484,148.33612001353248,312.13533328377406,169.74618995070887,290.1233450513246,0.047875,0.765375
2024,00-0036613,Jaylen Waddle,224.3603492093839,138.53169355918715,307.0871950254359,161.96196295490077,283.8024561069618,0.035125,0.70675
2023,00-0036187,Reggie Gilliam,23.9366304504044,-58.6714133062695,105.69942507943809,-37.354958432970754,83.54583468349695,0.0,0.000125
2024,00-0036187,Reggie Gilliam,34.07766302814149,-49.67785851377704,115.19384293667936,-26.1706070035213,94.5366665814184,0.0,0.000125
2023,00-0036898,Davis Mills,163.07686000593475,80.26600722111723,245.1318038622601,103.51798957989756,224.5682164021612,0.000375,0.18625
2024,00-0036898,Davis Mills,27.73873584123671,-54.31690749051256,107.77516081186636,-32.498883497104494,89.04349249475705,0.0,0.00025
2023,00-0033307,Kendrick Bourne,28.730110566495,-55.91388189320367,109.37266391219616,-32.45411108519843,88.44255265031198,0.0,0.0
2024,00-0033307,Kendrick Bourne,21.32104713506176,-60.64127089532717,102.40966703260425,-38.662321089294124,82.1184552392869,0.0,0.0
2023,00-0036555,Chuba Hubbard,37.31102885775715,-44.12490538672588,119.10044099384643,-23.06041097930032,96.6593616011968,0.0,0.00025
2024,00-0036555,Chuba Hubbard,165.79224008671244,84.16426466619002,249.54237399108248,105.0668529849791,226.12474523771195,0.000625,0.205875
2023,00-0036984,Trey Sermon,17.573864241577475,-66.78886823813757,100.75424033533515,-43.315066285373526,78.7318657461289,0.0,0.0
2024,00-0036984,Trey Sermon,19.85317799001993,-63.20776892158637,103.12535588167756,-40.01856176464407,81.44853267357954,0.0,0.000125
2023,00-0036936,Rondale Moore,157.9963633531396,77.2541920519596,242.3699627826548,98.44540536254044,219.85807819888697,0.00025,0.16775
2023,00-0036569,Gary Brightwell,15.230338501935169,-66.60777778365978,97.05026752316608,-44.88234816752281,76.0098413381302,0.0,0.0
2023,00-0037005,Tommy Tremble,28.552067645182348,-52.37504761414967,111.9425326706626,-31.77262984136816,90.6348862966094,0.0,0.0
2024,00-0037005,Tommy Tremble,17.503331032443782,-63.89487495622586,101.81055800376669,-44.43569265697698,79.9895516642019,0.0,0.000125
2023,00-0036860,Jake Funk,12.186915973759548,-70.74772259013221,92.08530159109814,-48.80223528185558,71.30565871529046,0.0,0.0
2023,00-0036626,Dyami Brown,21.66806216465216,-61.19171422055145,105.250445805778,-38.37017475564549,81.86808964401813,0.0,0.0
2024,00-0036626,Dyami Brown,25.654544580163567,-57.24998526996832,108.1726716668318,-35.688365155738445,85.79267036586467,0.0,0.0
2023,00-0036906,Khalil Herbert,160.0969582323615,79.03997322361914,243.23430531198247,100.31609244701448,221.3195645418654,0.001,0.17325
2024,00-0036906,Khalil Herbert,155.66121478560493,73.10753393592366,237.84547677137115,93.61801784301224,215.57824945665476,0.00025,0.140625
2023,00-0034297,Byron Pringle,19.68759585351001,-62.4397489205804,104.39920488639132,-40.89272338126623,81.39947395433096,0.0,0.0
2023,00-0036913,Kadarius Toney,33.49736290089602,-49.3250735215809,116.6201308609813,-25.593993400945305,94.35690100238988,0.0,0.000125
2024,00-0036913,Kadarius Toney,23.59603082097933,-59.18349597446068,106.66419581384444,-37.4758317194665,86.01279894294456,0.0,0.0
2024,00-0036825,Feleipe Franks,28.840190093316068,-54.42243088248015,110.19092403679058,-31.65979089159128,88.00917073682608,0.0,0.000125
2023,00-0036849,Tutu Atwell,22.044369830296645,-59.35182434526124,103.96458538315956,-37.93445109724377,82.92085629543682,0.0,0.0
2024,00-0036849,Tutu Atwell,139.2544748220274,57.573845802610656,221.5478238750421,78.70156722509326,199.7258879573713,0.0,0.07375
2023,00-0035924,Jonathan Ward,12.270710310220611,-71.23454363379344,94.17157935719324,-47.63198286173159,73.65716771090956,0.0,0.0
2024,00-0035924,Jonathan Ward,18.06536509982568,-64.8187345208353,101.3659832156834,-42.75580659772324,78.01700481289069,0.0,0.0
2023,00-0036857,Chris Evans,23.69430032324152,-57.61883823351809,103.90332182347667,-35.25041592218372,83.56412671815882,0.0,0.0
2024,00-0036877,Jaelon Darden,23.88193984210208,-60.3982963036576,108.09870559973562,-38.36496556193186,86.07157877571865,0.0,0.0
2023,00-0034401,Mike White,15.865777383228233,-65.57995787310279,101.959745173004,-44.11959646938635,77.56048930976274,0.0,0.0
2023,00-0036980,Elijah Moore,153.9701485586756,73.56610782039667,233.8283546460014,91.96232956227496,213.7828996364701,0.000375,0.13725
2024,00-0036980,Elijah Moore,157.63671518601228,72.84645556734857,240.06641070251752,95.2769848282803,217.86978127765528,0.000125,0.151625
2023,00-0036991,Amari Rodgers,32.318635792839515,-52.25687551899368,114.8113734409988,-29.335209055092296,93.83344878085202,0.0,0.0
2023,00-0035715,Derrick Gore,23.504098583453214,-60.3027245884187,105.47698369558694,-36.46414232594201,83.90680419083174,0.0,0.0
2024,00-0036670,Jermar Jefferson,26.38266435785265,-54.99905220854647,110.20003196127628,-35.02749143247608,88.9992419731093,0.0,0.0
2023,00-0036407,Jerry Jeudy,180.0897943765807,97.51834127270278,263.1835234809413,119.28235719558752,239.62261136232036,0.002125,0.3065
2024,00-0036407,Jerry Jeudy,169.32235227760785,86.58386278874413,248.225289588372,108.3502324637022,226.8099772008862,0.000375,0.22425
2023,00-0036842,Kene Nwangwu,3.9192806610005175,-76.92612458654969,85.24830197615671,-55.71977939837299,64.40121807140173,0.0,0.0
2023,00-0035973,Patrick Taylor,10.74394875351092,-70.32597657964658,92.23885072966006,-49.70586721860816,70.33098421156174,0.0,0.0
2024,00-0035973,Patrick Taylor,23.27904464614982,-61.06103506912192,105.3174815289241,-37.84381891286552,82.54519891506575,0.0,0.0
2023,00-0036493,Deon Jackson,37.4375810624819,-43.501058257907744,119.83576416421955,-22.390118253323383,97.82683487429598,0.0,0.000125
2023,00-0031408,Mike Evans,200.997399227668,116.56872747226448,284.58325884970776,139.966871835862,261.8431124275472,0.01075,0.509
2024,00-0031408,Mike Evans,200.38267097620445,116.8383370985266,283.3734841004228,140.41539859957527,260.1838295721492,0.00875,0.503625
2023,00-0036988,Josh Palmer,164.14709285179782,82.63501454480252,247.0192756896807,103.5518760747922,225.3142786507475,0.0005,0.1945
2024,00-0036988,Josh Palmer,158.11262248353253,74.28469152669378,240.13561553473625,98.33380646665078,217.78668343337532,0.0005,0.15875
2023,00-0034798,Durham Smythe,14.044020690236312,-68.20147278708937,98.61898075618906,-46.3063402584333,76.14758442562487,0.0,0.0
2024,00-0034798,Durham Smythe,21.2496982917151,-60.94385605473033,102.92146327596036,-38.22975612290742,81.34407590050225,0.0,0.0
2023,00-0036271,Quez Watkins,25.3584871909584,-58.7138033287343,106.85550833377177,-35.62829059295725,85.70515553912934,0.0,0.000125
2023,00-0035099,Khari Blasingame,6.536968231141367,-78.07478629727132,87.32096624272619,-55.49209848147018,66.91929523964343,0.0,0.0
2023,00-0036963,Amon-Ra St. Brown,228.31695664202343,145.28225285214833,309.68132919136065,167.99258885702662,289.07809843444545,0.0405,0.75
2024,00-0036963,Amon-Ra St. Brown,263.4594139985361,179.09284969439463,346.2229217361747,201.5537329098262,324.45971495907867,0.199,0.930875
2023,00-0036727,Adam Prentice,9.237062978061816,-72.7013376236398,89.75065906445388,-50.381001748817376,68.03831495725836,0.0,0.0
2024,00-0036727,Adam Prentice,22.00329191038187,-60.70636963700052,106.32866619953744,-39.03619023294723,84.01184776611255,0.0,0.0
2024,00-0032128,Chris Conley,17.577461049168672,-64.14820165741759,100.63772767721612,-42.84459152667283,77.72243636233875,0.0,0.0
2023,00-0034829,Mike Gesicki,150.669883348913,70.1916633173337,235.1006816340638,91.09131962866326,211.9240783391793,0.00025,0.124875
2024,00-0034829,Mike Gesicki,159.7907027367255,74.36202919210945,240.25182103597984,97.61605107464534,217.74725705215195,0.00025,0.161375
2023,00-0036233,Donovan Peoples-Jones,157.68969296597697,76.09453329139166,239.95121920503504,96.80361762720877,217.0728174903434,0.00025,0.151375
2024,00-0035544,Tom Kennedy,41.87388458256922,-41.46772283644844,126.1728279499079,-20.430334260194865,102.74686247024664,0.0,0.000125
2023,00-0034753,Mark Andrews,209.00722389364404,125.20245070393678,291.4201840358277,147.06869096826193,270.34838367418905,0.015,0.58675
2024,00-0034753,Mark Andrews,173.3490704058389,90.8338729741926,256.48983906734134,111.77763349756704,233.1223468109924,0.001875,0.260875
2024,00-0035602,Alex Bachman,28.692802980091763,-56.342980619256885,109.55555662276534,-32.64303612031153,87.99972217790894,0.0,0.0
2023,00-0038120,Breece Hall,166.53508946328418,85.84277556539041,249.55634789652035,107.1219186748854,227.276619574872,0.0005,0.21075
2024,00-0038120,Breece Hall,219.3243487358272,134.4971923117323,304.6844774349548,157.23724252826295,281.6569326000931,0.03275,0.673375
2023,00-0037248,James Cook,162.03374009293483,81.95620358098766,245.3301193097944,102.70079404072948,223.13134827170907,0.000375,0.18425
2024,00-0037248,James Cook,194.7810252363473,112.57936608967997,276.8230864852366,132.81621073232233,254.2738370627464,0.00525,0.451625
2023,00-0038124,Christian Watson,168.61275948177848,85.62119361879219,251.81841835453272,108.14012392391076,228.2831455697452,0.001125,0.219125
2024,00-0038124,Christian Watson,160.2000440467698,75.73805106517635,242.95235019127236,97.769161863757,220.98644847919024,0.00075,0.164875
2023,00-0037816,Romeo Doubs,163.83746139225235,82.69809416418889,242.8833291181875,103.14798910853884,222.43817586914383,0.000125,0.190875
2024,00-0037816,Romeo Doubs,165.9159181746906,84.66861448999497,250.1103659837233,105.56913201549422,227.0421778583141,0.000625,0.2055
2023,00-0037258,Dameon Pierce,191.8522512589147,108.99711270255322,273.5814858009155,131.87379574699565,253.9226684607385,0.004875,0.423
2024,00-0037258,Dameon Pierce,39.32183741635184,-45.37628354958712,122.14502901689576,-22.350005543799167,100.18714396272406,0.0,0.000125
2023,00-0037741,Jahan Dotson,174.12529418991178,90.2553090525381,258.01126526450264,114.57666214138416,234.8972174991404,0.000375,0.268
2024,00-0037741,Jahan Dotson,158.933235678485,73.97444535952661,240.9781605356629,97.0396133703092,217.5472661369846,0.000125,0.153375
2023,00-0036973,Travis Etienne,203.6778207464293,122.47474121744736,286.87522160047286,144.19878425720046,264.7123813201241,0.01,0.533125
2024,00-0036973,Travis Etienne,203.08699042188368,120.51065843330689,285.1657181372225,142.51518826879035,264.64727076888363,0.010625,0.530125
2023,00-0037197,Isiah Pacheco,180.84879819295065,98.20532552994462,262.44818396352827,120.26767523728256,241.75994904040132,0.002375,0.32175
2024,00-0037197,Isiah Pacheco,193.695448147008,114.23330818818056,275.5322125096802,133.3773832713977,254.0113024464128,0.00725,0.44225
2023,00-0031381,Davante Adams,232.78230922038205,149.7999725897971,317.86016193074926,172.58667273856454,294.6071223959649,0.0615,0.782625
2024,00-0031381,Davante Adams,215.5355147700616,132.74721295862466,297.1022719325816,153.96552696697512,276.38698869551695,0.02225,0.64075
2023,00-0037273,Kyle Philips,26.042492219792315,-55.442680316025886,108.90551617309242,-34.02181495820704,85.14966431104531,0.0,0.0
2023,00-0037809,Chigoziem Okonkwo,168.35490449505073,83.32630123148832,249.447844213233,105.68772246669724,227.8600371273713,0.00075,0.22325
2024,00-0037809,Chig Okonkwo,159.1434799901807,76.14290272755595,242.28945595609963,98.09359565069028,219.40901239116263,0.000375,0.170625
2023,00-0037228,Jaylen Warren,39.11761057304098,-44.97273276121802,121.85253847403877,-23.34811040774439,99.60602549580484,0.0,0.0
2024,00-0037228,Jaylen Warren,178.9879463407857,95.76386995275124,259.93591372668124,118.7366886155759,239.18632150862365,0.001,0.3
2023,00-0037256,Rachaad White,173.1130317845695,90.61528624522433,255.65147096713903,113.14580678603076,234.19512291098349,0.00125,0.257
2024,00-0037256,Rachaad White,203.23683238181357,120.47162137529362,284.861400588063,141.34235247345794,262.94432308008265,0.011375,0.528375
2023,00-0038040,Zamir White,13.092432309301657,-67.94537998790953,95.95475575944744,-46.852278523020985,73.8696430120862,0.0,0.0
2024,00-0038040,Zamir White,46.1045860854772,-36.85955174023984,129.46406296991017,-15.404416599955216,107.51760708709736,0.0,0.000375
2023,00-0037263,Tyler Allgeier,171.0432979160759,88.1863014320053,254.4485048736188,109.55035289588318,233.28092039283044,0.000875,0.246875
2024,00-0037263,Tyler Allgeier,161.9389382207812,80.01113701381954,243.3289821587229,102.48626531548057,221.38755047424533,0.000375,0.1785
2023,00-0037801,KaVontae Turpin,18.50767543411002,-64.78370456692934,98.71124909439212,-42.74003672175422,79.42635248681557,0.0,0.0
2024,00-0037801,KaVontae Turpin,28.321466242654047,-55.22378971999073,107.1758312503554,-32.547338503005044,86.8190854302151,0.0,0.000125
2023,00-0037272,Montrell Washington,23.7937341973671,-58.94005493194452,103.82716858496838,-37.35406078681358,83.91357808992676,0.0,0.0
2023,00-0037740,Garrett Wilson,202.4750092133243,119.04617020897774,285.9000553098389,141.2369042526188,263.13159879302646,0.010875,0.52575
2024,00-0037740,Garrett Wilson,229.6983861007925,146.86500988142228,314.66001253258065,168.70411861130754,291.4826741760911,0.050125,0.75525
2023,00-0037827,Tyrion Davis-Price,19.353176504097828,-64.06409631636346,103.8463854473412,-41.83293418071148,81.94348538499169,0.0,0.0
2024,00-0037827,Tyrion Davis-Price,29.98323397381411,-51.15554164389019,113.34526503571068,-30.25613288314704,90.72561653365338,0.0,0.0
2023,00-0038134,Kenneth Walker,185.93666832001992,104.74218772721623,269.7195789032872,126.02890803708934,247.59083192132388,0.004,0.366375
2024,00-0038134,Kenneth Walker III,191.1748835583621,109.29740914745872,275.6150870278359,129.56883088652523,252.5037526046058,0.005,0.416
2024,00-0037617,Hassan Haskins,30.47163233383234,-49.8099110035441,112.86907159545976,-29.38335791495369,90.83010568189034,0.0,0.0
2023,00-0038128,Malik Willis,20.63333103182487,-62.02799418058172,100.576678517491,-40.941157426919794,80.93579983235351,0.0,0.0
2024,00-0038128,Malik Willis,26.067700740900897,-56.10409163913357,106.31665518408542,-35.67880263172779,86.62571048502828,0.0,0.0
2023,00-0038090,Skyy Moore,150.27039227776189,65.94561910289005,233.1044342711617,89.89043168368451,209.59125772232483,0.00025,0.116375
2024,00-0038090,Skyy Moore,21.14061675871521,-63.81728883060501,100.77442789023011,-40.460453973070855,79.23146313112734,0.0,0.0
2023,00-0037742,Treylon Burks,165.39362251804576,83.99422100064409,248.4907932886446,104.62851235014752,227.1817082000392,0.000625,0.21125
2024,00-0037742,Treylon Burks,21.324139258636837,-63.27929965971482,104.3258456304648,-41.80630485252283,82.46895515349603,0.0,0.0
2023,00-0033555,Mack Hollins,26.94179147419736,-54.767545006946136,110.15418815466316,-32.605677620720066,87.32429002218007,0.0,0.0
2024,00-0033555,Mack Hollins,18.66620541524156,-62.33912953011717,99.50992049573244,-41.53990924596404,79.11638075278098,0.0,0.0
2023,00-0037132,Britain Covey,2.2298929571417534,-80.32557947513251,86.58189090379365,-57.24895076307685,63.65225374977749,0.0,0.0
2024,00-0037132,Britain Covey,12.048792949292409,-69.01372775567913,93.57283628995717,-47.82907044732111,72.66984393911264,0.0,0.0
2023,00-0037525,Jordan Mason,25.2195186501515,-57.01373599435275,107.3270600277353,-34.34539383921408,84.92091770368991,0.0,0.000125
2024,00-0037525,Jordan Mason,33.62949379660012,-50.253753770676354,116.34337595019493,-28.01937768622416,93.76968344766232,0.0,0.0
2023,00-0037745,Velus Jones,15.130554280494673,-67.41289692555709,97.9110548350491,-45.35042715448722,75.83281031889086,0.0,0.0
2024,00-0037745,Velus Jones Jr.,21.23135276735507,-61.20303134858792,103.75187277542908,-39.71228322938863,81.54427673457238,0.0,0.0
2023,00-0036637,Noah Gray,17.69315371722213,-63.28120287266428,101.05405605022978,-41.38812335896584,79.02360617968586,0.0,0.0
2024,00-0036637,Noah Gray,20.35415112724387,-62.77441929901892,103.39982967334018,-40.85471847270686,82.05099476584705,0.0,0.0
2023,00-0038108,Bailey Zappe,17.699686306211344,-62.2947240712976,98.21195154595576,-42.65446081130676,77.20601509045173,0.0,0.0
2023,00-0038102,Kenny Pickett,194.61546425164087,110.6618353108058,275.96022026130345,133.70675954338003,254.34141650976983,0.005875,0.449
2024,00-0038102,Kenny Pickett,162.95100524347583,82.03645688094669,245.0846202182668,103.75793460758506,225.23792438322755,0.000125,0.20025
2024,00-0037327,Skylar Thompson,24.991619308768765,-57.40077177395692,106.51461212943651,-35.378344474708314,85.29306908250986,0.0,0.0
2023,00-0038115,Daniel Bellinger,31.169638684332504,-51.49365010251141,114.5936381551584,-29.271216798419943,92.167959198134,0.0,0.0
2024,00-0038115,Daniel Bellinger,28.532920138963405,-52.61813256855008,111.65033646537928,-31.29174637451497,89.41238492131737,0.0,0.0
2023,00-0037834,Brock Purdy,178.33150033077382,95.5290975636521,260.37008849430515,117.6208401187518,240.11972298151665,0.001875,0.306875
2024,00-0037834,Brock Purdy,241.2173438763736,157.21344749586044,324.3788182443463,179.39150574469497,302.45090970399605,0.08575,0.835625
2023,00-0037746,Brian Robinson,163.61622703836247,83.13721141616193,246.8893048924232,102.87559966194242,225.5321547442547,0.000875,0.20075
2024,00-0037746,Brian Robinson,173.2513246099984,90.91070084413458,258.7394929654526,114.88364448537956,234.3742455180473,0.00175,0.260625
2023,00-0037299,Keaontay Ingram,21.191734317939574,-58.32465526421776,103.433526753349,-37.44088469360087,82.30056812628168,0.0,0.0
2023,00-0037557,Ronnie Rivers,9.68261839216171,-72.98567321429476,91.93415439226446,-50.54586797918292,69.47381203733596,0.0,0.0
2024,00-0037557,Ronnie Rivers,13.329013452916474,-66.79422910297208,94.8069496001022,-45.28191437395167,74.08271691901038,0.0,0.0
2023,00-0036862,Ben Skowronek,25.20949847117143,-55.82767378483768,105.97750167599813,-34.2789834003288,86.55881958405541,0.0,0.0
2024,00-0036862,Ben Skowronek,19.29218678116092,-64.94104340416807,99.5431421536407,-42.69158109222094,78.7140463116024,0.0,0.0
2023,00-0037545,Rashid Shaheed,30.618052980079952,-51.78873192030813,112.49976829448708,-29.03388563100092,90.85158231993675,0.0,0.0
2024,00-0037545,Rashid Shaheed,158.0975931211006,75.97827414034454,240.8538288374317,97.87700661208122,217.7641981012137,0.0005,0.156875
2023,00-0038104,Tyquan Thornton,26.133614935138112,-55.615005360803465,106.43623205596646,-33.83888369018234,85.48573690831044,0.0,0.0
2024,00-0038104,Tyquan Thornton,32.00427121641344,-51.56143311628118,113.34080970315452,-28.46601800724036,93.25403022777228,0.0,0.0
2023,00-0037286,Kevin Harris,11.776057779780196,-69.66217141967411,94.77563879735338,-47.906659282147295,72.17462678407763,0.0,0.0
2023,00-0038098,Pierre Strong,25.765823665538008,-57.89759412703393,107.84779336603458,-35.66803359453899,86.674816734429,0.0,0.0
2024,00-0038098,Pierre Strong,27.599629635416854,-54.26109594124658,110.22460528753764,-32.34958630217275,87.71479940117965,0.0,0.0
2023,00-0034270,Tyler Conklin,26.78516070252381,-54.42464140134511,110.30339443926307,-33.481110978790355,88.1303039608642,0.0,0.0
2024,00-0034270,Tyler Conklin,160.30307087522098,77.0935813141365,242.51511320058768,98.63657286320716,221.936655432057,0.0005,0.173
2023,00-0037247,George Pickens,185.97700487843684,103.24559017050004,268.7198908288395,125.09742317654782,246.0802479500702,0.003,0.36725
2024,00-0037247,George Pickens,194.14233880938977,112.606766395961,275.9106396677772,134.59140286098668,254.9764544948456,0.005625,0.443375
2023,00-0036635,Ihmir Smith-Marsette,8.21407920132621,-73.99384661535808,89.80927407288644,-51.02110229289318,67.36518568793998,0.0,0.0
2024,00-0036635,Ihmir Smith-Marsette,26.16284231495572,-53.531432520249,107.74372792465816,-33.48504630992138,86.58639463014822,0.0,0.0
2024,00-0036527,DJ Turner,12.916956197609135,-70.54142053819294,96.48989553452456,-47.83595277245537,73.63270330675847,0.0,0.0
2023,00-0038045,Isaiah Spiller,15.339332574969337,-65.50126677389115,97.44903173329268,-44.66921011852043,76.94996027851614,0.0,0.0
2023,00-0037429,Raheem Blackshear,22.59216649059493,-59.83582873621741,105.48496165522836,-37.02361671399072,83.57620641715752,0.0,0.0
2024,00-0037429,Raheem Blackshear,18.877403118204487,-63.98423939398935,101.3129505949126,-41.03243274848831,80.38514592338949,0.0,0.0
2023,00-0035341,Trenton Irwin,146.94077128045257,63.83602195753554,226.6633230148176,87.50968198490179,205.50499632534996,0.000625,0.097875
2024,00-0035341,Trenton Irwin,24.44034224610995,-56.78407305149472,106.8183763409506,-35.78265560355846,84.82172422257113,0.0,0.0
2023,00-0036876,Kylen Granson,18.66391757627138,-63.73406519138685,100.02691492168437,-43.46310041907029,79.79394172558365,0.0,0.0
2024,00-0036876,Kylen Granson,11.488110211669513,-72.07441788278682,96.77924745896875,-49.62219945228059,72.74903298337819,0.0,0.0
2023,00-0037840,Kyren Williams,24.784671057434544,-56.63128723717111,108.3119337960599,-35.68654663344502,86.4512740899399,0.0,0.000125
2024,00-0037840,Kyren Williams,188.2111805186616,102.57523103923018,273.19393797279866,125.3930340716167,251.029566927413,0.0045,0.392125
2023,00-0037569,Peyton Hendershot,18.84874189422969,-63.538607618519,100.4405414179237,-40.402919225539534,79.60762797953394,0.0,0.0
2024,00-0037569,Peyton Hendershot,24.234116343031676,-59.22330969477659,105.8727396632676,-36.73749446637867,85.12424438405625,0.0,0.0
2023,00-0038117,Wan'Dale Robinson,30.194930353141267,-52.348927714798215,112.23655637006702,-30.89707880959624,90.71061983512588,0.0,0.0
2024,00-0038117,Wan'Dale Robinson,144.0495080607713,61.32262821070452,227.58120040992603,82.89274898037097,205.79284685895155,0.0005,0.09675
2024,00-0035547,Joseph Fortson,27.30014772635031,-53.56640843084432,108.25117080465763,-32.26496065999422,86.3527457655447,0.0,0.000125
2023,00-0037157,Bam Knight,22.068098470517636,-60.9499789269697,106.31058581808696,-39.08682594929933,82.21785439088309,0.0,0.0
2023,00-0036232,Harrison Bryant,19.16390493828924,-63.80912168392275,99.49687937874585,-40.522315013355325,78.60317229775696,0.0,0.0
2024,00-0036232,Harrison Bryant,27.018405129711,-52.86315770448376,109.52429119686543,-31.88964756817955,86.34530046805696,0.0,0.0
2023,00-0037267,Jerome Ford,14.106206985040096,-68.85168012407279,96.15092565330632,-47.354690487321086,73.85381976687971,0.0,0.0
2024,00-0037267,Jerome Ford,163.56741473617208,80.94056862856249,250.5526937851239,102.10379536800608,225.49162425760773,0.000625,0.198875
2023,00-0036133,James Proche,12.681996792611947,-69.31838573187633,96.90436684587831,-46.4496688851135,72.4618017078354,0.0,0.0
2024,00-0036133,James Proche,24.625866105687862,-60.50591855584521,107.26659501795316,-38.58315448392643,85.06310145788541,0.0,0.0
2024,00-0037594,Julius Chestnut,19.769623585887857,-63.96980618527039,101.53889263727844,-40.49179660308716,79.80345770924887,0.0,0.0
2023,00-0037487,Deven Thompkins,4.322045581339877,-79.21090557834627,84.07363754132912,-56.56501334340085,63.88540925036205,0.0,0.0
2024,00-0037487,Deven Thompkins,29.37706398761118,-52.28318051515862,111.37572872332596,-31.86882012380926,90.56058451407368,0.0,0.0
2023,00-0038122,Desmond Ridder,40.37767024811051,-41.502235718325686,121.9178892239157,-21.09439973373824,100.0525756894875,0.0,0.000125
2024,00-0038122,Desmond Ridder,37.31831618372743,-50.44533196847642,120.72214428563454,-25.16821306438211,98.47951133148688,0.0,0.0
2024,00-0037300,Mike Woods,5.406764379120359,-76.16449926469703,87.77781347162663,-54.712674688117694,65.82264942783783,0.0,0.0
2023,00-0036176,Mason Kinsey,11.498510276199042,-70.95466364604776,95.5333644414984,-48.4669933677178,73.40207618946782,0.0,0.000125
2024,00-0036176,Mason Kinsey,28.02903041340625,-54.38297667892547,110.7406317414822,-32.234075440590374,89.06128323298837,0.0,0.0
2023,00-0037304,Connor Heyward,32.94253710129976,-48.47627509836273,115.53957823486904,-27.79790448856127,94.3758321258038,0.0,0.0
2024,00-0037304,Connor Heyward,26.22387059767967,-54.694810911671134,106.86595614998689,-33.33627615450987,86.05601126868785,0.0,0.0
2023,00-0037240,Jameson Williams,23.977602852515297,-58.59567041490816,110.82753281853893,-36.82777597449915,85.87928496636492,0.0,0.000125
2024,00-0037240,Jameson Williams,31.42599756864196,-49.03764775978766,113.9608864021056,-28.469102342364256,90.8260097689028,0.0,0.0
2023,00-0037077,Sam Howell,163.06302685892314,81.38501865610944,242.51060882288468,103.61527712828337,222.4756052803655,0.00075,0.1875
2024,00-0037077,Sam Howell,203.9684641320443,121.35094480601316,288.1606522265835,142.14562042304948,265.4142502748389,0.012875,0.536125
2024,00-0037085,Tyler Badie,22.24812554132378,-61.03082397652932,104.5263543268874,-38.64808820709699,81.0215119307848,0.0,0.0
2023,00-0037382,Brandon Johnson,17.57668510417026,-63.46756985423772,100.50658443243978,-42.6458963781229,78.45127391317637,0.0,0.0
2024,00-0037382,Brandon Johnson,36.415459915466,-49.25694733112687,118.45207369863492,-26.679061105317828,98.36206548915426,0.0,0.0
2023,00-0037276,Ty Chandler,29.297852746779878,-49.22948387678902,112.14196189570087,-28.0394087495956,90.96905577345474,0.0,0.000125
2024,00-0037276,Ty Chandler,153.98153161052213,70.6879377487637,236.0679222710141,91.47447047574497,214.7333601760213,0.000125,0.1395
2023,00-0036145,Lawrence Cager,25.592685443899317,-55.54642962289933,109.03735806839296,-33.43954029735166,86.92582837930857,0.0,0.0
2023,00-0036928,Kyle Trask,28.2657477933772,-53.83788999490538,110.63628633318172,-32.739519503452975,88.83545368422617,0.0,0.0
2024,00-0036928,Kyle Trask,3.5976663286752,-78.45289265924916,86.6880705786826,-56.56848874302679,64.41936438924579,0.0,0.0
2023,00-0038611,Chris Rodriguez,33.173013033349,-49.23822971416244,113.65441050539565,-26.374421718086406,92.30431651466614,0.0,0.0
2024,00-0038611,Chris Rodriguez Jr.,21.01054361917639,-60.92420502564853,104.79918387978354,-40.759208977085386,83.02676239042945,0.0,0.0
2023,00-0038542,Bijan Robinson,158.99464709767273,76.90803075142493,243.44412677574303,98.8820220216894,220.35695520903087,0.000125,0.169
2024,00-0038542,Bijan Robinson,220.2012747466457,138.08860890925587,304.60422945691374,159.56568305900686,281.84000456439395,0.03225,0.68875
2023,00-0039150,Bryce Young,164.7832765039489,81.46288156409732,247.8712101815847,103.63054387271974,225.67977545814975,0.000625,0.203625
2024,00-0039150,Bryce Young,198.69274066953116,117.29459789733696,280.9852205009779,138.41562553346557,259.4241345762122,0.007625,0.488125
2023,00-0035100,Jake Browning,34.57961829735633,-47.23094124925122,117.06450975051597,-25.67274243299101,95.5896762063738,0.0,0.0
2024,00-0035100,Jake Browning,166.5105106503059,86.12005216598395,248.85059946474877,106.62074186294076,227.59112026233112,0.0005,0.21275
2023,00-0038622,Deuce Vaughn,25.33329026324137,-55.41408449896745,108.51375211456023,-34.324549243657835,87.5655074374777,0.0,0.0
2024,00-0038622,Deuce Vaughn,17.911287420293384,-64.03968388994915,101.40998232555523,-42.70628402407596,78.23011060175703,0.0,0.0
2023,00-0039139,Jahmyr Gibbs,155.64245067160903,74.10126717611641,238.42474456887527,97.04922953898772,216.26127834263977,0.000125,0.145375
2024,00-0039139,Jahmyr Gibbs,215.88379741329325,131.16307902137848,299.64873116578826,155.79735234097774,278.28137179526584,0.02475,0.648
2023,00-0039067,Rashee Rice,24.02570432126361,-60.65278604064777,107.48406942298598,-37.108437503871095,84.78383661420555,0.0,0.0
2024,00-0039067,Rashee Rice,190.6576240276557,108.6534069377237,273.5537690459145,130.16116075825207,251.56297077619288,0.005125,0.414875
2023,00-0039146,Jayden Reed,26.000557610945997,-55.152892548213146,108.45894739658505,-35.50622464860081,86.31056625140013,0.0,0.000125
2024,00-0039146,Jayden Reed,181.6777652305872,99.98306489703484,264.7419572600885,122.43396515834202,243.3211476388277,0.00275,0.338125
2023,00-0039021,Roschon Johnson,22.924326863126083,-59.44629664540198,107.65587264334644,-38.16249543684794,83.42155477201544,0.0,0.0
2024,00-0039021,Roschon Johnson,34.60914922111165,-48.31683884902209,116.32511893039016,-25.752587720202147,93.97329833851524,0.0,0.0
2023,00-0038391,Sean Clifford,28.579654966423284,-55.760114023818296,110.25692705725324,-31.134145501356304,88.19189001077332,0.0,0.0
2023,00-0039163,C.J. Stroud,34.42838960489284,-50.16061764381459,115.64402641440137,-26.6269026599356,93.3495916193474,0.0,0.00025
2024,00-0039163,C.J. Stroud,253.7516061648829,171.9826851345091,337.8425487499389,192.05086378496588,315.33425283290745,0.1365,0.891125
2023,00-0039064,Zay Flowers,151.89491740103773,69.79137012366662,235.81766903846443,91.75418854182728,211.89661106572328,0.0,0.125625
2024,00-0039064,Zay Flowers,195.14390125488904,115.39180308549037,276.68898605675975,135.32578958472993,254.73356009767323,0.006,0.455875
2023,00-0039164,Anthony Richardson,166.57823745205894,84.46277245350244,250.43324964089064,106.85230691977657,227.82057664246813,0.001375,0.218
2024,00-0039164,Anthony Richardson,188.0058993575701,107.709535901945,272.0067918213479,128.31949266555696,249.4668205599214,0.00475,0.3895
2023,00-0038555,Tank Bigsby,17.174265096088863,-63.76393798072343,100.6412669363027,-42.56395855902304,78.75234002584006,0.0,0.0
2024,00-0038555,Tank Bigsby,22.340216883598814,-59.00811018392732,103.54838191629506,-36.878504519968025,82.27873368208928,0.0,0.0
2023,00-0038397,Evan Hull,19.9959685142646,-61.556158183648925,103.15728922986972,-40.59489535076346,80.6208836782628,0.0,0.0
2023,00-0039165,Zach Charbonnet,34.0387366552111,-48.980763246988,113.4988377297962,-27.01222190604452,92.448212530497,0.0,0.0
2024,00-0039165,Zach Charbonnet,38.637404919074754,-44.29712229157671,121.08257295001594,-21.283538766507533,100.01418745227996,0.0,0.000125
2023,00-0038092,Erik Ezukanma,18.66359708932428,-66.03269320690117,99.12157986704663,-43.00230674605064,78.3544454867151,0.0,0.0
2024,00-0038092,Erik Ezukanma,30.070569903478383,-54.9922254901454,111.73292857410787,-32.032516609884766,91.87466673391074,0.0,0.000125
2023,00-0038951,Sean Tucker,17.227836427341252,-65.63846827764714,97.51319427135284,-43.55170410370472,75.78750449462039,0.0,0.0
2024,00-0038951,Sean Tucker,19.91248695957704,-62.23233364567375,101.87956572656157,-40.67827923144177,79.9684032143171,0.0,0.0
2023,00-0038821,Rakim Jarrett,26.81017478904885,-54.4979701177467,108.34216863436288,-32.6196241494325,88.0044325168736,0.0,0.0
2024,00-0038821,Rakim Jarrett,23.494694228825686,-59.60092426074981,106.61885794630032,-36.29176711242263,84.69036716563183,0.0,0.0
2023,00-0039032,Tyjae Spears,20.788124312267367,-59.03601214662963,102.36870084993258,-37.69794415186399,80.31958540786057,0.0,0.000125
2024,00-0039032,Tyjae Spears,174.68202178745946,91.87771922706294,257.6600265873169,113.2531354863912,235.1844091392456,0.0015,0.273
2023,00-0038597,Chase Brown,17.948301110317786,-64.3916727308847,99.20682281523692,-43.1606731385535,77.36181038143782,0.0,0.0
2024,00-0038597,Chase Brown,38.34655603208782,-42.08371388187542,118.9866443323608,-20.168087031211066,98.47211311115748,0.0,0.000125
2023,00-0037837,Calvin Austin,21.395260747701634,-59.7201019618725,103.04918704646045,-39.40341136877954,81.90589967157936,0.0,0.0
2024,00-0037837,Calvin Austin III,21.499378103952303,-61.69023577259996,103.75326242605314,-38.98820524475279,81.9089124952166,0.0,0.0
2023,00-0038797,Emanuel Wilson,31.9438538054808,-51.40911705671888,114.08950171509515,-27.95483816024949,92.21648783098628,0.0,0.0
2024,00-0038797,Emanuel Wilson,9.170829851305314,-72.6958195960523,92.12307397343056,-50.41329573086867,70.85143960628929,0.0,0.0
2023,00-0038862,Elijah Dotson,13.84248653267963,-66.01597223715768,95.70222094383954,-45.81899130817837,73.33226161805875,0.0,0.0
2023,00-0038573,Derius Davis,13.91347866028898,-66.93460730776563,97.53098173118876,-45.58890344730112,74.83312450796588,0.0,0.0
2024,00-0038573,Derius Davis,21.522738502741987,-61.44791067619233,104.11192862702504,-39.37561185611659,83.06928493734453,0.0,0.0
2023,00-0038563,Tre Tucker,13.824484044522954,-67.25257018722819,94.88538791523254,-45.50534516492217,74.70217392913493,0.0,0.0
2024,00-0038563,Tre Tucker,31.26964148883196,-51.53637487538286,113.5080065423767,-28.446659629041157,91.79122124251596,0.0,0.0
2023,00-0039040,De'Von Achane,19.47804321262306,-62.73670269329394,101.60476881693148,-40.11704203490858,79.92685580683059,0.0,0.0
2024,00-0039040,De'Von Achane,190.02933217463723,107.7686112623353,272.9069383096001,128.9702200397781,250.3381053364837,0.005375,0.403625
2023,00-0038705,Emari Demercado,32.12980654114046,-50.67297311156732,114.06213971886385,-27.51552221819021,93.27010803043297,0.0,0.0
2024,00-0038705,Emari Demercado,19.77940601174784,-61.35296407940468,102.7895562432435,-39.73036856313766,80.08448951751278,0.0,0.0
2023,00-0039075,Puka Nacua,18.470012833379137,-62.10650556564848,101.47912522554472,-41.09198192978518,78.86577709837333,0.0,0.0
2024,00-0039075,Puka Nacua,243.62126244427057,157.95883036778667,328.95348098861564,180.02402986643918,305.5768475328791,0.09475,0.836875
2023,00-0038976,Marvin Mims,25.54865256439296,-60.171360541735496,105.22069954230864,-37.57833034386021,85.1484820026971,0.0,0.0
2024,00-0038976,Marvin Mims Jr.,32.65596402582011,-49.95451999170405,114.32908245716948,-27.44972116734085,93.70396190832346,0.0,0.0
2023,00-0038794,Jaleel McLaughlin,16.277322941307027,-66.74612503246267,100.11027521871594,-45.12617767596491,77.70968465015056,0.0,0.0
2024,00-0038794,Jaleel McLaughlin,37.44443022007066,-44.53507487683321,120.01796618843824,-23.458398719864554,97.12010230288207,0.0,0.000125
2023,00-0036970,Kyle Pitts,173.52065182819229,91.0043648576978,256.90457956087494,113.07265465042109,235.59205149000456,0.0015,0.271375
2024,00-0036970,Kyle Pitts,164.83085946658616,81.90697553713001,245.52843644267972,102.97084541079442,223.7117174670969,0.000625,0.197875
2023,00-0038738,Hunter Luepke,13.918430341365989,-69.20332038627109,95.74645722430915,-47.23085295172124,74.00438787837153,0.0,0.0
2024,00-0038738,Hunter Luepke,21.62375213142221,-61.0477185760304,104.42825181765132,-40.6966750235055,81.86664501030366,0.0,0.0
2023,00-0038685,Chris Brooks,14.319894547755524,-66.19298358113808,96.11698230284811,-44.74376983420132,73.74950848319996,0.0,0.0
2024,00-0038685,Chris Brooks,29.418255181680983,-52.7663739206921,113.49846215998718,-30.858379770238614,91.3081286536745,0.0,0.0
2023,00-0034433,Nick Bawden,5.94469049886664,-76.83649152695516,89.83823400805001,-54.4268270864257,66.40047742575915,0.0,0.0
2023,00-0038621,Demario Douglas,25.88287364117565,-55.48841884738452,106.86890613531428,-33.614257786481346,85.42171019718272,0.0,0.0
2024,00-0038621,Demario Douglas,163.74281170793083,80.76144012288835,244.526350018206,101.98036198811924,222.1333580244884,0.000625,0.182375
2023,00-0038551,Kendre Miller,21.57213134313881,-59.83892797166498,103.8570512445176,-37.32408851382442,80.1687668347425,0.0,0.0
2024,00-0038551,Kendre Miller,27.48330541883564,-56.90223933998765,110.8470941342798,-33.69889642495582,88.88010319604972,0.0,0.0
2023,00-0038583,Dorian Thompson-Robinson,24.237159376329103,-58.39782780787674,105.31836130878553,-36.89138949652632,83.80584745852245,0.0,0.0
2024,00-0038583,Dorian Thompson-Robinson,19.595623362008126,-63.095905115820855,104.30429856541996,-41.46738723435625,79.9728228927929,0.0,0.0
2023,00-0038941,Tyler Scott,16.890522382024876,-65.90857730959665,99.36356492531104,-43.59377033296777,78.91453182947156,0.0,0.0
2024,00-0038941,Tyler Scott,24.287971594884844,-56.961394948743006,106.15134897323544,-36.38074133854644,85.33172142236013,0.0,0.0
2023,00-0038496,Xavier Gipson,18.476948898655262,-63.81323422707576,99.46426569624288,-42.261856249101214,78.28313251786022,0.0,0.0
2024,00-0038496,Xavier Gipson,26.02671731411555,-57.353357566223,106.5293909973594,-34.81459992310936,87.40500923029882,0.0,0.0
2023,00-0038579,Aidan O'Connell,21.242169503866737,-59.99209131451271,103.50065897218413,-38.13236927607306,81.95968317062474,0.0,0.0
2024,00-0038579,Aidan O'Connell,162.5886326777803,80.69778729277651,244.4550984905862,102.78869231473831,224.12494229431832,0.000375,0.183125
2023,00-0038977,Tank Dell,19.1368313850914,-65.2522616808646,101.02769421103577,-42.54516438377552,78.51874574046212,0.0,0.0
2024,00-0038977,Tank Dell,184.91778515269877,102.84792724002384,266.2001884679475,125.44056249206191,244.08249106201805,0.003625,0.36825
2023,00-0038396,Eric Gray,13.11933822682666,-67.84282690728386,95.39860552682632,-46.53741774785485,73.96395053100156,0.0,0.0
2024,00-0038396,Eric Gray,28.81143131676983,-53.16735499887341,110.2780229845633,-32.40047392424178,89.93945728816645,0.0,0.0
2023,00-0037238,Drake London,200.6967622300248,114.66874807667834,285.5954840261987,138.52313131984852,261.9865129403417,0.010375,0.506125
2024,00-0037238,Drake London,191.5332446605072,111.5597437382182,275.08122056128263,131.9232103628671,252.457422711763,0.0045,0.419125
2023,00-0034854,KhaDarel Hodge,26.41219924571668,-55.43043462028709,107.5662587620368,-33.13736211642582,86.79399359830973,0.0,0.0
2024,00-0034854,KhaDarel Hodge,14.312745258220971,-69.61751475230695,100.98418611867248,-46.4936378700359,77.29965717911247,0.0,0.0
2023,00-0036841,Austin Trammell,5.21652975886229,-78.55076097761618,87.22159622882185,-55.26639164545634,65.89841547058383,0.0,0.0
2024,00-0036841,Austin Trammell,11.62874547821998,-70.92193424112213,93.99031609787828,-48.605015237470944,71.97270509984675,0.0,0.0
2023,00-0039136,Zach Evans,24.55214951075886,-58.771523496167525,104.5794784241296,-35.77108297125013,83.8049651275468,0.0,0.0
2023,00-0037666,Jalen Tolbert,-2.613295937686401,-85.56607194281288,79.10767045599565,-64.4642681671968,58.73581037098682,0.0,0.0
2024,00-0037666,Jalen Tolbert,26.22411235569097,-55.07853251815225,109.05144732464052,-33.08243488074634,86.65607314965688,0.0,0.0
2023,00-0038416,Tyson Bagent,22.84094870201525,-58.909469218453296,104.95398772188334,-37.52671221147064,84.71777154609535,0.0,0.0
2024,00-0038416,Tyson Bagent,29.65644953627765,-54.05951596142005,113.14402731426036,-31.96318205362025,91.42312933513878,0.0,0.0
2023,00-0038911,Malik Cunningham,32.87494016844198,-50.52919671647493,115.47033003726654,-29.57973128155027,92.8206957270904,0.0,0.000125
2023,00-0038618,Xavier Hutchinson,15.542761717199287,-68.16761186172799,98.04754381469073,-46.49644145491248,74.7340242431261,0.0,0.0
2024,00-0038618,Xavier Hutchinson,20.851827617437493,-61.45026610694563,99.91874540721436,-39.805477343817046,80.90115249567427,0.0,0.0
2023,00-0038582,Clayton Tune,22.13401279992153,-59.92631986675592,106.06934204870096,-38.17043176666587,81.45346184521003,0.0,0.0
2024,00-0038582,Clayton Tune,10.92293247170603,-68.91245122192328,95.60728462763797,-49.530388623711474,72.12236363116627,0.0,0.0
2023,00-0038393,Dontayvion Wicks,16.425477272186036,-63.713011605303,98.1721130079123,-41.785107995525856,76.33143116608092,0.0,0.0
2024,00-0038393,Dontayvion Wicks,156.7883925467159,74.5284296366034,242.87272819726687,96.84730281937624,219.7138394462152,0.00075,0.16175
2023,00-0039152,Will Levis,20.98189735255705,-60.644050289589146,104.29620002673482,-38.946922577204965,81.32963386009848,0.0,0.0
2024,00-0039152,Will Levis,169.3154379968929,85.68110381662183,253.1856665070561,108.10997133458612,229.9690544810996,0.001125,0.23425
2023,00-0036550,Rashod Bateman,154.55331783183277,72.34896251067036,235.1553080181535,94.22571872813953,214.00872439948444,0.000125,0.138125
2024,00-0036550,Rashod Bateman,38.72069486470279,-46.09303223784949,122.50332188825824,-22.149999431690173,99.40208816872187,0.0,0.000125
2023,00-0038752,Jake Bobo,20.0611959056811,-61.67859026788608,101.36967559811792,-39.617643852577686,80.19914824327246,0.0,0.000125
2024,00-0038752,Jake Bobo,26.19453356620093,-57.55085436694253,106.63058635138084,-35.31084560475319,86.44926242157023,0.0,0.000125
2023,00-0038994,Jordan Addison,152.06523709323835,71.13513124285096,235.3103757889433,92.155241837638,212.24660971992213,0.000125,0.129125
2024,00-0038994,Jordan Addison,196.7810753311741,115.28416014150322,279.9167354608346,137.56787696409563,257.129264191963,0.00675,0.468375
2023,00-0038598,Jaren Hall,19.134942426787298,-63.90627674218947,101.58629347863004,-42.36600937357736,78.52303490777433,0.0,0.000125
2023,00-0038476,Tommy DeVito,21.29676714015784,-59.611711190604105,105.0906427813833,-37.49451833472844,82.13685720205525,0.0,0.0
2024,00-0038476,Tommy DeVito,35.30848225018403,-49.15890286419332,117.68666912292196,-26.137867744587144,95.53196730207404,0.0,0.0
2023,00-0038544,Quentin Johnston,153.54700034150528,68.0298671074741,234.54860439697464,91.98189307763091,213.7189990593996,0.000125,0.132625
2024,00-0038544,Quentin Johnston,150.5461902162206,69.97986265852569,234.35920462570064,90.02583662883843,212.77049417830588,0.000375,0.127625
2023,00-0038454,Keaton Mitchell,32.62177965211582,-50.513812241794646,113.82465364660406,-28.481081348869207,92.17344230854106,0.0,0.000125
2024,00-0038454,Keaton Mitchell,32.69088622490382,-50.46089847808072,116.69698576885354,-27.954463170913424,95.80992030099,0.0,0.0
2023,00-0037410,Jashaun Corbin,17.33241937023022,-61.94647790843583,100.18047029295444,-41.5542343366929,76.8121090093445,0.0,0.0
2023,00-0038389,Israel Abanikanda,19.890728467314165,-63.11071427141544,101.21003835829646,-41.27171896098819,80.13269167712845,0.0,0.0
2023,00-0038979,Cedric Tillman,14.184573981254957,-67.5294970923897,96.75588680765289,-44.51788810354016,75.20994395192227,0.0,0.0
2024,00-0038979,Cedric Tillman,27.82036424340064,-52.73751064218882,112.66622383849696,-32.238237030516224,88.65740958289345,0.0,0.000125
2023,00-0039052,Trey Palmer,20.985305675382104,-60.45864496800403,102.67299136723024,-38.69960046228066,80.9477461363658,0.0,0.0
2024,00-0039052,Trey Palmer,27.410173010149755,-53.777469002551285,109.86361973130428,-32.663780507930404,88.21037505631467,0.0,0.0
2023,00-0037261,Khalil Shakir,24.079164208199643,-59.6030688016162,106.33441530983048,-37.136565558448815,84.4170056772422,0.0,0.0
2024,00-0037261,Khalil Shakir,152.70211743401393,73.64055324665873,235.0942157636396,93.61615862139044,213.4499249600457,0.000125,0.128125
2023,00-0038606,Parker Washington,27.13071410067406,-55.501797276869,110.65516066098196,-34.16288321330454,88.0006962099472,0.0,0.0
2024,00-0038606,Parker Washington,12.751533516429564,-66.89878329500047,95.8519233457587,-45.39736898288818,73.7010798458863,0.0,0.0
2023,00-0038647,Ronnie Bell,16.319717762699433,-66.91167350396967,99.03256453352118,-44.071532073546194,76.51609727756754,0.0,0.0
2024,00-0038647,Ronnie Bell,18.70559504972868,-62.15076489725127,101.69567469658686,-41.20626000889583,78.42435020472088,0.0,0.0
2023,00-0039065,Sam LaPorta,153.81264612741916,70.79773065619375,237.6079898485929,92.35572780088812,215.0976420284089,0.000375,0.1395
2024,00-0039065,Sam LaPorta,209.68855797679024,121.37877706976698,293.05393615221953,147.03053462567954,270.9961749335081,0.01675,0.585375
2023,00-0034613,Tanner Hudson,19.018478790599023,-63.31172950064399,100.81155889825698,-40.52363357091316,79.10810960492411,0.0,0.0
2024,00-0034613,Tanner Hudson,5.8563264854085855,-77.83542776806682,89.12246970796419,-55.01476780827134,66.87071281895915,0.0,0.0
2023,00-0034351,Dallas Goedert,163.67828865657728,80.14255820364507,245.5835311363004,102.34124497636066,222.93226361326344,0.0005,0.191375
2024,00-0034351,Dallas Goedert,165.05256422695163,83.38667028473438,246.31071367053624,105.331412572863,226.8282405277498,0.0005,0.202125
2023,00-0037120,Tyler Goodson,16.71007325580347,-65.38289993187067,101.561112918936,-42.99732653935911,78.52715979147798,0.0,0.0
2024,00-0037120,Tyler Goodson,10.710258307826756,-70.71394126995541,92.3971261401347,-48.20420027247449,70.73903529451655,0.0,0.0
2023,00-0037091,Bo Melton,16.724756807551238,-65.45591281726058,98.22614734979643,-43.02882126733914,75.72950316342863,0.0,0.0
2024,00-0037091,Bo Melton,21.20126823565898,-60.99760117110255,105.29366962002528,-39.19663319484781,82.67287603209627,0.0,0.0
2023,00-0037098,Samori Toure,12.74729677615036,-70.08471161224934,94.91101087991628,-47.65296653428817,74.0303439840467,0.0,0.000125
2023,00-0036554,Nico Collins,158.3167989562224,75.74034854668724,240.8305211196596,97.16040808054288,218.5082696856167,0.000625,0.1585
2024,00-0036554,Nico Collins,176.54368860152033,94.2038285901212,260.6692087063616,116.11134377073064,237.5431138941313,0.001375,0.288125
2023,00-0037614,John Metchie III,23.2763829740336,-58.84427767893524,105.6256159678386,-36.826578306531296,83.54164829499996,0.0,0.0
2024,00-0037614,John Metchie III,20.04466776437947,-61.77676374452083,103.65181617948456,-40.08089477986674,81.87602636721275,0.0,0.0
2023,00-0038576,Charlie Jones,16.2423135200616,-66.09026933818609,99.2701008689506,-44.27678629143293,76.71400856475564,0.0,0.0
2024,00-0038576,Charlie Jones,11.505728569599306,-70.01404407735916,94.95752687972823,-48.82708828030898,72.43217878620912,0.0,0.0
2023,00-0036259,Jauan Jennings,23.59187933525658,-58.4474888026605,105.37096115807807,-37.44685375858931,83.93564332942057,0.0,0.0
2024,00-0036259,Jauan Jennings,34.62829180744645,-46.63549764121399,117.17364475891236,-26.155858711839485,95.88520257468126,0.0,0.0
2024,00-0039921,Trey Benson,29.172648476083467,-54.1763554537801,111.99193765770622,-30.39367567045101,88.69910398821474,0.0,0.000125
2024,00-0039875,Ray Davis,23.764573342154836,-60.25923966256472,104.8839407665644,-36.66119729186955,83.42549616902949,0.0,0.0
2024,00-0039894,Xavier Worthy,153.5825237391996,69.94147394629933,235.48394700912775,92.9032262997717,213.2753617292786,0.000125,0.13225
2024,00-0039325,Carson Steele,20.36244123123474,-62.1365905583506,100.46743142799856,-40.797664461418606,79.55661590714159,0.0,0.000125
2023,00-0039062,Jonathan Mingo,23.390371994537382,-57.210496926811054,104.027945153121,-34.980677773142325,83.38840133477915,0.0,0.0
2024,00-0039062,Jonathan Mingo,28.20230477126873,-54.695311218771366,111.4015377547936,-31.1377301821244,89.60780402521864,0.0,0.0
2024,00-0038678,Jordan Mims,25.972442987956075,-55.46918970097455,107.46998825264691,-35.01803711890127,87.39629353825948,0.0,0.0
2024,00-0038998,Jake Haener,17.317680520261682,-65.56299402738202,101.72949583166113,-43.76969725087418,78.91371706798637,0.0,0.0
2024,00-0039732,Bo Nix,165.24927595998005,82.72363308528054,246.6797322423565,104.70669648650892,225.58311929481988,0.000625,0.206125
2024,00-0039373,Audric Estimé,20.518388695265457,-64.3089153550983,103.00372986958992,-39.86767094704864,80.20919944870589,0.0,0.0
2024,00-0039306,Dee Williams,21.23594055000505,-58.75597695714184,103.1119250096181,-39.27566527837836,81.56376535375145,0.0,0.0
2024,00-0039384,Tyrone Tracy Jr.,21.28693600687024,-59.68575694604644,104.38265302766112,-38.89060932027079,82.46464714402364,0.0,0.0
2024,00-0039794,Braelon Allen,22.374240583959363,-60.901236681062976,105.49508068042398,-38.21609816532974,83.47838955036056,0.0,0.0
2024,00-0039918,Caleb Williams,170.30671124913368,87.30879512944013,252.15499090975337,109.34567470015186,230.2908365088465,0.00075,0.240375
2024,00-0039910,Jayden Daniels,175.11004653468515,90.59820231479831,256.187843635101,112.89053849308078,235.7034065186085,0.001625,0.277375
2024,00-0039589,Kameron Johnson,14.964011976839476,-66.08027354999984,96.42460017623644,-43.81301572577098,75.73445954599966,0.0,0.0
2024,00-0039361,Bucky Irving,25.778433947522498,-55.166371022826176,110.5362763181324,-33.52393640708147,86.71984094933202,0.0,0.0
2024,00-0039874,Jaylen Wright,27.26576541604213,-55.47424119414944,109.78629623426252,-33.66870799967306,87.4957612117232,0.0,0.0
2024,00-0039811,MarShawn Lloyd,23.47056473262284,-58.16624788392407,106.61847409271756,-37.19562752224108,84.50307259610163,0.0,0.0
2024,00-0039738,Blake Corum,28.81664516692121,-54.66032444960074,113.08179014579396,-31.75772972950219,89.26453830706991,0.0,0.0
2023,00-0037239,Chris Olave,199.8392543315063,118.27333426125608,281.7619870615283,139.3693216335222,261.62470021757633,0.00725,0.498375
2024,00-0037239,Chris Olave,213.5437197794172,131.69400551859042,295.7953212459086,153.51150393208158,274.58027601568745,0.02,0.62825
2024,00-0039907,Ja'Lynn Polk,28.897542883645123,-54.19547298141431,110.37441658086726,-31.707120279764037,88.11186564670602,0.0,0.00025
2024,00-0039363,Isaac Guerendo,15.363154293293084,-68.35463700094374,98.5066677307186,-45.870393493415726,74.97305455052769,0.0,0.0
2024,00-0039365,Jacob Cowing,17.24861589728384,-64.86890974491283,100.1765195948832,-43.64197080546951,77.5681191520121,0.0,0.0
2023,00-0038129,Cade Otton,144.2316828733567,63.51141837893939,225.9574521780264,83.67062889235211,203.05672147607623,0.000125,0.086375
2024,00-0038129,Cade Otton,154.42949653592862,71.90241399162147,237.95941405330944,93.10691826486712,216.33083095051597,0.000125,0.143375
2024,00-0039919,Rome Odunze,158.45177742991757,75.88960942923458,240.1742492851238,98.18362421697958,217.43952140038147,0.00025,0.157625
2024,00-0039603,British Brooks,13.381056597450456,-68.04572236294922,93.65102274285334,-46.40998269969431,73.09743539207743,0.0,0.0
2023,00-0037291,Jalen Nailor,35.63175255726483,-47.38208465787797,118.39668492265665,-25.089286525639988,96.99565383747466,0.0,0.0
2024,00-0037291,Jalen Nailor,28.62071668240656,-55.904907960236166,112.13181076090063,-33.34735678282074,90.35212746089246,0.0,0.000125
2024,00-0038636,Kenny McIntosh,14.446783009204465,-67.37181636425227,95.60809910679517,-46.64856056410304,74.96375345349797,0.0,0.0
2024,00-0039798,Isaiah Davis,25.082731540565756,-56.48216770860637,107.39253496629404,-36.49376476589482,87.29897577675922,0.0,0.0
2024,00-0039851,Drake Maye,33.99086843583674,-48.16176277014399,115.50410925352786,-26.163939208984317,94.15055638135904,0.0,0.0
2024,00-0039337,Malik Nabers,155.00535092193826,70.89067887036975,237.5114898487309,94.59951146246128,214.35929733375863,0.0005,0.139
2024,00-0039342,Xavier Legette,147.1577278459947,63.51602858564375,228.590078714026,84.39206251040136,207.9992938903009,0.0,0.10625
2024,00-0039338,Brock Bowers,156.35117634883483,75.28164367844718,239.26367730789,95.14174434243158,215.86363856121275,0.00025,0.145625
2024,00-0037450,Tyreik McAllister,13.0798792070211,-69.40797168193097,95.60212646670033,-46.70369438904327,73.59578767398816,0.0,0.0
2024,00-0039893,Brian Thomas Jr.,147.2782101587283,64.88047823653548,231.88972677297545,86.88978968201171,208.74788448462104,0.000125,0.10675
2024,00-0039890,Adonai Mitchell,147.7985320348984,65.45051154148244,229.74996655024464,88.98230600267422,206.94094755880656,0.00025,0.0985
2024,00-0037609,Aaron Shampklin,24.731880708589244,-57.52469342708105,105.0707808946616,-37.28257766977476,84.76830390195694,0.0,0.0
2023,00-0038046,Charlie Kolar,22.929212091438107,-57.91702030342747,104.26712539592168,-36.34068676261447,82.62784733429712,0.0,0.0
2024,00-0038046,Charlie Kolar,25.63531675735644,-55.3298047753299,109.07632487343804,-33.796569041785176,87.51031307618047,0.0,0.0
2023,00-0038996,Tucker Kraft,23.336295490117852,-58.49272561064711,105.49102037815672,-37.121255956874194,84.15546714078285,0.0,0.000125
2024,00-0038996,Tucker Kraft,21.59586765785053,-60.779670022341655,102.30886973143156,-39.72884266672864,81.22966888112663,0.0,0.0
2024,00-0038550,Hendon Hooker,30.541340773297133,-54.04379203893316,112.24034499414132,-30.317866553859016,89.31543109162057,0.0,0.000125
2024,00-0039364,Sione Vaki,16.298285002530783,-65.93686832364918,98.4908195599158,-44.366892703400325,76.34146252538898,0.0,0.0
2024,00-0039757,Terrell Jennings,32.180440195608554,-50.961335763810986,113.9242663635126,-27.76937877910645,92.59887718164998,0.0,0.0
2023,00-0038997,Josh Downs,24.129809875937504,-60.14385120320011,107.28821203076473,-36.75924172961741,83.67278736945607,0.0,0.0
2024,00-0038997,Josh Downs,166.0482892603224,83.46868013168168,247.8537272833327,106.90273777503722,226.5738207909124,0.000875,0.21125
2024,00-0039868,Troy Franklin,21.477717397863344,-59.454793564316994,102.86501289675356,-39.15235658671055,81.42483830876412,0.0,0.0
2024,00-0039391,Kimani Vidal,18.902449588767237,-62.76202997843079,100.34848194936616,-40.02147847426354,78.61751973771197,0.0,0.0
2024,00-0039407,Dylan Laube,16.441023252868682,-67.07028160068973,97.93895641084958,-44.66430302839113,76.0074086367131,0.0,0.0
2024,00-0039376,Spencer Rattler,29.597617555611446,-53.16988434476894,110.04608131705176,-31.13385891184101,90.11723062972636,0.0,0.000125
2024,00-0039855,Jalen McMillan,19.687403223321898,-63.606812361559975,101.7818465566912,-39.72198350277583,79.87298735659463,0.0,0.0
2024,00-0038359,Xavier Smith,28.662972367453698,-54.82777274953028,111.06279906947653,-32.43640220455434,89.97254979522965,0.0,0.000125
2024,00-0039746,Will Shipley,16.954355021825478,-65.49706758158433,97.91321821319274,-43.37405706756739,76.98607100443083,0.0,0.0
2023,00-0038543,Jaxon Smith-Njigba,30.05075207986736,-49.87442073192474,113.1272911512265,-27.778690726923447,93.0926180533569,0.0,0.0
2024,00-0038543,Jaxon Smith-Njigba,175.95331660421425,95.71584082139012,259.43336893632323,116.4040905702915,236.41974121937412,0.002125,0.28275
2024,00-0039393,Jase McClellan,7.272993358693608,-76.27396463561432,89.81878324668655,-51.940865161193145,69.2780847472362,0.0,0.0
2024,00-0039917,Michael Penix Jr.,30.706164687165018,-51.8126595033637,115.7677168709662,-29.705265796100555,91.66627799798862,0.0,0.000125
2024,00-0039916,Ricky Pearsall,29.87190968565573,-52.678333208541886,112.26580114268528,-30.83063077841311,90.01455296012786,0.0,0.0
2024,00-0039392,Jha'Quan Jackson,17.650546766487892,-66.92415773465052,100.05597374668658,-42.36908764368572,77.24366393176777,0.0,0.0
2023,00-0037744,Trey McBride,21.081478509364477,-61.20472332955878,105.38045822820769,-39.96746187669511,81.2006814342912,0.0,0.0
2024,00-0037744,Trey McBride,169.91914129453073,86.83350290896902,254.27356725842395,108.8620793609564,231.37790503959104,0.000875,0.23425
2024,00-0039920,Malachi Corley,20.601644496375435,-60.62756207589577,102.35669556421556,-38.78971287244666,79.6812346426162,0.0,0.0
2024,00-0039747,Ainias Smith,14.40622671278016,-68.75753959398412,97.8944032704808,-45.52271587569374,74.43067020369365,0.0,0.0
2024,00-0039880,Malik Washington,16.149235978898865,-66.64457759278524,98.08944537021372,-43.72548282165055,76.06337870815575,0.0,0.0
2024,00-0039614,Jermaine Jackson,27.491179699964427,-54.08849901300886,109.65432886088844,-32.38340462699863,87.52161906319199,0.0,0.0
2023,00-0035631,Drew Sample,22.114971529323483,-60.617868693999206,103.23751804108916,-38.84525341432803,82.01215721018404,0.0,0.0
2024,00-0035631,Drew Sample,18.0709634268469,-66.17527022794543,99.19265099514,-43.81588629832722,77.84686018064136,0.0,0.0
2024,00-0037509,Sincere McCormick,25.20156583928216,-57.301682963317205,108.01022067588366,-35.6780026249487,84.41656884348218,0.0,0.0
2024,00-0039344,Jonathon Brooks,27.30272469889369,-53.55696664579406,107.1668379032959,-32.342434063241406,86.884976718063,0.0,0.000125
2024,00-0037708,Maurice Alexander,20.39593522610465,-66.12523947925844,104.26800056718136,-42.50848205276557,81.29686229784791,0.0,0.0
2024,00-0037231,Kevin Austin Jr.,20.06486104704864,-62.15487276766814,102.84233822303098,-39.00028345778277,82.22337196680499,0.0,0.0
2024,00-0036630,Tylan Wallace,9.307838935210537,-75.71951875932461,92.5393641182223,-52.73251044065776,69.76642367464257,0.0,0.0
2024,00-0039796,Rasheen Ali,20.6182118350428,-62.311210826522746,102.67521734944332,-39.46029435942162,80.93776823118333,0.0,0.0
2024,00-0039299,George Holani,21.300859401742365,-58.90589641806358,102.40411604075096,-38.38235394809363,81.2877921416699,0.0,0.0
2023,00-0036912,DeVonta Smith,215.8883581409316,134.5189524785988,296.73781561703026,155.8739742453456,274.7397847717379,0.02175,0.644125
2024,00-0036912,DeVonta Smith,224.19652013107677,143.36983847218792,307.779696806063,164.86828622782608,284.5902464191215,0.037125,0.713
2024,00-0039573,Blake Watson,15.056018383846489,-65.2463517741272,97.66604154128278,-44.54357774382136,74.87254936483559,0.0,0.0
2023,00-0038559,Michael Wilson,23.563520446489225,-58.17534970151887,108.63603263225406,-37.12678237471376,84.60876762762446,0.0,0.0
2024,00-0038559,Michael Wilson,159.98863754408907,81.21467394060326,241.55276137789076,99.9329747901444,220.3759193231168,0.000375,0.175
2024,00-0038400,Tanner McKee,14.479962669609897,-68.59857338921945,96.74500476606548,-45.98680781376367,75.21098940455938,0.0,0.0
2024,00-0038519,Nikko Remigio,29.414352540090213,-51.02491632697848,111.68046941497389,-30.614880328926077,89.64998198000127,0.0,0.000125
2024,00-0039244,Chris Collier,11.572341852792938,-70.88353891760828,93.16938841764176,-45.97484601920647,71.66892061682898,0.0,0.0
2024,00-0039901,Keon Coleman,154.5016372431843,71.49312065923768,237.28483496761152,93.06848828248262,215.45633182619264,0.00025,0.142125
2024,00-0039491,Jalen Coker,26.95549900506953,-55.64278072364039,108.8884354617378,-34.47322208861045,86.12213643645177,0.0,0.0
2024,00-0039751,Jordan Whittington,20.97183407852465,-62.6716992343149,102.67999516491328,-39.19658386702713,81.16608063772357,0.0,0.0
