Rank,Player Team (Bye),POS,ESPN,Sleeper,NFL,RTSports,FFC,AVG,season,position,position_rank,full_name,team,bye_week
1,Le'Veon Bell,RB1,,,,1.0,,1.5,2015,RB,1,Le'Veon Bell,,
2,Adrian Peterson,RB2,,,,2.0,,1.8,2015,RB,2,Adrian Peterson,,
3,Antonio Brown,WR1,,,,4.0,,3.8,2015,WR,1,Antonio Brown,,
4,Jamaal Charles,RB3,,,,5.0,,4.0,2015,RB,3,Jamaal Charles,,
5,Eddie Lacy,RB4,,,,3.0,,4.0,2015,RB,4,Eddie Lacy,,
6,Marshawn Lynch,RB5,,,,6.0,,7.3,2015,RB,5,Marshawn Lynch,,
7,Julio Jones,WR2,,,,7.0,,7.8,2015,WR,2,Julio Jones,,
8,Dez Bryant,WR3,,,,10.0,,8.0,2015,WR,3,Dez Bryant,,
9,Rob Gronkowski,TE1,,,,8.0,,9.0,2015,TE,1,Rob Gronkowski,,
10,Odell Beckham Jr.,WR4,,,,11.0,,11.0,2015,WR,4,Odell Beckham Jr.,,
11,C.J. Anderson,RB6,,,,9.0,,11.5,2015,RB,6,C.J. Anderson,,
12,Demaryius Thomas,WR5,,,,13.0,,11.8,2015,WR,5,Demaryius Thomas,,
13,Matt Forte,RB7,,,,12.0,,12.3,2015,RB,7,Matt Forte,,
14,Calvin Johnson,WR6,,,,15.0,,14.8,2015,WR,6,Calvin Johnson,,
15,DeMarco Murray,RB8,,,,14.0,,16.0,2015,RB,8,DeMarco Murray,,
16,Jeremy Hill,RB9,,,,16.0,,16.8,2015,RB,9,Jeremy Hill,,
17,A.J. Green,WR7,,,,18.0,,18.0,2015,WR,7,A.J. Green,,
18,Andrew Luck,QB1,,,,19.0,,18.3,2015,QB,1,Andrew Luck,,
19,Randall Cobb,WR8,,,,20.0,,19.5,2015,WR,8,Randall Cobb,,
20,LeSean McCoy,RB10,,,,17.0,,19.5,2015,RB,10,LeSean McCoy,,
21,Aaron Rodgers,QB2,,,,26.0,,21.8,2015,QB,2,Aaron Rodgers,,
22,Justin Forsett,RB11,,,,21.0,,22.3,2015,RB,11,Justin Forsett,,
23,T.Y. Hilton,WR9,,,,23.0,,23.5,2015,WR,9,T.Y. Hilton,,
24,Alshon Jeffery,WR10,,,,25.0,,24.3,2015,WR,10,Alshon Jeffery,,
25,Brandin Cooks NO (11),WR11,,,,27.0,,26.8,2015,WR,11,Brandin Cooks,NO,11
26,Mike Evans TB (6),WR12,,,,28.0,,26.8,2015,WR,12,Mike Evans,TB,6
27,Lamar Miller,RB12,,,,24.0,,27.0,2015,RB,12,Lamar Miller,,
28,Frank Gore,RB13,,,,29.0,,29.0,2015,RB,13,Frank Gore,,
29,DeAndre Hopkins BAL (9),WR13,,,,34.0,,29.8,2015,WR,13,DeAndre Hopkins,BAL,9
30,Jimmy Graham,TE2,,,,30.0,,30.3,2015,TE,2,Jimmy Graham,,
31,Jordan Matthews,TE3,,,,31.0,,31.5,2015,TE,3,Jordan Matthews,,
32,Mark Ingram II,RB14,,,,32.0,,31.8,2015,RB,14,Mark Ingram II,,
33,Emmanuel Sanders,WR14,,,,33.0,,32.5,2015,WR,14,Emmanuel Sanders,,
34,Melvin Gordon III,RB15,,,,36.0,,37.0,2015,RB,15,Melvin Gordon III,,
35,Latavius Murray,RB16,,,,35.0,,37.8,2015,RB,16,Latavius Murray,,
36,Alfred Morris,RB17,,,,38.0,,41.0,2015,RB,17,Alfred Morris,,
37,Carlos Hyde,RB18,,,,40.0,,41.8,2015,RB,18,Carlos Hyde,,
38,Andre Ellington,RB19,,,,39.0,,42.0,2015,RB,19,Andre Ellington,,
39,Andre Johnson,WR15,,,,45.0,,44.3,2015,WR,15,Andre Johnson,,
40,Amari Cooper,WR16,,,,49.0,,45.0,2015,WR,16,Amari Cooper,,
41,Golden Tate,WR17,,,,41.0,,45.5,2015,WR,17,Golden Tate,,
42,Julian Edelman,WR18,,,,51.0,,47.3,2015,WR,18,Julian Edelman,,
43,Arian Foster,RB20,,,,56.0,,48.5,2015,RB,20,Arian Foster,,
44,Ameer Abdullah,RB21,,,,42.0,,49.0,2015,RB,21,Ameer Abdullah,,
45,Keenan Allen,WR19,,,,53.0,,49.3,2015,WR,19,Keenan Allen,,
46,Joseph Randle,RB22,,,,43.0,,49.8,2015,RB,22,Joseph Randle,,
47,Jeremy Maclin,WR20,,,,44.0,,50.0,2015,WR,20,Jeremy Maclin,,
48,Jonathan Stewart,RB23,,,,46.0,,50.3,2015,RB,23,Jonathan Stewart,,
49,Greg Olsen,TE4,,,,48.0,,50.5,2015,TE,4,Greg Olsen,,
50,Jarvis Landry,WR21,,,,60.0,,51.0,2015,WR,21,Jarvis Landry,,
51,Travis Kelce KC (9),TE5,,,,55.0,,51.5,2015,TE,5,Travis Kelce,KC,9
52,Peyton Manning,QB3,,,,54.0,,52.3,2015,QB,3,Peyton Manning,,
53,Drew Brees,QB4,,,,47.0,,54.5,2015,QB,4,Drew Brees,,
54,Sammy Watkins,WR22,,,,57.0,,55.8,2015,WR,22,Sammy Watkins,,
55,T.J. Yeldon,RB24,,,,59.0,,56.0,2015,RB,24,T.J. Yeldon,,
56,C.J. Spiller,RB25,,,,50.0,,56.3,2015,RB,25,C.J. Spiller,,
57,Brandon Marshall,WR23,,,,63.0,,57.0,2015,WR,23,Brandon Marshall,,
58,Doug Martin,RB26,,,,58.0,,59.5,2015,RB,26,Doug Martin,,
59,Russell Wilson NYG (11),QB5,,,,68.0,,59.8,2015,QB,5,Russell Wilson,NYG,11
60,Ben Roethlisberger,QB6,,,,65.0,,60.8,2015,QB,6,Ben Roethlisberger,,
61,Todd Gurley II,RB27,,,,52.0,,62.5,2015,RB,27,Todd Gurley II,,
62,Allen Robinson II,WR24,,,,66.0,,62.5,2015,WR,24,Allen Robinson II,,
63,Davante Adams LAR (),WR25,,,,64.0,,64.0,2015,WR,25,Davante Adams LAR (),,
64,Martellus Bennett,TE6,,,,67.0,,65.3,2015,TE,6,Martellus Bennett,,
65,DeSean Jackson,WR26,,,,62.0,,65.3,2015,WR,26,DeSean Jackson,,
66,Giovani Bernard,RB28,,,,69.0,,66.0,2015,RB,28,Giovani Bernard,,
67,Martavis Bryant,WR27,,,,78.0,,66.8,2015,WR,27,Martavis Bryant,,
68,Chris Ivory,RB29,,,,61.0,,67.3,2015,RB,29,Chris Ivory,,
69,Nelson Agholor,WR28,,,,72.0,,68.8,2015,WR,28,Nelson Agholor,,
70,Vincent Jackson,WR29,,,,71.0,,70.8,2015,WR,29,Vincent Jackson,,
71,Matt Ryan,QB7,,,,73.0,,72.5,2015,QB,7,Matt Ryan,,
72,Joique Bell,RB30,,,,70.0,,73.3,2015,RB,30,Joique Bell,,
73,Charles Johnson,WR30,,,,75.0,,75.3,2015,WR,30,Charles Johnson,,
74,LeGarrette Blount,RB31,,,,79.0,,76.3,2015,RB,31,LeGarrette Blount,,
75,Shane Vereen,RB32,,,,74.0,,76.3,2015,RB,32,Shane Vereen,,
76,Tevin Coleman,RB33,,,,76.0,,77.5,2015,RB,33,Tevin Coleman,,
77,Rashad Jennings,RB34,,,,80.0,,79.8,2015,RB,34,Rashad Jennings,,
78,Mike Wallace,WR31,,,,77.0,,80.0,2015,WR,31,Mike Wallace,,
79,Tom Brady,QB8,,,,83.0,,80.5,2015,QB,8,Tom Brady,,
80,Tony Romo,QB9,,,,86.0,,82.8,2015,QB,9,Tony Romo,,
81,Matthew Stafford LAR (),QB10,,,,81.0,,87.5,2015,QB,10,Matthew Stafford LAR (),,
82,John Brown,WR32,,,,93.0,,87.5,2015,WR,32,John Brown,,
83,Ryan Tannehill,QB11,,,,88.0,,87.8,2015,QB,11,Ryan Tannehill,,
84,Isaiah Crowell,RB35,,,,104.0,,89.5,2015,RB,35,Isaiah Crowell,,
85,Jordan Cameron,TE7,,,,96.0,,89.8,2015,TE,7,Jordan Cameron,,
86,Larry Fitzgerald,WR33,,,,84.0,,91.0,2015,WR,33,Larry Fitzgerald,,
87,Roddy White,WR34,,,,91.0,,91.3,2015,WR,34,Roddy White,,
88,Eric Decker,WR35,,,,85.0,,92.0,2015,WR,35,Eric Decker,,
89,Steve Smith,WR36,,,,100.0,,92.3,2015,WR,36,Steve Smith,,
90,Jason Witten,TE8,,,,109.0,,94.0,2015,TE,8,Jason Witten,,
91,Ryan Mathews,RB36,,,,90.0,,94.8,2015,RB,36,Ryan Mathews,,
92,Eli Manning,QB12,,,,89.0,,97.0,2015,QB,12,Eli Manning,,
93,Devonta Freeman,RB37,,,,95.0,,97.5,2015,RB,37,Devonta Freeman,,
94,Tre Mason,RB38,,,,106.0,,98.5,2015,RB,38,Tre Mason,,
95,Victor Cruz,WR37,,,,110.0,,99.5,2015,WR,37,Victor Cruz,,
96,Bishop Sankey,RB39,,,,87.0,,100.5,2015,RB,39,Bishop Sankey,,
97,Anquan Boldin,WR38,,,,117.0,,102.5,2015,WR,38,Anquan Boldin,,
98,Darren McFadden,RB40,,,,102.0,,103.3,2015,RB,40,Darren McFadden,,
99,Kendall Wright,WR39,,,,99.0,,103.3,2015,WR,39,Kendall Wright,,
100,Alfred Blue,RB41,,,,82.0,,104.5,2015,RB,41,Alfred Blue,,
101,Duke Johnson Jr.,RB42,,,,97.0,,104.5,2015,RB,42,Duke Johnson Jr.,,
103,Michael Floyd,WR40,,,,92.0,,105.5,2015,WR,40,Michael Floyd,,
104,Torrey Smith,WR41,,,,103.0,,107.3,2015,WR,41,Torrey Smith,,
105,Devin Funchess,WR42,,,,107.0,,107.8,2015,WR,42,Devin Funchess,,
106,Sam Bradford,QB13,,,,113.0,,108.0,2015,QB,13,Sam Bradford,,
107,Danny Woodhead,RB43,,,,101.0,,108.5,2015,RB,43,Danny Woodhead,,
108,Cam Newton,QB14,,,,112.0,,109.0,2015,QB,14,Cam Newton,,
109,Zach Ertz WAS (8),TE9,,,,94.0,,109.5,2015,TE,9,Zach Ertz,WAS,8
110,Delanie Walker,TE10,,,,108.0,,110.0,2015,TE,10,Delanie Walker,,
111,Philip Rivers,QB15,,,,116.0,,110.8,2015,QB,15,Philip Rivers,,
112,Marques Colston,WR43,,,,122.0,,115.5,2015,WR,43,Marques Colston,,
113,Pierre Garcon,WR44,,,,121.0,,115.5,2015,WR,44,Pierre Garcon,,
114,DeVante Parker,WR45,,,,126.0,,118.3,2015,WR,45,DeVante Parker,,
115,Julius Thomas,TE11,,,,115.0,,118.8,2015,TE,11,Julius Thomas,,
116,Terrance Williams,WR46,,,,105.0,,119.0,2015,WR,46,Terrance Williams,,
118,Tyler Eifert,TE12,,,,123.0,,120.3,2015,TE,12,Tyler Eifert,,
119,Darren Sproles,RB44,,,,120.0,,122.0,2015,RB,44,Darren Sproles,,
121,Teddy Bridgewater,QB16,,,,137.0,,124.5,2015,QB,16,Teddy Bridgewater,,
123,David Johnson,RB45,,,,130.0,,126.3,2015,RB,45,David Johnson,,
124,Breshad Perriman,WR47,,,,131.0,,126.8,2015,WR,47,Breshad Perriman,,
125,Eddie Royal,WR48,,,,119.0,,127.3,2015,WR,48,Eddie Royal,,
126,Markus Wheaton,WR49,,,,111.0,,129.5,2015,WR,49,Markus Wheaton,,
127,Reggie Bush,RB46,,,,139.0,,131.0,2015,RB,46,Reggie Bush,,
128,Knile Davis,RB47,,,,125.0,,131.0,2015,RB,47,Knile Davis,,
129,Brandon LaFell,WR50,,,,98.0,,131.3,2015,WR,50,Brandon LaFell,,
130,Stephen Gostkowski,K1,,,,133.0,,134.0,2015,K,1,Stephen Gostkowski,,
131,Kyle Rudolph,TE13,,,,129.0,,134.5,2015,TE,13,Kyle Rudolph,,
132,Owen Daniels,TE14,,,,143.0,,137.8,2015,TE,14,Owen Daniels,,
133,Charles Sims,RB48,,,,153.0,,137.8,2015,RB,48,Charles Sims,,
134,Steve Johnson,WR51,,,,146.0,,143.0,2015,WR,51,Steve Johnson,,
135,Joe Flacco CLE (11),QB17,,,,144.0,,143.0,2015,QB,17,Joe Flacco,CLE,11
136,Antonio Gates,TE15,,,,148.0,,144.0,2015,TE,15,Antonio Gates,,
137,Dwayne Allen,TE16,,,,168.0,,144.3,2015,TE,16,Dwayne Allen,,
138,Colin Kaepernick,QB18,,,,161.0,,144.5,2015,QB,18,Colin Kaepernick,,
139,Michael Crabtree,WR52,,,,154.0,,145.8,2015,WR,52,Michael Crabtree,,
140,Carson Palmer,QB19,,,,150.0,,148.8,2015,QB,19,Carson Palmer,,
141,Brian Quick,WR53,,,,149.0,,150.0,2015,WR,53,Brian Quick,,
142,Kenny Stills,WR54,,,,142.0,,150.0,2015,WR,54,Kenny Stills,,
143,Austin Seferian-Jenkins,TE17,,,,147.0,,150.8,2015,TE,17,Austin Seferian-Jenkins,,
144,Matt Jones,RB49,,,,145.0,,155.3,2015,RB,49,Matt Jones,,
146,David Cobb,RB50,,,,124.0,,155.5,2015,RB,50,David Cobb,,
147,Roy Helu,RB51,,,,152.0,,155.5,2015,RB,51,Roy Helu,,
148,Andre Williams,RB52,,,,132.0,,156.3,2015,RB,52,Andre Williams,,
150,DeAngelo Williams,RB53,,,,164.0,,158.5,2015,RB,53,DeAngelo Williams,,
151,Adam Vinatieri,K2,,,,172.0,,158.8,2015,K,2,Adam Vinatieri,,
152,Jay Cutler,QB20,,,,157.0,,159.0,2015,QB,20,Jay Cutler,,
154,Jordy Nelson,WR55,,,,22.0,,89.7,2015,WR,55,Jordy Nelson,,
155,Doug Baldwin,WR56,,,,187.0,,162.3,2015,WR,56,Doug Baldwin,,
156,Percy Harvin,WR57,,,,160.0,,162.8,2015,WR,57,Percy Harvin,,
157,Ronnie Hillman,RB54,,,,135.0,,166.3,2015,RB,54,Ronnie Hillman,,
158,Rueben Randle,WR58,,,,188.0,,166.8,2015,WR,58,Rueben Randle,,
159,Marvin Jones Jr.,WR59,,,,173.0,,166.8,2015,WR,59,Marvin Jones Jr.,,
160,Vernon Davis,TE18,,,,138.0,,167.3,2015,TE,18,Vernon Davis,,
161,Josh Hill,TE19,,,,179.0,,167.3,2015,TE,19,Josh Hill,,
162,Dorial Green-Beckham,WR60,,,,170.0,,167.3,2015,WR,60,Dorial Green-Beckham,,
164,Brandon Coleman,WR61,,,,155.0,,173.3,2015,WR,61,Brandon Coleman,,
165,Phillip Dorsett II,WR62,,,,192.0,,176.0,2015,WR,62,Phillip Dorsett II,,
166,Cody Latimer,WR63,,,,184.0,,177.0,2015,WR,63,Cody Latimer,,
167,Derek Carr,QB21,,,,190.0,,178.3,2015,QB,21,Derek Carr,,
168,Fred Jackson,RB55,,,,162.0,,179.3,2015,RB,55,Fred Jackson,,
170,Jordan Reed,TE20,,,,182.0,,181.8,2015,TE,20,Jordan Reed,,
171,Marcus Mariota WAS (8),QB22,,,,222.0,,182.3,2015,QB,22,Marcus Mariota,WAS,8
172,Cameron Artis-Payne,RB56,,,,201.0,,186.8,2015,RB,56,Cameron Artis-Payne,,
173,Denard Robinson,RB57,,,,140.0,,188.0,2015,RB,57,Denard Robinson,,
175,Richard Rodgers,TE21,,,,195.0,,192.5,2015,TE,21,Richard Rodgers,,
177,Ty Montgomery II,RB58,,,,197.0,,199.8,2015,RB,58,Ty Montgomery II,,
178,Kevin White,WR64,,,,114.0,,141.3,2015,WR,64,Kevin White,,
179,Coby Fleener,TE22,,,,134.0,,142.3,2015,TE,22,Coby Fleener,,
180,Kelvin Benjamin,WR65,,,,37.0,,142.7,2015,WR,65,Kelvin Benjamin,,
181,Christine Michael,RB59,,,,159.0,,209.3,2015,RB,59,Christine Michael,,
184,Tyler Lockett TEN (4),WR66,,,,218.0,,214.0,2015,WR,66,Tyler Lockett,TEN,4
185,Allen Hurns,WR67,,,,196.0,,214.5,2015,WR,67,Allen Hurns,,
186,Andy Dalton CAR (5),QB23,,,,165.0,,162.3,2015,QB,23,Andy Dalton,CAR,5
187,Jameis Winston NYG (11),QB24,,,,212.0,,162.7,2015,QB,24,Jameis Winston,NYG,11
188,Tyrod Taylor NYJ (5),QB25,,,,227.0,,216.8,2015,QB,25,Tyrod Taylor,NYJ,5
189,James Jones,WR68,,,,174.0,,217.3,2015,WR,68,James Jones,,
190,Jonas Gray,RB60,,,,156.0,,167.0,2015,RB,60,Jonas Gray,,
191,Eric Ebron,TE23,,,,180.0,,167.0,2015,TE,23,Eric Ebron,,
192,James Starks,RB61,,,,204.0,,221.5,2015,RB,61,James Starks,,
193,Stephen Hauschka,K3,,,,203.0,,172.3,2015,K,3,Stephen Hauschka,,
194,Reggie Wayne,WR69,,,,205.0,,174.3,2015,WR,69,Reggie Wayne,,
195,Jeff Janis,WR70,,,,202.0,,225.8,2015,WR,70,Jeff Janis,,
196,Mason Crosby,K4,,,,175.0,,176.7,2015,K,4,Mason Crosby,,
197,Montee Ball,RB62,,,,167.0,,176.7,2015,RB,62,Montee Ball,,
198,Jay Ajayi,RB63,,,,219.0,,177.7,2015,RB,63,Jay Ajayi,,
200,Khiry Robinson,RB64,,,,213.0,,232.5,2015,RB,64,Khiry Robinson,,
201,Larry Donnell,TE24,,,,151.0,,186.0,2015,TE,24,Larry Donnell,,
202,Cody Parkey,K5,,,,176.0,,186.7,2015,K,5,Cody Parkey,,
203,Dan Bailey,K6,,,,216.0,,187.7,2015,K,6,Dan Bailey,,
205,Charles Clay,TE25,,,,198.0,,191.3,2015,TE,25,Charles Clay,,
207,Kenny Britt,WR71,,,,209.0,,195.0,2015,WR,71,Kenny Britt,,
208,Justin Tucker,K7,,,,206.0,,195.0,2015,K,7,Justin Tucker,,
209,Nick Foles,QB26,,,,229.0,,196.0,2015,QB,26,Nick Foles,,
210,Ladarius Green,TE26,,,,230.0,,196.3,2015,TE,26,Ladarius Green,,
211,Alex Smith,QB27,,,,233.0,,198.3,2015,QB,27,Alex Smith,,
212,Heath Miller,TE27,,,,211.0,,199.7,2015,TE,27,Heath Miller,,
213,Donte Moncrief,WR72,,,,257.0,,203.3,2015,WR,72,Donte Moncrief,,
214,Dwayne Bowe,WR73,,,,241.0,,204.3,2015,WR,73,Dwayne Bowe,,
215,Blake Bortles,QB28,,,,261.0,,204.7,2015,QB,28,Blake Bortles,,
216,Terrance West,RB65,,,,189.0,,206.7,2015,RB,65,Terrance West,,
217,Jerick McKinnon,RB66,,,,242.0,,209.3,2015,RB,66,Jerick McKinnon,,
218,James White,RB67,,,,158.0,,210.7,2015,RB,67,James White,,
219,Dan Herron,RB68,,,,166.0,,215.7,2015,RB,68,Dan Herron,,
220,Theo Riddick,RB69,,,,249.0,,221.3,2015,RB,69,Theo Riddick,,
221,Mohamed Sanu Sr.,WR74,,,,265.0,,223.0,2015,WR,74,Mohamed Sanu Sr.,,
222,Branden Oliver,RB70,,,,178.0,,223.0,2015,RB,70,Branden Oliver,,
223,Sebastian Janikowski,K8,,,,226.0,,224.7,2015,K,8,Sebastian Janikowski,,
224,Chris Johnson,RB71,,,,191.0,,225.0,2015,RB,71,Chris Johnson,,
225,Matt Bryant,K9,,,,273.0,,225.7,2015,K,9,Matt Bryant,,
226,Cordarrelle Patterson PIT (11),RB72,,,,244.0,,226.7,2015,RB,72,Cordarrelle Patterson,PIT,11
227,Brandon McManus GB (7),K10,,,,256.0,,227.0,2015,K,10,Brandon McManus,GB,7
228,Chris Polk,RB73,,,,215.0,,228.7,2015,RB,73,Chris Polk,,
229,Robert Griffin III,QB29,,,,268.0,,230.3,2015,QB,29,Robert Griffin III,,
230,Jaelen Strong,WR75,,,,294.0,,234.0,2015,WR,75,Jaelen Strong,,
231,Malcom Floyd,WR76,,,,239.0,,234.7,2015,WR,76,Malcom Floyd,,
232,Maxx Williams,TE28,,,,291.0,,238.7,2015,TE,28,Maxx Williams,,
233,Matt Prater,K11,,,,281.0,,238.7,2015,K,11,Matt Prater,,
234,Greg Zuerlein,K12,,,,293.0,,239.7,2015,K,12,Greg Zuerlein,,
235,Lance Dunbar,RB74,,,,243.0,,241.7,2015,RB,74,Lance Dunbar,,
236,Stevan Ridley,RB75,,,,238.0,,242.3,2015,RB,75,Stevan Ridley,,
237,Cecil Shorts,WR77,,,,210.0,,244.7,2015,WR,77,Cecil Shorts,,
238,Marqise Lee,WR78,,,,325.0,,246.3,2015,WR,78,Marqise Lee,,
240,Javorius Allen,RB76,,,,266.0,,249.3,2015,RB,76,Javorius Allen,,
241,Jared Cook,TE29,,,,305.0,,252.7,2015,TE,29,Jared Cook,,
242,Blair Walsh,K13,,,,298.0,,254.3,2015,K,13,Blair Walsh,,
244,Leonard Hankerson,WR79,,,,297.0,,257.0,2015,WR,79,Leonard Hankerson,,
245,Cole Beasley,WR80,,,,280.0,,257.7,2015,WR,80,Cole Beasley,,
246,Danny Amendola,WR81,,,,234.0,,259.0,2015,WR,81,Danny Amendola,,
247,Lorenzo Taliaferro,RB77,,,,237.0,,261.3,2015,RB,77,Lorenzo Taliaferro,,
248,Jeremy Langford,RB78,,,,284.0,,261.3,2015,RB,78,Jeremy Langford,,
249,Josh Robinson,RB79,,,,228.0,,263.3,2015,RB,79,Josh Robinson,,
250,Ray Rice,RB80,,,,275.0,,265.7,2015,RB,80,Ray Rice,,
251,Dion Lewis,RB81,,,,221.0,,267.7,2015,RB,81,Dion Lewis,,
252,Josh Scobee,K14,,,,292.0,,269.7,2015,K,14,Josh Scobee,,
253,Pierre Thomas,RB82,,,,338.0,,269.7,2015,RB,82,Pierre Thomas,,
254,Zach Zenner,RB83,,,,225.0,,269.7,2015,RB,83,Zach Zenner,,
255,Ryan Fitzpatrick,QB30,,,,326.0,,220.5,2015,QB,30,Ryan Fitzpatrick,,
256,Karlos Williams,RB84,,,,254.0,,274.0,2015,RB,84,Karlos Williams,,
257,Dustin Hopkins CLE (11),K15,,,,207.0,,233.5,2015,K,15,Dustin Hopkins,CLE,11
258,Stedman Bailey,WR82,,,,232.0,,235.5,2015,WR,82,Stedman Bailey,,
259,Tavon Austin,WR83,,,,235.0,,240.5,2015,WR,83,Tavon Austin,,
261,Knowshon Moreno,RB85,,,,223.0,,242.0,2015,RB,85,Knowshon Moreno,,
262,Riley Cooper,WR84,,,,309.0,,242.5,2015,WR,84,Riley Cooper,,
263,Virgil Green,TE30,,,,286.0,,287.7,2015,TE,30,Virgil Green,,
264,Garrett Hartley,K16,,,,289.0,,243.5,2015,K,16,Garrett Hartley,,
265,Robbie Gould,K17,,,,200.0,,244.5,2015,K,17,Robbie Gould,,
266,Nick Toon,WR85,,,,329.0,,289.3,2015,WR,85,Nick Toon,,
267,Justin Hunter,WR86,,,,315.0,,289.3,2015,WR,86,Justin Hunter,,
268,Dan Carpenter,K18,,,,288.0,,246.0,2015,K,18,Dan Carpenter,,
271,Jace Amaro,TE31,,,,361.0,,297.3,2015,TE,31,Jace Amaro,,
272,Brian Hoyer,QB31,,,,375.0,,259.0,2015,QB,31,Brian Hoyer,,
273,Damian Williams,WR87,,,,141.0,,141.0,2015,WR,87,Damian Williams,,
275,Connor Barth,K19,,,,245.0,,261.0,2015,K,19,Connor Barth,,
276,Greg Jennings,WR88,,,,240.0,,262.0,2015,WR,88,Greg Jennings,,
277,Chris Conley,WR89,,,,259.0,,264.0,2015,WR,89,Chris Conley,,
278,Caleb Sturgis,K20,,,,304.0,,266.0,2015,K,20,Caleb Sturgis,,
279,Matt Cassel,QB32,,,,,,157.0,2015,QB,32,Matt Cassel,,
280,Shaun Suisham,K21,,,,285.0,,269.5,2015,K,21,Shaun Suisham,,
281,Robert Woods PIT (11),WR90,,,,274.0,,270.0,2015,WR,90,Robert Woods,PIT,11
282,Chris Givens,WR91,,,,163.0,,163.0,2015,WR,91,Chris Givens,,
283,Jordan Norwood,WR92,,,,193.0,,270.5,2015,WR,92,Jordan Norwood,,
284,Austin Davis,QB33,,,,,,164.0,2015,QB,33,Austin Davis,,
285,Josh McCown,QB34,,,,373.0,,276.5,2015,QB,34,Josh McCown,,
286,Robert Turbin,RB86,,,,278.0,,276.5,2015,RB,86,Robert Turbin,,
287,Stefon Diggs NE (4),WR93,,,,258.0,,277.0,2015,WR,93,Stefon Diggs,NE,4
288,Nick Novak,K22,,,,307.0,,277.5,2015,K,22,Nick Novak,,
289,Brandon Weeden,QB35,,,,,,178.0,2015,QB,35,Brandon Weeden,,
290,Brock Osweiler,QB36,,,,,,179.0,2015,QB,36,Brock Osweiler,,
291,Josh Gordon,WR94,,,,,,279.5,2015,WR,94,Josh Gordon,,
292,Marcel Reece,RB87,,,,181.0,,305.0,2015,RB,87,Marcel Reece,,
293,Geno Smith LV (),QB37,,,,368.0,,312.3,2015,QB,37,Geno Smith LV (),,
294,Andrew Hawkins,WR95,,,,250.0,,280.0,2015,WR,95,Andrew Hawkins,,
295,Josh Brown,K23,,,,320.0,,281.0,2015,K,23,Josh Brown,,
296,Jarrett Boykin,WR96,,,,185.0,,312.0,2015,WR,96,Jarrett Boykin,,
297,Phil Dawson,K24,,,,300.0,,282.5,2015,K,24,Phil Dawson,,
298,Toby Gerhart,RB88,,,,312.0,,284.0,2015,RB,88,Toby Gerhart,,
299,Andrew Quarless,TE32,,,,290.0,,284.0,2015,TE,32,Andrew Quarless,,
300,Mike Nugent,K25,,,,270.0,,284.5,2015,K,25,Mike Nugent,,
301,Miles Austin,WR97,,,,194.0,,194.0,2015,WR,97,Miles Austin,,
302,Brandon Bolden,RB89,,,,277.0,,286.0,2015,RB,89,Brandon Bolden,,
303,Matt Asiata,RB90,,,,199.0,,306.5,2015,RB,90,Matt Asiata,,
304,Randy Bullock,K26,,,,306.0,,289.0,2015,K,26,Randy Bullock,,
306,Mark Sanchez,QB38,,,,335.0,,291.0,2015,QB,38,Mark Sanchez,,
307,Chandler Catanzaro,K27,,,,323.0,,292.5,2015,K,27,Chandler Catanzaro,,
308,Kirk Cousins ATL (10),QB39,,,,264.0,,293.5,2015,QB,39,Kirk Cousins,ATL,10
311,Zac Stacy,RB91,,,,252.0,,295.5,2015,RB,91,Zac Stacy,,
312,Wes Welker,WR98,,,,214.0,,214.0,2015,WR,98,Wes Welker,,
314,Johnny Manziel,QB40,,,,352.0,,296.5,2015,QB,40,Johnny Manziel,,
315,Josh Huff,WR99,,,,347.0,,296.5,2015,WR,99,Josh Huff,,
317,Ahmad Bradshaw,RB92,,,,217.0,,217.0,2015,RB,92,Ahmad Bradshaw,,
318,Ryan Mallett,QB41,,,,374.0,,298.5,2015,QB,41,Ryan Mallett,,
319,Sammie Coates,WR100,,,,,,221.0,2015,WR,100,Sammie Coates,,
320,Mychal Rivera,TE33,,,,231.0,,299.5,2015,TE,33,Mychal Rivera,,
321,Scott Chandler,TE34,,,,301.0,,299.5,2015,TE,34,Scott Chandler,,
322,Jimmy Clausen,QB42,,,,,,225.0,2015,QB,42,Jimmy Clausen,,
323,Harry Douglas,WR101,,,,260.0,,302.0,2015,WR,101,Harry Douglas,,
324,Nick Folk,K28,,,,336.0,,302.0,2015,K,28,Nick Folk,,
325,Damien Williams,RB93,,,,255.0,,303.0,2015,RB,93,Damien Williams,,
326,Trent Richardson,RB94,,,,349.0,,303.5,2015,RB,94,Trent Richardson,,
327,Cairo Santos CHI (7),K29,,,,296.0,,305.0,2015,K,29,Cairo Santos,CHI,7
328,Kenjon Barner,RB95,,,,236.0,,236.0,2015,RB,95,Kenjon Barner,,
329,Jimmy Garoppolo LAR (),QB43,,,,,,236.0,2015,QB,43,Jimmy Garoppolo LAR (),,
330,Juwan Thompson,RB96,,,,247.0,,307.0,2015,RB,96,Juwan Thompson,,
331,Brian Hartline,WR102,,,,251.0,,307.0,2015,WR,102,Brian Hartline,,
332,Jacquizz Rodgers,RB97,,,,295.0,,311.0,2015,RB,97,Jacquizz Rodgers,,
333,Graham Gano NYG (11),K30,,,,310.0,,311.0,2015,K,30,Graham Gano,NYG,11
334,Anthony Dixon,RB98,,,,248.0,,248.0,2015,RB,98,Anthony Dixon,,
335,Ka'Deem Carey,RB99,,,,334.0,,313.5,2015,RB,99,Ka'Deem Carey,,
336,Bryce Brown,RB100,,,,253.0,,253.0,2015,RB,100,Bryce Brown,,
337,Jermaine Kearse,WR103,,,,269.0,,319.0,2015,WR,103,Jermaine Kearse,,
339,Jarryd Hayne,RB101,,,,272.0,,321.0,2015,RB,101,Jarryd Hayne,,
340,Josh Lambo,K31,,,,303.0,,321.5,2015,K,31,Josh Lambo,,
341,Nate Washington,WR104,,,,271.0,,322.0,2015,WR,104,Nate Washington,,
342,Niles Paul,TE35,,,,267.0,,267.0,2015,TE,35,Niles Paul,,
343,Kamar Aiken,WR105,,,,345.0,,322.5,2015,WR,105,Kamar Aiken,,
344,Jacob Tamme,TE36,,,,342.0,,322.5,2015,TE,36,Jacob Tamme,,
345,Benny Cunningham Jr.,RB102,,,,283.0,,323.5,2015,RB,102,Benny Cunningham Jr.,,
346,Justin Hardy,WR106,,,,354.0,,325.5,2015,WR,106,Justin Hardy,,
347,Justin Blackmon,WR107,,,,,,276.0,2015,WR,107,Justin Blackmon,,
348,Travaris Cadet,RB103,,,,276.0,,349.0,2015,RB,103,Travaris Cadet,,
349,Kyle Brindza,K32,,,,282.0,,282.0,2015,K,32,Kyle Brindza,,
350,Benjamin Watson,TE37,,,,299.0,,332.5,2015,TE,37,Benjamin Watson,,
351,Marquess Wilson,WR108,,,,287.0,,333.0,2015,WR,108,Marquess Wilson,,
353,Crockett Gillmore,TE38,,,,319.0,,333.0,2015,TE,38,Crockett Gillmore,,
354,Bruce Miller,TE39,,,,,,290.0,2015,TE,39,Bruce Miller,,
355,De'Anthony Thomas,WR109,,,,,,292.0,2015,WR,109,De'Anthony Thomas,,
356,Andre Holmes,WR110,,,,366.0,,340.5,2015,WR,110,Andre Holmes,,
357,Rex Burkhead,RB104,,,,,,305.0,2015,RB,104,Rex Burkhead,,
358,Hakeem Nicks,WR111,,,,328.0,,341.5,2015,WR,111,Hakeem Nicks,,
359,Ben Tate,RB105,,,,308.0,,308.0,2015,RB,105,Ben Tate,,
360,Clive Walford,TE40,,,,,,308.0,2015,TE,40,Clive Walford,,
361,Fozzy Whittaker,RB106,,,,,,309.0,2015,RB,106,Fozzy Whittaker,,
362,Dri Archer,RB107,,,,359.0,,344.0,2015,RB,107,Dri Archer,,
363,Andrew Franks,K33,,,,311.0,,311.0,2015,K,33,Andrew Franks,,
364,Marlon Brown,WR112,,,,369.0,,345.0,2015,WR,112,Marlon Brown,,
365,Bilal Powell,RB108,,,,344.0,,345.0,2015,RB,108,Bilal Powell,,
366,Kyle Juszczyk SF (10),RB109,,,,,,313.0,2015,RB,109,Kyle Juszczyk,SF,10
367,Jordan Todman,RB110,,,,317.0,,317.0,2015,RB,110,Jordan Todman,,
368,E.J. Manuel,QB44,,,,,,317.0,2015,QB,44,E.J. Manuel,,
369,Zach Hocker,K34,,,,324.0,,347.5,2015,K,34,Zach Hocker,,
370,Antone Smith,RB111,,,,318.0,,376.0,2015,RB,111,Antone Smith,,
371,Jerricho Cotchery,WR113,,,,322.0,,356.0,2015,WR,113,Jerricho Cotchery,,
372,Tim Tebow,TE41,,,,,,326.0,2015,TE,41,Tim Tebow,,
373,Aaron Dobson,WR114,,,,,,328.0,2015,WR,114,Aaron Dobson,,
374,Erik Lorig,RB112,,,,,,330.0,2015,RB,112,Erik Lorig,,
375,John Kuhn,RB113,,,,,,331.0,2015,RB,113,John Kuhn,,
376,Gary Barnidge,TE42,,,,333.0,,354.5,2015,TE,42,Gary Barnidge,,
377,Mike Tolbert,RB114,,,,331.0,,370.0,2015,RB,114,Mike Tolbert,,
379,MyCole Pruitt,TE43,,,,,,332.0,2015,TE,43,MyCole Pruitt,,
380,Devin Smith,WR115,,,,365.0,,355.0,2015,WR,115,Devin Smith,,
381,Henry Hynoski,RB115,,,,,,334.0,2015,RB,115,Henry Hynoski,,
382,Gavin Escobar,TE44,,,,371.0,,356.0,2015,TE,44,Gavin Escobar,,
383,Griff Whalen,WR116,,,,,,335.0,2015,WR,116,Griff Whalen,,
384,Jeff Maehl,WR117,,,,,,336.0,2015,WR,117,Jeff Maehl,,
385,DeAndre Smelter,WR118,,,,,,337.0,2015,WR,118,DeAndre Smelter,,
386,Rob Housler,TE45,,,,341.0,,358.0,2015,TE,45,Rob Housler,,
387,Corey Brown,WR119,,,,339.0,,366.0,2015,WR,119,Corey Brown,,
388,Dexter McCluster,RB116,,,,340.0,,362.0,2015,RB,116,Dexter McCluster,,
390,Quinton Patton,WR120,,,,,,342.0,2015,WR,120,Quinton Patton,,
391,Ricardo Lockette,WR121,,,,,,343.0,2015,WR,121,Ricardo Lockette,,
392,Travis Benjamin,WR122,,,,343.0,,343.0,2015,WR,122,Travis Benjamin,,
393,Jermaine Gresham,TE46,,,,346.0,,346.0,2015,TE,46,Jermaine Gresham,,
394,Bernard Pierce,RB117,,,,348.0,,348.0,2015,RB,117,Bernard Pierce,,
395,Jarius Wright,WR123,,,,372.0,,363.0,2015,WR,123,Jarius Wright,,
396,Bobby Rainey,RB118,,,,,,350.0,2015,RB,118,Bobby Rainey,,
398,Chris Hogan,WR124,,,,,,352.0,2015,WR,124,Chris Hogan,,
399,Chris Matthews,WR125,,,,353.0,,353.0,2015,WR,125,Chris Matthews,,
400,Jamison Crowder,WR126,,,,,,353.0,2015,WR,126,Jamison Crowder,,
401,Darren Waller,TE47,,,,,,356.0,2015,TE,47,Darren Waller,,
402,Tim Wright,TE48,,,,357.0,,357.0,2015,TE,48,Tim Wright,,
403,Brent Celek,TE49,,,,364.0,,368.0,2015,TE,49,Brent Celek,,
404,Taylor Gabriel,WR127,,,,,,359.0,2015,WR,127,Taylor Gabriel,,
405,Paul Richardson Jr.,WR128,,,,,,360.0,2015,WR,128,Paul Richardson Jr.,,
406,Rod Streater,WR129,,,,360.0,,386.0,2015,WR,129,Rod Streater,,
407,Mike Davis,RB119,,,,,,362.0,2015,RB,119,Mike Davis,,
408,Dennis Pitta,TE50,,,,363.0,,377.0,2015,TE,50,Dennis Pitta,,
409,Jeff Cumberland,TE51,,,,,,365.0,2015,TE,51,Jeff Cumberland,,
410,Terrelle Pryor Sr.,WR130,,,,367.0,,367.0,2015,WR,130,Terrelle Pryor Sr.,,
411,Colt McCoy,QB45,,,,,,374.0,2015,QB,45,Colt McCoy,,
412,Garrett Graham,TE52,,,,376.0,,382.5,2015,TE,52,Garrett Graham,,
413,Jordan Gay,K35,,,,,,377.0,2015,K,35,Jordan Gay,,
414,Marcedes Lewis,TE53,,,,377.0,,402.5,2015,TE,53,Marcedes Lewis,,
415,Mike Glennon,QB46,,,,,,378.0,2015,QB,46,Mike Glennon,,
416,Michael Dyer,RB120,,,,,,380.0,2015,RB,120,Michael Dyer,,
417,Billy Cundiff,K36,,,,,,381.0,2015,K,36,Billy Cundiff,,
418,Will Johnson,RB121,,,,,,382.0,2015,RB,121,Will Johnson,,
419,Tyler Kroft,TE54,,,,,,383.0,2015,TE,54,Tyler Kroft,,
420,Antonio Andrews,RB122,,,,,,385.0,2015,RB,122,Antonio Andrews,,
421,Brandon Pettigrew,TE55,,,,,,386.0,2015,TE,55,Brandon Pettigrew,,
422,Lance Kendricks,TE56,,,,,,387.0,2015,TE,56,Lance Kendricks,,
423,Devin Hester,WR131,,,,,,388.0,2015,WR,131,Devin Hester,,
424,Luke Willson,TE57,,,,,,392.0,2015,TE,57,Luke Willson,,
425,Kris Brown,K37,,,,,,394.0,2015,K,37,Kris Brown,,
426,Greg Salas,WR132,,,,,,395.0,2015,WR,132,Greg Salas,,
427,Brandon Myers,TE58,,,,,,396.0,2015,TE,58,Brandon Myers,,
428,Lance Moore,WR133,,,,,,398.0,2015,WR,133,Lance Moore,,
429,Landry Jones,QB47,,,,,,399.0,2015,QB,47,Landry Jones,,
430,Corey Fuller,WR134,,,,,,400.0,2015,WR,134,Corey Fuller,,
431,AJ McCarron,QB48,,,,,,401.0,2015,QB,48,AJ McCarron,,
432,Derek Anderson,QB49,,,,,,402.0,2015,QB,49,Derek Anderson,,
433,Blaine Gabbert,QB50,,,,,,403.0,2015,QB,50,Blaine Gabbert,,
434,Drew Stanton,QB51,,,,,,404.0,2015,QB,51,Drew Stanton,,
435,Chase Daniel,QB52,,,,,,405.0,2015,QB,52,Chase Daniel,,
436,Zach Mettenberger,QB53,,,,,,406.0,2015,QB,53,Zach Mettenberger,,
437,Christian Ponder,QB54,,,,,,407.0,2015,QB,54,Christian Ponder,,
438,Shaun Hill,QB55,,,,,,408.0,2015,QB,55,Shaun Hill,,
439,Chad Henne,QB56,,,,,,410.0,2015,QB,56,Chad Henne,,
440,Ryan Succop,K38,,,,,,411.0,2015,K,38,Ryan Succop,,
441,Kai Forbath LAR (),K39,,,,,,413.0,2015,K,39,Kai Forbath LAR (),,
442,Travis Coons,K40,,,,,,415.0,2015,K,40,Travis Coons,,
443,Dan Gronkowski,TE59,,,,,,416.0,2015,TE,59,Dan Gronkowski,,
444,Dion Sims,TE60,,,,,,417.0,2015,TE,60,Dion Sims,,
445,Patrick Murray,K41,,,,,,418.0,2015,K,41,Patrick Murray,,
446,Carey Spear,K42,,,,,,419.0,2015,K,42,Carey Spear,,
447,Andre Roberts,WR135,,,,,,420.0,2015,WR,135,Andre Roberts,,
448,Jeremy Kerley,WR136,,,,,,421.0,2015,WR,136,Jeremy Kerley,,
449,Louis Murphy,WR137,,,,,,423.0,2015,WR,137,Louis Murphy,,
450,Dan Orlovsky,QB57,,,,,,424.0,2015,QB,57,Dan Orlovsky,,
451,Darren Fells,TE61,,,,,,425.0,2015,TE,61,Darren Fells,,
452,Levine Toilolo,TE62,,,,,,426.0,2015,TE,62,Levine Toilolo,,
453,Troy Niklas,TE63,,,,,,427.0,2015,TE,63,Troy Niklas,,
454,Tyler Clutts,RB123,,,,,,430.0,2015,RB,123,Tyler Clutts,,
455,Anthony Fasano,TE64,,,,,,431.0,2015,TE,64,Anthony Fasano,,
456,James Casey,TE65,,,,,,432.0,2015,TE,65,James Casey,,
457,Darrel Young,RB124,,,,,,433.0,2015,RB,124,Darrel Young,,
458,Derrick Coleman,RB125,,,,,,435.0,2015,RB,125,Derrick Coleman,,
459,Albert Wilson,WR138,,,,,,436.0,2015,WR,138,Albert Wilson,,
460,Jason Avant,WR139,,,,,,437.0,2015,WR,139,Jason Avant,,
461,Preston Parker,WR140,,,,,,438.0,2015,WR,140,Preston Parker,,
1,Antonio Brown,WR1,,,,,,1.0,2016,WR,1,Antonio Brown,,
2,Julio Jones,WR2,,,,,,2.3,2016,WR,2,Julio Jones,,
3,Odell Beckham Jr.,WR3,,,,,,2.8,2016,WR,3,Odell Beckham Jr.,,
4,Todd Gurley II,RB1,,,,,,4.8,2016,RB,1,Todd Gurley II,,
5,DeAndre Hopkins BAL (8),WR4,,,,,,5.8,2016,WR,4,DeAndre Hopkins,BAL,8
6,A.J. Green,WR5,,,,,,6.0,2016,WR,5,A.J. Green,,
7,David Johnson,RB2,,,,,,6.0,2016,RB,2,David Johnson,,
8,Ezekiel Elliott,RB3,,,,,,9.8,2016,RB,3,Ezekiel Elliott,,
9,Allen Robinson II,WR6,,,,,,9.8,2016,WR,6,Allen Robinson II,,
10,Adrian Peterson,RB4,,,,,,10.8,2016,RB,4,Adrian Peterson,,
11,Rob Gronkowski,TE1,,,,,,11.5,2016,TE,1,Rob Gronkowski,,
12,Lamar Miller,RB5,,,,,,11.8,2016,RB,5,Lamar Miller,,
13,Le'Veon Bell,RB6,,,,,,12.5,2016,RB,6,Le'Veon Bell,,
14,Dez Bryant,WR7,,,,,,12.5,2016,WR,7,Dez Bryant,,
15,Keenan Allen,WR8,,,,,,15.0,2016,WR,8,Keenan Allen,,
16,Brandon Marshall,WR9,,,,,,15.8,2016,WR,9,Brandon Marshall,,
17,Devonta Freeman,RB7,,,,,,17.5,2016,RB,7,Devonta Freeman,,
18,Mike Evans TB (6),WR10,,,,,,18.0,2016,WR,10,Mike Evans,TB,6
19,Jordy Nelson,WR11,,,,,,18.5,2016,WR,11,Jordy Nelson,,
20,Alshon Jeffery,WR12,,,,,,20.3,2016,WR,12,Alshon Jeffery,,
21,Amari Cooper,WR13,,,,,,21.3,2016,WR,13,Amari Cooper,,
22,Jamaal Charles,RB8,,,,,,21.8,2016,RB,8,Jamaal Charles,,
23,Brandin Cooks NO (5),WR14,,,,,,23.8,2016,WR,14,Brandin Cooks,NO,5
24,Mark Ingram II,RB9,,,,,,24.3,2016,RB,9,Mark Ingram II,,
25,Eddie Lacy,RB10,,,,,,25.8,2016,RB,10,Eddie Lacy,,
26,LeSean McCoy,RB11,,,,,,26.3,2016,RB,11,LeSean McCoy,,
27,T.Y. Hilton,WR15,,,,,,28.0,2016,WR,15,T.Y. Hilton,,
28,Demaryius Thomas,WR16,,,,,,28.0,2016,WR,16,Demaryius Thomas,,
29,Sammy Watkins,WR17,,,,,,28.5,2016,WR,17,Sammy Watkins,,
30,Doug Martin,RB12,,,,,,29.5,2016,RB,12,Doug Martin,,
31,Jarvis Landry,WR18,,,,,,30.0,2016,WR,18,Jarvis Landry,,
32,Jordan Reed,TE2,,,,,,33.5,2016,TE,2,Jordan Reed,,
33,Cam Newton,QB1,,,,,,34.3,2016,QB,1,Cam Newton,,
34,C.J. Anderson,RB13,,,,,,35.3,2016,RB,13,C.J. Anderson,,
35,Randall Cobb,WR19,,,,,,36.5,2016,WR,19,Randall Cobb,,
36,Julian Edelman,WR20,,,,,,39.8,2016,WR,20,Julian Edelman,,
37,Matt Forte,RB14,,,,,,40.5,2016,RB,14,Matt Forte,,
38,Aaron Rodgers,QB2,,,,,,40.5,2016,QB,2,Aaron Rodgers,,
39,Latavius Murray,RB15,,,,,,41.0,2016,RB,15,Latavius Murray,,
40,Jeremy Maclin,WR21,,,,,,41.3,2016,WR,21,Jeremy Maclin,,
41,Thomas Rawls,RB16,,,,,,42.5,2016,RB,16,Thomas Rawls,,
42,Carlos Hyde,RB17,,,,,,43.3,2016,RB,17,Carlos Hyde,,
43,Greg Olsen,TE3,,,,,,44.5,2016,TE,3,Greg Olsen,,
44,DeMarco Murray,RB18,,,,,,45.0,2016,RB,18,DeMarco Murray,,
45,Golden Tate,WR22,,,,,,45.3,2016,WR,22,Golden Tate,,
46,Kelvin Benjamin,WR23,,,,,,46.3,2016,WR,23,Kelvin Benjamin,,
47,Donte Moncrief,WR24,,,,,,46.5,2016,WR,24,Donte Moncrief,,
48,Eric Decker,WR25,,,,,,49.0,2016,WR,25,Eric Decker,,
49,Jeremy Langford,RB19,,,,,,49.5,2016,RB,19,Jeremy Langford,,
50,Doug Baldwin,WR26,,,,,,51.8,2016,WR,26,Doug Baldwin,,
51,Russell Wilson NYG (8),QB3,,,,,,53.5,2016,QB,3,Russell Wilson,NYG,8
52,Andrew Luck,QB4,,,,,,53.5,2016,QB,4,Andrew Luck,,
53,Danny Woodhead,RB20,,,,,,55.8,2016,RB,20,Danny Woodhead,,
54,Travis Kelce KC (5),TE4,,,,,,57.5,2016,TE,4,Travis Kelce,KC,5
55,Larry Fitzgerald,WR27,,,,,,57.5,2016,WR,27,Larry Fitzgerald,,
56,Michael Floyd,WR28,,,,,,58.5,2016,WR,28,Michael Floyd,,
57,Jeremy Hill,RB21,,,,,,59.8,2016,RB,21,Jeremy Hill,,
58,Jordan Matthews,TE5,,,,,,60.8,2016,TE,5,Jordan Matthews,,
59,Delanie Walker,TE6,,,,,,61.8,2016,TE,6,Delanie Walker,,
60,Drew Brees,QB5,,,,,,61.8,2016,QB,5,Drew Brees,,
61,Giovani Bernard,RB22,,,,,,62.0,2016,RB,22,Giovani Bernard,,
62,Melvin Gordon III,RB23,,,,,,64.5,2016,RB,23,Melvin Gordon III,,
63,Duke Johnson Jr.,RB24,,,,,,64.8,2016,RB,24,Duke Johnson Jr.,,
64,Ryan Mathews,RB25,,,,,,64.8,2016,RB,25,Ryan Mathews,,
65,Marvin Jones Jr.,WR29,,,,,,65.8,2016,WR,29,Marvin Jones Jr.,,
66,Coby Fleener,TE7,,,,,,66.0,2016,TE,7,Coby Fleener,,
67,Arian Foster,RB26,,,,,,66.5,2016,RB,26,Arian Foster,,
68,Emmanuel Sanders,WR30,,,,,,67.0,2016,WR,30,Emmanuel Sanders,,
69,Allen Hurns,WR31,,,,,,69.5,2016,WR,31,Allen Hurns,,
70,Ben Roethlisberger,QB6,,,,,,70.0,2016,QB,6,Ben Roethlisberger,,
71,Jonathan Stewart,RB27,,,,,,70.0,2016,RB,27,Jonathan Stewart,,
72,John Brown,WR32,,,,,,70.8,2016,WR,32,John Brown,,
73,Tom Brady,QB7,,,,,,72.3,2016,QB,7,Tom Brady,,
74,Tyler Lockett TEN (13),WR33,,,,,,72.8,2016,WR,33,Tyler Lockett,TEN,13
75,Josh Gordon S,WR34,,,,,,76.3,2016,WR,34,Josh Gordon S,,
76,Matt Jones,RB28,,,,,,76.3,2016,RB,28,Matt Jones,,
77,Michael Crabtree,WR35,,,,,,76.8,2016,WR,35,Michael Crabtree,,
78,Frank Gore,RB29,,,,,,78.5,2016,RB,29,Frank Gore,,
79,Carson Palmer,QB8,,,,,,80.3,2016,QB,8,Carson Palmer,,
80,Zach Ertz WAS (9),TE8,,,,,,80.5,2016,TE,8,Zach Ertz,WAS,9
81,DeSean Jackson,WR36,,,,,,83.3,2016,WR,36,DeSean Jackson,,
82,DeAngelo Williams,RB30,,,,,,84.5,2016,RB,30,DeAngelo Williams,,
83,Gary Barnidge,TE9,,,,,,84.8,2016,TE,9,Gary Barnidge,,
84,Ameer Abdullah,RB31,,,,,,84.8,2016,RB,31,Ameer Abdullah,,
85,Rashad Jennings,RB32,,,,,,87.3,2016,RB,32,Rashad Jennings,,
86,DeVante Parker,WR37,,,,,,88.5,2016,WR,37,DeVante Parker,,
87,Julius Thomas,TE10,,,,,,90.8,2016,TE,10,Julius Thomas,,
88,Sterling Shepard TB (6),WR38,,,,,,91.0,2016,WR,38,Sterling Shepard,TB,6
89,Charles Sims,RB33,,,,,,91.0,2016,RB,33,Charles Sims,,
90,Blake Bortles,QB9,,,,,,92.3,2016,QB,9,Blake Bortles,,
91,Derrick Henry BAL (8),RB34,,,,,,92.5,2016,RB,34,Derrick Henry,BAL,8
92,Eli Manning,QB10,,,,,,92.8,2016,QB,10,Eli Manning,,
93,T.J. Yeldon,RB35,,,,,,93.3,2016,RB,35,T.J. Yeldon,,
94,Chris Ivory,RB36,,,,,,93.5,2016,RB,36,Chris Ivory,,
95,Antonio Gates,TE11,,,,,,94.5,2016,TE,11,Antonio Gates,,
96,Kevin White,WR39,,,,,,94.8,2016,WR,39,Kevin White,,
97,Willie Snead IV,WR40,,,,,,95.5,2016,WR,40,Willie Snead IV,,
98,Stefon Diggs NE (9),WR41,,,,,,97.3,2016,WR,41,Stefon Diggs,NE,9
99,Theo Riddick,RB37,,,,,,100.0,2016,RB,37,Theo Riddick,,
100,Philip Rivers,QB11,,,,,,102.5,2016,QB,11,Philip Rivers,,
101,LeGarrette Blount,RB38,,,,,,108.3,2016,RB,38,LeGarrette Blount,,
102,Bilal Powell,RB39,,,,,,110.3,2016,RB,39,Bilal Powell,,
103,Derek Carr,QB12,,,,,,111.3,2016,QB,12,Derek Carr,,
104,Isaiah Crowell,RB40,,,,,,111.3,2016,RB,40,Isaiah Crowell,,
105,Kamar Aiken,WR42,,,,,,112.8,2016,WR,42,Kamar Aiken,,
106,Martellus Bennett,TE12,,,,,,113.3,2016,TE,12,Martellus Bennett,,
107,Travis Benjamin,WR43,,,,,,115.8,2016,WR,43,Travis Benjamin,,
108,Tavon Austin,WR44,,,,,,116.0,2016,WR,44,Tavon Austin,,
109,Corey Coleman,WR45,,,,,,117.0,2016,WR,45,Corey Coleman,,
110,Tyler Eifert D,TE13,,,,,,117.5,2016,TE,13,Tyler Eifert D,,
111,Devin Funchess,WR46,,,,,,118.0,2016,WR,46,Devin Funchess,,
112,Tevin Coleman,RB41,,,,,,118.0,2016,RB,41,Tevin Coleman,,
113,Jay Ajayi,RB42,,,,,,118.0,2016,RB,42,Jay Ajayi,,
114,Vincent Jackson,WR47,,,,,,118.5,2016,WR,47,Vincent Jackson,,
115,Dwayne Allen,TE14,,,,,,120.0,2016,TE,14,Dwayne Allen,,
116,Kirk Cousins ATL (11),QB13,,,,,,120.5,2016,QB,13,Kirk Cousins,ATL,11
117,Justin Forsett,RB43,,,,,,122.0,2016,RB,43,Justin Forsett,,
118,Torrey Smith,WR48,,,,,,123.3,2016,WR,48,Torrey Smith,,
119,Stephen Gostkowski,K1,,,,,,124.8,2016,K,1,Stephen Gostkowski,,
120,Markus Wheaton,WR49,,,,,,125.5,2016,WR,49,Markus Wheaton,,
121,Darren Sproles,RB44,,,,,,125.5,2016,RB,44,Darren Sproles,,
122,Tyrod Taylor NYJ (11),QB14,,,,,,128.3,2016,QB,14,Tyrod Taylor,NYJ,11
123,Jimmy Graham,TE15,,,,,,129.5,2016,TE,15,Jimmy Graham,,
124,Tajae Sharpe,WR50,,,,,,129.5,2016,WR,50,Tajae Sharpe,,
125,James White,RB45,,,,,,129.8,2016,RB,45,James White,,
126,Jameis Winston NYG (8),QB15,,,,,,129.8,2016,QB,15,Jameis Winston,NYG,8
127,Matthew Stafford LAR (8),QB16,,,,,,130.0,2016,QB,16,Matthew Stafford,LAR,8
128,Michael Thomas,WR51,,,,,,132.0,2016,WR,51,Michael Thomas,,
129,Dion Lewis,RB46,,,,,,134.5,2016,RB,46,Dion Lewis,,
130,Jason Witten,TE16,,,,,,136.0,2016,TE,16,Jason Witten,,
131,Mohamed Sanu Sr.,WR52,,,,,,138.0,2016,WR,52,Mohamed Sanu Sr.,,
132,Eric Ebron,TE17,,,,,,139.5,2016,TE,17,Eric Ebron,,
133,Jared Cook,TE18,,,,,,141.0,2016,TE,18,Jared Cook,,
134,Stephen Hauschka,K2,,,,,,142.0,2016,K,2,Stephen Hauschka,,
135,Spencer Ware,RB47,,,,,,143.0,2016,RB,47,Spencer Ware,,
136,Shane Vereen,RB48,,,,,,145.3,2016,RB,48,Shane Vereen,,
137,Phillip Dorsett II,WR53,,,,,,146.5,2016,WR,53,Phillip Dorsett II,,
138,Devontae Booker,RB49,,,,,,147.5,2016,RB,49,Devontae Booker,,
139,Jerick McKinnon,RB50,,,,,,147.8,2016,RB,50,Jerick McKinnon,,
140,Christine Michael,RB51,,,,,,148.8,2016,RB,51,Christine Michael,,
141,Zach Miller,TE19,,,,,,150.5,2016,TE,19,Zach Miller,,
142,DeAndre Washington,RB52,,,,,,152.3,2016,RB,52,DeAndre Washington,,
143,Alfred Morris,RB53,,,,,,153.0,2016,RB,53,Alfred Morris,,
144,Marcus Mariota WAS (9),QB17,,,,,,153.3,2016,QB,17,Marcus Mariota,WAS,9
146,Rishard Matthews,WR54,,,,,,154.0,2016,WR,54,Rishard Matthews,,
147,Andy Dalton CAR (7),QB18,,,,,,154.0,2016,QB,18,Andy Dalton,CAR,7
148,Tyler Boyd,WR55,,,,,,154.5,2016,WR,55,Tyler Boyd,,
149,Matt Ryan,QB19,,,,,,155.3,2016,QB,19,Matt Ryan,,
150,Justin Tucker,K3,,,,,,157.0,2016,K,3,Justin Tucker,,
151,Steve Smith,WR56,,,,,,157.0,2016,WR,56,Steve Smith,,
152,Chris Hogan,WR57,,,,,,159.5,2016,WR,57,Chris Hogan,,
153,Graham Gano NYG (8),K4,,,,,,160.3,2016,K,4,Graham Gano,NYG,8
154,James Starks,RB54,,,,,,160.3,2016,RB,54,James Starks,,
155,Chandler Catanzaro,K5,,,,,,161.3,2016,K,5,Chandler Catanzaro,,
158,William Fuller V,WR58,,,,,,164.5,2016,WR,58,William Fuller V,,
159,Ryan Tannehill,QB20,,,,,,165.5,2016,QB,20,Ryan Tannehill,,
160,Dorial Green-Beckham,WR59,,,,,,167.3,2016,WR,59,Dorial Green-Beckham,,
161,Terrance West,RB55,,,,,,168.5,2016,RB,55,Terrance West,,
162,Mike Wallace,WR60,,,,,,168.8,2016,WR,60,Mike Wallace,,
164,Dan Bailey,K6,,,,,,173.8,2016,K,6,Dan Bailey,,
165,Pierre Garcon,WR61,,,,,,174.0,2016,WR,61,Pierre Garcon,,
166,Chris Johnson,RB56,,,,,,176.0,2016,RB,56,Chris Johnson,,
167,Mason Crosby,K7,,,,,,177.0,2016,K,7,Mason Crosby,,
168,Kenny Stills,WR62,,,,,,179.3,2016,WR,62,Kenny Stills,,
169,Virgil Green,TE20,,,,,,180.0,2016,TE,20,Virgil Green,,
170,Brandon McManus GB (4),K8,,,,,,181.0,2016,K,8,Brandon McManus,GB,4
171,Terrelle Pryor Sr.,WR63,,,,,,184.8,2016,WR,63,Terrelle Pryor Sr.,,
172,Ryan Fitzpatrick,QB21,,,,,,185.3,2016,QB,21,Ryan Fitzpatrick,,
173,Kenneth Dixon,RB57,,,,,,185.5,2016,RB,57,Kenneth Dixon,,
174,Ted Ginn Jr.,WR64,,,,,,185.8,2016,WR,64,Ted Ginn Jr.,,
176,Laquon Treadwell IND (10),WR65,,,,,,142.0,2016,WR,65,Laquon Treadwell,IND,10
177,Dak Prescott DAL (7),QB22,,,,,,187.0,2016,QB,22,Dak Prescott,DAL,7
179,Victor Cruz,WR66,,,,,,192.0,2016,WR,66,Victor Cruz,,
180,Robert Griffin III,QB23,,,,,,194.0,2016,QB,23,Robert Griffin III,,
182,Sammie Coates,WR67,,,,,,156.3,2016,WR,67,Sammie Coates,,
183,Chris Thompson,RB58,,,,,,161.7,2016,RB,58,Chris Thompson,,
184,Charles Clay,TE21,,,,,,162.0,2016,TE,21,Charles Clay,,
186,Austin Seferian-Jenkins,TE22,,,,,,163.7,2016,TE,22,Austin Seferian-Jenkins,,
187,C.J. Prosise,RB59,,,,,,164.7,2016,RB,59,C.J. Prosise,,
188,Brock Osweiler,QB24,,,,,,205.8,2016,QB,24,Brock Osweiler,,
190,Javorius Allen,RB60,,,,,,172.7,2016,RB,60,Javorius Allen,,
191,Ladarius Green,TE23,,,,,,175.3,2016,TE,23,Ladarius Green,,
193,Adam Vinatieri,K9,,,,,,178.0,2016,K,9,Adam Vinatieri,,
195,Blair Walsh,K10,,,,,,181.3,2016,K,10,Blair Walsh,,
196,Charcandrick West,RB61,,,,,,185.7,2016,RB,61,Charcandrick West,,
197,Clive Walford,TE24,,,,,,186.3,2016,TE,24,Clive Walford,,
199,Jordan Howard,RB62,,,,,,197.0,2016,RB,62,Jordan Howard,,
200,Cairo Santos CHI (9),K11,,,,,,198.3,2016,K,11,Cairo Santos,CHI,9
204,Jesse James,TE25,,,,,,202.7,2016,TE,25,Jesse James,,
205,Jordan Cameron,TE26,,,,,,203.0,2016,TE,26,Jordan Cameron,,
206,Joe Flacco CLE (13),QB25,,,,,,204.3,2016,QB,25,Joe Flacco,CLE,13
207,Kendall Wright,WR68,,,,,,204.7,2016,WR,68,Kendall Wright,,
208,Nelson Agholor,WR69,,,,,,205.7,2016,WR,69,Nelson Agholor,,
209,Terrance Williams,WR70,,,,,,205.7,2016,WR,70,Terrance Williams,,
210,Josh Ferguson,RB63,,,,,,206.3,2016,RB,63,Josh Ferguson,,
211,Kyle Rudolph,TE27,,,,,,206.3,2016,TE,27,Kyle Rudolph,,
212,C.J. Spiller,RB64,,,,,,208.0,2016,RB,64,C.J. Spiller,,
213,Anquan Boldin,WR71,,,,,,208.3,2016,WR,71,Anquan Boldin,,
214,Wendell Smallwood,RB65,,,,,,209.0,2016,RB,65,Wendell Smallwood,,
215,Breshad Perriman,WR72,,,,,,209.3,2016,WR,72,Breshad Perriman,,
216,Sebastian Janikowski,K12,,,,,,210.0,2016,K,12,Sebastian Janikowski,,
217,Josh Doctson,WR73,,,,,,211.0,2016,WR,73,Josh Doctson,,
218,Eli Rogers,WR74,,,,,,211.0,2016,WR,74,Eli Rogers,,
219,Chris Boswell PIT (8),K13,,,,,,212.7,2016,K,13,Chris Boswell,PIT,8
220,Trevor Siemian,QB26,,,,,,214.0,2016,QB,26,Trevor Siemian,,
221,Jaelen Strong,WR75,,,,,,215.0,2016,WR,75,Jaelen Strong,,
222,Shaun Draughn,RB66,,,,,,215.7,2016,RB,66,Shaun Draughn,,
223,Tyler Gaffney,RB67,,,,,,217.3,2016,RB,67,Tyler Gaffney,,
224,Darren McFadden,RB68,,,,,,218.3,2016,RB,68,Darren McFadden,,
225,Paul Perkins,RB69,,,,,,218.7,2016,RB,69,Paul Perkins,,
226,Vance McDonald,TE28,,,,,,218.7,2016,TE,28,Vance McDonald,,
227,Robert Kelley,RB70,,,,,,218.7,2016,RB,70,Robert Kelley,,
228,Jay Cutler,QB27,,,,,,221.7,2016,QB,27,Jay Cutler,,
229,Davante Adams LAR (8),WR76,,,,,,222.7,2016,WR,76,Davante Adams,LAR,8
230,Charles Johnson,WR77,,,,,,223.3,2016,WR,77,Charles Johnson,,
231,Tim Hightower,RB71,,,,,,224.3,2016,RB,71,Tim Hightower,,
232,Keith Marshall,RB72,,,,,,225.0,2016,RB,72,Keith Marshall,,
233,Tony Romo,QB28,,,,,,180.0,2016,QB,28,Tony Romo,,
234,Alex Smith,QB29,,,,,,227.7,2016,QB,29,Alex Smith,,
235,Kenjon Barner,RB73,,,,,,227.7,2016,RB,73,Kenjon Barner,,
236,Karlos Williams,RB74,,,,,,229.0,2016,RB,74,Karlos Williams,,
237,Ronnie Hillman,RB75,,,,,,231.7,2016,RB,75,Ronnie Hillman,,
238,Quinton Patton,WR78,,,,,,233.3,2016,WR,78,Quinton Patton,,
239,Robert Woods PIT (8),WR79,,,,,,234.7,2016,WR,79,Robert Woods,PIT,8
240,Braxton Miller,WR80,,,,,,235.3,2016,WR,80,Braxton Miller,,
241,Matt Prater,K14,,,,,,235.7,2016,K,14,Matt Prater,,
242,Jamison Crowder,WR81,,,,,,237.7,2016,WR,81,Jamison Crowder,,
243,Dan Carpenter,K15,,,,,,196.5,2016,K,15,Dan Carpenter,,
244,Cameron Artis-Payne,RB76,,,,,,238.7,2016,RB,76,Cameron Artis-Payne,,
245,Will Tye,TE29,,,,,,239.3,2016,TE,29,Will Tye,,
246,Malcolm Mitchell,WR82,,,,,,241.0,2016,WR,82,Malcolm Mitchell,,
247,Jermaine Kearse,WR83,,,,,,242.0,2016,WR,83,Jermaine Kearse,,
248,Carson Wentz,QB30,,,,,,243.0,2016,QB,30,Carson Wentz,,
250,Danny Amendola,WR84,,,,,,249.0,2016,WR,84,Danny Amendola,,
251,Andre Ellington,RB77,,,,,,249.3,2016,RB,77,Andre Ellington,,
252,Kenyan Drake,RB78,,,,,,249.7,2016,RB,78,Kenyan Drake,,
253,Benjamin Watson,TE30,,,,,,215.5,2016,TE,30,Benjamin Watson,,
254,Justin Hardy,WR85,,,,,,217.0,2016,WR,85,Justin Hardy,,
255,Zach Zenner,RB79,,,,,,252.7,2016,RB,79,Zach Zenner,,
256,Benny Cunningham Jr.,RB80,,,,,,254.7,2016,RB,80,Benny Cunningham Jr.,,
257,Brandon LaFell,WR86,,,,,,254.7,2016,WR,86,Brandon LaFell,,
258,Sam Bradford,QB31,,,,,,255.0,2016,QB,31,Sam Bradford,,
259,Pharoh Cooper,WR87,,,,,,255.7,2016,WR,87,Pharoh Cooper,,
260,Tyler Higbee LAR (8),TE31,,,,,,256.3,2016,TE,31,Tyler Higbee,LAR,8
261,Lance Dunbar,RB81,,,,,,225.0,2016,RB,81,Lance Dunbar,,
262,Jacob Tamme,TE32,,,,,,274.3,2016,TE,32,Jacob Tamme,,
263,Jonathan Williams,RB82,,,,,,259.3,2016,RB,82,Jonathan Williams,,
265,Cameron Brate,TE33,,,,,,260.7,2016,TE,33,Cameron Brate,,
266,Richard Rodgers,TE34,,,,,,263.0,2016,TE,34,Richard Rodgers,,
267,Bruce Ellington,WR88,,,,,,234.5,2016,WR,88,Bruce Ellington,,
268,Jimmy Garoppolo LAR (8),QB32,,,,,,286.0,2016,QB,32,Jimmy Garoppolo,LAR,8
269,Reggie Bush,RB83,,,,,,264.7,2016,RB,83,Reggie Bush,,
270,Marqise Lee,WR89,,,,,,240.5,2016,WR,89,Marqise Lee,,
271,Kenny Britt,WR90,,,,,,268.3,2016,WR,90,Kenny Britt,,
272,Rueben Randle,WR91,,,,,,242.0,2016,WR,91,Rueben Randle,,
273,Tyler Ervin,RB84,,,,,,269.0,2016,RB,84,Tyler Ervin,,
274,Hunter Henry NE (9),TE35,,,,,,281.7,2016,TE,35,Hunter Henry,NE,9
275,Chris Conley,WR92,,,,,,270.0,2016,WR,92,Chris Conley,,
276,J.J. Nelson,WR93,,,,,,273.0,2016,WR,93,J.J. Nelson,,
277,Robert Turbin,RB85,,,,,,273.0,2016,RB,85,Robert Turbin,,
278,Ka'Deem Carey,RB86,,,,,,250.0,2016,RB,86,Ka'Deem Carey,,
279,Blaine Gabbert,QB33,,,,,,274.0,2016,QB,33,Blaine Gabbert,,
280,Larry Donnell,TE36,,,,,,250.5,2016,TE,36,Larry Donnell,,
281,Jeff Janis,WR94,,,,,,251.0,2016,WR,94,Jeff Janis,,
282,Jace Amaro,TE37,,,,,,288.0,2016,TE,37,Jace Amaro,,
283,Jerell Adams,TE38,,,,,,292.0,2016,TE,38,Jerell Adams,,
284,Alfred Blue,RB87,,,,,,253.5,2016,RB,87,Alfred Blue,,
285,Mike Gillislee,RB88,,,,,,278.7,2016,RB,88,Mike Gillislee,,
286,Teddy Bridgewater,QB34,,,,,,257.5,2016,QB,34,Teddy Bridgewater,,
287,Brandon Coleman,WR95,,,,,,259.0,2016,WR,95,Brandon Coleman,,
288,Paxton Lynch,QB35,,,,,,302.0,2016,QB,35,Paxton Lynch,,
289,Cole Beasley,WR96,,,,,,283.0,2016,WR,96,Cole Beasley,,
290,Tyler Kroft,TE39,,,,,,332.5,2016,TE,39,Tyler Kroft,,
291,Seth Roberts,WR97,,,,,,284.7,2016,WR,97,Seth Roberts,,
292,Alex Collins,RB89,,,,,,266.5,2016,RB,89,Alex Collins,,
293,Andre Johnson,WR98,,,,,,269.0,2016,WR,98,Andre Johnson,,
294,Crockett Gillmore,TE40,,,,,,271.0,2016,TE,40,Crockett Gillmore,,
295,Tyrell Williams,WR99,,,,,,290.3,2016,WR,99,Tyrell Williams,,
296,Antonio Andrews,RB90,,,,,,275.0,2016,RB,90,Antonio Andrews,,
297,Jared Goff DET (10),QB36,,,,,,319.0,2016,QB,36,Jared Goff,DET,10
299,Daniel Lasco,RB91,,,,,,280.5,2016,RB,91,Daniel Lasco,,
300,DeAndre Smelter,WR100,,,,,,242.0,2016,WR,100,DeAndre Smelter,,
301,Jared Abbrederis,WR101,,,,,,282.0,2016,WR,101,Jared Abbrederis,,
302,Eddie Royal,WR102,,,,,,282.0,2016,WR,102,Eddie Royal,,
303,Khiry Robinson,RB92,,,,,,284.0,2016,RB,92,Khiry Robinson,,
304,D.J. Foster,RB93,,,,,,284.5,2016,RB,93,D.J. Foster,,
305,Roberto Aguayo,K16,,,,,,385.5,2016,K,16,Roberto Aguayo,,
306,Josh Brown,K17,,,,,,385.5,2016,K,17,Josh Brown,,
308,Darrius Heyward-Bey,WR103,,,,,,288.0,2016,WR,103,Darrius Heyward-Bey,,
309,James Jones,WR104,,,,,,288.0,2016,WR,104,James Jones,,
310,Robbie Gould,K18,,,,,,390.5,2016,K,18,Robbie Gould,,
311,Tre Mason,RB94,,,,,,291.0,2016,RB,94,Tre Mason,,
312,Nick Novak,K19,,,,,,394.5,2016,K,19,Nick Novak,,
313,Matt Bryant,K20,,,,,,393.5,2016,K,20,Matt Bryant,,
314,Mike Thomas,WR105,,,,,,296.0,2016,WR,105,Mike Thomas,,
316,Steve Johnson,WR106,,,,,,264.0,2016,WR,106,Steve Johnson,,
317,Dexter McCluster,RB95,,,,,,294.0,2016,RB,95,Dexter McCluster,,
318,Austin Hooper NE (9),TE41,,,,,,323.0,2016,TE,41,Austin Hooper,NE,9
319,Trent Richardson,RB96,,,,,,273.0,2016,RB,96,Trent Richardson,,
320,Maxx Williams,TE42,,,,,,332.0,2016,TE,42,Maxx Williams,,
321,Stevan Ridley,RB97,,,,,,298.0,2016,RB,97,Stevan Ridley,,
322,Knile Davis,RB98,,,,,,298.5,2016,RB,98,Knile Davis,,
323,Nate Washington,WR107,,,,,,299.5,2016,WR,107,Nate Washington,,
324,Andre Williams,RB99,,,,,,278.0,2016,RB,99,Andre Williams,,
326,Josh Lambo,K21,,,,,,401.0,2016,K,21,Josh Lambo,,
327,Marquess Wilson,WR108,,,,,,281.0,2016,WR,108,Marquess Wilson,,
328,Colin Kaepernick,QB37,,,,,,342.5,2016,QB,37,Colin Kaepernick,,
329,Dwayne Washington,RB100,,,,,,283.0,2016,RB,100,Dwayne Washington,,
330,Connor Barth,K22,,,,,,406.5,2016,K,22,Connor Barth,,
331,Leonte Carroo,WR109,,,,,,304.5,2016,WR,109,Leonte Carroo,,
332,Mike Nugent,K23,,,,,,403.0,2016,K,23,Mike Nugent,,
333,Case Keenum CHI (9),QB38,,,,,,285.0,2016,QB,38,Case Keenum,CHI,9
335,Kyle Juszczyk SF (8),RB101,,,,,,304.0,2016,RB,101,Kyle Juszczyk,SF,8
336,Mike Tolbert,RB102,,,,,,304.0,2016,RB,102,Mike Tolbert,,
340,David Cobb,RB103,,,,,,289.0,2016,RB,103,David Cobb,,
341,Dontrelle Inman,WR110,,,,,,305.5,2016,WR,110,Dontrelle Inman,,
344,Brian Quick,WR111,,,,,,291.0,2016,WR,111,Brian Quick,,
349,Kelvin Taylor,RB104,,,,,,294.0,2016,RB,104,Kelvin Taylor,,
351,Roddy White,WR112,,,,,,316.0,2016,WR,112,Roddy White,,
352,Harry Douglas,WR113,,,,,,329.0,2016,WR,113,Harry Douglas,,
353,T.J. Jones,WR114,,,,,,297.0,2016,WR,114,T.J. Jones,,
354,Jason Myers SEA (5),K24,,,,,,414.5,2016,K,24,Jason Myers,SEA,5
355,Dustin Hopkins CLE (13),K25,,,,,,415.5,2016,K,25,Dustin Hopkins,CLE,13
356,Cecil Shorts,WR115,,,,,,330.0,2016,WR,115,Cecil Shorts,,
357,Denard Robinson,RB105,,,,,,300.0,2016,RB,105,Denard Robinson,,
358,Dwayne Harris,WR116,,,,,,320.5,2016,WR,116,Dwayne Harris,,
359,Jonathan Grimes,RB106,,,,,,322.0,2016,RB,106,Jonathan Grimes,,
360,Andrew Hawkins,WR117,,,,,,307.0,2016,WR,117,Andrew Hawkins,,
361,Brent Celek,TE43,,,,,,364.0,2016,TE,43,Brent Celek,,
362,Cordarrelle Patterson PIT (8),RB107,,,,,,308.0,2016,RB,107,Cordarrelle Patterson,PIT,8
363,Mark Sanchez,QB39,,,,,,358.0,2016,QB,39,Mark Sanchez,,
364,Phil Dawson,K26,,,,,,418.0,2016,K,26,Phil Dawson,,
365,Damien Williams,RB108,,,,,,310.0,2016,RB,108,Damien Williams,,
366,Josh McCown,QB40,,,,,,372.0,2016,QB,40,Josh McCown,,
367,Joique Bell,RB109,,,,,,311.0,2016,RB,109,Joique Bell,,
368,Marques Colston,WR118,,,,,,312.0,2016,WR,118,Marques Colston,,
369,Jacquizz Rodgers,RB110,,,,,,313.0,2016,RB,110,Jacquizz Rodgers,,
370,Chris Boyd,WR119,,,,,,339.0,2016,WR,119,Chris Boyd,,
371,Rashad Greene,WR120,,,,,,329.5,2016,WR,120,Rashad Greene,,
372,Orleans Darkwa,RB111,,,,,,316.0,2016,RB,111,Orleans Darkwa,,
373,Josh Huff,WR121,,,,,,342.0,2016,WR,121,Josh Huff,,
374,Jordan Todman,RB112,,,,,,317.0,2016,RB,112,Jordan Todman,,
375,Nick Folk,K27,,,,,,426.5,2016,K,27,Nick Folk,,
376,Ryan Succop,K28,,,,,,319.0,2016,K,28,Ryan Succop,,
377,Greg Zuerlein,K29,,,,,,424.0,2016,K,29,Greg Zuerlein,,
378,Juwan Thompson,RB113,,,,,,321.0,2016,RB,113,Juwan Thompson,,
379,Brian Hoyer,QB41,,,,,,367.5,2016,QB,41,Brian Hoyer,,
380,Seyi Ajirotutu,WR122,,,,,,322.0,2016,WR,122,Seyi Ajirotutu,,
381,Mario Alford,WR123,,,,,,323.0,2016,WR,123,Mario Alford,,
382,Mike Davis,RB114,,,,,,324.0,2016,RB,114,Mike Davis,,
383,Miles Austin,WR124,,,,,,326.0,2016,WR,124,Miles Austin,,
384,Adam Humphries,WR125,,,,,,327.0,2016,WR,125,Adam Humphries,,
385,Jason Avant,WR126,,,,,,328.0,2016,WR,126,Jason Avant,,
386,Quincy Enunwa,WR127,,,,,,330.0,2016,WR,127,Quincy Enunwa,,
387,Matt Asiata,RB115,,,,,,331.0,2016,RB,115,Matt Asiata,,
388,Jeremy Kerley,WR128,,,,,,332.0,2016,WR,128,Jeremy Kerley,,
389,Ty Montgomery II,RB116,,,,,,333.0,2016,RB,116,Ty Montgomery II,,
390,Rex Burkhead,RB117,,,,,,334.0,2016,RB,117,Rex Burkhead,,
391,Roy Helu,RB118,,,,,,335.0,2016,RB,118,Roy Helu,,
392,Fozzy Whittaker,RB119,,,,,,336.0,2016,RB,119,Fozzy Whittaker,,
393,Rashard Higgins,WR129,,,,,,338.0,2016,WR,129,Rashard Higgins,,
394,Jalen Richard,RB120,,,,,,339.0,2016,RB,120,Jalen Richard,,
395,Albert Wilson,WR130,,,,,,340.0,2016,WR,130,Albert Wilson,,
396,Cody Latimer,WR131,,,,,,343.0,2016,WR,131,Cody Latimer,,
397,Marcel Reece,RB121,,,,,,346.0,2016,RB,121,Marcel Reece,,
398,Devin Smith,WR132,,,,,,347.0,2016,WR,132,Devin Smith,,
399,Jarius Wright,WR133,,,,,,348.0,2016,WR,133,Jarius Wright,,
400,Corey Brown,WR134,,,,,,349.0,2016,WR,134,Corey Brown,,
401,Jaron Brown,WR135,,,,,,350.0,2016,WR,135,Jaron Brown,,
402,Paul Richardson Jr.,WR136,,,,,,351.0,2016,WR,136,Paul Richardson Jr.,,
403,Tavarres King,WR137,,,,,,352.0,2016,WR,137,Tavarres King,,
404,George Atkinson III,RB122,,,,,,353.0,2016,RB,122,George Atkinson III,,
405,Rod Streater,WR138,,,,,,354.0,2016,WR,138,Rod Streater,,
406,Bishop Sankey,RB123,,,,,,355.0,2016,RB,123,Bishop Sankey,,
407,Terrell Watson,RB124,,,,,,356.0,2016,RB,124,Terrell Watson,,
408,Fitzgerald Toussaint,RB125,,,,,,357.0,2016,RB,125,Fitzgerald Toussaint,,
409,Brandon Bolden,RB126,,,,,,358.0,2016,RB,126,Brandon Bolden,,
410,Shaun Hill,QB42,,,,,,360.0,2016,QB,42,Shaun Hill,,
411,Troymaine Pope,RB127,,,,,,363.0,2016,RB,127,Troymaine Pope,,
412,Lorenzo Taliaferro,RB128,,,,,,364.0,2016,RB,128,Lorenzo Taliaferro,,
413,Travaris Cadet,RB129,,,,,,366.0,2016,RB,129,Travaris Cadet,,
414,Donald Brown,RB130,,,,,,367.0,2016,RB,130,Donald Brown,,
415,Isaiah Pead,RB131,,,,,,369.0,2016,RB,131,Isaiah Pead,,
416,Fred Jackson,RB132,,,,,,370.0,2016,RB,132,Fred Jackson,,
417,Dwayne Bowe,WR139,,,,,,372.0,2016,WR,139,Dwayne Bowe,,
418,Mike James,RB133,,,,,,373.0,2016,RB,133,Mike James,,
419,Taiwan Jones,RB134,,,,,,374.0,2016,RB,134,Taiwan Jones,,
420,Ryan Grant,WR140,,,,,,375.0,2016,WR,140,Ryan Grant,,
421,Adam Thielen CAR (7),WR141,,,,,,377.0,2016,WR,141,Adam Thielen,CAR,7
422,Chris Polk,RB135,,,,,,378.0,2016,RB,135,Chris Polk,,
423,Jamize Olawale,RB136,,,,,,379.0,2016,RB,136,Jamize Olawale,,
424,Terron Ward,RB137,,,,,,380.0,2016,RB,137,Terron Ward,,
425,Darius Jackson,RB138,,,,,,381.0,2016,RB,138,Darius Jackson,,
426,Chris Moore WAS (9),WR142,,,,,,382.0,2016,WR,142,Chris Moore,WAS,9
427,Stepfan Taylor,RB139,,,,,,383.0,2016,RB,139,Stepfan Taylor,,
428,Dan Herron,RB140,,,,,,384.0,2016,RB,140,Dan Herron,,
429,Brice Butler,WR143,,,,,,385.0,2016,WR,143,Brice Butler,,
430,Robbie Chosen,WR144,,,,,,386.0,2016,WR,144,Robbie Chosen,,
431,Justin Hunter,WR145,,,,,,387.0,2016,WR,145,Justin Hunter,,
432,Marquise Goodwin,WR146,,,,,,390.0,2016,WR,146,Marquise Goodwin,,
433,Ricardo Louis,WR147,,,,,,392.0,2016,WR,147,Ricardo Louis,,
434,John Crockett,RB141,,,,,,393.0,2016,RB,141,John Crockett,,
435,Jeff Heuerman,TE44,,,,,,394.0,2016,TE,44,Jeff Heuerman,,
436,Bennie Fowler III,WR148,,,,,,395.0,2016,WR,148,Bennie Fowler III,,
437,Roger Lewis,WR149,,,,,,397.0,2016,WR,149,Roger Lewis,,
438,Lance Kendricks,TE45,,,,,,398.0,2016,TE,45,Lance Kendricks,,
439,Daniel Braverman,WR150,,,,,,399.0,2016,WR,150,Daniel Braverman,,
440,Brian Hartline,WR151,,,,,,401.0,2016,WR,151,Brian Hartline,,
441,Josh Hill,TE46,,,,,,402.0,2016,TE,46,Josh Hill,,
442,Geno Smith LV (),QB43,,,,,,403.0,2016,QB,43,Geno Smith LV (),,
443,Bobby Rainey,RB142,,,,,,405.0,2016,RB,142,Bobby Rainey,,
444,Vernon Davis,TE47,,,,,,406.0,2016,TE,47,Vernon Davis,,
445,Niles Paul,TE48,,,,,,409.0,2016,TE,48,Niles Paul,,
446,Tyreek Hill MIA (8),WR152,,,,,,410.0,2016,WR,152,Tyreek Hill,MIA,8
447,Daryl Richardson,RB143,,,,,,411.0,2016,RB,143,Daryl Richardson,,
448,Paul Turner,WR153,,,,,,412.0,2016,WR,153,Paul Turner,,
449,Dennis Pitta,TE49,,,,,,413.0,2016,TE,49,Dennis Pitta,,
450,Taylor Gabriel,WR154,,,,,,415.0,2016,WR,154,Taylor Gabriel,,
451,Patrick DiMarco,RB144,,,,,,416.0,2016,RB,144,Patrick DiMarco,,
452,Moritz Bohringer,WR155,,,,,,417.0,2016,WR,155,Moritz Bohringer,,
453,Garrett Celek,TE50,,,,,,418.0,2016,TE,50,Garrett Celek,,
454,Kenny Bell,WR156,,,,,,419.0,2016,WR,156,Kenny Bell,,
455,Jordan Norwood,WR157,,,,,,420.0,2016,WR,157,Jordan Norwood,,
456,Nick Foles,QB44,,,,,,422.0,2016,QB,44,Nick Foles,,
457,Kenneth Farrow,RB145,,,,,,423.0,2016,RB,145,Kenneth Farrow,,
458,Brandon Burks,RB146,,,,,,424.0,2016,RB,146,Brandon Burks,,
459,Jerricho Cotchery,WR158,,,,,,425.0,2016,WR,158,Jerricho Cotchery,,
460,Andre Holmes,WR159,,,,,,426.0,2016,WR,159,Andre Holmes,,
461,Andre Roberts,WR160,,,,,,427.0,2016,WR,160,Andre Roberts,,
462,Dezmin Lewis,WR161,,,,,,428.0,2016,WR,161,Dezmin Lewis,,
463,Louis Murphy,WR162,,,,,,429.0,2016,WR,162,Louis Murphy,,
464,Charone Peake,WR163,,,,,,430.0,2016,WR,163,Charone Peake,,
465,Leonard Hankerson,WR164,,,,,,431.0,2016,WR,164,Leonard Hankerson,,
466,Mychal Rivera,TE51,,,,,,432.0,2016,TE,51,Mychal Rivera,,
467,Quan Bray,WR165,,,,,,433.0,2016,WR,165,Quan Bray,,
468,Chase Daniel,QB45,,,,,,435.0,2016,QB,45,Chase Daniel,,
469,Corey Fuller,WR166,,,,,,436.0,2016,WR,166,Corey Fuller,,
470,Keshawn Martin,WR167,,,,,,437.0,2016,WR,167,Keshawn Martin,,
471,Owen Daniels,TE52,,,,,,438.0,2016,TE,52,Owen Daniels,,
472,Jordan Payton,WR168,,,,,,439.0,2016,WR,168,Jordan Payton,,
473,Aaron Burbridge,WR169,,,,,,440.0,2016,WR,169,Aaron Burbridge,,
474,Demarcus Robinson SF (8),WR170,,,,,,441.0,2016,WR,170,Demarcus Robinson,SF,8
475,Devin Hester,WR171,,,,,,442.0,2016,WR,171,Devin Hester,,
476,Matt Cassel,QB46,,,,,,443.0,2016,QB,46,Matt Cassel,,
477,Greg Salas,WR172,,,,,,444.0,2016,WR,172,Greg Salas,,
478,Chris Givens,WR173,,,,,,445.0,2016,WR,173,Chris Givens,,
479,Brett Hundley,QB47,,,,,,446.0,2016,QB,47,Brett Hundley,,
480,Ryan Mallett,QB48,,,,,,447.0,2016,QB,48,Ryan Mallett,,
481,E.J. Manuel,QB49,,,,,,448.0,2016,QB,49,E.J. Manuel,,
482,Luke Willson,TE53,,,,,,449.0,2016,TE,53,Luke Willson,,
483,Aaron Dobson,WR174,,,,,,450.0,2016,WR,174,Aaron Dobson,,
484,Ryan Griffin,TE54,,,,,,451.0,2016,TE,54,Ryan Griffin,,
485,Kenbrell Thompkins,WR175,,,,,,452.0,2016,WR,175,Kenbrell Thompkins,,
486,Darren Fells,TE55,,,,,,453.0,2016,TE,55,Darren Fells,,
487,Devon Cajuste,WR176,,,,,,454.0,2016,WR,176,Devon Cajuste,,
488,Landry Jones,QB50,,,,,,455.0,2016,QB,50,Landry Jones,,
489,Chad Henne,QB51,,,,,,457.0,2016,QB,51,Chad Henne,,
490,Cody Kessler,QB52,,,,,,458.0,2016,QB,52,Cody Kessler,,
491,Sean Mannion,QB53,,,,,,459.0,2016,QB,53,Sean Mannion,,
492,AJ McCarron,QB54,,,,,,460.0,2016,QB,54,AJ McCarron,,
493,Derek Anderson,QB55,,,,,,461.0,2016,QB,55,Derek Anderson,,
494,Jermaine Gresham,TE56,,,,,,462.0,2016,TE,56,Jermaine Gresham,,
495,Colt McCoy,QB56,,,,,,463.0,2016,QB,56,Colt McCoy,,
496,Matt Schaub,QB57,,,,,,464.0,2016,QB,57,Matt Schaub,,
497,Matt Moore,QB58,,,,,,465.0,2016,QB,58,Matt Moore,,
498,Mike Glennon,QB59,,,,,,466.0,2016,QB,59,Mike Glennon,,
499,Kellen Davis,TE57,,,,,,467.0,2016,TE,57,Kellen Davis,,
500,Christian Hackenberg,QB60,,,,,,468.0,2016,QB,60,Christian Hackenberg,,
501,Dan Orlovsky,QB61,,,,,,469.0,2016,QB,61,Dan Orlovsky,,
502,Tom Savage,QB62,,,,,,470.0,2016,QB,62,Tom Savage,,
503,MyCole Pruitt,TE58,,,,,,471.0,2016,TE,58,MyCole Pruitt,,
504,Aaron Murray,QB63,,,,,,472.0,2016,QB,63,Aaron Murray,,
505,Scott Tolzien,QB64,,,,,,473.0,2016,QB,64,Scott Tolzien,,
506,Stephen Anderson,TE59,,,,,,474.0,2016,TE,59,Stephen Anderson,,
507,Brandon Weeden,QB65,,,,,,475.0,2016,QB,65,Brandon Weeden,,
508,Austin Davis,QB66,,,,,,476.0,2016,QB,66,Austin Davis,,
509,Drew Stanton,QB67,,,,,,477.0,2016,QB,67,Drew Stanton,,
510,Scott Chandler,TE60,,,,,,478.0,2016,TE,60,Scott Chandler,,
511,Zach Mettenberger,QB68,,,,,,479.0,2016,QB,68,Zach Mettenberger,,
512,Troy Niklas,TE61,,,,,,480.0,2016,TE,61,Troy Niklas,,
513,Ryan Nassib,QB69,,,,,,481.0,2016,QB,69,Ryan Nassib,,
514,Garrett Graham,TE62,,,,,,482.0,2016,TE,62,Garrett Graham,,
515,Kellen Moore,QB70,,,,,,483.0,2016,QB,70,Kellen Moore,,
516,C.J. Fiedorowicz,TE63,,,,,,484.0,2016,TE,63,C.J. Fiedorowicz,,
517,Garrett Grayson,QB71,,,,,,485.0,2016,QB,71,Garrett Grayson,,
518,Jack Doyle,TE64,,,,,,486.0,2016,TE,64,Jack Doyle,,
519,Trevone Boykin,QB72,,,,,,487.0,2016,QB,72,Trevone Boykin,,
520,Dion Sims,TE65,,,,,,488.0,2016,TE,65,Dion Sims,,
521,Marcedes Lewis,TE66,,,,,,489.0,2016,TE,66,Marcedes Lewis,,
522,Cardale Jones,QB73,,,,,,490.0,2016,QB,73,Cardale Jones,,
523,Blake Bell,TE67,,,,,,491.0,2016,TE,67,Blake Bell,,
524,Kellen Clemens,QB74,,,,,,492.0,2016,QB,74,Kellen Clemens,,
525,Ed Dickson,TE68,,,,,,493.0,2016,TE,68,Ed Dickson,,
526,Luke McCown,QB75,,,,,,494.0,2016,QB,75,Luke McCown,,
527,Seth DeValve,TE69,,,,,,495.0,2016,TE,69,Seth DeValve,,
528,Bryce Petty,QB76,,,,,,496.0,2016,QB,76,Bryce Petty,,
529,Jeff Cumberland,TE70,,,,,,497.0,2016,TE,70,Jeff Cumberland,,
530,Anthony Fasano,TE71,,,,,,498.0,2016,TE,71,Anthony Fasano,,
531,Matt McGloin,QB77,,,,,,499.0,2016,QB,77,Matt McGloin,,
532,Gavin Escobar,TE72,,,,,,500.0,2016,TE,72,Gavin Escobar,,
533,Jacoby Brissett ARI (9),QB78,,,,,,501.0,2016,QB,78,Jacoby Brissett,ARI,9
534,Nick Vannett,TE73,,,,,,502.0,2016,TE,73,Nick Vannett,,
535,Bruce Gradkowski,QB79,,,,,,503.0,2016,QB,79,Bruce Gradkowski,,
536,James O'Shaughnessy,TE74,,,,,,504.0,2016,TE,74,James O'Shaughnessy,,
537,Jeff Driskel,QB80,,,,,,505.0,2016,QB,80,Jeff Driskel,,
538,Brandon Pettigrew,TE75,,,,,,506.0,2016,TE,75,Brandon Pettigrew,,
539,Kevin Hogan,QB81,,,,,,507.0,2016,QB,81,Kevin Hogan,,
540,Demetrius Harris,TE76,,,,,,508.0,2016,TE,76,Demetrius Harris,,
541,Joe Webb III,QB82,,,,,,509.0,2016,QB,82,Joe Webb III,,
542,Logan Paulsen,TE77,,,,,,510.0,2016,TE,77,Logan Paulsen,,
543,Joel Stave,QB83,,,,,,511.0,2016,QB,83,Joel Stave,,
544,Connor Cook,QB84,,,,,,512.0,2016,QB,84,Connor Cook,,
545,Nate Sudfeld,QB85,,,,,,513.0,2016,QB,85,Nate Sudfeld,,
546,Josh Scobee,K30,,,,,,534.0,2016,K,30,Josh Scobee,,
547,Kai Forbath LAR (8),K31,,,,,,538.0,2016,K,31,Kai Forbath,LAR,8
548,Cody Parkey,K32,,,,,,539.0,2016,K,32,Cody Parkey,,
549,Wil Lutz DEN (11),K33,,,,,,542.0,2016,K,33,Wil Lutz,DEN,11
550,Andrew Franks,K34,,,,,,543.0,2016,K,34,Andrew Franks,,
551,Caleb Sturgis,K35,,,,,,544.0,2016,K,35,Caleb Sturgis,,
1,David Johnson,RB1,1.0,,,,,1.0,2017,RB,1,David Johnson,,
2,Le'Veon Bell,RB2,2.0,,,,,2.0,2017,RB,2,Le'Veon Bell,,
3,Antonio Brown,WR1,3.0,,,,,3.0,2017,WR,1,Antonio Brown,,
4,Julio Jones,WR2,4.0,,,,,4.0,2017,WR,2,Julio Jones,,
5,Odell Beckham Jr.,WR3,5.0,,,,,5.2,2017,WR,3,Odell Beckham Jr.,,
6,LeSean McCoy,RB3,6.0,,,,,6.4,2017,RB,3,LeSean McCoy,,
7,Mike Evans TB (1),WR4,9.0,,,,,7.0,2017,WR,4,Mike Evans,TB,1
8,A.J. Green,WR5,10.0,,,,,8.6,2017,WR,5,A.J. Green,,
9,Devonta Freeman,RB4,8.0,,,,,9.4,2017,RB,4,Devonta Freeman,,
10,Melvin Gordon III,RB5,11.0,,,,,9.6,2017,RB,5,Melvin Gordon III,,
11,Jordy Nelson,WR6,7.0,,,,,10.4,2017,WR,6,Jordy Nelson,,
12,Michael Thomas,WR7,12.0,,,,,12.0,2017,WR,7,Michael Thomas,,
13,Jordan Howard,RB6,13.0,,,,,14.4,2017,RB,6,Jordan Howard,,
14,DeMarco Murray,RB7,14.0,,,,,14.4,2017,RB,7,DeMarco Murray,,
15,Jay Ajayi,RB8,15.0,,,,,15.0,2017,RB,8,Jay Ajayi,,
16,Ezekiel Elliott,RB9,21.0,,,,,15.4,2017,RB,9,Ezekiel Elliott,,
17,Amari Cooper,WR8,19.0,,,,,18.0,2017,WR,8,Amari Cooper,,
18,Todd Gurley II,RB10,18.0,,,,,18.6,2017,RB,10,Todd Gurley II,,
19,Brandin Cooks NO (5),WR9,16.0,,,,,19.8,2017,WR,9,Brandin Cooks,NO,5
20,Rob Gronkowski,TE1,17.0,,,,,19.8,2017,TE,1,Rob Gronkowski,,
21,Dez Bryant,WR10,24.0,,,,,20.2,2017,WR,10,Dez Bryant,,
22,Aaron Rodgers,QB1,20.0,,,,,22.8,2017,QB,1,Aaron Rodgers,,
23,Doug Baldwin,WR11,23.0,,,,,22.8,2017,WR,11,Doug Baldwin,,
24,Leonard Fournette,RB11,26.0,,,,,24.8,2017,RB,11,Leonard Fournette,,
25,T.Y. Hilton,WR12,25.0,,,,,26.2,2017,WR,12,T.Y. Hilton,,
26,Christian McCaffrey SF (11),RB12,30.0,,,,,27.2,2017,RB,12,Christian McCaffrey,SF,11
27,DeAndre Hopkins BAL (10),WR13,29.0,,,,,28.2,2017,WR,13,DeAndre Hopkins,BAL,10
28,Demaryius Thomas,WR14,32.0,,,,,30.2,2017,WR,14,Demaryius Thomas,,
29,Lamar Miller,RB13,27.0,,,,,30.6,2017,RB,13,Lamar Miller,,
30,Tom Brady,QB2,22.0,,,,,30.8,2017,QB,2,Tom Brady,,
31,Keenan Allen,WR15,40.0,,,,,32.6,2017,WR,15,Keenan Allen,,
32,Terrelle Pryor Sr.,WR16,31.0,,,,,33.4,2017,WR,16,Terrelle Pryor Sr.,,
33,Isaiah Crowell,RB14,36.0,,,,,33.8,2017,RB,14,Isaiah Crowell,,
34,Dalvin Cook,RB15,42.0,,,,,34.2,2017,RB,15,Dalvin Cook,,
35,Marshawn Lynch,RB16,28.0,,,,,35.8,2017,RB,16,Marshawn Lynch,,
36,Travis Kelce KC (10),TE2,41.0,,,,,36.0,2017,TE,2,Travis Kelce,KC,10
37,Alshon Jeffery,WR17,35.0,,,,,37.0,2017,WR,17,Alshon Jeffery,,
38,Kareem Hunt KC (10),RB17,33.0,,,,,38.2,2017,RB,17,Kareem Hunt,KC,10
39,Michael Crabtree,WR18,37.0,,,,,41.0,2017,WR,18,Michael Crabtree,,
40,Carlos Hyde,RB18,38.0,,,,,41.4,2017,RB,18,Carlos Hyde,,
41,Davante Adams LAR (8),WR19,48.0,,,,,41.6,2017,WR,19,Davante Adams,LAR,8
42,Ty Montgomery II,RB19,45.0,,,,,42.0,2017,RB,19,Ty Montgomery II,,
43,Drew Brees,QB3,34.0,,,,,42.8,2017,QB,3,Drew Brees,,
44,Joe Mixon HOU (7),RB20,57.0,,,,,43.8,2017,RB,20,Joe Mixon,HOU,7
45,Golden Tate,WR20,47.0,,,,,46.4,2017,WR,20,Golden Tate,,
46,Allen Robinson II,WR21,60.0,,,,,47.2,2017,WR,21,Allen Robinson II,,
47,Larry Fitzgerald,WR22,44.0,,,,,47.8,2017,WR,22,Larry Fitzgerald,,
48,Greg Olsen,TE3,43.0,,,,,48.0,2017,TE,3,Greg Olsen,,
49,Tyreek Hill MIA (1),WR23,54.0,,,,,50.4,2017,WR,23,Tyreek Hill,MIA,1
50,Jordan Reed,TE4,46.0,,,,,50.6,2017,TE,4,Jordan Reed,,
51,Kelvin Benjamin,WR24,49.0,,,,,51.2,2017,WR,24,Kelvin Benjamin,,
52,Martavis Bryant,WR25,58.0,,,,,51.2,2017,WR,25,Martavis Bryant,,
53,Jarvis Landry,WR26,52.0,,,,,52.8,2017,WR,26,Jarvis Landry,,
54,Mark Ingram II,RB21,55.0,,,,,55.6,2017,RB,21,Mark Ingram II,,
55,Matt Ryan,QB4,39.0,,,,,56.0,2017,QB,4,Matt Ryan,,
56,Stefon Diggs NE (9),WR27,67.0,,,,,56.8,2017,WR,27,Stefon Diggs,NE,9
57,Jimmy Graham,TE5,53.0,,,,,58.0,2017,TE,5,Jimmy Graham,,
58,Bilal Powell,RB22,56.0,,,,,58.8,2017,RB,22,Bilal Powell,,
59,Sammy Watkins,WR28,63.0,,,,,59.0,2017,WR,28,Sammy Watkins,,
60,Emmanuel Sanders,WR29,50.0,,,,,60.0,2017,WR,29,Emmanuel Sanders,,
61,C.J. Anderson,RB23,69.0,,,,,60.8,2017,RB,23,C.J. Anderson,,
62,DeVante Parker,WR30,71.0,,,,,61.4,2017,WR,30,DeVante Parker,,
63,Russell Wilson NYG (8),QB5,51.0,,,,,63.8,2017,QB,5,Russell Wilson,NYG,8
64,Jamison Crowder,WR31,59.0,,,,,63.8,2017,WR,31,Jamison Crowder,,
65,Ameer Abdullah,RB24,75.0,,,,,64.0,2017,RB,24,Ameer Abdullah,,
66,Brandon Marshall,WR32,68.0,,,,,67.0,2017,WR,32,Brandon Marshall,,
67,Danny Woodhead,RB25,65.0,,,,,67.8,2017,RB,25,Danny Woodhead,,
68,Pierre Garcon,WR33,70.0,,,,,70.0,2017,WR,33,Pierre Garcon,,
69,Tevin Coleman,RB26,90.0,,,,,71.2,2017,RB,26,Tevin Coleman,,
70,Kyle Rudolph,TE6,72.0,,,,,74.2,2017,TE,6,Kyle Rudolph,,
71,Adrian Peterson,RB27,62.0,,,,,75.4,2017,RB,27,Adrian Peterson,,
72,Doug Martin,RB28,97.0,,,,,76.0,2017,RB,28,Doug Martin,,
73,Mike Gillislee,RB29,77.0,,,,,77.8,2017,RB,29,Mike Gillislee,,
74,Delanie Walker,TE7,66.0,,,,,78.4,2017,TE,7,Delanie Walker,,
75,Zach Ertz WAS (5),TE8,82.0,,,,,78.4,2017,TE,8,Zach Ertz,WAS,5
76,Tyler Eifert,TE9,95.0,,,,,78.8,2017,TE,9,Tyler Eifert,,
77,Frank Gore,RB30,64.0,,,,,80.8,2017,RB,30,Frank Gore,,
78,Jameis Winston NYG (8),QB6,89.0,,,,,81.4,2017,QB,6,Jameis Winston,NYG,8
79,Theo Riddick,RB31,81.0,,,,,82.8,2017,RB,31,Theo Riddick,,
80,Robert Kelley,RB32,78.0,,,,,83.6,2017,RB,32,Robert Kelley,,
81,Kirk Cousins ATL (5),QB7,74.0,,,,,84.4,2017,QB,7,Kirk Cousins,ATL,5
82,Paul Perkins,RB33,88.0,,,,,84.6,2017,RB,33,Paul Perkins,,
83,Jeremy Maclin,WR34,86.0,,,,,84.6,2017,WR,34,Jeremy Maclin,,
84,Willie Snead IV,WR35,119.0,,,,,84.8,2017,WR,35,Willie Snead IV,,
85,Marcus Mariota WAS (5),QB8,92.0,,,,,84.8,2017,QB,8,Marcus Mariota,WAS,5
86,Derek Carr,QB9,76.0,,,,,85.2,2017,QB,9,Derek Carr,,
87,Cam Newton,QB10,61.0,,,,,86.8,2017,QB,10,Cam Newton,,
88,DeSean Jackson,WR36,80.0,,,,,87.2,2017,WR,36,DeSean Jackson,,
89,Martellus Bennett,TE10,85.0,,,,,89.8,2017,TE,10,Martellus Bennett,,
90,Derrick Henry BAL (10),RB34,130.0,,,,,90.0,2017,RB,34,Derrick Henry,BAL,10
91,Eric Decker,WR37,87.0,,,,,90.4,2017,WR,37,Eric Decker,,
92,Randall Cobb,WR38,94.0,,,,,90.6,2017,WR,38,Randall Cobb,,
93,Duke Johnson Jr.,RB35,104.0,,,,,92.8,2017,RB,35,Duke Johnson Jr.,,
94,Tyrell Williams,WR39,112.0,,,,,93.0,2017,WR,39,Tyrell Williams,,
95,Terrance West,RB36,84.0,,,,,95.4,2017,RB,36,Terrance West,,
96,Andrew Luck,QB11,110.0,,,,,99.6,2017,QB,11,Andrew Luck,,
97,Adam Thielen CAR (11),WR40,108.0,,,,,100.8,2017,WR,40,Adam Thielen,CAR,11
98,Eddie Lacy,RB37,91.0,,,,,101.6,2017,RB,37,Eddie Lacy,,
99,LeGarrette Blount,RB38,106.0,,,,,102.6,2017,RB,38,LeGarrette Blount,,
100,Darren McFadden,RB39,93.0,,,,,103.0,2017,RB,39,Darren McFadden,,
101,Chris Hogan,WR41,99.0,,,,,103.6,2017,WR,41,Chris Hogan,,
102,Ben Roethlisberger,QB12,102.0,,,,,104.0,2017,QB,12,Ben Roethlisberger,,
103,Hunter Henry NE (9),TE11,120.0,,,,,106.2,2017,TE,11,Hunter Henry,NE,9
104,James White,RB40,118.0,,,,,107.8,2017,RB,40,James White,,
105,Corey Coleman,WR42,132.0,,,,,109.0,2017,WR,42,Corey Coleman,,
106,Dak Prescott DAL (6),QB13,73.0,,,,,109.8,2017,QB,13,Dak Prescott,DAL,6
107,Matthew Stafford LAR (8),QB14,98.0,,,,,113.6,2017,QB,14,Matthew Stafford,LAR,8
108,Thomas Rawls,RB41,124.0,,,,,114.2,2017,RB,41,Thomas Rawls,,
109,Marvin Jones Jr.,WR43,137.0,,,,,117.2,2017,WR,43,Marvin Jones Jr.,,
110,Jonathan Stewart,RB42,113.0,,,,,117.6,2017,RB,42,Jonathan Stewart,,
111,Rishard Matthews,WR44,121.0,,,,,119.6,2017,WR,44,Rishard Matthews,,
112,Philip Rivers,QB15,123.0,,,,,120.4,2017,QB,15,Philip Rivers,,
113,Jordan Matthews,TE12,136.0,,,,,120.6,2017,TE,12,Jordan Matthews,,
114,Matt Forte,RB43,109.0,,,,,121.4,2017,RB,43,Matt Forte,,
115,Eric Ebron,TE13,154.0,,,,,121.6,2017,TE,13,Eric Ebron,,
116,Darren Sproles,RB44,122.0,,,,,121.6,2017,RB,44,Darren Sproles,,
117,John Brown,WR45,149.0,,,,,121.8,2017,WR,45,John Brown,,
118,Donte Moncrief,WR46,103.0,,,,,84.0,2017,WR,46,Donte Moncrief,,
119,Jack Doyle,TE14,133.0,,,,,127.4,2017,TE,14,Jack Doyle,,
120,Stephen Gostkowski,K1,96.0,,,,,127.8,2017,K,1,Stephen Gostkowski,,
121,Justin Tucker,K2,100.0,,,,,128.4,2017,K,2,Justin Tucker,,
122,C.J. Prosise,RB45,153.0,,,,,129.4,2017,RB,45,C.J. Prosise,,
123,Jacquizz Rodgers,RB46,146.0,,,,,131.0,2017,RB,46,Jacquizz Rodgers,,
124,Ted Ginn Jr.,WR47,128.0,,,,,131.4,2017,WR,47,Ted Ginn Jr.,,
125,Eli Manning,QB16,127.0,,,,,137.2,2017,QB,16,Eli Manning,,
126,Jason Witten,TE15,117.0,,,,,138.0,2017,TE,15,Jason Witten,,
127,Andy Dalton CAR (11),QB17,141.0,,,,,138.4,2017,QB,17,Andy Dalton,CAR,11
128,Kevin White,WR48,145.0,,,,,138.8,2017,WR,48,Kevin White,,
129,Jamaal Charles,RB47,161.0,,,,,140.4,2017,RB,47,Jamaal Charles,,
130,Kenny Britt,WR49,111.0,,,,,106.3,2017,WR,49,Kenny Britt,,
131,Mike Wallace,WR50,101.0,,,,,108.3,2017,WR,50,Mike Wallace,,
132,Cooper Kupp SEA (6),WR51,162.0,,,,,144.4,2017,WR,51,Cooper Kupp,SEA,6
133,Austin Hooper NE (9),TE16,159.0,,,,,145.0,2017,TE,16,Austin Hooper,NE,9
134,Rex Burkhead,RB48,174.0,,,,,145.4,2017,RB,48,Rex Burkhead,,
136,Carson Palmer,QB18,142.0,,,,,149.2,2017,QB,18,Carson Palmer,,
137,Jeremy Hill,RB49,176.0,,,,,150.2,2017,RB,49,Jeremy Hill,,
138,Corey Davis,WR52,140.0,,,,,117.3,2017,WR,52,Corey Davis,,
139,Zay Jones ARI (8),WR53,125.0,,,,,128.3,2017,WR,53,Zay Jones,ARI,8
140,Samaje Perine CIN (6),RB50,,,,,,129.8,2017,RB,50,Samaje Perine,CIN,6
141,Jamaal Williams,RB51,,,,,,135.3,2017,RB,51,Jamaal Williams,,
142,Alvin Kamara NO (5),RB52,183.0,,,,,167.4,2017,RB,52,Alvin Kamara,NO,5
143,Matt Bryant,K3,114.0,,,,,139.8,2017,K,3,Matt Bryant,,
144,O.J. Howard,TE17,152.0,,,,,144.0,2017,TE,17,O.J. Howard,,
145,Dan Bailey,K4,131.0,,,,,145.3,2017,K,4,Dan Bailey,,
146,Giovani Bernard,RB53,138.0,,,,,146.0,2017,RB,53,Giovani Bernard,,
147,Carson Wentz,QB19,135.0,,,,,146.3,2017,QB,19,Carson Wentz,,
148,Sterling Shepard TB (1),WR54,170.0,,,,,146.8,2017,WR,54,Sterling Shepard,TB,1
149,Coby Fleener,TE18,156.0,,,,,149.8,2017,TE,18,Coby Fleener,,
151,Cole Beasley,WR55,150.0,,,,,153.8,2017,WR,55,Cole Beasley,,
152,Latavius Murray,RB54,165.0,,,,,156.8,2017,RB,54,Latavius Murray,,
153,Tyler Lockett TEN (8),WR56,167.0,,,,,160.0,2017,WR,56,Tyler Lockett,TEN,8
155,Evan Engram DEN (5),TE19,151.0,,,,,160.3,2017,TE,19,Evan Engram,DEN,5
156,Tyrod Taylor NYJ (11),QB20,164.0,,,,,162.3,2017,QB,20,Tyrod Taylor,NYJ,11
159,Julius Thomas,TE20,160.0,,,,,163.8,2017,TE,20,Julius Thomas,,
160,Mason Crosby,K5,157.0,,,,,166.3,2017,K,5,Mason Crosby,,
161,Josh Doctson,WR57,185.0,,,,,166.3,2017,WR,57,Josh Doctson,,
162,Cameron Brate,TE21,158.0,,,,,170.3,2017,TE,21,Cameron Brate,,
163,Wendell Smallwood,RB55,,,,,,171.5,2017,RB,55,Wendell Smallwood,,
164,Taylor Gabriel,WR58,169.0,,,,,172.3,2017,WR,58,Taylor Gabriel,,
168,Antonio Gates,TE22,143.0,,,,,177.0,2017,TE,22,Antonio Gates,,
169,Shane Vereen,RB56,193.0,,,,,177.5,2017,RB,56,Shane Vereen,,
170,Robbie Chosen,WR59,,,,,,144.7,2017,WR,59,Robbie Chosen,,
172,Mohamed Sanu Sr.,WR60,163.0,,,,,180.5,2017,WR,60,Mohamed Sanu Sr.,,
173,Adam Vinatieri,K6,126.0,,,,,147.3,2017,K,6,Adam Vinatieri,,
174,Kenny Stills,WR61,186.0,,,,,181.8,2017,WR,61,Kenny Stills,,
175,Joe Flacco CLE (9),QB21,144.0,,,,,183.8,2017,QB,21,Joe Flacco,CLE,9
176,Kendall Wright,WR62,191.0,,,,,186.0,2017,WR,62,Kendall Wright,,
177,Danny Amendola,WR63,147.0,,,,,192.3,2017,WR,63,Danny Amendola,,
178,Marqise Lee,WR64,196.0,,,,,190.8,2017,WR,64,Marqise Lee,,
179,Chris Thompson,RB57,177.0,,,,,191.8,2017,RB,57,Chris Thompson,,
180,Kenny Golladay,WR65,,,,,,161.7,2017,WR,65,Kenny Golladay,,
181,John Ross,WR66,,,,,,162.3,2017,WR,66,John Ross,,
182,Matt Prater,K7,166.0,,,,,172.3,2017,K,7,Matt Prater,,
184,Wil Lutz DEN (5),K8,195.0,,,,,176.3,2017,K,8,Wil Lutz,DEN,5
185,Jared Cook,TE23,148.0,,,,,206.0,2017,TE,23,Jared Cook,,
186,Charles Sims,RB58,197.0,,,,,206.3,2017,RB,58,Charles Sims,,
188,Marlon Mack,RB59,,,,,,183.0,2017,RB,59,Marlon Mack,,
189,Torrey Smith,WR67,178.0,,,,,209.5,2017,WR,67,Torrey Smith,,
190,D'Onta Foreman,RB60,,,,,,186.0,2017,RB,60,D'Onta Foreman,,
191,Cairo Santos CHI (9),K9,192.0,,,,,189.7,2017,K,9,Cairo Santos,CHI,9
193,Breshad Perriman,WR68,,,,,,192.0,2017,WR,68,Breshad Perriman,,
194,Jay Cutler,QB22,,,,,,192.7,2017,QB,22,Jay Cutler,,
196,Dion Lewis,RB61,,,,,,193.0,2017,RB,61,Dion Lewis,,
198,DeAndre Washington,RB62,,,,,,195.3,2017,RB,62,DeAndre Washington,,
199,J.J. Nelson,WR69,,,,,,196.3,2017,WR,69,J.J. Nelson,,
200,James Conner ARI (8),RB63,,,,,,196.3,2017,RB,63,James Conner,ARI,8
202,Charcandrick West,RB64,187.0,,,,,218.8,2017,RB,64,Charcandrick West,,
203,Sebastian Janikowski,K10,172.0,,,,,198.0,2017,K,10,Sebastian Janikowski,,
204,Sam Bradford,QB23,,,,,,198.0,2017,QB,23,Sam Bradford,,
205,Dustin Hopkins CLE (9),K11,188.0,,,,,198.7,2017,K,11,Dustin Hopkins,CLE,9
206,Malcolm Mitchell,WR70,,,,,,201.0,2017,WR,70,Malcolm Mitchell,,
207,C.J. Fiedorowicz,TE24,,,,,,203.7,2017,TE,24,C.J. Fiedorowicz,,
208,David Njoku CLE (9),TE25,,,,,,204.0,2017,TE,25,David Njoku,CLE,9
209,Brandon LaFell,WR71,,,,,,204.7,2017,WR,71,Brandon LaFell,,
210,Allen Hurns,WR72,,,,,,205.7,2017,WR,72,Allen Hurns,,
211,Devin Funchess,WR73,,,,,,207.0,2017,WR,73,Devin Funchess,,
212,Julian Edelman,WR74,,,,,,212.0,2017,WR,74,Julian Edelman,,
213,Jonathan Williams,RB65,,,,,,171.5,2017,RB,65,Jonathan Williams,,
214,Spencer Ware,RB66,,,,,,217.0,2017,RB,66,Spencer Ware,,
215,Jalen Richard,RB67,,,,,,210.3,2017,RB,67,Jalen Richard,,
216,Deshaun Watson CLE (9),QB24,,,,,,210.7,2017,QB,24,Deshaun Watson,CLE,9
217,Joe Williams,RB68,,,,,,174.5,2017,RB,68,Joe Williams,,
218,Robert Woods PIT (9),WR75,,,,,,211.0,2017,WR,75,Robert Woods,PIT,9
219,Chris Carson,RB69,,,,,,211.7,2017,RB,69,Chris Carson,,
221,T.J. Yeldon,RB70,,,,,,214.7,2017,RB,70,T.J. Yeldon,,
222,Cameron Meredith,WR76,,,,,,224.5,2017,WR,76,Cameron Meredith,,
224,Blair Walsh,K12,180.0,,,,,216.3,2017,K,12,Blair Walsh,,
225,De'Angelo Henderson Sr.,RB71,,,,,,218.0,2017,RB,71,De'Angelo Henderson Sr.,,
226,ArDarius Stewart,WR77,,,,,,218.3,2017,WR,77,ArDarius Stewart,,
227,Chris Boswell PIT (9),K13,189.0,,,,,218.3,2017,K,13,Chris Boswell,PIT,9
228,Mike Williams LAC (9),WR78,,,,,,218.7,2017,WR,78,Mike Williams,LAC,9
229,Devontae Booker,RB72,,,,,,225.3,2017,RB,72,Devontae Booker,,
230,Tavon Austin,WR79,,,,,,225.7,2017,WR,79,Tavon Austin,,
231,Graham Gano NYG (8),K14,,,,,,197.0,2017,K,14,Graham Gano,NYG,8
232,Jesse James,TE26,,,,,,197.5,2017,TE,26,Jesse James,,
233,Tarik Cohen,RB73,,,,,,226.3,2017,RB,73,Tarik Cohen,,
234,William Fuller V,WR80,,,,,,226.7,2017,WR,80,William Fuller V,,
235,Matt Breida,RB74,,,,,,228.7,2017,RB,74,Matt Breida,,
236,Jaron Brown,WR81,,,,,,229.7,2017,WR,81,Jaron Brown,,
237,Branden Oliver,RB75,,,,,,230.3,2017,RB,75,Branden Oliver,,
238,Curtis Samuel BUF (6),WR82,,,,,,230.3,2017,WR,82,Curtis Samuel,BUF,6
239,Charles Clay,TE27,,,,,,234.7,2017,TE,27,Charles Clay,,
240,Austin Seferian-Jenkins,TE28,,,,,,230.7,2017,TE,28,Austin Seferian-Jenkins,,
241,Paul Richardson Jr.,WR83,,,,,,230.7,2017,WR,83,Paul Richardson Jr.,,
242,Chris Conley,WR84,,,,,,231.0,2017,WR,84,Chris Conley,,
243,Stephen Hauschka,K15,,,,,,207.0,2017,K,15,Stephen Hauschka,,
244,Kenyan Drake,RB76,,,,,,207.0,2017,RB,76,Kenyan Drake,,
245,Alex Smith,QB25,,,,,,234.0,2017,QB,25,Alex Smith,,
246,Kyle Juszczyk SF (11),RB77,,,,,,234.0,2017,RB,77,Kyle Juszczyk,SF,11
247,Caleb Sturgis,K16,194.0,,,,,236.0,2017,K,16,Caleb Sturgis,,
248,Zach Zenner,RB78,,,,,,214.5,2017,RB,78,Zach Zenner,,
249,Dwayne Allen,TE29,,,,,,239.0,2017,TE,29,Dwayne Allen,,
250,Brandon McManus GB (8),K17,,,,,,217.5,2017,K,17,Brandon McManus,GB,8
251,Chris Ivory,RB79,,,,,,218.5,2017,RB,79,Chris Ivory,,
252,Jimmy Garoppolo LAR (8),QB26,,,,,,219.0,2017,QB,26,Jimmy Garoppolo,LAR,8
253,Kerwynn Williams,RB80,,,,,,222.5,2017,RB,80,Kerwynn Williams,,
254,Robert Turbin,RB81,,,,,,245.3,2017,RB,81,Robert Turbin,,
255,Vance McDonald,TE30,,,,,,258.3,2017,TE,30,Vance McDonald,,
256,Nelson Agholor,WR85,,,,,,245.3,2017,WR,85,Nelson Agholor,,
257,Blake Bortles,QB27,,,,,,251.7,2017,QB,27,Blake Bortles,,
258,Chris Godwin TB (1),WR86,,,,,,229.0,2017,WR,86,Chris Godwin,TB,1
259,Mitchell Trubisky BUF (6),QB28,,,,,,230.0,2017,QB,28,Mitchell Trubisky,BUF,6
260,Harrison Butker KC (10),K18,179.0,,,,,179.0,2017,K,18,Harrison Butker,KC,10
261,Dede Westbrook,WR87,,,,,,232.5,2017,WR,87,Dede Westbrook,,
262,Tyler Higbee LAR (8),TE31,,,,,,233.0,2017,TE,31,Tyler Higbee,LAR,8
263,Brian Hoyer,QB29,,,,,,258.7,2017,QB,29,Brian Hoyer,,
264,Carlos Henderson,WR88,,,,,,185.0,2017,WR,88,Carlos Henderson,,
265,Alfred Morris,RB82,,,,,,251.7,2017,RB,82,Alfred Morris,,
266,Younghoe Koo ATL (5),K19,190.0,,,,,190.0,2017,K,19,Younghoe Koo,ATL,5
267,Javorius Allen,RB83,,,,,,253.0,2017,RB,83,Javorius Allen,,
268,Laquon Treadwell IND (11),WR89,,,,,,238.0,2017,WR,89,Laquon Treadwell,IND,11
269,JuJu Smith-Schuster KC (10),WR90,,,,,,238.0,2017,WR,90,JuJu Smith-Schuster,KC,10
270,Benjamin Watson,TE32,,,,,,239.5,2017,TE,32,Benjamin Watson,,
271,C.J. Spiller,RB84,,,,,,196.0,2017,RB,84,C.J. Spiller,,
272,Zach Miller,TE33,,,,,,259.0,2017,TE,33,Zach Miller,,
273,DeShone Kizer,QB30,,,,,,264.0,2017,QB,30,DeShone Kizer,,
275,Trevor Siemian,QB31,,,,,,257.7,2017,QB,31,Trevor Siemian,,
276,Travis Benjamin,WR91,,,,,,264.7,2017,WR,91,Travis Benjamin,,
277,Tim Hightower,RB85,,,,,,245.0,2017,RB,85,Tim Hightower,,
278,Jerick McKinnon,RB86,,,,,,245.5,2017,RB,86,Jerick McKinnon,,
280,Jared Goff DET (7),QB32,,,,,,256.0,2017,QB,32,Jared Goff,DET,7
281,Brandon Coleman,WR92,,,,,,212.0,2017,WR,92,Brandon Coleman,,
282,George Kittle SF (11),TE34,,,,,,248.0,2017,TE,34,George Kittle,SF,11
283,Kasen Williams,WR93,,,,,,213.0,2017,WR,93,Kasen Williams,,
284,Aaron Jones Sr. MIN (9),RB87,,,,,,248.5,2017,RB,87,Aaron Jones Sr.,MIN,9
285,Chandler Catanzaro,K20,,,,,,265.5,2017,K,20,Chandler Catanzaro,,
286,Tyler Boyd,WR94,,,,,,250.0,2017,WR,94,Tyler Boyd,,
287,Donnel Pumphrey,RB88,,,,,,218.0,2017,RB,88,Donnel Pumphrey,,
288,Marquise Goodwin,WR95,,,,,,251.5,2017,WR,95,Marquise Goodwin,,
290,Josh Gordon,WR96,,,,,,251.5,2017,WR,96,Josh Gordon,,
291,Bruce Ellington,WR97,,,,,,220.0,2017,WR,97,Bruce Ellington,,
292,Chester Rogers,WR98,,,,,,221.0,2017,WR,98,Chester Rogers,,
293,Ryan Switzer,WR99,,,,,,223.0,2017,WR,99,Ryan Switzer,,
294,Orleans Darkwa,RB89,,,,,,263.7,2017,RB,89,Orleans Darkwa,,
295,Geronimo Allison,WR100,,,,,,230.0,2017,WR,100,Geronimo Allison,,
296,Jermaine Kearse,WR101,,,,,,257.5,2017,WR,101,Jermaine Kearse,,
297,Gerald Everett,TE35,,,,,,258.5,2017,TE,35,Gerald Everett,,
298,Matt Jones,RB90,,,,,,262.0,2017,RB,90,Matt Jones,,
299,Alex Erickson,WR102,,,,,,237.0,2017,WR,102,Alex Erickson,,
300,Matt Asiata,RB91,,,,,,238.0,2017,RB,91,Matt Asiata,,
301,Chris Johnson,RB92,,,,,,242.0,2017,RB,92,Chris Johnson,,
302,Josh McCown,QB33,,,,,,243.0,2017,QB,33,Josh McCown,,
303,Phillip Dorsett II,WR103,,,,,,268.5,2017,WR,103,Phillip Dorsett II,,
304,Nick Folk,K21,,,,,,246.0,2017,K,21,Nick Folk,,
305,Jermaine Gresham,TE36,,,,,,246.0,2017,TE,36,Jermaine Gresham,,
306,Wayne Gallman Jr.,RB93,,,,,,248.0,2017,RB,93,Wayne Gallman Jr.,,
307,Andre Roberts,WR104,,,,,,250.0,2017,WR,104,Andre Roberts,,
309,Ryan Mathews,RB94,,,,,,252.0,2017,RB,94,Ryan Mathews,,
310,Jeremy Kerley,WR105,,,,,,278.0,2017,WR,105,Jeremy Kerley,,
311,Cordarrelle Patterson PIT (9),RB95,,,,,,256.0,2017,RB,95,Cordarrelle Patterson,PIT,9
312,Patrick Mahomes II KC (10),QB34,,,,,,270.0,2017,QB,34,Patrick Mahomes II,KC,10
313,Tajae Sharpe,WR106,,,,,,258.0,2017,WR,106,Tajae Sharpe,,
314,Jeremy McNichols WAS (5),RB96,,,,,,258.0,2017,RB,96,Jeremy McNichols,WAS,5
315,Deonte Thompson,WR107,,,,,,260.0,2017,WR,107,Deonte Thompson,,
316,Brandon Tate,WR108,,,,,,261.0,2017,WR,108,Brandon Tate,,
317,Braxton Miller,WR109,,,,,,263.0,2017,WR,109,Braxton Miller,,
319,Eli Rogers,WR110,,,,,,292.0,2017,WR,110,Eli Rogers,,
320,Taywan Taylor,WR111,,,,,,310.5,2017,WR,111,Taywan Taylor,,
321,Erik Swoope,TE37,,,,,,268.0,2017,TE,37,Erik Swoope,,
322,Dwayne Washington,RB97,,,,,,299.5,2017,RB,97,Dwayne Washington,,
323,Markus Wheaton,WR112,,,,,,269.0,2017,WR,112,Markus Wheaton,,
324,Vernon Davis,TE38,,,,,,292.0,2017,TE,38,Vernon Davis,,
326,Kamar Aiken,WR113,,,,,,271.0,2017,WR,113,Kamar Aiken,,
327,Terrance Williams,WR114,,,,,,281.5,2017,WR,114,Terrance Williams,,
328,Daniel Lasco,RB98,,,,,,272.0,2017,RB,98,Daniel Lasco,,
330,Ladarius Green,TE39,,,,,,273.0,2017,TE,39,Ladarius Green,,
331,Aldrick Rosas,K22,,,,,,275.0,2017,K,22,Aldrick Rosas,,
333,Dennis Pitta,TE40,,,,,,276.0,2017,TE,40,Dennis Pitta,,
336,Zane Gonzalez,K23,,,,,,278.0,2017,K,23,Zane Gonzalez,,
338,Phil Dawson,K24,,,,,,279.0,2017,K,24,Phil Dawson,,
342,Josh Lambo,K25,,,,,,282.0,2017,K,25,Josh Lambo,,
344,Tom Savage,QB35,,,,,,285.0,2017,QB,35,Tom Savage,,
345,Nick Novak,K26,,,,,,286.0,2017,K,26,Nick Novak,,
346,Mike Glennon,QB36,,,,,,287.0,2017,QB,36,Mike Glennon,,
347,DeAngelo Williams,RB99,,,,,,289.0,2017,RB,99,DeAngelo Williams,,
348,Kenjon Barner,RB100,,,,,,293.0,2017,RB,100,Kenjon Barner,,
349,Dontrelle Inman,WR115,,,,,,296.0,2017,WR,115,Dontrelle Inman,,
350,Matt Barkley,QB37,,,,,,298.0,2017,QB,37,Matt Barkley,,
351,Victor Cruz,WR116,,,,,,299.0,2017,WR,116,Victor Cruz,,
352,James Starks,RB101,,,,,,301.0,2017,RB,101,James Starks,,
353,Roberto Aguayo,K27,,,,,,304.0,2017,K,27,Roberto Aguayo,,
354,Michael Floyd,WR117,,,,,,306.0,2017,WR,117,Michael Floyd,,
355,Damien Williams,RB102,,,,,,307.0,2017,RB,102,Damien Williams,,
356,Seth Roberts,WR118,,,,,,308.0,2017,WR,118,Seth Roberts,,
357,Brock Osweiler,QB38,,,,,,309.0,2017,QB,38,Brock Osweiler,,
358,Adam Humphries,WR119,,,,,,311.0,2017,WR,119,Adam Humphries,,
359,Cody Kessler,QB39,,,,,,312.0,2017,QB,39,Cody Kessler,,
360,Paxton Lynch,QB40,,,,,,313.0,2017,QB,40,Paxton Lynch,,
361,Christine Michael,RB103,,,,,,314.0,2017,RB,103,Christine Michael,,
362,Sammie Coates,WR120,,,,,,316.0,2017,WR,120,Sammie Coates,,
363,Ryan Succop,K28,,,,,,317.0,2017,K,28,Ryan Succop,,
364,Cameron Artis-Payne,RB104,,,,,,320.0,2017,RB,104,Cameron Artis-Payne,,
365,Kai Forbath LAR (8),K29,,,,,,321.0,2017,K,29,Kai Forbath,LAR,8
366,Shaun Draughn,RB105,,,,,,322.0,2017,RB,105,Shaun Draughn,,
367,Colin Kaepernick,QB41,,,,,,323.0,2017,QB,41,Colin Kaepernick,,
368,De'Anthony Thomas,WR121,,,,,,325.0,2017,WR,121,De'Anthony Thomas,,
369,Robbie Gould,K30,,,,,,326.0,2017,K,30,Robbie Gould,,
370,Kenneth Dixon,RB106,,,,,,327.0,2017,RB,106,Kenneth Dixon,,
371,Dorial Green-Beckham,WR122,,,,,,329.0,2017,WR,122,Dorial Green-Beckham,,
372,Ryan Tannehill,QB42,,,,,,330.0,2017,QB,42,Ryan Tannehill,,
373,Rico Gathers,TE41,,,,,,332.0,2017,TE,41,Rico Gathers,,
374,Derrick Coleman,RB107,,,,,,333.0,2017,RB,107,Derrick Coleman,,
375,Kyle Brindza,K31,,,,,,334.0,2017,K,31,Kyle Brindza,,
376,Quincy Enunwa,WR123,,,,,,335.0,2017,WR,123,Quincy Enunwa,,
377,Greg Zuerlein,K32,,,,,,336.0,2017,K,32,Greg Zuerlein,,
378,Mack Hollins NE (9),WR124,,,,,,337.0,2017,WR,124,Mack Hollins,NE,9
379,Seth DeValve,TE42,,,,,,338.0,2017,TE,42,Seth DeValve,,
380,Dion Sims,TE43,,,,,,339.0,2017,TE,43,Dion Sims,,
381,Adam Shaheen,TE44,,,,,,340.0,2017,TE,44,Adam Shaheen,,
382,Andrew Franks,K33,,,,,,341.0,2017,K,33,Andrew Franks,,
383,Mike Tolbert,RB108,,,,,,342.0,2017,RB,108,Mike Tolbert,,
384,Elijah McGuire,RB109,,,,,,343.0,2017,RB,109,Elijah McGuire,,
385,Aaron Hernandez,TE45,,,,,,344.0,2017,TE,45,Aaron Hernandez,,
386,Nick Boyle,TE46,,,,,,345.0,2017,TE,46,Nick Boyle,,
387,Corey Clement,RB110,,,,,,346.0,2017,RB,110,Corey Clement,,
388,Rod Smith,RB111,,,,,,347.0,2017,RB,111,Rod Smith,,
389,Alfred Blue,RB112,,,,,,348.0,2017,RB,112,Alfred Blue,,
390,Benny Cunningham Jr.,RB113,,,,,,349.0,2017,RB,113,Benny Cunningham Jr.,,
391,Andre Holmes,WR125,,,,,,350.0,2017,WR,125,Andre Holmes,,
392,Jakeem Grant Sr.,WR126,,,,,,351.0,2017,WR,126,Jakeem Grant Sr.,,
393,Jake Butt,TE47,,,,,,352.0,2017,TE,47,Jake Butt,,
394,Dwayne Harris,WR127,,,,,,353.0,2017,WR,127,Dwayne Harris,,
395,Malcolm Brown,RB114,,,,,,354.0,2017,RB,114,Malcolm Brown,,
396,Matt Moore,QB43,,,,,,356.0,2017,QB,43,Matt Moore,,
397,Charone Peake,WR128,,,,,,357.0,2017,WR,128,Charone Peake,,
398,Jaelen Strong,WR129,,,,,,358.0,2017,WR,129,Jaelen Strong,,
399,David Fluellen,RB115,,,,,,359.0,2017,RB,115,David Fluellen,,
400,Maxx Williams,TE48,,,,,,360.0,2017,TE,48,Maxx Williams,,
401,J.D. McKissic,RB116,,,,,,361.0,2017,RB,116,J.D. McKissic,,
402,Jordan Leggett,TE49,,,,,,362.0,2017,TE,49,Jordan Leggett,,
403,Tyler Ervin,RB117,,,,,,363.0,2017,RB,117,Tyler Ervin,,
404,Trent Taylor SF (11),WR130,,,,,,364.0,2017,WR,130,Trent Taylor,SF,11
405,Jonnu Smith MIA (1),TE50,,,,,,365.0,2017,TE,50,Jonnu Smith,MIA,1
406,Ryan Griffin,TE51,,,,,,366.0,2017,TE,51,Ryan Griffin,,
407,Ka'imi Fairbairn HOU (7),K34,,,,,,367.0,2017,K,34,Ka'imi Fairbairn,HOU,7
408,Michael Campanaro,WR131,,,,,,368.0,2017,WR,131,Michael Campanaro,,
409,Albert Wilson,WR132,,,,,,369.0,2017,WR,132,Albert Wilson,,
1,Todd Gurley II,RB1,1.0,,,1.0,,1.0,2018,RB,1,Todd Gurley II,,
2,Le'Veon Bell O,RB2,2.0,,,3.0,,2.4,2018,RB,2,Le'Veon Bell O,,
3,David Johnson,RB3,3.0,,,2.0,,2.6,2018,RB,3,David Johnson,,
4,Ezekiel Elliott,RB4,4.0,,,4.0,,4.0,2018,RB,4,Ezekiel Elliott,,
5,Antonio Brown,WR1,5.0,,,6.0,,5.2,2018,WR,1,Antonio Brown,,
6,Alvin Kamara NO (6),RB5,7.0,,,5.0,,6.2,2018,RB,5,Alvin Kamara,NO,6
7,Saquon Barkley PHI (9),RB6,6.0,,,7.0,,6.6,2018,RB,6,Saquon Barkley,PHI,9
8,DeAndre Hopkins BAL (10),WR2,9.0,,,10.0,,8.8,2018,WR,2,DeAndre Hopkins,BAL,10
9,Leonard Fournette,RB7,12.0,,,9.0,,10.0,2018,RB,7,Leonard Fournette,,
10,Kareem Hunt KC (12),RB8,11.0,,,8.0,,10.2,2018,RB,8,Kareem Hunt,KC,12
11,Odell Beckham Jr. O,WR3,10.0,,,12.0,,11.0,2018,WR,3,Odell Beckham Jr. O,,
12,Melvin Gordon III,RB9,14.0,,,11.0,,11.2,2018,RB,9,Melvin Gordon III,,
13,Julio Jones,WR4,8.0,,,14.0,,12.6,2018,WR,4,Julio Jones,,
14,Dalvin Cook,RB10,13.0,,,15.0,,14.2,2018,RB,10,Dalvin Cook,,
15,Christian McCaffrey SF (11),RB11,16.0,,,13.0,,14.8,2018,RB,11,Christian McCaffrey,SF,11
16,Michael Thomas,WR5,17.0,,,16.0,,15.8,2018,WR,5,Michael Thomas,,
17,Keenan Allen,WR6,15.0,,,17.0,,16.4,2018,WR,6,Keenan Allen,,
18,Davante Adams LAR (12),WR7,21.0,,,19.0,,18.8,2018,WR,7,Davante Adams,LAR,12
19,Devonta Freeman,RB12,20.0,,,18.0,,19.2,2018,RB,12,Devonta Freeman,,
20,A.J. Green O,WR8,19.0,,,21.0,,20.2,2018,WR,8,A.J. Green O,,
21,Rob Gronkowski,TE1,18.0,,,20.0,,20.6,2018,TE,1,Rob Gronkowski,,
22,Mike Evans TB (5),WR9,23.0,,,24.0,,23.4,2018,WR,9,Mike Evans,TB,5
23,Jordan Howard,RB13,26.0,,,23.0,,23.6,2018,RB,13,Jordan Howard,,
24,Joe Mixon HOU (10),RB14,27.0,,,22.0,,23.8,2018,RB,14,Joe Mixon,HOU,10
25,Travis Kelce KC (12),TE2,25.0,,,26.0,,26.6,2018,TE,2,Travis Kelce,KC,12
26,LeSean McCoy,RB15,24.0,,,28.0,,26.8,2018,RB,15,LeSean McCoy,,
27,Tyreek Hill MIA (11),WR10,31.0,,,25.0,,26.8,2018,WR,10,Tyreek Hill,MIA,11
28,Aaron Rodgers,QB1,22.0,,,30.0,,28.2,2018,QB,1,Aaron Rodgers,,
29,T.Y. Hilton,WR11,29.0,,,27.0,,28.2,2018,WR,11,T.Y. Hilton,,
30,Stefon Diggs NE (11),WR12,32.0,,,32.0,,29.8,2018,WR,12,Stefon Diggs,NE,11
31,Adam Thielen CAR (4),WR13,34.0,,,29.0,,31.8,2018,WR,13,Adam Thielen,CAR,4
32,Larry Fitzgerald,WR14,30.0,,,37.0,,33.6,2018,WR,14,Larry Fitzgerald,,
33,Kenyan Drake,RB16,35.0,,,31.0,,34.4,2018,RB,16,Kenyan Drake,,
34,Amari Cooper,WR15,36.0,,,35.0,,34.6,2018,WR,15,Amari Cooper,,
35,Zach Ertz WAS (4),TE3,33.0,,,34.0,,35.0,2018,TE,3,Zach Ertz,WAS,4
36,Doug Baldwin,WR16,39.0,,,39.0,,37.0,2018,WR,16,Doug Baldwin,,
37,Alex Collins O,RB17,43.0,,,33.0,,37.4,2018,RB,17,Alex Collins O,,
38,Jarvis Landry,WR17,40.0,,,36.0,,38.4,2018,WR,17,Jarvis Landry,,
39,Royce Freeman,RB18,37.0,,,38.0,,41.2,2018,RB,18,Royce Freeman,,
40,Derrick Henry BAL (10),RB19,42.0,,,41.0,,42.2,2018,RB,19,Derrick Henry,BAL,10
41,Demaryius Thomas O,WR18,38.0,,,45.0,,43.2,2018,WR,18,Demaryius Thomas O,,
42,Jay Ajayi O,RB20,44.0,,,40.0,,43.8,2018,RB,20,Jay Ajayi O,,
43,JuJu Smith-Schuster KC (12),WR19,51.0,,,42.0,,44.0,2018,WR,19,JuJu Smith-Schuster,KC,12
44,Brandin Cooks NO (6),WR20,47.0,,,44.0,,45.4,2018,WR,20,Brandin Cooks,NO,6
45,Golden Tate,WR21,45.0,,,43.0,,45.8,2018,WR,21,Golden Tate,,
46,Lamar Miller,RB21,57.0,,,46.0,,46.8,2018,RB,21,Lamar Miller,,
47,Tom Brady,QB2,28.0,,,57.0,,47.8,2018,QB,2,Tom Brady,,
48,Deshaun Watson CLE (11),QB3,50.0,,,47.0,,47.8,2018,QB,3,Deshaun Watson,CLE,11
49,Allen Robinson II,WR22,41.0,,,51.0,,48.0,2018,WR,22,Allen Robinson II,,
50,Josh Gordon O,WR23,49.0,,,52.0,,48.6,2018,WR,23,Josh Gordon O,,
51,Mark Ingram II S,RB22,60.0,,,48.0,,52.2,2018,RB,22,Mark Ingram II S,,
52,Russell Wilson NYG (9),QB4,53.0,,,56.0,,54.4,2018,QB,4,Russell Wilson,NYG,9
53,Jimmy Graham,TE4,56.0,,,50.0,,54.4,2018,TE,4,Jimmy Graham,,
54,Marvin Jones Jr. O,WR24,55.0,,,53.0,,54.8,2018,WR,24,Marvin Jones Jr. O,,
55,Chris Hogan,WR25,54.0,,,54.0,,55.0,2018,WR,25,Chris Hogan,,
56,Greg Olsen O,TE5,48.0,,,58.0,,56.4,2018,TE,5,Greg Olsen O,,
57,Dion Lewis,RB23,58.0,,,49.0,,56.4,2018,RB,23,Dion Lewis,,
58,Marshawn Lynch O,RB24,52.0,,,68.0,,61.4,2018,RB,24,Marshawn Lynch O,,
59,Cam Newton O,QB5,46.0,,,65.0,,63.4,2018,QB,5,Cam Newton O,,
60,Corey Davis,WR26,70.0,,,60.0,,63.6,2018,WR,26,Corey Davis,,
61,Carlos Hyde,RB25,75.0,,,59.0,,65.8,2018,RB,25,Carlos Hyde,,
62,Michael Crabtree,WR27,61.0,,,71.0,,66.4,2018,WR,27,Michael Crabtree,,
63,Evan Engram DEN (10),TE6,62.0,,,75.0,,66.4,2018,TE,6,Evan Engram,DEN,10
64,Marquise Goodwin,WR28,67.0,,,55.0,,67.0,2018,WR,28,Marquise Goodwin,,
65,Emmanuel Sanders O,WR29,63.0,,,67.0,,67.0,2018,WR,29,Emmanuel Sanders O,,
66,Rex Burkhead,RB26,66.0,,,66.0,,69.8,2018,RB,26,Rex Burkhead,,
67,Drew Brees,QB6,69.0,,,76.0,,71.4,2018,QB,6,Drew Brees,,
68,Tevin Coleman,RB27,72.0,,,69.0,,71.8,2018,RB,27,Tevin Coleman,,
69,Julian Edelman S,WR30,91.0,,,70.0,,72.2,2018,WR,30,Julian Edelman S,,
70,Delanie Walker O,TE7,59.0,,,78.0,,73.0,2018,TE,7,Delanie Walker O,,
71,Alshon Jeffery,WR31,88.0,,,83.0,,73.4,2018,WR,31,Alshon Jeffery,,
72,Kyle Rudolph,TE8,71.0,,,81.0,,77.2,2018,TE,8,Kyle Rudolph,,
73,Kerryon Johnson O,RB28,107.0,,,72.0,,77.8,2018,RB,28,Kerryon Johnson O,,
74,Jamaal Williams,RB29,98.0,,,79.0,,78.0,2018,RB,29,Jamaal Williams,,
75,William Fuller V O,WR32,92.0,,,63.0,,79.8,2018,WR,32,William Fuller V O,,
76,Sammy Watkins,WR33,74.0,,,94.0,,80.2,2018,WR,33,Sammy Watkins,,
77,Carson Wentz O,QB7,73.0,,,88.0,,81.2,2018,QB,7,Carson Wentz O,,
78,Robert Woods PIT (7),WR34,64.0,,,93.0,,82.4,2018,WR,34,Robert Woods,PIT,7
79,Sony Michel,RB30,125.0,,,77.0,,82.8,2018,RB,30,Sony Michel,,
80,Devin Funchess,WR35,77.0,,,92.0,,82.8,2018,WR,35,Devin Funchess,,
81,Rashaad Penny,RB31,112.0,,,90.0,,83.6,2018,RB,31,Rashaad Penny,,
82,Jordan Reed O,TE9,79.0,,,64.0,,84.6,2018,TE,9,Jordan Reed O,,
83,Cooper Kupp SEA (7) O,WR36,89.0,,,91.0,,85.0,2018,WR,36,Cooper Kupp,SEA,7
84,Trey Burton O,TE10,111.0,,,82.0,,85.6,2018,TE,10,Trey Burton O,,
85,Tarik Cohen,RB32,105.0,,,84.0,,85.6,2018,RB,32,Tarik Cohen,,
86,Duke Johnson Jr.,RB33,76.0,,,80.0,,86.6,2018,RB,33,Duke Johnson Jr.,,
87,Kirk Cousins ATL (8),QB8,87.0,,,97.0,,88.0,2018,QB,8,Kirk Cousins,ATL,8
88,Jamison Crowder,WR37,102.0,,,74.0,,88.4,2018,WR,37,Jamison Crowder,,
89,Robbie Chosen,WR38,83.0,,,89.0,,89.8,2018,WR,38,Robbie Chosen,,
90,Chris Carson,RB34,82.0,,,62.0,,90.4,2018,RB,34,Chris Carson,,
91,Andrew Luck,QB9,81.0,,,95.0,,92.0,2018,QB,9,Andrew Luck,,
92,Pierre Garcon O,WR39,86.0,,,87.0,,92.6,2018,WR,39,Pierre Garcon O,,
93,Jordy Nelson,WR40,100.0,,,101.0,,93.2,2018,WR,40,Jordy Nelson,,
94,Isaiah Crowell O,RB35,106.0,,,73.0,,94.8,2018,RB,35,Isaiah Crowell O,,
95,Matthew Stafford LAR (12),QB10,104.0,,,86.0,,97.0,2018,QB,10,Matthew Stafford,LAR,12
96,Randall Cobb,WR41,101.0,,,103.0,,99.4,2018,WR,41,Randall Cobb,,
97,Ben Roethlisberger,QB11,78.0,,,100.0,,100.6,2018,QB,11,Ben Roethlisberger,,
98,Nelson Agholor,WR42,110.0,,,104.0,,102.0,2018,WR,42,Nelson Agholor,,
99,Marlon Mack,RB36,153.0,,,98.0,,104.8,2018,RB,36,Marlon Mack,,
100,Jimmy Garoppolo LAR (12) O,QB12,108.0,,,109.0,,105.2,2018,QB,12,Jimmy Garoppolo,LAR,12
101,Sterling Shepard TB (5),WR43,93.0,,,114.0,,105.6,2018,WR,43,Sterling Shepard,TB,5
102,Peyton Barber,RB37,97.0,,,106.0,,106.4,2018,RB,37,Peyton Barber,,
103,Matt Ryan,QB13,99.0,,,105.0,,107.0,2018,QB,13,Matt Ryan,,
104,Jack Doyle O,TE11,103.0,,,113.0,,108.6,2018,TE,11,Jack Doyle O,,
105,Chris Thompson,RB38,80.0,,,61.0,,109.0,2018,RB,38,Chris Thompson,,
106,Philip Rivers,QB14,118.0,,,111.0,,109.0,2018,QB,14,Philip Rivers,,
107,Ronald Jones II,RB39,171.0,,,102.0,,112.4,2018,RB,39,Ronald Jones II,,
108,David Njoku CLE (11),TE12,117.0,,,107.0,,112.6,2018,TE,12,David Njoku,CLE,11
109,Kelvin Benjamin,WR44,109.0,,,112.0,,113.8,2018,WR,44,Kelvin Benjamin,,
110,Kenny Stills,WR45,123.0,,,117.0,,115.8,2018,WR,45,Kenny Stills,,
111,James White,RB40,121.0,,,108.0,,116.0,2018,RB,40,James White,,
112,Aaron Jones Sr. MIN (10) S,RB41,146.0,,,110.0,,116.8,2018,RB,41,Aaron Jones Sr.,MIN,10
113,Patrick Mahomes II KC (12),QB15,122.0,,,120.0,,120.8,2018,QB,15,Patrick Mahomes II,KC,12
114,Jared Goff DET (6),QB16,120.0,,,130.0,,121.0,2018,QB,16,Jared Goff,DET,6
115,DeVante Parker,WR46,151.0,,,116.0,,125.2,2018,WR,46,DeVante Parker,,
116,Allen Hurns,WR47,128.0,,,118.0,,125.2,2018,WR,47,Allen Hurns,,
117,Adrian Peterson,RB42,90.0,,,140.0,,125.4,2018,RB,42,Adrian Peterson,,
118,Nick Chubb,RB43,156.0,,,124.0,,127.4,2018,RB,43,Nick Chubb,,
119,C.J. Anderson,RB44,168.0,,,99.0,,130.2,2018,RB,44,C.J. Anderson,,
120,Greg Zuerlein,K1,96.0,,,158.0,,134.2,2018,K,1,Greg Zuerlein,,
121,Alex Smith O,QB17,116.0,,,153.0,,134.4,2018,QB,17,Alex Smith O,,
122,Matt Breida O,RB45,127.0,,,132.0,,134.8,2018,RB,45,Matt Breida O,,
123,Calvin Ridley TEN (8),WR48,158.0,,,135.0,,135.6,2018,WR,48,Calvin Ridley,TEN,8
124,Stephen Gostkowski,K2,94.0,,,156.0,,136.2,2018,K,2,Stephen Gostkowski,,
125,Keelan Cole Sr.,WR49,133.0,,,136.0,,136.4,2018,WR,49,Keelan Cole Sr.,,
126,George Kittle SF (11),TE13,163.0,,,129.0,,136.8,2018,TE,13,George Kittle,SF,11
127,Ty Montgomery II,RB46,154.0,,,131.0,,137.2,2018,RB,46,Ty Montgomery II,,
128,Marcus Mariota WAS (4),QB18,131.0,,,147.0,,137.4,2018,QB,18,Marcus Mariota,WAS,4
129,Tyler Eifert O,TE14,136.0,,,133.0,,137.4,2018,TE,14,Tyler Eifert O,,
131,Derek Carr,QB19,114.0,,,142.0,,138.4,2018,QB,19,Derek Carr,,
132,DJ Moore CHI (5),WR50,178.0,,,123.0,,139.0,2018,WR,50,DJ Moore,CHI,5
133,Giovani Bernard,RB47,167.0,,,141.0,,141.4,2018,RB,47,Giovani Bernard,,
134,Dak Prescott DAL (8),QB20,113.0,,,150.0,,141.8,2018,QB,20,Dak Prescott,DAL,8
135,Justin Tucker,K3,124.0,,,161.0,,142.2,2018,K,3,Justin Tucker,,
136,Bilal Powell O,RB48,165.0,,,149.0,,142.4,2018,RB,48,Bilal Powell O,,
137,Latavius Murray,RB49,159.0,,,146.0,,142.6,2018,RB,49,Latavius Murray,,
138,Michael Gallup WAS (4),WR51,157.0,,,121.0,,144.2,2018,WR,51,Michael Gallup,WAS,4
139,Kenny Golladay,WR52,150.0,,,152.0,,144.6,2018,WR,52,Kenny Golladay,,
140,Corey Clement,RB50,160.0,,,144.0,,144.8,2018,RB,50,Corey Clement,,
141,Alfred Morris,RB51,68.0,,,173.0,,145.0,2018,RB,51,Alfred Morris,,
142,Josh Doctson,WR53,126.0,,,151.0,,148.2,2018,WR,53,Josh Doctson,,
143,Tyler Lockett TEN (8),WR54,140.0,,,168.0,,150.0,2018,WR,54,Tyler Lockett,TEN,8
145,Cameron Meredith O,WR55,177.0,,,125.0,,153.0,2018,WR,55,Cameron Meredith O,,
146,Theo Riddick,RB52,172.0,,,126.0,,154.4,2018,RB,52,Theo Riddick,,
149,LeGarrette Blount,RB53,144.0,,,164.0,,162.0,2018,RB,53,LeGarrette Blount,,
150,Jordan Wilkins,RB54,170.0,,,145.0,,165.8,2018,RB,54,Jordan Wilkins,,
151,Anthony Miller BAL (10),WR56,185.0,,,166.0,,166.0,2018,WR,56,Anthony Miller,BAL,10
152,Chris Godwin TB (5),WR57,176.0,,,155.0,,166.6,2018,WR,57,Chris Godwin,TB,5
153,James Conner ARI (9),RB55,119.0,,,180.0,,169.2,2018,RB,55,James Conner,ARI,9
154,Mike Williams LAC (8),WR58,162.0,,,122.0,,177.2,2018,WR,58,Mike Williams,LAC,8
155,John Brown,WR59,188.0,,,154.0,,173.2,2018,WR,59,John Brown,,
158,Mitchell Trubisky BUF (11),QB21,155.0,,,218.0,,175.8,2018,QB,21,Mitchell Trubisky,BUF,11
159,Wil Lutz DEN (10),K4,181.0,,,169.0,,176.4,2018,K,4,Wil Lutz,DEN,10
160,Matt Bryant,K5,137.0,,,177.0,,178.2,2018,K,5,Matt Bryant,,
161,Chris Boswell PIT (7) O,K6,132.0,,,176.0,,178.6,2018,K,6,Chris Boswell,PIT,7
162,Harrison Butker KC (12),K7,193.0,,,167.0,,179.4,2018,K,7,Harrison Butker,KC,12
164,John Ross,WR60,141.0,,,191.0,,180.2,2018,WR,60,John Ross,,
165,Devontae Booker,RB56,,,,128.0,,141.0,2018,RB,56,Devontae Booker,,
166,Jake Elliott PHI (9),K8,189.0,,,178.0,,185.4,2018,K,8,Jake Elliott,PHI,9
167,O.J. Howard O,TE15,,,,160.0,,147.8,2018,TE,15,O.J. Howard O,,
168,Danny Amendola,WR61,149.0,,,225.0,,187.6,2018,WR,61,Danny Amendola,,
170,Courtland Sutton DEN (10),WR62,180.0,,,216.0,,194.4,2018,WR,62,Courtland Sutton,DEN,10
171,Robbie Gould,K9,187.0,,,185.0,,194.4,2018,K,9,Robbie Gould,,
172,Mohamed Sanu Sr.,WR63,130.0,,,204.0,,158.0,2018,WR,63,Mohamed Sanu Sr.,,
173,Austin Seferian-Jenkins,TE16,161.0,,,143.0,,161.3,2018,TE,16,Austin Seferian-Jenkins,,
174,Dez Bryant O,WR64,173.0,,,189.0,,161.5,2018,WR,64,Dez Bryant O,,
175,Rishard Matthews,WR65,175.0,,,186.0,,163.3,2018,WR,65,Rishard Matthews,,
177,Jameis Winston NYG (9) S,QB22,,,,171.0,,164.5,2018,QB,22,Jameis Winston,NYG,9
178,Matt Prater,K10,190.0,,,201.0,,202.2,2018,K,10,Matt Prater,,
179,DeSean Jackson,WR66,184.0,,,192.0,,168.3,2018,WR,66,DeSean Jackson,,
180,Dede Westbrook,WR67,,,,148.0,,168.5,2018,WR,67,Dede Westbrook,,
182,Jared Cook,TE17,148.0,,,197.0,,171.0,2018,TE,17,Jared Cook,,
183,Paul Richardson Jr. O,WR68,142.0,,,172.0,,171.3,2018,WR,68,Paul Richardson Jr. O,,
186,Mason Crosby,K11,179.0,,,226.0,,209.2,2018,K,11,Mason Crosby,,
187,Eric Ebron,TE18,,,,195.0,,175.5,2018,TE,18,Eric Ebron,,
188,Cameron Brate,TE19,169.0,,,181.0,,175.8,2018,TE,19,Cameron Brate,,
189,Eli Manning,QB23,,,,193.0,,176.5,2018,QB,23,Eli Manning,,
190,Austin Ekeler WAS (4),RB57,,,,159.0,,178.3,2018,RB,57,Austin Ekeler,WAS,4
192,Charles Clay,TE20,139.0,,,202.0,,179.5,2018,TE,20,Charles Clay,,
193,Benjamin Watson,TE21,143.0,,,208.0,,187.3,2018,TE,21,Benjamin Watson,,
194,Geronimo Allison O,WR69,,,,207.0,,190.8,2018,WR,69,Geronimo Allison O,,
195,Tyrod Taylor NYJ (11),QB24,138.0,,,238.0,,196.8,2018,QB,24,Tyrod Taylor,NYJ,11
196,Ricky Seals-Jones,TE22,,,,220.0,,198.5,2018,TE,22,Ricky Seals-Jones,,
198,Marqise Lee IR,WR70,,,,203.0,,156.0,2018,WR,70,Marqise Lee,IR,
199,D'Onta Foreman,RB58,,,,163.0,,164.3,2018,RB,58,D'Onta Foreman,,
200,Antonio Gates,TE23,135.0,,,243.0,,214.3,2018,TE,23,Antonio Gates,,
201,Adam Vinatieri,K12,191.0,,,269.0,,240.4,2018,K,12,Adam Vinatieri,,
202,Doug Martin,RB59,,,,162.0,,173.3,2018,RB,59,Doug Martin,,
203,Nyheim Hines,RB60,,,,182.0,,178.7,2018,RB,60,Nyheim Hines,,
204,Mike Gesicki CIN (9),TE24,,,,174.0,,179.7,2018,TE,24,Mike Gesicki,CIN,9
205,Javorius Allen,RB61,,,,183.0,,182.3,2018,RB,61,Javorius Allen,,
206,Tyrell Williams,WR71,,,,198.0,,183.0,2018,WR,71,Tyrell Williams,,
207,Daniel Carlson LV (),K13,,,,228.0,,223.8,2018,K,13,Daniel Carlson LV (),,
208,Blake Bortles,QB25,,,,206.0,,184.0,2018,QB,25,Blake Bortles,,
209,Andy Dalton CAR (4) O,QB26,,,,190.0,,184.3,2018,QB,26,Andy Dalton,CAR,4
210,Ted Ginn Jr.,WR72,,,,247.0,,187.7,2018,WR,72,Ted Ginn Jr.,,
211,Case Keenum CHI (5),QB27,,,,209.0,,188.0,2018,QB,27,Case Keenum,CHI,5
212,Mike Wallace O,WR73,186.0,,,240.0,,227.8,2018,WR,73,Mike Wallace O,,
213,Christian Kirk HOU (10) O,WR74,,,,214.0,,189.0,2018,WR,74,Christian Kirk,HOU,10
214,Martavis Bryant O,WR75,,,,205.0,,190.3,2018,WR,75,Martavis Bryant O,,
215,Vance McDonald,TE25,,,,212.0,,193.7,2018,TE,25,Vance McDonald,,
216,T.J. Yeldon,RB62,,,,165.0,,195.3,2018,RB,62,T.J. Yeldon,,
217,Austin Hooper NE (11),TE26,,,,199.0,,195.7,2018,TE,26,Austin Hooper,NE,11
218,Robert Kelley,RB63,,,,219.0,,201.0,2018,RB,63,Robert Kelley,,
219,Hayden Hurst,TE27,,,,200.0,,204.3,2018,TE,27,Hayden Hurst,,
220,Graham Gano NYG (9) O,K14,192.0,,,260.0,,239.8,2018,K,14,Graham Gano,NYG,9
221,Frank Gore O,RB64,,,,217.0,,208.7,2018,RB,64,Frank Gore O,,
222,Spencer Ware,RB65,,,,210.0,,209.7,2018,RB,65,Spencer Ware,,
223,Samaje Perine CIN (9),RB66,,,,187.0,,210.3,2018,RB,66,Samaje Perine,CIN,9
224,Chris Ivory,RB67,,,,221.0,,214.3,2018,RB,67,Chris Ivory,,
226,Ryan Tannehill,QB28,,,,237.0,,217.0,2018,QB,28,Ryan Tannehill,,
227,Donte Moncrief,WR76,,,,235.0,,220.3,2018,WR,76,Donte Moncrief,,
229,James Washington,WR77,,,,239.0,,227.7,2018,WR,77,James Washington,,
230,Kalen Ballage,RB68,,,,232.0,,228.7,2018,RB,68,Kalen Ballage,,
231,Joe Flacco CLE (11),QB29,,,,248.0,,229.0,2018,QB,29,Joe Flacco,CLE,11
232,Jeremy Hill O,RB69,,,,211.0,,234.3,2018,RB,69,Jeremy Hill O,,
233,Terrance Williams,WR78,,,,256.0,,234.3,2018,WR,78,Terrance Williams,,
234,Baker Mayfield TB (5),QB30,,,,262.0,,235.7,2018,QB,30,Baker Mayfield,TB,5
235,Ryan Succop,K15,,,,215.0,,240.0,2018,K,15,Ryan Succop,,
236,Taywan Taylor,WR79,,,,231.0,,240.7,2018,WR,79,Taywan Taylor,,
237,Quincy Enunwa,WR80,,,,229.0,,242.3,2018,WR,80,Quincy Enunwa,,
238,Kenneth Dixon,RB70,,,,251.0,,245.0,2018,RB,70,Kenneth Dixon,,
239,Chase Edmonds,RB71,,,,224.0,,245.0,2018,RB,71,Chase Edmonds,,
240,Tre'Quan Smith,WR81,,,,234.0,,246.7,2018,WR,81,Tre'Quan Smith,,
241,Darren Sproles,RB72,,,,241.0,,247.7,2018,RB,72,Darren Sproles,,
242,Cole Beasley,WR82,,,,264.0,,248.0,2018,WR,82,Cole Beasley,,
243,Phillip Dorsett II,WR83,,,,213.0,,248.3,2018,WR,83,Phillip Dorsett II,,
245,John Kelly Jr.,RB73,,,,245.0,,252.0,2018,RB,73,John Kelly Jr.,,
247,Jonathan Stewart,RB74,,,,244.0,,255.0,2018,RB,74,Jonathan Stewart,,
248,Terrelle Pryor Sr.,WR84,,,,254.0,,255.7,2018,WR,84,Terrelle Pryor Sr.,,
249,Lamar Jackson BAL (10),QB31,,,,311.0,,255.7,2018,QB,31,Lamar Jackson,BAL,10
250,Dallas Goedert PHI (9),TE28,,,,266.0,,255.7,2018,TE,28,Dallas Goedert,PHI,9
251,Sam Darnold SEA (7),QB32,,,,318.0,,256.7,2018,QB,32,Sam Darnold,SEA,7
252,Cordarrelle Patterson PIT (7),RB75,,,,287.0,,258.7,2018,RB,75,Cordarrelle Patterson,PIT,7
253,Brandon Marshall,WR85,,,,242.0,,259.0,2018,WR,85,Brandon Marshall,,
254,Brandon McManus GB (7),K16,,,,249.0,,260.7,2018,K,16,Brandon McManus,GB,7
255,Sam Bradford,QB33,,,,279.0,,261.7,2018,QB,33,Sam Bradford,,
256,Josh Lambo,K17,,,,282.0,,263.7,2018,K,17,Josh Lambo,,
257,Rod Smith,RB76,,,,259.0,,265.0,2018,RB,76,Rod Smith,,
258,Dante Pettis NO (6) O,WR86,,,,276.0,,265.3,2018,WR,86,Dante Pettis,NO,6
259,Jermaine Kearse,WR87,,,,310.0,,265.7,2018,WR,87,Jermaine Kearse,,
260,Dan Bailey,K18,,,,223.0,,266.0,2018,K,18,Dan Bailey,,
261,Pharoh Cooper,WR88,,,,,,112.0,2018,WR,88,Pharoh Cooper,,
262,Jake Butt O,TE29,,,,295.0,,267.3,2018,TE,29,Jake Butt O,,
264,Tavon Austin,WR89,,,,315.0,,275.0,2018,WR,89,Tavon Austin,,
265,Vernon Davis,TE30,,,,308.0,,276.0,2018,TE,30,Vernon Davis,,
266,Nick Foles,QB34,,,,261.0,,276.0,2018,QB,34,Nick Foles,,
267,Corey Coleman,WR90,,,,293.0,,276.3,2018,WR,90,Corey Coleman,,
268,Travis Benjamin,WR91,,,,281.0,,276.7,2018,WR,91,Travis Benjamin,,
269,Albert Wilson O,WR92,,,,275.0,,277.3,2018,WR,92,Albert Wilson O,,
270,Ryan Grant O,WR93,,,,230.0,,286.0,2018,WR,93,Ryan Grant O,,
271,Alex Erickson,WR94,,,,,,151.0,2018,WR,94,Alex Erickson,,
272,Antonio Callaway,WR95,,,,271.0,,280.7,2018,WR,95,Antonio Callaway,,
273,Ameer Abdullah,RB77,,,,274.0,,280.7,2018,RB,77,Ameer Abdullah,,
274,Hunter Henry NE (11),TE31,,,,,,307.5,2018,TE,31,Hunter Henry,NE,11
276,Josh Rosen,QB35,,,,341.0,,282.0,2018,QB,35,Josh Rosen,,
277,Ryan Griffin,TE32,,,,305.0,,282.0,2018,TE,32,Ryan Griffin,,
278,Ryan Switzer,WR96,,,,,,160.0,2018,WR,96,Ryan Switzer,,
279,C.J. Prosise O,RB78,,,,258.0,,284.7,2018,RB,78,C.J. Prosise O,,
280,Josh Allen BUF (11),QB36,,,,332.0,,285.0,2018,QB,36,Josh Allen,BUF,11
281,Stephen Hauschka,K19,,,,299.0,,285.0,2018,K,19,Stephen Hauschka,,
283,Wayne Gallman Jr.,RB79,,,,265.0,,286.3,2018,RB,79,Wayne Gallman Jr.,,
284,Ka'imi Fairbairn HOU (10),K20,,,,,,258.0,2018,K,20,Ka'imi Fairbairn,HOU,10
286,Nick Vannett,TE33,,,,335.0,,288.3,2018,TE,33,Nick Vannett,,
287,DJ Chark Jr.,WR97,,,,319.0,,290.3,2018,WR,97,DJ Chark Jr.,,
288,Jakeem Grant Sr.,WR98,,,,,,183.0,2018,WR,98,Jakeem Grant Sr.,,
289,Ed Dickson,TE34,,,,344.0,,291.0,2018,TE,34,Ed Dickson,,
290,Mike Gillislee,RB80,,,,267.0,,291.0,2018,RB,80,Mike Gillislee,,
291,Andre Roberts,WR99,,,,,,185.0,2018,WR,99,Andre Roberts,,
292,Dustin Hopkins CLE (11),K21,,,,292.0,,293.3,2018,K,21,Dustin Hopkins,CLE,11
293,Kevin White O,WR100,,,,277.0,,293.3,2018,WR,100,Kevin White O,,
294,Laquon Treadwell IND (9),WR101,,,,250.0,,294.7,2018,WR,101,Laquon Treadwell,IND,9
295,Phil Dawson O,K22,,,,278.0,,296.0,2018,K,22,Phil Dawson O,,
296,Jordan Matthews,TE35,,,,,,201.0,2018,TE,35,Jordan Matthews,,
297,Jaylen Samuels,RB81,,,,321.0,,273.0,2018,RB,81,Jaylen Samuels,,
298,Willie Snead IV,WR102,,,,,,273.0,2018,WR,102,Willie Snead IV,,
299,Corey Grant O,RB82,,,,314.0,,297.3,2018,RB,82,Corey Grant O,,
300,Luke Willson,TE36,,,,337.0,,298.7,2018,TE,36,Luke Willson,,
301,Chris Warren III,RB83,,,,253.0,,276.0,2018,RB,83,Chris Warren III,,
302,Trevor Davis,WR103,,,,,,208.0,2018,WR,103,Trevor Davis,,
303,Kai Forbath LAR (12),K23,,,,284.0,,276.5,2018,K,23,Kai Forbath,LAR,12
305,Malcolm Brown O,RB84,,,,252.0,,278.5,2018,RB,84,Malcolm Brown O,,
306,Elijah McGuire,RB85,,,,317.0,,280.5,2018,RB,85,Elijah McGuire,,
308,Sebastian Janikowski,K24,,,,294.0,,305.7,2018,K,24,Sebastian Janikowski,,
309,Zay Jones ARI (9),WR104,,,,296.0,,282.0,2018,WR,104,Zay Jones,ARI,9
310,Caleb Sturgis,K25,,,,312.0,,306.0,2018,K,25,Caleb Sturgis,,
311,Geoff Swaim O,TE37,,,,,,283.0,2018,TE,37,Geoff Swaim O,,
313,Taylor Gabriel,WR105,,,,333.0,,284.5,2018,WR,105,Taylor Gabriel,,
314,Jesse James,TE38,,,,,,284.5,2018,TE,38,Jesse James,,
315,Jonathan Williams,RB86,,,,280.0,,285.0,2018,RB,86,Jonathan Williams,,
316,Virgil Green,TE39,,,,339.0,,305.7,2018,TE,39,Virgil Green,,
317,J'Mon Moore,WR106,,,,270.0,,290.0,2018,WR,106,J'Mon Moore,,
318,Brandon Zylstra,WR107,,,,,,239.0,2018,WR,107,Brandon Zylstra,,
319,Cairo Santos CHI (5),K26,,,,,,305.0,2018,K,26,Cairo Santos,CHI,5
320,Jake Kumerow,WR108,,,,302.0,,296.5,2018,WR,108,Jake Kumerow,,
321,Alfred Blue,RB87,,,,290.0,,321.7,2018,RB,87,Alfred Blue,,
323,Torrey Smith,WR109,,,,272.0,,298.0,2018,WR,109,Torrey Smith,,
325,J.J. Nelson,WR110,,,,297.0,,300.0,2018,WR,110,J.J. Nelson,,
326,Stephen Anderson,TE40,,,,343.0,,301.5,2018,TE,40,Stephen Anderson,,
328,Mark Andrews BAL (10),TE41,,,,,,261.0,2018,TE,41,Mark Andrews,BAL,10
329,Adam Shaheen,TE42,,,,,,262.0,2018,TE,42,Adam Shaheen,,
330,Tyler Kroft O,TE43,,,,334.0,,303.5,2018,TE,43,Tyler Kroft O,,
331,Rico Gathers,TE44,,,,,,265.0,2018,TE,44,Rico Gathers,,
332,Boston Scott,RB88,,,,268.0,,337.0,2018,RB,88,Boston Scott,,
333,Jaron Brown,WR111,,,,338.0,,320.0,2018,WR,111,Jaron Brown,,
334,Gerald Everett,TE45,,,,342.0,,308.0,2018,TE,45,Gerald Everett,,
335,Tyler Boyd,WR112,,,,307.0,,329.0,2018,WR,112,Tyler Boyd,,
336,Brett Maher,K27,,,,273.0,,333.0,2018,K,27,Brett Maher,,
337,Curtis Samuel BUF (11),WR113,,,,,,276.0,2018,WR,113,Curtis Samuel,BUF,11
338,Blake Jarwin,TE46,,,,,,281.0,2018,TE,46,Blake Jarwin,,
339,Adam Humphries,WR114,,,,,,313.5,2018,WR,114,Adam Humphries,,
340,Joe Williams,RB89,,,,330.0,,314.0,2018,RB,89,Joe Williams,,
341,Jalen Richard,RB90,,,,301.0,,314.0,2018,RB,90,Jalen Richard,,
342,Wendell Smallwood,RB91,,,,283.0,,332.0,2018,RB,91,Wendell Smallwood,,
343,Cameron Artis-Payne,RB92,,,,,,285.0,2018,RB,92,Cameron Artis-Payne,,
344,John Conner,RB93,,,,286.0,,286.0,2018,RB,93,John Conner,,
345,Travaris Cadet,RB94,,,,,,286.0,2018,RB,94,Travaris Cadet,,
346,Trent Taylor SF (11),WR115,,,,322.0,,315.5,2018,WR,115,Trent Taylor,SF,11
347,Chester Rogers,WR116,,,,,,287.0,2018,WR,116,Chester Rogers,,
348,Keke Coutee,WR117,,,,,,288.0,2018,WR,117,Keke Coutee,,
349,Cody Parkey,K28,,,,289.0,,340.5,2018,K,28,Cody Parkey,,
350,Shane Vereen,RB95,,,,291.0,,291.0,2018,RB,95,Shane Vereen,,
351,Garrett Celek,TE47,,,,,,293.0,2018,TE,47,Garrett Celek,,
352,Christine Michael,RB96,,,,298.0,,319.5,2018,RB,96,Christine Michael,,
353,Stevan Ridley,RB97,,,,324.0,,319.5,2018,RB,97,Stevan Ridley,,
354,Brice Butler,WR118,,,,,,296.0,2018,WR,118,Brice Butler,,
355,Matt Barkley,QB37,,,,,,297.0,2018,QB,37,Matt Barkley,,
356,Jeremy Maclin O,WR119,,,,,,300.0,2018,WR,119,Jeremy Maclin O,,
357,Chandler Catanzaro,K29,,,,300.0,,357.0,2018,K,29,Chandler Catanzaro,,
358,Charles Sims,RB98,,,,,,302.0,2018,RB,98,Charles Sims,,
359,Phillip Lindsay,RB99,,,,303.0,,323.5,2018,RB,99,Phillip Lindsay,,
360,J.D. McKissic,RB100,,,,323.0,,324.0,2018,RB,100,J.D. McKissic,,
361,Aldrick Rosas,K30,,,,304.0,,330.5,2018,K,30,Aldrick Rosas,,
363,Jonnu Smith MIA (11) O,TE48,,,,,,306.0,2018,TE,48,Jonnu Smith,MIA,11
364,Jacoby Brissett ARI (9),QB38,,,,,,307.0,2018,QB,38,Jacoby Brissett,ARI,9
365,Josh McCown,QB39,,,,,,308.0,2018,QB,39,Josh McCown,,
366,DeAndre Washington,RB101,,,,309.0,,355.0,2018,RB,101,DeAndre Washington,,
367,AJ McCarron,QB40,,,,,,312.0,2018,QB,40,AJ McCarron,,
369,Kenny Britt,WR120,,,,,,314.0,2018,WR,120,Kenny Britt,,
370,Jacquizz Rodgers,RB102,,,,,,316.0,2018,RB,102,Jacquizz Rodgers,,
371,Ryan Fitzpatrick,QB41,,,,,,317.0,2018,QB,41,Ryan Fitzpatrick,,
372,Dwayne Allen,TE49,,,,,,318.0,2018,TE,49,Dwayne Allen,,
373,Robert Turbin S,RB103,,,,,,320.0,2018,RB,103,Robert Turbin S,,
374,Kyle Juszczyk SF (11),RB104,,,,320.0,,371.0,2018,RB,104,Kyle Juszczyk,SF,11
375,Brandon LaFell O,WR121,,,,,,321.0,2018,WR,121,Brandon LaFell O,,
376,Brian Hoyer,QB42,,,,,,323.0,2018,QB,42,Brian Hoyer,,
378,Steven Jackson,RB105,,,,,,326.0,2018,RB,105,Steven Jackson,,
379,Tyler Higbee LAR (12),TE50,,,,326.0,,355.5,2018,TE,50,Tyler Higbee,LAR,12
380,Marcus Murphy O,RB106,,,,327.0,,346.5,2018,RB,106,Marcus Murphy O,,
381,Peyton Hillis,RB107,,,,,,328.0,2018,RB,107,Peyton Hillis,,
382,Orleans Darkwa,RB108,,,,,,329.0,2018,RB,108,Orleans Darkwa,,
383,Jordan Akins,TE51,,,,329.0,,342.5,2018,TE,51,Jordan Akins,,
384,Mark Walton,RB109,,,,,,330.0,2018,RB,109,Mark Walton,,
385,Michael Roberts,TE52,,,,,,331.0,2018,TE,52,Michael Roberts,,
386,Chad Williams,WR122,,,,,,332.0,2018,WR,122,Chad Williams,,
387,Cody Latimer,WR123,,,,,,333.0,2018,WR,123,Cody Latimer,,
388,Tyler Ervin,RB110,,,,,,334.0,2018,RB,110,Tyler Ervin,,
389,Jordan Leggett,TE53,,,,,,336.0,2018,TE,53,Jordan Leggett,,
390,Xavier Grimble,TE54,,,,,,337.0,2018,TE,54,Xavier Grimble,,
391,Chris Johnson O,RB111,,,,,,338.0,2018,RB,111,Chris Johnson O,,
392,Wes Welker,WR124,,,,,,340.0,2018,WR,124,Wes Welker,,
393,Jeff Heuerman O,TE55,,,,340.0,,367.5,2018,TE,55,Jeff Heuerman O,,
394,Brock Osweiler,QB43,,,,,,342.0,2018,QB,43,Brock Osweiler,,
395,Dennis Pitta,TE56,,,,,,345.0,2018,TE,56,Dennis Pitta,,
396,,1,,,,,,346.0,2018,,,,,
397,Randy Moss,WR125,,,,,,347.0,2018,WR,125,Randy Moss,,
398,Tajae Sharpe,WR126,,,,,,348.0,2018,WR,126,Tajae Sharpe,,
399,Tony Romo,QB44,,,,,,349.0,2018,QB,44,Tony Romo,,
400,Knowshon Moreno,RB112,,,,,,350.0,2018,RB,112,Knowshon Moreno,,
401,Marques Colston,WR127,,,,,,351.0,2018,WR,127,Marques Colston,,
402,Akeem Hunt,RB113,,,,,,352.0,2018,RB,113,Akeem Hunt,,
403,Malcolm Mitchell,WR128,,,,,,353.0,2018,WR,128,Malcolm Mitchell,,
404,Kendall Wright,WR129,,,,,,358.0,2018,WR,129,Kendall Wright,,
405,Coby Fleener,TE57,,,,,,360.0,2018,TE,57,Coby Fleener,,
406,Rashard Higgins,WR130,,,,,,361.0,2018,WR,130,Rashard Higgins,,
407,Damoun Patterson,WR131,,,,,,362.0,2018,WR,131,Damoun Patterson,,
408,Landry Jones,QB45,,,,,,364.0,2018,QB,45,Landry Jones,,
409,Thomas Rawls,RB114,,,,,,365.0,2018,RB,114,Thomas Rawls,,
410,Trenton Cannon,RB115,,,,,,367.0,2018,RB,115,Trenton Cannon,,
411,Clive Walford,TE58,,,,,,368.0,2018,TE,58,Clive Walford,,
412,Marcedes Lewis,TE59,,,,,,373.0,2018,TE,59,Marcedes Lewis,,
413,C.J. Beathard,QB46,,,,,,374.0,2018,QB,46,C.J. Beathard,,
414,Tommylee Lewis,WR132,,,,,,375.0,2018,WR,132,Tommylee Lewis,,
415,Equanimeous St. Brown,WR133,,,,,,376.0,2018,WR,133,Equanimeous St. Brown,,
416,Justin Hardy,WR134,,,,,,377.0,2018,WR,134,Justin Hardy,,
417,Teddy Bridgewater,QB47,,,,,,378.0,2018,QB,47,Teddy Bridgewater,,
418,Justin Watson HOU (10),WR135,,,,,,379.0,2018,WR,135,Justin Watson,HOU,10
419,Johnny Manziel,QB48,,,,,,380.0,2018,QB,48,Johnny Manziel,,
420,Mike Boone,RB116,,,,,,382.0,2018,RB,116,Mike Boone,,
421,Mark Sanchez,QB49,,,,,,383.0,2018,QB,49,Mark Sanchez,,
422,Nathan Peterman,QB50,,,,,,384.0,2018,QB,50,Nathan Peterman,,
423,Eddy Pineiro,K31,,,,,,386.0,2018,K,31,Eddy Pineiro,,
424,Colin Kaepernick,QB51,,,,,,387.0,2018,QB,51,Colin Kaepernick,,
425,Aaron Hernandez,TE60,,,,,,388.0,2018,TE,60,Aaron Hernandez,,
426,Mike Davis,RB117,,,,,,389.0,2018,RB,117,Mike Davis,,
427,Shelton Gibson,WR136,,,,,,390.0,2018,WR,136,Shelton Gibson,,
428,Deonte Thompson,WR137,,,,,,391.0,2018,WR,137,Deonte Thompson,,
429,Matt Cassel,QB52,,,,,,394.0,2018,QB,52,Matt Cassel,,
430,DaeSean Hamilton,WR138,,,,,,396.0,2018,WR,138,DaeSean Hamilton,,
431,Zane Gonzalez,K32,,,,,,397.0,2018,K,32,Zane Gonzalez,,
432,Javon Wims,WR139,,,,,,398.0,2018,WR,139,Javon Wims,,
433,Derek Watt,RB118,,,,,,399.0,2018,RB,118,Derek Watt,,
434,Terrance West,RB119,,,,,,400.0,2018,RB,119,Terrance West,,
435,Kerwynn Williams,RB120,,,,,,402.0,2018,RB,120,Kerwynn Williams,,
436,C.J. Ham MIN (10),RB121,,,,,,403.0,2018,RB,121,C.J. Ham,MIN,10
437,Bennie Fowler III,WR140,,,,,,404.0,2018,WR,140,Bennie Fowler III,,
438,Seth Roberts,WR141,,,,,,405.0,2018,WR,141,Seth Roberts,,
439,Bruce Ellington,WR142,,,,,,407.0,2018,WR,142,Bruce Ellington,,
440,Charcandrick West,RB122,,,,,,408.0,2018,RB,122,Charcandrick West,,
441,Mack Hollins NE (11),WR143,,,,,,409.0,2018,WR,143,Mack Hollins,NE,11
442,Brandon Tate,WR144,,,,,,410.0,2018,WR,144,Brandon Tate,,
443,Dwayne Harris,WR145,,,,,,411.0,2018,WR,145,Dwayne Harris,,
444,Jacob Hollister,TE61,,,,,,412.0,2018,TE,61,Jacob Hollister,,
445,Brett Hundley,QB53,,,,,,413.0,2018,QB,53,Brett Hundley,,
446,Roc Thomas,RB123,,,,,,415.0,2018,RB,123,Roc Thomas,,
447,Roberto Aguayo,K33,,,,,,416.0,2018,K,33,Roberto Aguayo,,
448,Marquez Valdes-Scantling SEA (7),WR146,,,,,,417.0,2018,WR,146,Marquez Valdes-Scantling,SEA,7
449,Braxton Berrios HOU (10),WR147,,,,,,418.0,2018,WR,147,Braxton Berrios,HOU,10
450,Richie James Jr.,WR148,,,,,,419.0,2018,WR,148,Richie James Jr.,,
451,Justin Davis,RB124,,,,,,420.0,2018,RB,124,Justin Davis,,
452,Braxton Miller,WR149,,,,,,421.0,2018,WR,149,Braxton Miller,,
453,Amara Darboh,WR150,,,,,,423.0,2018,WR,150,Amara Darboh,,
454,T.J. Jones,WR151,,,,,,424.0,2018,WR,151,T.J. Jones,,
455,Jason Sanders MIA (11),K34,,,,,,425.0,2018,K,34,Jason Sanders,MIA,11
456,Jeremy Kerley,WR152,,,,,,426.0,2018,WR,152,Jeremy Kerley,,
457,Chris Conley,WR153,,,,,,427.0,2018,WR,153,Chris Conley,,
458,Niles Paul,TE62,,,,,,428.0,2018,TE,62,Niles Paul,,
459,Keith Smith,RB125,,,,,,429.0,2018,RB,125,Keith Smith,,
460,Patrick DiMarco,RB126,,,,,,430.0,2018,RB,126,Patrick DiMarco,,
461,Andy Janovich,RB127,,,,,,431.0,2018,RB,127,Andy Janovich,,
462,Joe Webb III,QB54,,,,,,432.0,2018,QB,54,Joe Webb III,,
463,Nick Boyle,TE63,,,,,,433.0,2018,TE,63,Nick Boyle,,
464,Chris Moore WAS (4),WR154,,,,,,434.0,2018,WR,154,Chris Moore,WAS,4
465,Jermaine Gresham,TE64,,,,,,435.0,2018,TE,64,Jermaine Gresham,,
466,Justin Hunter O,WR155,,,,,,436.0,2018,WR,155,Justin Hunter O,,
467,Demarcus Robinson SF (11),WR156,,,,,,437.0,2018,WR,156,Demarcus Robinson,SF,11
468,Brandon Weeden,QB55,,,,,,438.0,2018,QB,55,Brandon Weeden,,
469,Demetrius Harris S,TE65,,,,,,439.0,2018,TE,65,Demetrius Harris S,,
470,Seth DeValve,TE66,,,,,,440.0,2018,TE,66,Seth DeValve,,
471,Nate Sudfeld,QB56,,,,,,441.0,2018,QB,56,Nate Sudfeld,,
472,Lee Smith,TE67,,,,,,442.0,2018,TE,67,Lee Smith,,
473,Lance Kendricks,TE68,,,,,,443.0,2018,TE,68,Lance Kendricks,,
474,Eli Rogers S,WR157,,,,,,444.0,2018,WR,157,Eli Rogers S,,
475,A.J. Derby,TE69,,,,,,445.0,2018,TE,69,A.J. Derby,,
476,Benny Cunningham Jr.,RB128,,,,,,446.0,2018,RB,128,Benny Cunningham Jr.,,
477,Chad Hansen,WR158,,,,,,447.0,2018,WR,158,Chad Hansen,,
478,De'Anthony Thomas,WR159,,,,,,448.0,2018,WR,159,De'Anthony Thomas,,
479,Jamize Olawale,RB129,,,,,,449.0,2018,RB,129,Jamize Olawale,,
480,Chris Herndon IV,TE70,,,,,,450.0,2018,TE,70,Chris Herndon IV,,
481,Nick O'Leary,TE71,,,,,,451.0,2018,TE,71,Nick O'Leary,,
482,Logan Paulsen,TE72,,,,,,452.0,2018,TE,72,Logan Paulsen,,
483,Geno Smith LV (),QB57,,,,,,453.0,2018,QB,57,Geno Smith LV (),,
484,Mason Rudolph PIT (7),QB58,,,,,,454.0,2018,QB,58,Mason Rudolph,PIT,7
485,Josh Hill,TE73,,,,,,455.0,2018,TE,73,Josh Hill,,
486,Blaine Gabbert,QB59,,,,,,456.0,2018,QB,59,Blaine Gabbert,,
487,Kendrick Bourne NE (11),WR160,,,,,,457.0,2018,WR,160,Kendrick Bourne,NE,11
488,Josh Reynolds NYJ (11),WR161,,,,,,458.0,2018,WR,161,Josh Reynolds,NYJ,11
1,Saquon Barkley PHI (10),RB1,1.0,,1.0,1.0,,1.0,2019,RB,1,Saquon Barkley,PHI,10
2,Christian McCaffrey SF (4),RB2,2.0,,3.0,2.0,,2.5,2019,RB,2,Christian McCaffrey,SF,4
3,Alvin Kamara NO (9),RB3,3.0,,2.0,3.0,,2.5,2019,RB,3,Alvin Kamara,NO,9
4,Ezekiel Elliott,RB4,4.0,,4.0,4.0,,4.0,2019,RB,4,Ezekiel Elliott,,
5,DeAndre Hopkins BAL (8),WR1,5.0,,5.0,6.0,,5.3,2019,WR,1,DeAndre Hopkins,BAL,8
6,David Johnson,RB5,6.0,,8.0,7.0,,6.7,2019,RB,5,David Johnson,,
7,Le'Veon Bell,RB6,7.0,,7.0,5.0,,7.5,2019,RB,6,Le'Veon Bell,,
8,Davante Adams LAR (9),WR2,10.0,,6.0,10.0,,7.5,2019,WR,2,Davante Adams,LAR,9
9,James Conner ARI (12),RB7,14.0,,15.0,8.0,,10.3,2019,RB,7,James Conner,ARI,12
10,Julio Jones,WR3,11.0,,9.0,11.0,,10.5,2019,WR,3,Julio Jones,,
11,Michael Thomas,WR4,8.0,,11.0,14.0,,10.7,2019,WR,4,Michael Thomas,,
12,Odell Beckham Jr.,WR5,13.0,,12.0,12.0,,12.8,2019,WR,5,Odell Beckham Jr.,,
13,Todd Gurley II,RB8,9.0,,10.0,16.0,,13.2,2019,RB,8,Todd Gurley II,,
14,JuJu Smith-Schuster KC (12),WR6,15.0,,17.0,15.0,,14.8,2019,WR,6,JuJu Smith-Schuster,KC,12
15,Travis Kelce KC (12),TE1,16.0,,13.0,13.0,,15.2,2019,TE,1,Travis Kelce,KC,12
16,Tyreek Hill MIA (5),WR7,12.0,,18.0,18.0,,15.7,2019,WR,7,Tyreek Hill,MIA,5
17,Nick Chubb,RB9,20.0,,20.0,9.0,,16.0,2019,RB,9,Nick Chubb,,
18,Dalvin Cook,RB10,19.0,,23.0,17.0,,18.0,2019,RB,10,Dalvin Cook,,
19,Joe Mixon HOU (10),RB11,17.0,,16.0,19.0,,18.0,2019,RB,11,Joe Mixon,HOU,10
20,Patrick Mahomes II KC (12),QB1,18.0,,14.0,22.0,,18.8,2019,QB,1,Patrick Mahomes II,KC,12
21,Antonio Brown,WR8,21.0,,19.0,21.0,,21.0,2019,WR,8,Antonio Brown,,
22,Mike Evans TB (7) O,WR9,22.0,,21.0,20.0,,21.2,2019,WR,9,Mike Evans,TB,7
23,Adam Thielen CAR (7),WR10,31.0,,24.0,23.0,,25.0,2019,WR,10,Adam Thielen,CAR,7
24,Keenan Allen,WR11,23.0,,25.0,28.0,,25.2,2019,WR,11,Keenan Allen,,
25,Leonard Fournette,RB12,27.0,,27.0,26.0,,25.8,2019,RB,12,Leonard Fournette,,
26,George Kittle SF (4),TE2,26.0,,29.0,27.0,,28.2,2019,TE,2,George Kittle,SF,4
27,Zach Ertz WAS (10),TE3,29.0,,26.0,29.0,,28.5,2019,TE,3,Zach Ertz,WAS,10
28,Kerryon Johnson,RB13,30.0,,35.0,25.0,,29.3,2019,RB,13,Kerryon Johnson,,
29,Devonta Freeman,RB14,24.0,,33.0,24.0,,29.8,2019,RB,14,Devonta Freeman,,
30,Amari Cooper,WR12,25.0,,28.0,35.0,,31.2,2019,WR,12,Amari Cooper,,
31,Stefon Diggs NE (10),WR13,37.0,,30.0,33.0,,32.2,2019,WR,13,Stefon Diggs,NE,10
32,Aaron Jones Sr. MIN (12),RB15,36.0,,36.0,31.0,,32.3,2019,RB,15,Aaron Jones Sr.,MIN,12
33,Josh Jacobs GB (11),RB16,32.0,,41.0,30.0,,34.2,2019,RB,16,Josh Jacobs,GB,11
34,Damien Williams,RB17,57.0,,34.0,37.0,,34.3,2019,RB,17,Damien Williams,,
35,Julian Edelman,WR14,28.0,,31.0,38.0,,35.2,2019,WR,14,Julian Edelman,,
36,Chris Carson O,RB18,34.0,,47.0,32.0,,36.5,2019,RB,18,Chris Carson O,,
37,Derrick Henry BAL (8),RB19,33.0,,40.0,36.0,,38.7,2019,RB,19,Derrick Henry,BAL,8
38,Brandin Cooks NO (9),WR15,35.0,,39.0,44.0,,38.8,2019,WR,15,Brandin Cooks,NO,9
39,T.Y. Hilton,WR16,44.0,,32.0,45.0,,40.7,2019,WR,16,T.Y. Hilton,,
40,Robert Woods PIT (7),WR17,39.0,,37.0,50.0,,41.8,2019,WR,17,Robert Woods,PIT,7
41,Marlon Mack,RB20,58.0,,38.0,34.0,,42.5,2019,RB,20,Marlon Mack,,
42,Melvin Gordon III,RB21,40.0,,22.0,57.0,,44.2,2019,RB,21,Melvin Gordon III,,
43,Deshaun Watson CLE (7),QB2,38.0,,43.0,52.0,,44.3,2019,QB,2,Deshaun Watson,CLE,7
44,Kenny Golladay,WR18,45.0,,44.0,39.0,,44.5,2019,WR,18,Kenny Golladay,,
45,Mark Ingram II,RB22,42.0,,50.0,43.0,,44.5,2019,RB,22,Mark Ingram II,,
46,David Montgomery DET (5),RB23,41.0,,65.0,41.0,,45.3,2019,RB,23,David Montgomery,DET,5
47,Chris Godwin TB (7),WR19,51.0,,51.0,42.0,,46.0,2019,WR,19,Chris Godwin,TB,7
48,Tyler Lockett TEN (11),WR20,47.0,,45.0,48.0,,46.2,2019,WR,20,Tyler Lockett,TEN,11
49,Sony Michel,RB24,48.0,,49.0,40.0,,48.0,2019,RB,24,Sony Michel,,
50,Cooper Kupp SEA (11),WR21,46.0,,57.0,47.0,,49.0,2019,WR,21,Cooper Kupp,SEA,11
51,Aaron Rodgers,QB3,43.0,,42.0,55.0,,50.5,2019,QB,3,Aaron Rodgers,,
52,James White,RB25,54.0,,63.0,49.0,,53.3,2019,RB,25,James White,,
53,Phillip Lindsay,RB26,62.0,,53.0,46.0,,54.7,2019,RB,26,Phillip Lindsay,,
54,Tyler Boyd,WR22,64.0,,62.0,51.0,,55.7,2019,WR,22,Tyler Boyd,,
55,Evan Engram DEN (10) O,TE4,50.0,,48.0,61.0,,57.2,2019,TE,4,Evan Engram,DEN,10
56,O.J. Howard,TE5,56.0,,54.0,60.0,,57.5,2019,TE,5,O.J. Howard,,
57,Calvin Ridley TEN (11) O,WR23,61.0,,72.0,53.0,,58.0,2019,WR,23,Calvin Ridley,TEN,11
58,Baker Mayfield TB (7),QB4,53.0,,46.0,68.0,,59.7,2019,QB,4,Baker Mayfield,TB,7
59,Mike Williams LAC (12),WR24,55.0,,75.0,63.0,,61.7,2019,WR,24,Mike Williams,LAC,12
60,A.J. Green O,WR25,77.0,,60.0,71.0,,64.5,2019,WR,25,A.J. Green O,,
61,Hunter Henry NE (10),TE6,65.0,,52.0,72.0,,64.5,2019,TE,6,Hunter Henry,NE,10
62,DJ Moore CHI (6),WR26,60.0,,81.0,65.0,,64.7,2019,WR,26,DJ Moore,CHI,6
63,Jarvis Landry,WR27,73.0,,67.0,70.0,,65.2,2019,WR,27,Jarvis Landry,,
64,Matt Ryan,QB5,49.0,,59.0,76.0,,67.3,2019,QB,5,Matt Ryan,,
65,Alshon Jeffery O,WR28,52.0,,86.0,73.0,,67.7,2019,WR,28,Alshon Jeffery O,,
66,Tarik Cohen,RB27,81.0,,80.0,56.0,,68.3,2019,RB,27,Tarik Cohen,,
67,Tevin Coleman,RB28,78.0,,92.0,54.0,,68.7,2019,RB,28,Tevin Coleman,,
68,Austin Ekeler WAS (10),RB29,84.0,,98.0,59.0,,70.8,2019,RB,29,Austin Ekeler,WAS,10
69,Jared Cook,TE7,59.0,,61.0,82.0,,71.3,2019,TE,7,Jared Cook,,
70,Allen Robinson II,WR29,67.0,,89.0,67.0,,72.5,2019,WR,29,Allen Robinson II,,
71,Miles Sanders DAL (8),RB30,79.0,,91.0,58.0,,73.5,2019,RB,30,Miles Sanders,DAL,8
72,Josh Gordon,WR30,63.0,,118.0,69.0,,74.5,2019,WR,30,Josh Gordon,,
73,Kenyan Drake,RB31,70.0,,77.0,75.0,,76.7,2019,RB,31,Kenyan Drake,,
74,Duke Johnson Jr.,RB32,68.0,,116.0,62.0,,77.2,2019,RB,32,Duke Johnson Jr.,,
75,Robbie Chosen,WR31,80.0,,93.0,78.0,,78.3,2019,WR,31,Robbie Chosen,,
76,Drew Brees,QB6,66.0,,55.0,99.0,,78.5,2019,QB,6,Drew Brees,,
77,Derrius Guice O,RB33,76.0,,101.0,66.0,,78.8,2019,RB,33,Derrius Guice O,,
78,Carson Wentz,QB7,72.0,,90.0,84.0,,81.0,2019,QB,7,Carson Wentz,,
80,Vance McDonald,TE8,83.0,,69.0,94.0,,84.2,2019,TE,8,Vance McDonald,,
81,Sammy Watkins,WR32,74.0,,83.0,88.0,,84.5,2019,WR,32,Sammy Watkins,,
82,Russell Wilson NYG (11),QB8,92.0,,56.0,95.0,,84.7,2019,QB,8,Russell Wilson,NYG,11
83,Dede Westbrook,WR33,82.0,,120.0,81.0,,85.5,2019,WR,33,Dede Westbrook,,
84,Cam Newton O,QB9,71.0,,66.0,98.0,,86.7,2019,QB,9,Cam Newton O,,
85,William Fuller V,WR34,104.0,,103.0,74.0,,86.8,2019,WR,34,William Fuller V,,
86,Sterling Shepard TB (7),WR35,75.0,,106.0,89.0,,87.7,2019,WR,35,Sterling Shepard,TB,7
87,Jared Goff DET (5),QB10,97.0,,76.0,91.0,,88.3,2019,QB,10,Jared Goff,DET,5
88,Christian Kirk HOU (10),WR36,94.0,,107.0,86.0,,92.0,2019,WR,36,Christian Kirk,HOU,10
89,David Njoku CLE (7),TE9,87.0,,87.0,87.0,,92.3,2019,TE,9,David Njoku,CLE,7
90,Latavius Murray,RB34,106.0,,113.0,79.0,,93.2,2019,RB,34,Latavius Murray,,
91,Corey Davis,WR37,111.0,,117.0,77.0,,94.8,2019,WR,37,Corey Davis,,
92,Marvin Jones Jr. O,WR38,91.0,,99.0,103.0,,96.3,2019,WR,38,Marvin Jones Jr. O,,
93,Emmanuel Sanders,WR39,88.0,,137.0,93.0,,97.8,2019,WR,39,Emmanuel Sanders,,
94,Curtis Samuel BUF (6),WR40,100.0,,115.0,90.0,,98.7,2019,WR,40,Curtis Samuel,BUF,6
95,Jordan Howard,RB35,121.0,,124.0,83.0,,99.2,2019,RB,35,Jordan Howard,,
96,LeSean McCoy,RB36,109.0,,109.0,85.0,,99.2,2019,RB,36,LeSean McCoy,,
97,Larry Fitzgerald,WR41,102.0,,121.0,101.0,,100.2,2019,WR,41,Larry Fitzgerald,,
98,Eric Ebron O,TE10,144.0,,73.0,97.0,,101.8,2019,TE,10,Eric Ebron O,,
99,Rashaad Penny O,RB37,108.0,,102.0,96.0,,102.5,2019,RB,37,Rashaad Penny O,,
100,Ben Roethlisberger O,QB11,89.0,,110.0,106.0,,106.7,2019,QB,11,Ben Roethlisberger O,,
101,Darrell Henderson Jr.,RB38,132.0,,105.0,108.0,,106.8,2019,RB,38,Darrell Henderson Jr.,,
103,Dante Pettis NO (9),WR42,124.0,,111.0,107.0,,107.5,2019,WR,42,Dante Pettis,NO,9
104,Matt Breida,RB39,98.0,,148.0,80.0,,108.0,2019,RB,39,Matt Breida,,
105,Devin Singletary NYG (11),RB40,101.0,,169.0,64.0,,108.8,2019,RB,40,Devin Singletary,NYG,11
106,Royce Freeman,RB41,103.0,,122.0,102.0,,109.5,2019,RB,41,Royce Freeman,,
107,Courtland Sutton DEN (10),WR43,120.0,,145.0,92.0,,111.7,2019,WR,43,Courtland Sutton,DEN,10
108,Austin Hooper NE (10),TE11,99.0,,112.0,123.0,,114.0,2019,TE,11,Austin Hooper,NE,10
109,Greg Zuerlein,K1,86.0,,71.0,144.0,,114.7,2019,K,1,Greg Zuerlein,,
110,Kyler Murray ARI (12),QB12,110.0,,123.0,117.0,,114.7,2019,QB,12,Kyler Murray,ARI,12
111,Marquez Valdes-Scantling SEA (11),WR44,126.0,,132.0,104.0,,115.0,2019,WR,44,Marquez Valdes-Scantling,SEA,11
112,Tom Brady,QB13,93.0,,97.0,136.0,,116.3,2019,QB,13,Tom Brady,,
113,Kareem Hunt KC (12),RB42,139.0,,130.0,126.0,,117.2,2019,RB,42,Kareem Hunt,KC,12
114,Lamar Jackson BAL (8),QB14,119.0,,129.0,115.0,,118.2,2019,QB,14,Lamar Jackson,BAL,8
116,Delanie Walker O,TE12,105.0,,139.0,109.0,,119.5,2019,TE,12,Delanie Walker O,,
117,Geronimo Allison,WR45,146.0,,138.0,119.0,,119.8,2019,WR,45,Geronimo Allison,,
118,Justin Tucker,K2,96.0,,78.0,139.0,,122.2,2019,K,2,Justin Tucker,,
119,Peyton Barber,RB43,123.0,,126.0,125.0,,122.2,2019,RB,43,Peyton Barber,,
120,James Washington,WR46,118.0,,162.0,121.0,,123.2,2019,WR,46,James Washington,,
121,Dak Prescott DAL (8),QB15,85.0,,127.0,146.0,,125.8,2019,QB,15,Dak Prescott,DAL,8
122,Jameis Winston NYG (11),QB16,154.0,,165.0,113.0,,126.5,2019,QB,16,Jameis Winston,NYG,11
123,Philip Rivers,QB17,137.0,,114.0,128.0,,126.5,2019,QB,17,Philip Rivers,,
124,DeSean Jackson O,WR47,128.0,,140.0,143.0,,130.7,2019,WR,47,DeSean Jackson O,,
126,Michael Gallup WAS (10),WR48,112.0,,179.0,116.0,,131.2,2019,WR,48,Michael Gallup,WAS,10
128,Harrison Butker KC (12),K3,116.0,,82.0,153.0,,132.8,2019,K,3,Harrison Butker,KC,12
130,Tony Pollard TEN (11),RB44,141.0,,185.0,112.0,,134.3,2019,RB,44,Tony Pollard,TEN,11
131,Kalen Ballage O,RB45,164.0,,153.0,111.0,,134.3,2019,RB,45,Kalen Ballage O,,
132,Donte Moncrief,WR49,131.0,,156.0,134.0,,134.3,2019,WR,49,Donte Moncrief,,
133,Jaylen Samuels,RB46,173.0,,151.0,120.0,,135.0,2019,RB,46,Jaylen Samuels,,
134,Golden Tate,WR50,148.0,,158.0,129.0,,138.0,2019,WR,50,Golden Tate,,
135,Wil Lutz DEN (10),K4,114.0,,79.0,165.0,,141.5,2019,K,4,Wil Lutz,DEN,10
136,Dion Lewis,RB47,158.0,,196.0,105.0,,142.5,2019,RB,47,Dion Lewis,,
137,Greg Olsen,TE13,133.0,,146.0,151.0,,143.3,2019,TE,13,Greg Olsen,,
138,DK Metcalf PIT (7),WR51,138.0,,147.0,167.0,,144.7,2019,WR,51,DK Metcalf,PIT,7
139,Adrian Peterson,RB48,184.0,,154.0,140.0,,145.5,2019,RB,48,Adrian Peterson,,
140,Kyle Rudolph,TE14,147.0,,133.0,147.0,,146.2,2019,TE,14,Kyle Rudolph,,
141,Kirk Cousins ATL (9),QB18,157.0,,166.0,130.0,,146.2,2019,QB,18,Kirk Cousins,ATL,9
142,Stephen Gostkowski O,K5,122.0,,84.0,160.0,,146.3,2019,K,5,Stephen Gostkowski O,,
143,Mark Andrews BAL (8),TE15,149.0,,155.0,124.0,,146.3,2019,TE,15,Mark Andrews,BAL,8
144,Justin Jackson,RB49,183.0,,218.0,114.0,,146.8,2019,RB,49,Justin Jackson,,
145,Tyrell Williams,WR52,142.0,,191.0,131.0,,147.5,2019,WR,52,Tyrell Williams,,
146,Mitchell Trubisky BUF (6),QB19,130.0,,159.0,148.0,,147.5,2019,QB,19,Mitchell Trubisky,BUF,6
147,Keke Coutee,WR53,143.0,,149.0,145.0,,148.5,2019,WR,53,Keke Coutee,,
148,Darwin Thompson,RB50,153.0,,204.0,154.0,,148.7,2019,RB,50,Darwin Thompson,,
149,Anthony Miller BAL (8),WR54,155.0,,200.0,137.0,,148.7,2019,WR,54,Anthony Miller,BAL,8
150,Ronald Jones II,RB51,170.0,,143.0,127.0,,149.2,2019,RB,51,Ronald Jones II,,
151,T.J. Hockenson MIN (12) O,TE16,176.0,,174.0,149.0,,153.0,2019,TE,16,T.J. Hockenson,MIN,12
152,Carlos Hyde,RB52,174.0,,168.0,118.0,,155.7,2019,RB,52,Carlos Hyde,,
154,Nyheim Hines,RB53,134.0,,234.0,110.0,,156.3,2019,RB,53,Nyheim Hines,,
155,Jordan Reed,TE17,151.0,,128.0,159.0,,156.3,2019,TE,17,Jordan Reed,,
156,Ka'imi Fairbairn HOU (10),K6,125.0,,95.0,169.0,,157.2,2019,K,6,Ka'imi Fairbairn,HOU,10
157,Jamison Crowder,WR55,117.0,,235.0,155.0,,157.5,2019,WR,55,Jamison Crowder,,
159,John Brown,WR56,166.0,,242.0,135.0,,161.2,2019,WR,56,John Brown,,
162,Justice Hill BAL (8),RB54,196.0,,240.0,122.0,,163.7,2019,RB,54,Justice Hill,BAL,8
163,Jimmy Garoppolo LAR (9),QB20,179.0,,160.0,170.0,,165.3,2019,QB,20,Jimmy Garoppolo,LAR,9
164,Mecole Hardman Jr. GB (11),WR57,201.0,,170.0,174.0,,170.3,2019,WR,57,Mecole Hardman Jr.,GB,11
165,Josh Allen BUF (6),QB21,190.0,,184.0,163.0,,171.5,2019,QB,21,Josh Allen,BUF,6
166,Robbie Gould,K7,140.0,,96.0,196.0,,172.8,2019,K,7,Robbie Gould,,
167,Damien Harris,RB55,236.0,,178.0,178.0,,174.5,2019,RB,55,Damien Harris,,
168,Alexander Mattison MIA (5),RB56,208.0,,261.0,141.0,,176.7,2019,RB,56,Alexander Mattison,MIA,5
170,Mohamed Sanu Sr.,WR58,152.0,,175.0,227.0,,177.5,2019,WR,58,Mohamed Sanu Sr.,,
171,Derek Carr,QB22,169.0,,182.0,177.0,,178.0,2019,QB,22,Derek Carr,,
173,Matthew Stafford LAR (9) O,QB23,193.0,,197.0,182.0,,188.2,2019,QB,23,Matthew Stafford,LAR,9
174,Darren Waller,TE18,194.0,,226.0,161.0,,189.0,2019,TE,18,Darren Waller,,
175,Sam Darnold SEA (11),QB24,192.0,,206.0,197.0,,190.3,2019,QB,24,Sam Darnold,SEA,11
176,Deebo Samuel Sr. WAS (10),WR59,225.0,,222.0,211.0,,194.3,2019,WR,59,Deebo Samuel Sr.,WAS,10
177,Trey Burton O,TE19,129.0,,142.0,164.0,,144.2,2019,TE,19,Trey Burton O,,
178,Jake Elliott PHI (10),K8,168.0,,135.0,214.0,,196.0,2019,K,8,Jake Elliott,PHI,10
181,Michael Badgley,K9,160.0,,152.0,218.0,,200.0,2019,K,9,Michael Badgley,,
182,Mason Crosby,K10,180.0,,144.0,213.0,,200.8,2019,K,10,Mason Crosby,,
183,Cole Beasley,WR60,191.0,,215.0,180.0,,201.2,2019,WR,60,Cole Beasley,,
184,Ito Smith O,RB57,1000.0,,173.0,138.0,,295.2,2019,RB,57,Ito Smith O,,
185,Jimmy Graham,TE20,156.0,,161.0,162.0,,157.6,2019,TE,20,Jimmy Graham,,
186,Demaryius Thomas,WR61,207.0,,220.0,190.0,,207.0,2019,WR,61,Demaryius Thomas,,
188,Brett Maher,K11,175.0,,167.0,216.0,,210.3,2019,K,11,Brett Maher,,
189,N'Keal Harry,WR62,203.0,,134.0,203.0,,163.6,2019,WR,62,N'Keal Harry,,
190,Jason Myers SEA (11),K12,264.0,,177.0,186.0,,221.3,2019,K,12,Jason Myers,SEA,11
191,Ty Montgomery II,RB58,214.0,,300.0,206.0,,226.3,2019,RB,58,Ty Montgomery II,,
192,Adam Humphries,WR63,161.0,,208.0,181.0,,187.2,2019,WR,63,Adam Humphries,,
193,Marquise Goodwin,WR64,547.0,,198.0,152.0,,250.2,2019,WR,64,Marquise Goodwin,,
194,Jack Doyle,TE21,162.0,,194.0,225.0,,191.2,2019,TE,21,Jack Doyle,,
195,Marquise Brown KC (12),WR65,187.0,,192.0,204.0,,191.6,2019,WR,65,Marquise Brown,KC,12
196,Jalen Richard,RB59,145.0,,249.0,173.0,,193.2,2019,RB,59,Jalen Richard,,
197,Tre'Quan Smith,WR66,1000.0,,225.0,189.0,,328.8,2019,WR,66,Tre'Quan Smith,,
200,Jason Witten,TE22,188.0,,164.0,220.0,,197.0,2019,TE,22,Jason Witten,,
201,Kenny Stills,WR67,177.0,,212.0,226.0,,197.8,2019,WR,67,Kenny Stills,,
202,Noah Fant SEA (11),TE23,217.0,,188.0,193.0,,197.8,2019,TE,23,Noah Fant,SEA,11
203,Nick Foles,QB25,199.0,,189.0,232.0,,204.6,2019,QB,25,Nick Foles,,
204,C.J. Anderson,RB60,224.0,,237.0,179.0,,206.2,2019,RB,60,C.J. Anderson,,
205,Giovani Bernard,RB61,178.0,,273.0,183.0,,207.6,2019,RB,61,Giovani Bernard,,
206,Dallas Goedert PHI (10),TE24,253.0,,205.0,200.0,,208.2,2019,TE,24,Dallas Goedert,PHI,10
207,Adam Vinatieri O,K13,197.0,,94.0,256.0,,208.8,2019,K,13,Adam Vinatieri O,,
208,Albert Wilson,WR68,182.0,,247.0,158.0,,208.8,2019,WR,68,Albert Wilson,,
209,Randall Cobb,WR69,210.0,,203.0,237.0,,216.0,2019,WR,69,Randall Cobb,,
210,Ted Ginn Jr.,WR70,205.0,,211.0,228.0,,216.2,2019,WR,70,Ted Ginn Jr.,,
211,Tyler Eifert,TE25,213.0,,199.0,199.0,,216.6,2019,TE,25,Tyler Eifert,,
212,Frank Gore,RB62,185.0,,244.0,166.0,,220.0,2019,RB,62,Frank Gore,,
213,Marcus Mariota WAS (10),QB26,215.0,,228.0,269.0,,220.0,2019,QB,26,Marcus Mariota,WAS,10
214,Matt Prater,K14,189.0,,181.0,248.0,,224.2,2019,K,14,Matt Prater,,
215,Devin Funchess O,WR71,1000.0,,176.0,207.0,,339.2,2019,WR,71,Devin Funchess O,,
216,DaeSean Hamilton,WR72,221.0,,291.0,238.0,,230.6,2019,WR,72,DaeSean Hamilton,,
217,Jacoby Brissett ARI (12),QB27,198.0,,259.0,215.0,,233.2,2019,QB,27,Jacoby Brissett,ARI,12
220,Chris Herndon IV O,TE26,1000.0,,180.0,192.0,,349.0,2019,TE,26,Chris Herndon IV O,,
221,Aldrick Rosas,K15,227.0,,172.0,261.0,,242.2,2019,K,15,Aldrick Rosas,,
223,Joe Flacco CLE (7) O,QB28,218.0,,219.0,247.0,,245.2,2019,QB,28,Joe Flacco,CLE,7
225,Chris Thompson,RB63,812.0,,268.0,156.0,,319.4,2019,RB,63,Chris Thompson,,
226,Andy Dalton CAR (7),QB29,259.0,,257.0,240.0,,246.6,2019,QB,29,Andy Dalton,CAR,7
227,Chris Boswell PIT (7),K16,248.0,,186.0,242.0,,247.2,2019,K,16,Chris Boswell,PIT,7
228,Matt Bryant,K17,159.0,,241.0,235.0,,248.4,2019,K,17,Matt Bryant,,
230,Parris Campbell DAL (8) O,WR73,1000.0,,216.0,208.0,,360.2,2019,WR,73,Parris Campbell,DAL,8
231,Brandon McManus GB (11),K18,219.0,,202.0,255.0,,250.2,2019,K,18,Brandon McManus,GB,11
232,DeVante Parker,WR74,1000.0,,270.0,209.0,,365.4,2019,WR,74,DeVante Parker,,
234,Malcolm Brown,RB64,1000.0,,,188.0,,367.0,2019,RB,64,Malcolm Brown,,
235,Jamaal Williams,RB65,1000.0,,243.0,195.0,,367.6,2019,RB,65,Jamaal Williams,,
236,Jay Ajayi,RB66,305.0,,258.0,201.0,,260.2,2019,RB,66,Jay Ajayi,,
237,Mike Davis,RB67,1000.0,,263.0,184.0,,377.2,2019,RB,67,Mike Davis,,
238,Stephen Hauschka,K19,244.0,,236.0,217.0,,274.2,2019,K,19,Stephen Hauschka,,
239,Nelson Agholor,WR75,1000.0,,230.0,246.0,,386.2,2019,WR,75,Nelson Agholor,,
240,Zay Jones ARI (12),WR76,1000.0,,294.0,191.0,,386.4,2019,WR,76,Zay Jones,ARI,12
242,Dan Bailey,K20,955.0,,187.0,221.0,,385.0,2019,K,20,Dan Bailey,,
243,T.J. Yeldon,RB68,1000.0,,285.0,223.0,,397.4,2019,RB,68,T.J. Yeldon,,
244,Paul Richardson Jr. O,WR77,200.0,,,263.0,,247.0,2019,WR,77,Paul Richardson Jr. O,,
245,Eli Manning,QB30,223.0,,217.0,,,248.0,2019,QB,30,Eli Manning,,
246,Andy Isabella,WR78,1000.0,,278.0,257.0,,398.6,2019,WR,78,Andy Isabella,,
247,Taylor Gabriel,WR79,1000.0,,248.0,219.0,,401.4,2019,WR,79,Taylor Gabriel,,
248,Benjamin Watson,TE27,246.0,,213.0,,,255.0,2019,TE,27,Benjamin Watson,,
249,Marqise Lee,WR80,1000.0,,284.0,260.0,,404.0,2019,WR,80,Marqise Lee,,
250,Phillip Dorsett II,WR81,346.0,,260.0,234.0,,293.6,2019,WR,81,Phillip Dorsett II,,
251,Mike Gesicki CIN (9),TE28,1000.0,,266.0,249.0,,407.6,2019,TE,28,Mike Gesicki,CIN,9
252,Rashard Higgins,WR82,951.0,,280.0,210.0,,398.8,2019,WR,82,Rashard Higgins,,
253,Danny Amendola,WR83,1000.0,,223.0,241.0,,409.2,2019,WR,83,Danny Amendola,,
254,Daniel Jones IND (6),QB31,258.0,,265.0,,,263.3,2019,QB,31,Daniel Jones,IND,6
257,A.J. Brown PHI (10),WR84,1000.0,,214.0,,,403.0,2019,WR,84,A.J. Brown,PHI,10
258,Rex Burkhead,RB69,982.0,,245.0,222.0,,408.4,2019,RB,69,Rex Burkhead,,
259,Hunter Renfrow CAR (7),WR85,230.0,,,266.0,,266.5,2019,WR,85,Hunter Renfrow,CAR,7
260,Dare Ogunbowale HOU (10),RB70,1000.0,,,198.0,,405.3,2019,RB,70,Dare Ogunbowale,HOU,10
261,J.J. Arcega-Whiteside,WR86,990.0,,,239.0,,404.8,2019,WR,86,J.J. Arcega-Whiteside,,
262,Chase Edmonds,RB71,1000.0,,,202.0,,407.8,2019,RB,71,Chase Edmonds,,
263,Jalen Hurd,WR87,311.0,,276.0,,,269.5,2019,WR,87,Jalen Hurd,,
264,Ryan Succop O,K21,1000.0,,210.0,264.0,,418.4,2019,K,21,Ryan Succop O,,
265,Dwayne Haskins,QB32,958.0,,239.0,,,406.3,2019,QB,32,Dwayne Haskins,,
266,Gerald Everett,TE29,1000.0,,267.0,274.0,,426.8,2019,TE,29,Gerald Everett,,
267,Ryquell Armstead,RB72,1000.0,,,229.0,,422.8,2019,RB,72,Ryquell Armstead,,
268,Quincy Enunwa O,WR88,1000.0,,,230.0,,424.0,2019,WR,88,Quincy Enunwa O,,
269,Giorgio Tavecchio,K22,1000.0,,233.0,,,429.0,2019,K,22,Giorgio Tavecchio,,
270,Miles Boykin CHI (6),WR89,988.0,,,245.0,,427.8,2019,WR,89,Miles Boykin,CHI,6
271,Josh Lambo,K23,282.0,,251.0,,,292.5,2019,K,23,Josh Lambo,,
272,Irv Smith Jr. HOU (10),TE30,949.0,,,212.0,,418.3,2019,TE,30,Irv Smith Jr.,HOU,10
273,Gus Edwards,RB73,1000.0,,,233.0,,433.0,2019,RB,73,Gus Edwards,,
274,Preston Williams O,WR90,1000.0,,,259.0,,437.8,2019,WR,90,Preston Williams O,,
276,Jakobi Meyers LV (),WR91,1000.0,,,251.0,,443.3,2019,WR,91,Jakobi Meyers LV (),,
277,Eddy Pineiro,K24,233.0,,287.0,,,258.3,2019,K,24,Eddy Pineiro,,
278,Trey Quinn O,WR92,1000.0,,,254.0,,444.5,2019,WR,92,Trey Quinn O,,
279,Antonio Callaway O,WR93,993.0,,271.0,,,444.5,2019,WR,93,Antonio Callaway O,,
280,Willie Snead IV,WR94,1000.0,,292.0,,,449.0,2019,WR,94,Willie Snead IV,,
281,Ian Thomas LV (),TE31,948.0,,289.0,,,439.5,2019,TE,31,Ian Thomas LV (),,
282,Ryan Fitzpatrick,QB33,950.0,,279.0,,,446.3,2019,QB,33,Ryan Fitzpatrick,,
285,David Moore CAR (7),WR95,998.0,,288.0,,,463.3,2019,WR,95,David Moore,CAR,7
286,Dez Bryant,WR96,278.0,,290.0,,,286.3,2019,WR,96,Dez Bryant,,
287,Demarcus Robinson SF (4),WR97,310.0,,274.0,,,286.7,2019,WR,97,Demarcus Robinson,SF,4
288,John Ross,WR98,1000.0,,298.0,,,466.8,2019,WR,98,John Ross,,
289,Marshawn Lynch,RB74,235.0,,254.0,,,292.0,2019,RB,74,Marshawn Lynch,,
290,Matt LaCosse,TE32,985.0,,299.0,,,465.5,2019,TE,32,Matt LaCosse,,
291,Dustin Hopkins CLE (7),K25,220.0,,256.0,,,295.0,2019,K,25,Dustin Hopkins,CLE,7
292,Wayne Gallman Jr.,RB75,999.0,,,244.0,,471.0,2019,RB,75,Wayne Gallman Jr.,,
293,Robert Foster,WR99,1000.0,,,253.0,,481.0,2019,WR,99,Robert Foster,,
294,Joey Slye TEN (11),K26,243.0,,,271.0,,297.0,2019,K,26,Joey Slye,TEN,11
295,Alfred Morris,RB76,987.0,,,236.0,,480.0,2019,RB,76,Alfred Morris,,
296,Jason Sanders MIA (5),K27,265.0,,264.0,,,303.3,2019,K,27,Jason Sanders,MIA,5
297,Matt Gay WAS (10),K28,1000.0,,,252.0,,495.7,2019,K,28,Matt Gay,WAS,10
298,Dontrell Hilliard,RB77,1000.0,,,,,497.3,2019,RB,77,Dontrell Hilliard,,
299,Jesse James,TE33,308.0,,277.0,,,313.3,2019,TE,33,Jesse James,,
301,Chris Hogan,WR100,312.0,,295.0,,,316.3,2019,WR,100,Chris Hogan,,
302,Taysom Hill NO (9),TE34,249.0,,283.0,,,318.7,2019,TE,34,Taysom Hill,NO,9
303,Antonio Gates,TE35,240.0,,281.0,,,260.5,2019,TE,35,Antonio Gates,,
304,Austin Seibert,K29,959.0,,,243.0,,494.0,2019,K,29,Austin Seibert,,
305,Benny Snell Jr.,RB78,991.0,,,,,505.0,2019,RB,78,Benny Snell Jr.,,
306,Christian Wade,RB79,232.0,,293.0,,,262.5,2019,RB,79,Christian Wade,,
308,Darren Sproles O,RB80,989.0,,255.0,,,492.5,2019,RB,80,Darren Sproles O,,
309,Zane Gonzalez,K30,280.0,,286.0,,,329.7,2019,K,30,Zane Gonzalez,,
310,Josh Rosen,QB34,1000.0,,,,,519.0,2019,QB,34,Josh Rosen,,
311,KeeSean Johnson,WR101,995.0,,,,,518.3,2019,WR,101,KeeSean Johnson,,
312,Darius Jackson,RB81,358.0,,,,,291.0,2019,RB,81,Darius Jackson,,
313,Josh Doctson,WR102,1000.0,,,,,527.7,2019,WR,102,Josh Doctson,,
314,Riley Ridley,WR103,299.0,,,,,292.0,2019,WR,103,Riley Ridley,,
315,Jordan Thomas,TE36,1000.0,,272.0,,,528.7,2019,TE,36,Jordan Thomas,,
316,DJ Chark Jr.,WR104,1000.0,,,,,530.3,2019,WR,104,DJ Chark Jr.,,
317,Greg Joseph SF (4),K31,335.0,,297.0,,,349.3,2019,K,31,Greg Joseph,SF,4
318,D'Onta Foreman,RB82,374.0,,238.0,,,350.7,2019,RB,82,D'Onta Foreman,,
319,Case Keenum CHI (6),QB35,1000.0,,,,,535.7,2019,QB,35,Case Keenum,CHI,6
320,James Develin O,RB83,340.0,,,,,304.0,2019,RB,83,James Develin O,,
321,Travis Benjamin,WR105,964.0,,,,,525.0,2019,WR,105,Travis Benjamin,,
322,Chris Conley,WR106,1000.0,,,,,538.7,2019,WR,106,Chris Conley,,
323,Alfred Blue,RB84,992.0,,,,,537.0,2019,RB,84,Alfred Blue,,
324,Cameron Brate,TE37,974.0,,,,,532.0,2019,TE,37,Cameron Brate,,
326,Michael Crabtree,WR107,971.0,,,,,535.7,2019,WR,107,Michael Crabtree,,
327,Kelvin Harmon DAL (8),WR108,937.0,,,,,564.0,2019,WR,108,Kelvin Harmon,DAL,8
328,Blake Jarwin,TE38,306.0,,,,,319.0,2019,TE,38,Blake Jarwin,,
329,Chris Moore WAS (10),WR109,941.0,,,,,566.5,2019,WR,109,Chris Moore,WAS,10
330,Cordarrelle Patterson PIT (7),RB85,293.0,,,,,319.5,2019,RB,85,Cordarrelle Patterson,PIT,7
331,Tyler Higbee LAR (9),TE39,381.0,,262.0,,,321.5,2019,TE,39,Tyler Higbee,LAR,9
332,Brian Hill,RB86,934.0,,,,,566.0,2019,RB,86,Brian Hill,,
333,Will Dissly LAC (12) O,TE40,1000.0,,,,,550.0,2019,TE,40,Will Dissly,LAC,12
334,Breshad Perriman,WR110,1000.0,,,,,552.3,2019,WR,110,Breshad Perriman,,
335,Cameron Artis-Payne,RB87,952.0,,,,,581.5,2019,RB,87,Cameron Artis-Payne,,
336,Gunner Olszewski,WR111,289.0,,,,,329.5,2019,WR,111,Gunner Olszewski,,
337,Daniel Carlson LV (),K32,978.0,,252.0,,,545.7,2019,K,32,Daniel Carlson LV (),,
338,C.J. Uzomah,TE41,957.0,,,,,540.0,2019,TE,41,C.J. Uzomah,,
339,Jakeem Grant Sr.,WR112,251.0,,,,,332.0,2019,WR,112,Jakeem Grant Sr.,,
340,Jake Kumerow,WR113,270.0,,,,,335.0,2019,WR,113,Jake Kumerow,,
341,Ricky Seals-Jones,TE42,372.0,,,,,335.0,2019,TE,42,Ricky Seals-Jones,,
342,Blake Bortles,QB36,304.0,,,,,335.0,2019,QB,36,Blake Bortles,,
343,Devine Ozigbo,RB88,972.0,,,,,598.5,2019,RB,88,Devine Ozigbo,,
344,LeGarrette Blount,RB89,288.0,,,,,336.5,2019,RB,89,LeGarrette Blount,,
345,Keelan Doss,WR114,229.0,,,,,229.0,2019,WR,114,Keelan Doss,,
346,Terry McLaurin WAS (10),WR115,1000.0,,,,,558.7,2019,WR,115,Terry McLaurin,WAS,10
347,Jazz Ferguson,WR116,231.0,,,,,231.0,2019,WR,116,Jazz Ferguson,,
348,Dexter Williams,RB90,1000.0,,,,,615.5,2019,RB,90,Dexter Williams,,
349,Damion Willis,WR117,276.0,,,,,341.0,2019,WR,117,Damion Willis,,
350,Theo Riddick,RB91,1000.0,,,,,618.5,2019,RB,91,Theo Riddick,,
351,Nick Novak,K33,238.0,,,,,238.0,2019,K,33,Nick Novak,,
352,Jay Cutler,QB37,241.0,,,,,241.0,2019,QB,37,Jay Cutler,,
353,Damon Sheehy-Guiseppi,WR118,,,,,,241.0,2019,WR,118,Damon Sheehy-Guiseppi,,
354,Nathan Peterman,QB38,242.0,,,,,242.0,2019,QB,38,Nathan Peterman,,
355,Taylor Bertolet,K34,247.0,,,,,247.0,2019,K,34,Taylor Bertolet,,
356,Alex Barnes,RB92,309.0,,,,,346.5,2019,RB,92,Alex Barnes,,
357,Darrel Williams O,RB93,669.0,,,,,458.0,2019,RB,93,Darrel Williams O,,
358,Brandon Marshall,WR119,250.0,,,,,250.0,2019,WR,119,Brandon Marshall,,
359,Vernon Davis,TE43,968.0,,,,,554.7,2019,TE,43,Vernon Davis,,
360,Chandler Catanzaro,K35,415.0,,282.0,,,348.5,2019,K,35,Chandler Catanzaro,,
361,Geoff Swaim,TE44,960.0,,,,,605.5,2019,TE,44,Geoff Swaim,,
362,Mike Thomas,WR120,252.0,,,,,252.0,2019,WR,120,Mike Thomas,,
363,Bruce Anderson III,RB94,754.0,,,,,504.0,2019,RB,94,Bruce Anderson III,,
364,Sam Bradford,QB39,255.0,,,,,255.0,2019,QB,39,Sam Bradford,,
365,Lil'Jordan Humphrey NYG (11),WR121,257.0,,,,,257.0,2019,WR,121,Lil'Jordan Humphrey,NYG,11
366,Maurice Harris,WR122,716.0,,,,,487.0,2019,WR,122,Maurice Harris,,
367,Josh Hill,TE45,279.0,,,,,352.5,2019,TE,45,Josh Hill,,
368,Max McCaffrey,WR123,260.0,,,,,260.0,2019,WR,123,Max McCaffrey,,
369,Cody Parkey,K36,262.0,,,,,262.0,2019,K,36,Cody Parkey,,
370,Jonnu Smith MIA (5),TE46,397.0,,,,,354.0,2019,TE,46,Jonnu Smith,MIA,5
371,C.J. Conrad,TE47,263.0,,,,,263.0,2019,TE,47,C.J. Conrad,,
372,Robert Griffin III,QB40,307.0,,,,,354.5,2019,QB,40,Robert Griffin III,,
373,Qadree Ollison,RB95,1000.0,,,,,632.0,2019,RB,95,Qadree Ollison,,
374,Trayveon Williams NE (10),RB96,983.0,,,,,624.5,2019,RB,96,Trayveon Williams,NE,10
375,Blake Bell,TE48,267.0,,,,,267.0,2019,TE,48,Blake Bell,,
376,Glenn Gronkowski,RB97,268.0,,,,,268.0,2019,RB,97,Glenn Gronkowski,,
377,Jake Butt,TE49,269.0,,,,,269.0,2019,TE,49,Jake Butt,,
378,Tavon Austin,WR124,297.0,,,,,358.0,2019,WR,124,Tavon Austin,,
379,Matt Barkley,QB41,271.0,,,,,271.0,2019,QB,41,Matt Barkley,,
380,Anthony Fasano,TE50,272.0,,,,,272.0,2019,TE,50,Anthony Fasano,,
381,Connor Barth,K37,323.0,,,,,359.0,2019,K,37,Connor Barth,,
382,Younghoe Koo ATL (9),K38,273.0,,,,,273.0,2019,K,38,Younghoe Koo,ATL,9
383,Anthony Johnson,DT1,274.0,,,,,274.0,2019,DT,1,Anthony Johnson,,
384,Tyree Jackson WAS (10),TE51,275.0,,,,,275.0,2019,TE,51,Tyree Jackson,WAS,10
385,Tyre Brady,WR125,277.0,,,,,277.0,2019,WR,125,Tyre Brady,,
386,Josh Reynolds NYJ (4),WR126,828.0,,,,,553.0,2019,WR,126,Josh Reynolds,NYJ,4
387,Matt Forte,RB98,281.0,,,,,281.0,2019,RB,98,Matt Forte,,
388,Nick Vannett,TE52,354.0,,,,,363.5,2019,TE,52,Nick Vannett,,
389,Trace McSorley,QB42,317.0,,,,,364.0,2019,QB,42,Trace McSorley,,
390,Mike Nugent,K39,283.0,,,,,283.0,2019,K,39,Mike Nugent,,
391,Damarea Crockett,RB99,1000.0,,,,,642.0,2019,RB,99,Damarea Crockett,,
392,Brandon Tate,WR127,285.0,,,,,285.0,2019,WR,127,Brandon Tate,,
393,Wendell Smallwood,RB100,390.0,,,,,365.5,2019,RB,100,Wendell Smallwood,,
394,Kaare Vedvik,K40,287.0,,,,,287.0,2019,K,40,Kaare Vedvik,,
395,J.J. Jones JAC (10),WR128,290.0,,,,,290.0,2019,WR,128,J.J. Jones,JAC,10
396,Emmanuel Butler,WR129,291.0,,,,,291.0,2019,WR,129,Emmanuel Butler,,
397,Nick Fitzgerald,QB43,292.0,,,,,292.0,2019,QB,43,Nick Fitzgerald,,
398,Eddie Lacy,RB101,294.0,,,,,294.0,2019,RB,101,Eddie Lacy,,
399,Martellus Bennett,TE53,295.0,,,,,295.0,2019,TE,53,Martellus Bennett,,
400,Carson Palmer,QB44,298.0,,,,,298.0,2019,QB,44,Carson Palmer,,
401,Kellen Clemens,QB45,300.0,,,,,300.0,2019,QB,45,Kellen Clemens,,
402,Deon Cain,WR130,1000.0,,,,,650.0,2019,WR,130,Deon Cain,,
403,Blair Walsh,K41,301.0,,,,,301.0,2019,K,41,Blair Walsh,,
404,Ameer Abdullah,RB102,302.0,,,,,302.0,2019,RB,102,Ameer Abdullah,,
405,John Kuhn,RB103,303.0,,,,,303.0,2019,RB,103,John Kuhn,,
406,Myles Gaskin,RB104,938.0,,,,,624.0,2019,RB,104,Myles Gaskin,,
407,Doug Martin,RB105,769.0,,,,,540.0,2019,RB,105,Doug Martin,,
408,Danny Woodhead,RB106,313.0,,,,,313.0,2019,RB,106,Danny Woodhead,,
409,DeMarco Murray,RB107,314.0,,,,,314.0,2019,RB,107,DeMarco Murray,,
410,Russell Shepard,WR131,350.0,,,,,380.0,2019,WR,131,Russell Shepard,,
411,Jace Sternberger,TE54,315.0,,,,,315.0,2019,TE,54,Jace Sternberger,,
412,Anthony Sherman,RB108,316.0,,,,,316.0,2019,RB,108,Anthony Sherman,,
413,Hayden Hurst,TE55,997.0,,,,,656.5,2019,TE,55,Hayden Hurst,,
414,Nick Folk,K42,318.0,,,,,318.0,2019,K,42,Nick Folk,,
415,De'Anthony Thomas,WR132,319.0,,,,,319.0,2019,WR,132,De'Anthony Thomas,,
416,Taywan Taylor,WR133,535.0,,,,,427.0,2019,WR,133,Taywan Taylor,,
417,Derek Watt,RB109,320.0,,,,,320.0,2019,RB,109,Derek Watt,,
418,,1,,,,,,320.0,2019,,,,,
419,Jamaal Charles,RB110,321.0,,,,,321.0,2019,RB,110,Jamaal Charles,,
420,Isaac Zico,WR134,,,,,,321.0,2019,WR,134,Isaac Zico,,
421,Kenny Britt,WR135,322.0,,,,,322.0,2019,WR,135,Kenny Britt,,
422,Chad Beebe,WR136,942.0,,,,,632.0,2019,WR,136,Chad Beebe,,
423,Diontae Johnson CLE (7),WR137,994.0,,,,,658.5,2019,WR,137,Diontae Johnson,CLE,7
424,Sam Ficken,K43,324.0,,,,,324.0,2019,K,43,Sam Ficken,,
425,Alex Collins,RB111,475.0,,,,,399.5,2019,RB,111,Alex Collins,,
426,Demetrius Harris,TE56,325.0,,,,,325.0,2019,TE,56,Demetrius Harris,,
427,Devontae Booker,RB112,943.0,,,,,634.0,2019,RB,112,Devontae Booker,,
428,Chris Johnson,RB113,326.0,,,,,326.0,2019,RB,113,Chris Johnson,,
429,Jaron Brown,WR138,940.0,,,,,633.0,2019,WR,138,Jaron Brown,,
430,Michael Hoomanawanui,TE57,327.0,,,,,327.0,2019,TE,57,Michael Hoomanawanui,,
431,Corey Clement,RB114,986.0,,,,,657.0,2019,RB,114,Corey Clement,,
432,Bilal Powell,RB115,1000.0,,,,,664.5,2019,RB,115,Bilal Powell,,
433,James O'Shaughnessy O,TE58,330.0,,,,,330.0,2019,TE,58,James O'Shaughnessy O,,
434,Eric Decker,WR139,331.0,,,,,331.0,2019,WR,139,Eric Decker,,
435,Joshua Dobbs NE (10),QB46,406.0,,,,,388.5,2019,QB,46,Joshua Dobbs,NE,10
436,Brandon LaFell,WR140,332.0,,,,,332.0,2019,WR,140,Brandon LaFell,,
437,Brent Celek,TE59,334.0,,,,,334.0,2019,TE,59,Brent Celek,,
438,Spencer Ware,RB116,626.0,,,,,480.5,2019,RB,116,Spencer Ware,,
439,Louis Murphy,WR141,336.0,,,,,336.0,2019,WR,141,Louis Murphy,,
440,Kyle Juszczyk SF (4),RB117,970.0,,,,,653.0,2019,RB,117,Kyle Juszczyk,SF,4
441,Roberto Aguayo,K44,337.0,,,,,337.0,2019,K,44,Roberto Aguayo,,
442,Kendrick Bourne NE (10),WR142,467.0,,,,,402.0,2019,WR,142,Kendrick Bourne,NE,10
443,Zach Zenner,RB118,476.0,,,,,407.0,2019,RB,118,Zach Zenner,,
444,Dalton Schultz HOU (10),TE60,339.0,,,,,339.0,2019,TE,60,Dalton Schultz,HOU,10
445,Devin Gray,WR143,,,,,,339.0,2019,WR,143,Devin Gray,,
446,Lucky Whitehead,WR144,480.0,,,,,410.0,2019,WR,144,Lucky Whitehead,,
447,Nick Rose,K45,341.0,,,,,341.0,2019,K,45,Nick Rose,,
448,Ryan Griffin O,TE61,342.0,,,,,342.0,2019,TE,61,Ryan Griffin O,,
449,Kelvin McKnight,WR145,343.0,,,,,343.0,2019,WR,145,Kelvin McKnight,,
450,Ryan Izzo,TE62,344.0,,,,,344.0,2019,TE,62,Ryan Izzo,,
451,Darren McFadden,RB119,345.0,,,,,345.0,2019,RB,119,Darren McFadden,,
452,Keelan Cole Sr.,WR146,867.0,,,,,606.0,2019,WR,146,Keelan Cole Sr.,,
453,Lance Kendricks,TE63,347.0,,,,,347.0,2019,TE,63,Lance Kendricks,,
454,Alonzo Harris,RB120,,,,,,348.0,2019,RB,120,Alonzo Harris,,
455,Pharoh Cooper,WR147,348.0,,,,,348.0,2019,WR,147,Pharoh Cooper,,
456,Terry Godwin,WR148,349.0,,,,,349.0,2019,WR,148,Terry Godwin,,
457,Chester Rogers O,WR149,684.0,,,,,516.5,2019,WR,149,Chester Rogers O,,
458,Joe Banyard,RB121,,,,,,350.0,2019,RB,121,Joe Banyard,,
459,Virgil Green,TE64,351.0,,,,,351.0,2019,TE,64,Virgil Green,,
460,Jordan Matthews,TE65,663.0,,,,,507.0,2019,TE,65,Jordan Matthews,,
461,Xavier Grimble,TE66,352.0,,,,,352.0,2019,TE,66,Xavier Grimble,,
462,Ed Dickson,TE67,353.0,,,,,353.0,2019,TE,67,Ed Dickson,,
463,Jarius Wright,WR150,966.0,,,,,659.5,2019,WR,150,Jarius Wright,,
464,Seth Roberts,WR151,688.0,,,,,521.0,2019,WR,151,Seth Roberts,,
465,Andre Roberts,WR152,355.0,,,,,355.0,2019,WR,152,Andre Roberts,,
466,John Ursua,WR153,356.0,,,,,356.0,2019,WR,153,John Ursua,,
467,Tajae Sharpe,WR154,880.0,,,,,618.0,2019,WR,154,Tajae Sharpe,,
468,C.J. Ham MIN (12),RB122,357.0,,,,,357.0,2019,RB,122,C.J. Ham,MIN,12
469,Laquon Treadwell IND (6),WR155,455.0,,,,,406.5,2019,WR,155,Laquon Treadwell,IND,6
470,Kai Forbath LAR (9),K46,359.0,,,,,359.0,2019,K,46,Kai Forbath,LAR,9
471,Isaiah McKenzie,WR156,578.0,,,,,468.5,2019,WR,156,Isaiah McKenzie,,
472,Matt Cassel,QB47,360.0,,,,,360.0,2019,QB,47,Matt Cassel,,
473,Drew Lock SEA (11),QB48,947.0,,,,,653.5,2019,QB,48,Drew Lock,SEA,11
474,Adam Shaheen,TE68,361.0,,,,,361.0,2019,TE,68,Adam Shaheen,,
475,Randy Bullock,K47,873.0,,,,,617.0,2019,K,47,Randy Bullock,,
476,Travis Coons,K48,362.0,,,,,362.0,2019,K,48,Travis Coons,,
477,Kapri Bibbs,RB123,582.0,,,,,472.0,2019,RB,123,Kapri Bibbs,,
478,Jaeden Graham,TE69,363.0,,,,,363.0,2019,TE,69,Jaeden Graham,,
479,Chris Matthews,WR157,587.0,,,,,475.0,2019,WR,157,Chris Matthews,,
480,Ray-Ray McCloud III ATL (9),WR158,364.0,,,,,364.0,2019,WR,158,Ray-Ray McCloud III,ATL,9
481,Jordan Wilkins,RB124,1000.0,,,,,682.0,2019,RB,124,Jordan Wilkins,,
482,Algernon Brown,RB125,365.0,,,,,365.0,2019,RB,125,Algernon Brown,,
483,Kelvin Benjamin,WR159,366.0,,,,,366.0,2019,WR,159,Kelvin Benjamin,,
484,Mike Wallace,WR160,367.0,,,,,367.0,2019,WR,160,Mike Wallace,,
485,Zach Pascal NYG (11),WR161,793.0,,,,,580.0,2019,WR,161,Zach Pascal,NYG,11
486,Patrick Murray,K49,368.0,,,,,368.0,2019,K,49,Patrick Murray,,
487,Aaron Ripkowski,RB126,369.0,,,,,369.0,2019,RB,126,Aaron Ripkowski,,
488,Tim Patrick DET (5),WR162,654.0,,,,,511.5,2019,WR,162,Tim Patrick,DET,5
489,Rhett Ellison,TE70,370.0,,,,,370.0,2019,TE,70,Rhett Ellison,,
490,Byron Pringle,WR163,371.0,,,,,371.0,2019,WR,163,Byron Pringle,,
491,Aldrick Robinson,WR164,576.0,,,,,474.0,2019,WR,164,Aldrick Robinson,,
492,Don Jackson,RB127,373.0,,,,,373.0,2019,RB,127,Don Jackson,,
493,Trevor Davis,WR165,375.0,,,,,375.0,2019,WR,165,Trevor Davis,,
494,Tra Carson,RB128,376.0,,,,,376.0,2019,RB,128,Tra Carson,,
495,Ryan Tannehill,QB49,954.0,,,,,665.0,2019,QB,49,Ryan Tannehill,,
496,Brandon Bolden,RB129,377.0,,,,,377.0,2019,RB,129,Brandon Bolden,,
497,Julius Thomas,TE71,378.0,,,,,378.0,2019,TE,71,Julius Thomas,,
498,Dri Archer,RB130,,,,,,378.0,2019,RB,130,Dri Archer,,
499,Teddy Bridgewater,QB50,379.0,,,,,379.0,2019,QB,50,Teddy Bridgewater,,
500,C.J. Beathard,QB51,490.0,,,,,434.5,2019,QB,51,C.J. Beathard,,
501,Caleb Sturgis,K50,380.0,,,,,380.0,2019,K,50,Caleb Sturgis,,
502,Elliott Fry,K51,,,,,,380.0,2019,K,51,Elliott Fry,,
503,Matt Jones,RB131,382.0,,,,,382.0,2019,RB,131,Matt Jones,,
504,Reggie Bonnafon,RB132,980.0,,,,,681.0,2019,RB,132,Reggie Bonnafon,,
505,Jeremy Sprinkle,TE72,383.0,,,,,383.0,2019,TE,72,Jeremy Sprinkle,,
506,Chris Ivory,RB133,549.0,,,,,466.0,2019,RB,133,Chris Ivory,,
507,Zach Line,RB134,384.0,,,,,384.0,2019,RB,134,Zach Line,,
508,Braxton Miller,WR166,385.0,,,,,385.0,2019,WR,166,Braxton Miller,,
509,John Phillips,TE73,386.0,,,,,386.0,2019,TE,73,John Phillips,,
510,Jordan Scarlett,RB135,1000.0,,,,,693.0,2019,RB,135,Jordan Scarlett,,
511,Zach Gentry,TE74,387.0,,,,,387.0,2019,TE,74,Zach Gentry,,
512,Andy Jones,WR167,388.0,,,,,388.0,2019,WR,167,Andy Jones,,
513,Jaydon Mickens,WR168,921.0,,,,,654.5,2019,WR,168,Jaydon Mickens,,
514,Matthew Slater,WR169,389.0,,,,,389.0,2019,WR,169,Matthew Slater,,
515,Corey Acosta,K52,,,,,,390.0,2019,K,52,Corey Acosta,,
516,Orleans Darkwa,RB136,391.0,,,,,391.0,2019,RB,136,Orleans Darkwa,,
517,Olamide Zaccheaus CHI (6),WR170,,,,,,391.0,2019,WR,170,Olamide Zaccheaus,CHI,6
518,Hunter Sharp,WR171,870.0,,,,,631.0,2019,WR,171,Hunter Sharp,,
519,Geno Smith LV (),QB52,393.0,,,,,393.0,2019,QB,52,Geno Smith LV (),,
520,Jacob Dolegala,QB53,,,,,,393.0,2019,QB,53,Jacob Dolegala,,
521,Dwayne Washington,RB137,394.0,,,,,394.0,2019,RB,137,Dwayne Washington,,
522,Terrelle Pryor Sr.,WR172,468.0,,,,,431.0,2019,WR,172,Terrelle Pryor Sr.,,
523,Mike Tolbert,RB138,395.0,,,,,395.0,2019,RB,138,Mike Tolbert,,
524,Tremon Smith HOU (10),CB1,396.0,,,,,396.0,2019,CB,1,Tremon Smith,HOU,10
525,Jordan Veasy,WR173,,,,,,396.0,2019,WR,173,Jordan Veasy,,
526,Austin Carr,WR174,398.0,,,,,398.0,2019,WR,174,Austin Carr,,
527,Devonte Boyd,WR175,,,,,,398.0,2019,WR,175,Devonte Boyd,,
528,Levine Toilolo,TE75,399.0,,,,,399.0,2019,TE,75,Levine Toilolo,,
529,Andy Janovich,RB139,400.0,,,,,400.0,2019,RB,139,Andy Janovich,,
530,Derek Carrier,TE76,401.0,,,,,401.0,2019,TE,76,Derek Carrier,,
531,DeAndre Carter CLE (7),WR176,494.0,,,,,447.5,2019,WR,176,DeAndre Carter,CLE,7
532,Matt McCrane,K53,402.0,,,,,402.0,2019,K,53,Matt McCrane,,
533,Marcedes Lewis,TE77,403.0,,,,,403.0,2019,TE,77,Marcedes Lewis,,
534,Paxton Lynch,QB54,485.0,,,,,444.0,2019,QB,54,Paxton Lynch,,
535,Jamize Olawale,RB140,404.0,,,,,404.0,2019,RB,140,Jamize Olawale,,
536,Joe Webb III,QB55,405.0,,,,,405.0,2019,QB,55,Joe Webb III,,
537,DeAndre Washington,RB141,1000.0,,,,,702.5,2019,RB,141,DeAndre Washington,,
538,Danny Vitale,RB142,407.0,,,,,407.0,2019,RB,142,Danny Vitale,,
539,Tim Tebow,TE78,,,,,,408.0,2019,TE,78,Tim Tebow,,
540,Alex Erickson,WR177,408.0,,,,,408.0,2019,WR,177,Alex Erickson,,
541,Tom Savage,QB56,409.0,,,,,409.0,2019,QB,56,Tom Savage,,
542,Cairo Santos CHI (6),K54,410.0,,,,,410.0,2019,K,54,Cairo Santos,CHI,6
543,Robert Tonyan KC (12),TE79,411.0,,,,,411.0,2019,TE,79,Robert Tonyan,KC,12
544,Andrew Franks,K55,412.0,,,,,412.0,2019,K,55,Andrew Franks,,
545,Mark Walton,RB143,1000.0,,,,,706.0,2019,RB,143,Mark Walton,,
546,Devin Smith,WR178,413.0,,,,,413.0,2019,WR,178,Devin Smith,,
547,Matt Moore,QB57,414.0,,,,,414.0,2019,QB,57,Matt Moore,,
548,Charles Clay,TE80,425.0,,,,,430.0,2019,TE,80,Charles Clay,,
549,Darius Slayton NYG (11),WR179,731.0,,,,,572.5,2019,WR,179,Darius Slayton,NYG,11
550,Andre Ellington,RB144,965.0,,,,,690.0,2019,RB,144,Andre Ellington,,
551,Aaron Hernandez,TE81,,,,,,417.0,2019,TE,81,Aaron Hernandez,,
552,Tommy Sweeney,TE82,417.0,,,,,417.0,2019,TE,82,Tommy Sweeney,,
553,Ashton Dulin IND (6),WR180,418.0,,,,,418.0,2019,WR,180,Ashton Dulin,IND,6
554,Troy Fumagalli,TE83,419.0,,,,,419.0,2019,TE,83,Troy Fumagalli,,
555,Chris Blewitt,K56,420.0,,,,,420.0,2019,K,56,Chris Blewitt,,
556,C.J. Prosise O,RB145,984.0,,,,,702.0,2019,RB,145,C.J. Prosise O,,
557,Marlon Brown,WR181,,,,,,421.0,2019,WR,181,Marlon Brown,,
558,Elijhaa Penny,RB146,421.0,,,,,421.0,2019,RB,146,Elijhaa Penny,,
559,Chandler Cox,RB147,422.0,,,,,422.0,2019,RB,147,Chandler Cox,,
560,Josh Oliver MIN (12) O,TE84,969.0,,,,,695.5,2019,TE,84,Josh Oliver,MIN,12
561,Bisi Johnson,WR182,423.0,,,,,423.0,2019,WR,182,Bisi Johnson,,
562,Shane Smith,RB148,424.0,,,,,424.0,2019,RB,148,Shane Smith,,
563,Ty Johnson BUF (6),RB149,1000.0,,,,,712.5,2019,RB,149,Ty Johnson,BUF,6
564,Quincy Adeboyejo,WR183,426.0,,,,,426.0,2019,WR,183,Quincy Adeboyejo,,
565,Johnny Manziel,QB58,,,,,,427.0,2019,QB,58,Johnny Manziel,,
566,DeShone Kizer,QB59,427.0,,,,,427.0,2019,QB,59,DeShone Kizer,,
567,Chad Kelly,QB60,428.0,,,,,428.0,2019,QB,60,Chad Kelly,,
568,Mike Boone,RB150,976.0,,,,,702.0,2019,RB,150,Mike Boone,,
569,Samaje Perine CIN (9),RB151,429.0,,,,,429.0,2019,RB,151,Samaje Perine,CIN,9
570,Tyrod Taylor NYJ (4),QB61,464.0,,,,,446.5,2019,QB,61,Tyrod Taylor,NYJ,4
571,Deon Yelder,TE85,430.0,,,,,430.0,2019,TE,85,Deon Yelder,,
572,Will Grier DAL (8),QB62,746.0,,,,,588.0,2019,QB,62,Will Grier,DAL,8
573,Darrius Heyward-Bey,WR184,432.0,,,,,432.0,2019,WR,184,Darrius Heyward-Bey,,
574,AJ McCarron,QB63,460.0,,,,,446.0,2019,QB,63,AJ McCarron,,
575,Ryan Mallett,QB64,433.0,,,,,433.0,2019,QB,64,Ryan Mallett,,
576,Kevin White,WR185,841.0,,,,,637.0,2019,WR,185,Kevin White,,
577,Patrick DiMarco,RB152,434.0,,,,,434.0,2019,RB,152,Patrick DiMarco,,
578,Cooper Rush BAL (8),QB65,446.0,,,,,440.0,2019,QB,65,Cooper Rush,BAL,8
579,Jacquizz Rodgers,RB153,435.0,,,,,435.0,2019,RB,153,Jacquizz Rodgers,,
580,Alize Mack,TE86,436.0,,,,,436.0,2019,TE,86,Alize Mack,,
581,Blaine Gabbert,QB66,710.0,,,,,573.0,2019,QB,66,Blaine Gabbert,,
582,Nick Boyle,TE87,437.0,,,,,437.0,2019,TE,87,Nick Boyle,,
583,Justin Watson HOU (10),WR186,562.0,,,,,499.5,2019,WR,186,Justin Watson,HOU,10
584,Nick O'Leary,TE88,438.0,,,,,438.0,2019,TE,88,Nick O'Leary,,
585,Roosevelt Nix,RB154,439.0,,,,,439.0,2019,RB,154,Roosevelt Nix,,
586,Brock Osweiler,QB67,440.0,,,,,440.0,2019,QB,67,Brock Osweiler,,
587,Drew Stanton,QB68,441.0,,,,,441.0,2019,QB,68,Drew Stanton,,
588,Josh Adams,RB155,442.0,,,,,442.0,2019,RB,155,Josh Adams,,
589,Bryce Love,RB156,1000.0,,,,,721.0,2019,RB,156,Bryce Love,,
590,Cameron Meredith,WR187,443.0,,,,,443.0,2019,WR,187,Cameron Meredith,,
591,Cullen Gillaspia,RB157,444.0,,,,,444.0,2019,RB,157,Cullen Gillaspia,,
592,Rodney Adams,WR188,445.0,,,,,445.0,2019,WR,188,Rodney Adams,,
593,Chase Daniel,QB69,447.0,,,,,447.0,2019,QB,69,Chase Daniel,,
594,T.J. Yates,QB70,448.0,,,,,448.0,2019,QB,70,T.J. Yates,,
595,Tim Boyle TEN (11),QB71,449.0,,,,,449.0,2019,QB,71,Tim Boyle,TEN,11
596,J.J. Nelson,WR189,450.0,,,,,450.0,2019,WR,189,J.J. Nelson,,
597,Jonathan Stewart,RB158,451.0,,,,,451.0,2019,RB,158,Jonathan Stewart,,
598,Javon Wims,WR190,452.0,,,,,452.0,2019,WR,190,Javon Wims,,
599,Khalfani Muhammad,RB159,453.0,,,,,453.0,2019,RB,159,Khalfani Muhammad,,
600,Dwayne Harris,WR191,454.0,,,,,454.0,2019,WR,191,Dwayne Harris,,
601,Coby Fleener,TE89,456.0,,,,,456.0,2019,TE,89,Coby Fleener,,
602,Taquan Mizzell NYG (11),RB160,457.0,,,,,457.0,2019,RB,160,Taquan Mizzell,NYG,11
603,Keith Kirkwood BAL (8),WR192,458.0,,,,,458.0,2019,WR,192,Keith Kirkwood,BAL,8
604,Josh Johnson WAS (10),QB72,461.0,,,,,461.0,2019,QB,72,Josh Johnson,WAS,10
605,Elijah Holyfield,RB161,462.0,,,,,462.0,2019,RB,161,Elijah Holyfield,,
606,Torrey Smith,WR193,463.0,,,,,463.0,2019,WR,193,Torrey Smith,,
607,D.J. Foster,RB162,465.0,,,,,465.0,2019,RB,162,D.J. Foster,,
608,Kamar Aiken,WR194,466.0,,,,,466.0,2019,WR,194,Kamar Aiken,,
609,E.J. Manuel,QB73,469.0,,,,,469.0,2019,QB,73,E.J. Manuel,,
610,Jacob Hollister,TE90,470.0,,,,,470.0,2019,TE,90,Jacob Hollister,,
611,Garrett Dickerson,TE91,471.0,,,,,471.0,2019,TE,91,Garrett Dickerson,,
612,Eli Rogers,WR195,472.0,,,,,472.0,2019,WR,195,Eli Rogers,,
613,Chad Henne,QB74,473.0,,,,,473.0,2019,QB,74,Chad Henne,,
614,Braxton Berrios HOU (10),WR196,474.0,,,,,474.0,2019,WR,196,Braxton Berrios,HOU,10
615,Pierre Garcon,WR197,477.0,,,,,477.0,2019,WR,197,Pierre Garcon,,
616,Luke Willson,TE92,478.0,,,,,478.0,2019,TE,92,Luke Willson,,
617,Akeem Hunt,RB163,479.0,,,,,479.0,2019,RB,163,Akeem Hunt,,
618,Noah Brown WAS (10),WR198,481.0,,,,,481.0,2019,WR,198,Noah Brown,WAS,10
619,Daniel Brown,TE93,482.0,,,,,482.0,2019,TE,93,Daniel Brown,,
620,Jerell Adams,TE94,483.0,,,,,483.0,2019,TE,94,Jerell Adams,,
621,Eric Tomlinson,TE95,484.0,,,,,484.0,2019,TE,95,Eric Tomlinson,,
622,Isaac Whitney,WR199,486.0,,,,,486.0,2019,WR,199,Isaac Whitney,,
623,LeShun Daniels,RB164,487.0,,,,,487.0,2019,RB,164,LeShun Daniels,,
624,Connor Cook,QB75,488.0,,,,,488.0,2019,QB,75,Connor Cook,,
625,John Kelly Jr.,RB165,489.0,,,,,489.0,2019,RB,165,John Kelly Jr.,,
626,Jeremy Hill,RB166,491.0,,,,,491.0,2019,RB,166,Jeremy Hill,,
627,Dan Arnold,TE96,492.0,,,,,492.0,2019,TE,96,Dan Arnold,,
628,Matt Schaub,QB76,493.0,,,,,493.0,2019,QB,76,Matt Schaub,,
629,Mike Weber NYG (11),RB167,495.0,,,,,495.0,2019,RB,167,Mike Weber,NYG,11
630,Scott Tolzien,QB77,496.0,,,,,496.0,2019,QB,77,Scott Tolzien,,
631,Brandon Weeden,QB78,497.0,,,,,497.0,2019,QB,78,Brandon Weeden,,
632,Brandon Zylstra,WR200,498.0,,,,,498.0,2019,WR,200,Brandon Zylstra,,
633,Jeff Heuerman,TE97,499.0,,,,,499.0,2019,TE,97,Jeff Heuerman,,
634,Jarrett Stidham DEN (10),QB79,501.0,,,,,501.0,2019,QB,79,Jarrett Stidham,DEN,10
635,Chris Warren III,RB168,503.0,,,,,503.0,2019,RB,168,Chris Warren III,,
636,JoJo Natson,WR201,504.0,,,,,504.0,2019,WR,201,JoJo Natson,,
637,Gardner Minshew II KC (12),QB80,505.0,,,,,505.0,2019,QB,80,Gardner Minshew II,KC,12
638,Tyrone Swoopes,TE98,506.0,,,,,506.0,2019,TE,98,Tyrone Swoopes,,
639,Bo Scarbrough,RB169,507.0,,,,,507.0,2019,RB,169,Bo Scarbrough,,
640,Javorius Allen,RB170,508.0,,,,,508.0,2019,RB,170,Javorius Allen,,
641,Niles Paul,TE99,509.0,,,,,509.0,2019,TE,99,Niles Paul,,
642,Joe Williams,RB171,510.0,,,,,510.0,2019,RB,171,Joe Williams,,
643,Austin Seferian-Jenkins,TE100,511.0,,,,,511.0,2019,TE,100,Austin Seferian-Jenkins,,
644,Foster Moreau NO (9),TE101,512.0,,,,,512.0,2019,TE,101,Foster Moreau,NO,9
645,Allen Lazard NYJ (4),WR202,513.0,,,,,513.0,2019,WR,202,Allen Lazard,NYJ,4
646,Garrett Celek O,TE102,514.0,,,,,514.0,2019,TE,102,Garrett Celek O,,
647,Fozzy Whittaker,RB172,515.0,,,,,515.0,2019,RB,172,Fozzy Whittaker,,
648,Marcus Johnson,WR203,516.0,,,,,516.0,2019,WR,203,Marcus Johnson,,
649,Nsimba Webster,WR204,517.0,,,,,517.0,2019,WR,204,Nsimba Webster,,
650,Troymaine Pope,RB173,518.0,,,,,518.0,2019,RB,173,Troymaine Pope,,
651,Byron Marshall,RB174,519.0,,,,,519.0,2019,RB,174,Byron Marshall,,
652,Garrett Griffin,TE103,520.0,,,,,520.0,2019,TE,103,Garrett Griffin,,
653,Temarrick Hemingway,TE104,521.0,,,,,521.0,2019,TE,104,Temarrick Hemingway,,
654,Brian Hoyer,QB81,522.0,,,,,522.0,2019,QB,81,Brian Hoyer,,
655,Stevan Ridley,RB175,523.0,,,,,523.0,2019,RB,175,Stevan Ridley,,
656,Damore'ea Stringfellow,WR205,524.0,,,,,524.0,2019,WR,205,Damore'ea Stringfellow,,
657,Mike White BUF (6),QB82,525.0,,,,,525.0,2019,QB,82,Mike White,BUF,6
658,Richard Rodgers,TE105,526.0,,,,,526.0,2019,TE,105,Richard Rodgers,,
659,Damion Ratley,WR206,527.0,,,,,527.0,2019,WR,206,Damion Ratley,,
660,Ben Braunecker O,TE106,528.0,,,,,528.0,2019,TE,106,Ben Braunecker O,,
661,Justin Hardy,WR207,529.0,,,,,529.0,2019,WR,207,Justin Hardy,,
662,Jeff Wilson Jr.,RB176,530.0,,,,,530.0,2019,RB,176,Jeff Wilson Jr.,,
663,Christian Hackenberg,QB83,531.0,,,,,531.0,2019,QB,83,Christian Hackenberg,,
664,Auden Tate,WR208,532.0,,,,,532.0,2019,WR,208,Auden Tate,,
665,Ryan Finley,QB84,533.0,,,,,533.0,2019,QB,84,Ryan Finley,,
666,Joshua Perkins,TE107,534.0,,,,,534.0,2019,TE,107,Joshua Perkins,,
667,Eric Saubert SEA (11),TE108,536.0,,,,,536.0,2019,TE,108,Eric Saubert,SEA,11
668,Brett Hundley,QB85,537.0,,,,,537.0,2019,QB,85,Brett Hundley,,
669,Trey Edmunds,RB177,538.0,,,,,538.0,2019,RB,177,Trey Edmunds,,
670,Kyle Sloter,QB86,539.0,,,,,539.0,2019,QB,86,Kyle Sloter,,
671,Tion Green,RB178,540.0,,,,,540.0,2019,RB,178,Tion Green,,
672,Sean Mannion,QB87,541.0,,,,,541.0,2019,QB,87,Sean Mannion,,
673,Malcolm Johnson,RB179,542.0,,,,,542.0,2019,RB,179,Malcolm Johnson,,
674,Bobo Wilson,WR209,543.0,,,,,543.0,2019,WR,209,Bobo Wilson,,
675,Luke Stocker,TE109,544.0,,,,,544.0,2019,TE,109,Luke Stocker,,
676,Kyle Allen DET (5),QB88,545.0,,,,,545.0,2019,QB,88,Kyle Allen,DET,5
677,Trevor Siemian O,QB89,546.0,,,,,546.0,2019,QB,89,Trevor Siemian O,,
678,Derrick Coleman,RB180,548.0,,,,,548.0,2019,RB,180,Derrick Coleman,,
679,Sam Rogers,RB181,550.0,,,,,550.0,2019,RB,181,Sam Rogers,,
680,Patrick Laird,RB182,551.0,,,,,551.0,2019,RB,182,Patrick Laird,,
681,Caleb Wilson,TE110,552.0,,,,,552.0,2019,TE,110,Caleb Wilson,,
682,Brice Butler,WR210,553.0,,,,,553.0,2019,WR,210,Brice Butler,,
683,Marquez Williams,RB183,554.0,,,,,554.0,2019,RB,183,Marquez Williams,,
684,Darius Jennings,WR211,555.0,,,,,555.0,2019,WR,211,Darius Jennings,,
685,Cethan Carter,TE111,556.0,,,,,556.0,2019,TE,111,Cethan Carter,,
686,Kaden Smith,TE112,557.0,,,,,557.0,2019,TE,112,Kaden Smith,,
687,Kerrith Whyte Jr.,RB184,558.0,,,,,558.0,2019,RB,184,Kerrith Whyte Jr.,,
688,Austin Davis,QB90,559.0,,,,,559.0,2019,QB,90,Austin Davis,,
689,Josh Bellamy,WR212,560.0,,,,,560.0,2019,WR,212,Josh Bellamy,,
690,Keith Smith,RB185,561.0,,,,,561.0,2019,RB,185,Keith Smith,,
691,Quinton Flowers,QB91,563.0,,,,,563.0,2019,QB,91,Quinton Flowers,,
692,Terrell Watson,RB186,564.0,,,,,564.0,2019,RB,186,Terrell Watson,,
693,Jermaine Gresham,TE113,565.0,,,,,565.0,2019,TE,113,Jermaine Gresham,,
694,Duke Williams,S1,566.0,,,,,566.0,2019,S,1,Duke Williams,,
695,Kelvin Taylor,RB187,567.0,,,,,567.0,2019,RB,187,Kelvin Taylor,,
696,De'Angelo Henderson Sr.,RB188,568.0,,,,,568.0,2019,RB,188,De'Angelo Henderson Sr.,,
697,Maxx Williams,TE114,569.0,,,,,569.0,2019,TE,114,Maxx Williams,,
698,Steven Sims Jr. SEA (11),WR213,570.0,,,,,570.0,2019,WR,213,Steven Sims Jr.,SEA,11
699,Brandon Wilds,RB189,571.0,,,,,571.0,2019,RB,189,Brandon Wilds,,
700,Sean Culkin,TE115,572.0,,,,,572.0,2019,TE,115,Sean Culkin,,
701,Mo Alie-Cox IND (6),TE116,573.0,,,,,573.0,2019,TE,116,Mo Alie-Cox,IND,6
702,Dwayne Allen,TE117,574.0,,,,,574.0,2019,TE,117,Dwayne Allen,,
703,Travis Homer CHI (6),RB190,575.0,,,,,575.0,2019,RB,190,Travis Homer,CHI,6
704,Terrance Williams,WR214,577.0,,,,,577.0,2019,WR,214,Terrance Williams,,
705,Freddie Stevenson,LB1,579.0,,,,,579.0,2019,LB,1,Freddie Stevenson,,
706,Tyler Bray,QB92,580.0,,,,,580.0,2019,QB,92,Tyler Bray,,
707,Charles Johnson,WR215,581.0,,,,,581.0,2019,WR,215,Charles Johnson,,
708,Taiwan Jones,RB191,583.0,,,,,583.0,2019,RB,191,Taiwan Jones,,
709,Nick Bellore WAS (10),LB2,584.0,,,,,584.0,2019,LB,2,Nick Bellore,WAS,10
710,Tyler Conklin LAC (12),TE118,585.0,,,,,585.0,2019,TE,118,Tyler Conklin,LAC,12
711,Cedrick Wilson Jr. NO (9),WR216,586.0,,,,,586.0,2019,WR,216,Cedrick Wilson Jr.,NO,9
712,Akrum Wadley,RB192,588.0,,,,,588.0,2019,RB,192,Akrum Wadley,,
713,Fitzgerald Toussaint,RB193,589.0,,,,,589.0,2019,RB,193,Fitzgerald Toussaint,,
714,River Cracraft,WR217,590.0,,,,,590.0,2019,WR,217,River Cracraft,,
715,Shane Vereen,RB194,591.0,,,,,591.0,2019,RB,194,Shane Vereen,,
716,Malik Turner,WR218,592.0,,,,,592.0,2019,WR,218,Malik Turner,,
717,Mack Hollins NE (10),WR219,593.0,,,,,593.0,2019,WR,219,Mack Hollins,NE,10
718,Chris Manhertz NYG (11),TE119,594.0,,,,,594.0,2019,TE,119,Chris Manhertz,NYG,11
719,KhaDarel Hodge ATL (9),WR220,595.0,,,,,595.0,2019,WR,220,KhaDarel Hodge,ATL,9
720,David Fluellen,RB195,596.0,,,,,596.0,2019,RB,195,David Fluellen,,
721,Roc Thomas,RB196,597.0,,,,,597.0,2019,RB,196,Roc Thomas,,
722,Marcus Lucas,TE120,598.0,,,,,598.0,2019,TE,120,Marcus Lucas,,
723,Elijah Hood,RB197,599.0,,,,,599.0,2019,RB,197,Elijah Hood,,
724,Brittan Golden,WR221,600.0,,,,,600.0,2019,WR,221,Brittan Golden,,
725,Jaleel Scott,WR222,601.0,,,,,601.0,2019,WR,222,Jaleel Scott,,
726,Daurice Fountain,WR223,602.0,,,,,602.0,2019,WR,223,Daurice Fountain,,
727,Richie James Jr.,WR224,603.0,,,,,603.0,2019,WR,224,Richie James Jr.,,
728,Keon Hatcher,WR225,604.0,,,,,604.0,2019,WR,225,Keon Hatcher,,
729,Detrez Newsome,RB198,605.0,,,,,605.0,2019,RB,198,Detrez Newsome,,
730,Phillip Supernaw,TE121,606.0,,,,,606.0,2019,TE,121,Phillip Supernaw,,
731,Tre Madden,RB199,607.0,,,,,607.0,2019,RB,199,Tre Madden,,
732,Gehrig Dieter,WR226,608.0,,,,,608.0,2019,WR,226,Gehrig Dieter,,
733,Marken Michel,WR227,609.0,,,,,609.0,2019,WR,227,Marken Michel,,
734,Elijah McGuire,RB200,610.0,,,,,610.0,2019,RB,200,Elijah McGuire,,
735,Trevon Wesco,TE122,611.0,,,,,611.0,2019,TE,122,Trevon Wesco,,
736,Ryan Switzer,WR228,612.0,,,,,612.0,2019,WR,228,Ryan Switzer,,
737,Chad Williams,WR229,613.0,,,,,613.0,2019,WR,229,Chad Williams,,
738,Da'Mari Scott,WR230,614.0,,,,,614.0,2019,WR,230,Da'Mari Scott,,
739,Seth DeValve,TE123,615.0,,,,,615.0,2019,TE,123,Seth DeValve,,
740,Devin Fuller,WR231,616.0,,,,,616.0,2019,WR,231,Devin Fuller,,
741,Garrett Gilbert,QB93,617.0,,,,,617.0,2019,QB,93,Garrett Gilbert,,
742,David Williams,RB201,618.0,,,,,618.0,2019,RB,201,David Williams,,
743,Kendall Wright,WR232,619.0,,,,,619.0,2019,WR,232,Kendall Wright,,
744,Boston Scott,RB202,620.0,,,,,620.0,2019,RB,202,Boston Scott,,
745,Logan Thomas,TE124,621.0,,,,,621.0,2019,TE,124,Logan Thomas,,
746,Marcell Ateman,WR233,622.0,,,,,622.0,2019,WR,233,Marcell Ateman,,
747,Josh Malone,WR234,623.0,,,,,623.0,2019,WR,234,Josh Malone,,
748,Lee Smith,TE125,624.0,,,,,624.0,2019,TE,125,Lee Smith,,
749,Nick Bawden O,RB203,625.0,,,,,625.0,2019,RB,203,Nick Bawden O,,
750,Mason Schreck,TE126,627.0,,,,,627.0,2019,TE,126,Mason Schreck,,
751,Marcus Green,WR235,628.0,,,,,628.0,2019,WR,235,Marcus Green,,
752,Martavis Bryant,WR236,629.0,,,,,629.0,2019,WR,236,Martavis Bryant,,
753,Juwann Winfree,WR237,630.0,,,,,630.0,2019,WR,237,Juwann Winfree,,
754,T.J. Jones,WR238,631.0,,,,,631.0,2019,WR,238,T.J. Jones,,
755,Eric Weems,WR239,632.0,,,,,632.0,2019,WR,239,Eric Weems,,
756,Derrick Willies,WR240,633.0,,,,,633.0,2019,WR,240,Derrick Willies,,
757,Jordan Lasley,WR241,634.0,,,,,634.0,2019,WR,241,Jordan Lasley,,
758,Brandon Powell,WR242,635.0,,,,,635.0,2019,WR,242,Brandon Powell,,
759,Dalyn Dawkins,RB204,636.0,,,,,636.0,2019,RB,204,Dalyn Dawkins,,
760,Henry Krieger-Coble,TE127,637.0,,,,,637.0,2019,TE,127,Henry Krieger-Coble,,
761,Deontay Burnett,WR243,638.0,,,,,638.0,2019,WR,243,Deontay Burnett,,
762,Justin Davis,RB205,639.0,,,,,639.0,2019,RB,205,Justin Davis,,
763,Easton Stick ATL (9),QB94,640.0,,,,,640.0,2019,QB,94,Easton Stick,ATL,9
764,Gabe Holmes,TE128,641.0,,,,,641.0,2019,TE,128,Gabe Holmes,,
765,Cam Sims,WR244,642.0,,,,,642.0,2019,WR,244,Cam Sims,,
766,Dontrelle Inman,WR245,643.0,,,,,643.0,2019,WR,245,Dontrelle Inman,,
767,Alex Tanney,QB95,644.0,,,,,644.0,2019,QB,95,Alex Tanney,,
768,Dylan Cantrell,WR246,645.0,,,,,645.0,2019,WR,246,Dylan Cantrell,,
769,Landry Jones,QB96,646.0,,,,,646.0,2019,QB,96,Landry Jones,,
770,Isaac Nauta,TE129,647.0,,,,,647.0,2019,TE,129,Isaac Nauta,,
771,Mack Brown,RB206,648.0,,,,,648.0,2019,RB,206,Mack Brown,,
772,Kerwynn Williams,RB207,650.0,,,,,650.0,2019,RB,207,Kerwynn Williams,,
773,Trent Sherfield Sr. DEN (10),WR247,651.0,,,,,651.0,2019,WR,247,Trent Sherfield Sr.,DEN,10
774,James Williams,RB208,652.0,,,,,652.0,2019,RB,208,James Williams,,
775,Nate Sudfeld,QB97,653.0,,,,,653.0,2019,QB,97,Nate Sudfeld,,
776,Cody Core,WR248,655.0,,,,,655.0,2019,WR,248,Cody Core,,
777,Jerome Cunningham,TE130,656.0,,,,,656.0,2019,TE,130,Jerome Cunningham,,
778,Nick Williams,WR249,657.0,,,,,657.0,2019,WR,249,Nick Williams,,
779,Jordan Taylor,WR250,658.0,,,,,658.0,2019,WR,250,Jordan Taylor,,
780,J.D. McKissic,RB209,659.0,,,,,659.0,2019,RB,209,J.D. McKissic,,
781,Greg Dortch ARI (12),WR251,660.0,,,,,660.0,2019,WR,251,Greg Dortch,ARI,12
782,Quadree Henderson,WR252,661.0,,,,,661.0,2019,WR,252,Quadree Henderson,,
783,Mike Glennon,QB98,662.0,,,,,662.0,2019,QB,98,Mike Glennon,,
784,Donnel Pumphrey,RB210,664.0,,,,,664.0,2019,RB,210,Donnel Pumphrey,,
785,Dion Sims,TE131,665.0,,,,,665.0,2019,TE,131,Dion Sims,,
786,Bryce Williams,TE132,666.0,,,,,666.0,2019,TE,132,Bryce Williams,,
787,Corey Grant,RB211,667.0,,,,,667.0,2019,RB,211,Corey Grant,,
788,Harry Douglas,WR253,668.0,,,,,668.0,2019,WR,253,Harry Douglas,,
789,Ryan Hewitt,RB212,670.0,,,,,670.0,2019,RB,212,Ryan Hewitt,,
790,Ricky Ortiz,RB213,671.0,,,,,671.0,2019,RB,213,Ricky Ortiz,,
791,Mason Rudolph PIT (7) O,QB99,672.0,,,,,672.0,2019,QB,99,Mason Rudolph,PIT,7
792,Benny Cunningham Jr.,RB214,673.0,,,,,673.0,2019,RB,214,Benny Cunningham Jr.,,
793,Andre Williams,RB215,674.0,,,,,674.0,2019,RB,215,Andre Williams,,
794,Michael Floyd,WR254,675.0,,,,,675.0,2019,WR,254,Michael Floyd,,
795,Shaun Wilson,RB216,676.0,,,,,676.0,2019,RB,216,Shaun Wilson,,
796,Zac Brooks,RB217,677.0,,,,,677.0,2019,RB,217,Zac Brooks,,
797,Geremy Davis,WR255,679.0,,,,,679.0,2019,WR,255,Geremy Davis,,
798,Charone Peake,WR256,680.0,,,,,680.0,2019,WR,256,Charone Peake,,
799,Jehu Chesson,WR257,681.0,,,,,681.0,2019,WR,257,Jehu Chesson,,
800,Drew Sample CIN (9),TE133,682.0,,,,,682.0,2019,TE,133,Drew Sample,CIN,9
801,Alonzo Russell,WR258,683.0,,,,,683.0,2019,WR,258,Alonzo Russell,,
802,Alex Armah Jr.,RB218,685.0,,,,,685.0,2019,RB,218,Alex Armah Jr.,,
803,Cardale Jones,QB100,686.0,,,,,686.0,2019,QB,100,Cardale Jones,,
804,Scott Simonson,TE134,687.0,,,,,687.0,2019,TE,134,Scott Simonson,,
805,Gavin Escobar,TE135,689.0,,,,,689.0,2019,TE,135,Gavin Escobar,,
806,Jordan Leggett,TE136,690.0,,,,,690.0,2019,TE,136,Jordan Leggett,,
807,Jahad Thomas,RB219,691.0,,,,,691.0,2019,RB,219,Jahad Thomas,,
808,Danny Etling,QB101,692.0,,,,,692.0,2019,QB,101,Danny Etling,,
809,Tommy Bohanon,RB220,693.0,,,,,693.0,2019,RB,220,Tommy Bohanon,,
810,Jeff Cumberland,TE137,694.0,,,,,694.0,2019,TE,137,Jeff Cumberland,,
811,Terron Ward,RB221,695.0,,,,,695.0,2019,RB,221,Terron Ward,,
812,Robert Kelley,RB222,696.0,,,,,696.0,2019,RB,222,Robert Kelley,,
813,Paul Perkins,RB223,697.0,,,,,697.0,2019,RB,223,Paul Perkins,,
814,Rico Gathers,TE138,698.0,,,,,698.0,2019,TE,138,Rico Gathers,,
815,Christine Michael,RB224,699.0,,,,,699.0,2019,RB,224,Christine Michael,,
816,David Morgan II O,TE139,700.0,,,,,700.0,2019,TE,139,David Morgan II O,,
817,Cameron Batson,WR259,701.0,,,,,701.0,2019,WR,259,Cameron Batson,,
818,Anthony Firkser,TE140,702.0,,,,,702.0,2019,TE,140,Anthony Firkser,,
819,Chris Lacy,WR260,703.0,,,,,703.0,2019,WR,260,Chris Lacy,,
820,Keenan Reynolds,WR261,704.0,,,,,704.0,2019,WR,261,Keenan Reynolds,,
821,Ifeanyi Momah,TE141,705.0,,,,,705.0,2019,TE,141,Ifeanyi Momah,,
822,Jhurell Pressley,RB225,706.0,,,,,706.0,2019,RB,225,Jhurell Pressley,,
823,Jalston Fowler,RB226,707.0,,,,,707.0,2019,RB,226,Jalston Fowler,,
824,Michael Clark,WR262,708.0,,,,,708.0,2019,WR,262,Michael Clark,,
825,Robert Turbin,RB227,709.0,,,,,709.0,2019,RB,227,Robert Turbin,,
826,Branden Oliver,RB228,711.0,,,,,711.0,2019,RB,228,Branden Oliver,,
827,Riley McCarron,WR263,712.0,,,,,712.0,2019,WR,263,Riley McCarron,,
828,Russell Hansbrough,RB229,713.0,,,,,713.0,2019,RB,229,Russell Hansbrough,,
829,Neal Sterling,TE142,714.0,,,,,714.0,2019,TE,142,Neal Sterling,,
830,James Hanna,TE143,715.0,,,,,715.0,2019,TE,143,James Hanna,,
831,Logan Paulsen,TE144,717.0,,,,,717.0,2019,TE,144,Logan Paulsen,,
832,Devon Cajuste,WR264,718.0,,,,,718.0,2019,WR,264,Devon Cajuste,,
833,Brian Parker,TE145,719.0,,,,,719.0,2019,TE,145,Brian Parker,,
834,Johnny Holton,WR265,720.0,,,,,720.0,2019,WR,265,Johnny Holton,,
835,C.J. Fiedorowicz,TE146,721.0,,,,,721.0,2019,TE,146,C.J. Fiedorowicz,,
836,Malcolm Mitchell,WR266,722.0,,,,,722.0,2019,WR,266,Malcolm Mitchell,,
837,Ross Travis,TE147,723.0,,,,,723.0,2019,TE,147,Ross Travis,,
838,Durham Smythe CHI (6),TE148,724.0,,,,,724.0,2019,TE,148,Durham Smythe,CHI,6
839,Marcus Murphy,RB230,725.0,,,,,725.0,2019,RB,230,Marcus Murphy,,
840,Lance Lenoir Jr.,WR267,726.0,,,,,726.0,2019,WR,267,Lance Lenoir Jr.,,
841,Ryan Griffin,QB102,727.0,,,,,727.0,2019,QB,102,Ryan Griffin,,
842,Jonathan Williams,RB231,728.0,,,,,728.0,2019,RB,231,Jonathan Williams,,
843,Kyle Lauletta,QB103,729.0,,,,,729.0,2019,QB,103,Kyle Lauletta,,
844,Stephen Anderson,TE149,730.0,,,,,730.0,2019,TE,149,Stephen Anderson,,
845,Michael Burton DEN (10),RB232,732.0,,,,,732.0,2019,RB,232,Michael Burton,DEN,10
846,Isaiah Ford,WR268,733.0,,,,,733.0,2019,WR,268,Isaiah Ford,,
847,Brandon Allen TEN (11),QB104,734.0,,,,,734.0,2019,QB,104,Brandon Allen,TEN,11
848,Griff Whalen,WR269,735.0,,,,,735.0,2019,WR,269,Griff Whalen,,
849,Deonte Thompson,WR270,736.0,,,,,736.0,2019,WR,270,Deonte Thompson,,
850,Matt Dayes,RB233,738.0,,,,,738.0,2019,RB,233,Matt Dayes,,
851,Penny Hart,WR271,739.0,,,,,739.0,2019,WR,271,Penny Hart,,
852,Keith Ford,RB234,740.0,,,,,740.0,2019,RB,234,Keith Ford,,
853,Jalen Tolliver,WR272,741.0,,,,,741.0,2019,WR,272,Jalen Tolliver,,
854,J'Mon Moore,WR273,742.0,,,,,742.0,2019,WR,273,J'Mon Moore,,
855,Travis Rudolph,WR274,743.0,,,,,743.0,2019,WR,274,Travis Rudolph,,
856,Tyler Ervin,RB235,744.0,,,,,744.0,2019,RB,235,Tyler Ervin,,
857,A.J. Derby,TE150,745.0,,,,,745.0,2019,TE,150,A.J. Derby,,
858,DeAndrew White,WR275,747.0,,,,,747.0,2019,WR,275,DeAndrew White,,
859,Damiere Byrd,WR276,748.0,,,,,748.0,2019,WR,276,Damiere Byrd,,
860,Braedon Bowman,TE151,749.0,,,,,749.0,2019,TE,151,Braedon Bowman,,
861,Sammie Coates,WR277,750.0,,,,,750.0,2019,WR,277,Sammie Coates,,
862,Thomas Duarte,TE152,751.0,,,,,751.0,2019,TE,152,Thomas Duarte,,
863,Charcandrick West,RB236,752.0,,,,,752.0,2019,RB,236,Charcandrick West,,
864,Clayton Thorson,QB105,753.0,,,,,753.0,2019,QB,105,Clayton Thorson,,
865,De'Lance Turner,RB237,755.0,,,,,755.0,2019,RB,237,De'Lance Turner,,
866,Temuchin Hodges,TE153,756.0,,,,,756.0,2019,TE,153,Temuchin Hodges,,
867,Jeremy Langford,RB238,757.0,,,,,757.0,2019,RB,238,Jeremy Langford,,
868,Scotty Miller PIT (7) O,WR278,758.0,,,,,758.0,2019,WR,278,Scotty Miller,PIT,7
869,Aaron Burbridge,WR279,759.0,,,,,759.0,2019,WR,279,Aaron Burbridge,,
870,Logan Woodside CIN (9),QB106,760.0,,,,,760.0,2019,QB,106,Logan Woodside,CIN,9
871,Chad Hansen,WR280,761.0,,,,,761.0,2019,WR,280,Chad Hansen,,
872,Jaelen Strong,WR281,762.0,,,,,762.0,2019,WR,281,Jaelen Strong,,
873,Evan Baylis,TE154,763.0,,,,,763.0,2019,TE,154,Evan Baylis,,
874,Andre Holmes,WR282,764.0,,,,,764.0,2019,WR,282,Andre Holmes,,
875,Bobby Rainey,RB239,765.0,,,,,765.0,2019,RB,239,Bobby Rainey,,
876,Donnie Ernsberger,RB240,766.0,,,,,766.0,2019,RB,240,Donnie Ernsberger,,
877,Vyncint Smith,WR283,767.0,,,,,767.0,2019,WR,283,Vyncint Smith,,
878,Justin Hunter,WR284,768.0,,,,,768.0,2019,WR,284,Justin Hunter,,
879,Sean McGrath,TE155,770.0,,,,,770.0,2019,TE,155,Sean McGrath,,
880,Cody Kessler,QB107,771.0,,,,,771.0,2019,QB,107,Cody Kessler,,
881,Darren Fells,TE156,772.0,,,,,772.0,2019,TE,156,Darren Fells,,
882,T.J. Logan O,RB241,773.0,,,,,773.0,2019,RB,241,T.J. Logan O,,
883,Khari Lee,TE157,774.0,,,,,774.0,2019,TE,157,Khari Lee,,
884,Alan Cross,TE158,775.0,,,,,775.0,2019,TE,158,Alan Cross,,
885,Matt Flanagan,TE159,776.0,,,,,776.0,2019,TE,159,Matt Flanagan,,
886,Tommylee Lewis,WR285,777.0,,,,,777.0,2019,WR,285,Tommylee Lewis,,
887,Alex Ellis,TE160,778.0,,,,,778.0,2019,TE,160,Alex Ellis,,
888,Clive Walford,TE161,779.0,,,,,779.0,2019,TE,161,Clive Walford,,
889,Terrance West,RB242,780.0,,,,,780.0,2019,RB,242,Terrance West,,
890,Ben Koyack,TE162,781.0,,,,,781.0,2019,TE,162,Ben Koyack,,
891,Kahale Warring,TE163,782.0,,,,,782.0,2019,TE,163,Kahale Warring,,
892,Jared Abbrederis,WR286,783.0,,,,,783.0,2019,WR,286,Jared Abbrederis,,
893,MyCole Pruitt,TE164,784.0,,,,,784.0,2019,TE,164,MyCole Pruitt,,
894,Jay Prosch,RB243,785.0,,,,,785.0,2019,RB,243,Jay Prosch,,
895,Ryan Grant,WR287,786.0,,,,,786.0,2019,WR,287,Ryan Grant,,
896,Malachi Dupre,WR288,787.0,,,,,787.0,2019,WR,288,Malachi Dupre,,
897,Cole Wick,TE165,788.0,,,,,788.0,2019,TE,165,Cole Wick,,
898,Erik Swoope,TE166,789.0,,,,,789.0,2019,TE,166,Erik Swoope,,
899,Daniel Lasco,RB244,790.0,,,,,790.0,2019,RB,244,Daniel Lasco,,
900,Trevone Boykin,QB108,791.0,,,,,791.0,2019,QB,108,Trevone Boykin,,
901,Robert Davis,WR289,792.0,,,,,792.0,2019,WR,289,Robert Davis,,
902,Cole Hikutini,TE167,794.0,,,,,794.0,2019,TE,167,Cole Hikutini,,
903,Orson Charles,TE168,795.0,,,,,795.0,2019,TE,168,Orson Charles,,
904,Kalif Raymond DET (5),WR290,796.0,,,,,796.0,2019,WR,290,Kalif Raymond,DET,5
905,Brandon Williams,TE169,797.0,,,,,797.0,2019,TE,169,Brandon Williams,,
906,Tanner McEvoy,WR291,798.0,,,,,798.0,2019,WR,291,Tanner McEvoy,,
907,Randall Telfer,TE170,799.0,,,,,799.0,2019,TE,170,Randall Telfer,,
908,Mike Gillislee,RB245,800.0,,,,,800.0,2019,RB,245,Mike Gillislee,,
909,Moritz Bohringer,WR292,801.0,,,,,801.0,2019,WR,292,Moritz Bohringer,,
910,Marvin Hall,WR293,802.0,,,,,802.0,2019,WR,293,Marvin Hall,,
911,Leonte Carroo,WR294,803.0,,,,,803.0,2019,WR,294,Leonte Carroo,,
912,Jeremy Kerley,WR295,804.0,,,,,804.0,2019,WR,295,Jeremy Kerley,,
913,Jason Croom,TE171,805.0,,,,,805.0,2019,TE,171,Jason Croom,,
914,Brendan Langley,CB2,806.0,,,,,806.0,2019,CB,2,Brendan Langley,,
915,Alex McGough,QB109,807.0,,,,,807.0,2019,QB,109,Alex McGough,,
916,Taylor Heinicke LAC (12),QB110,808.0,,,,,808.0,2019,QB,110,Taylor Heinicke,LAC,12
917,Senorise Perry,RB246,809.0,,,,,809.0,2019,RB,246,Senorise Perry,,
918,Antony Auclair O,TE172,810.0,,,,,810.0,2019,TE,172,Antony Auclair O,,
919,Ed Eagan,WR296,811.0,,,,,811.0,2019,WR,296,Ed Eagan,,
920,Austin Traylor,TE173,813.0,,,,,813.0,2019,TE,173,Austin Traylor,,
921,Bruce Ellington,WR297,814.0,,,,,814.0,2019,WR,297,Bruce Ellington,,
922,MarQueis Gray,TE174,815.0,,,,,815.0,2019,TE,174,MarQueis Gray,,
923,Jeremy McNichols WAS (10),RB247,816.0,,,,,816.0,2019,RB,247,Jeremy McNichols,WAS,10
924,David Grinnage,TE175,817.0,,,,,817.0,2019,TE,175,David Grinnage,,
925,Jawill Davis,WR298,818.0,,,,,818.0,2019,WR,298,Jawill Davis,,
926,Dillon Mitchell,WR299,819.0,,,,,819.0,2019,WR,299,Dillon Mitchell,,
927,Beau Sandland,TE176,820.0,,,,,820.0,2019,TE,176,Beau Sandland,,
928,Emanuel Hall,WR300,821.0,,,,,821.0,2019,WR,300,Emanuel Hall,,
929,Brandon Coleman,WR301,822.0,,,,,822.0,2019,WR,301,Brandon Coleman,,
930,Darrell Daniels,TE177,823.0,,,,,823.0,2019,TE,177,Darrell Daniels,,
931,Carlos Henderson,WR302,824.0,,,,,824.0,2019,WR,302,Carlos Henderson,,
932,Quan Bray,WR303,825.0,,,,,825.0,2019,WR,303,Quan Bray,,
933,Travis Fulgham,WR304,826.0,,,,,826.0,2019,WR,304,Travis Fulgham,,
934,Jake Rudock,QB111,827.0,,,,,827.0,2019,QB,111,Jake Rudock,,
935,Vince Mayle,WR305,829.0,,,,,829.0,2019,WR,305,Vince Mayle,,
936,Rod Streater,WR306,830.0,,,,,830.0,2019,WR,306,Rod Streater,,
937,ArDarius Stewart,WR307,831.0,,,,,831.0,2019,WR,307,ArDarius Stewart,,
938,Kenjon Barner,RB248,832.0,,,,,832.0,2019,RB,248,Kenjon Barner,,
939,Will Tye,TE178,833.0,,,,,833.0,2019,TE,178,Will Tye,,
940,Johnny Mundt JAC (10),TE179,834.0,,,,,834.0,2019,TE,179,Johnny Mundt,JAC,10
941,Luke Falk,QB112,835.0,,,,,835.0,2019,QB,112,Luke Falk,,
942,Keith Marshall,RB249,836.0,,,,,836.0,2019,RB,249,Keith Marshall,,
943,Michael Roberts,TE180,837.0,,,,,837.0,2019,TE,180,Michael Roberts,,
944,Tanner Gentry,WR308,838.0,,,,,838.0,2019,WR,308,Tanner Gentry,,
945,Darius Powe,WR309,839.0,,,,,839.0,2019,WR,309,Darius Powe,,
946,Ross Dwelley SF (4),TE181,840.0,,,,,840.0,2019,TE,181,Ross Dwelley,SF,4
947,Austin Proehl,WR310,842.0,,,,,842.0,2019,WR,310,Austin Proehl,,
948,Simmie Cobbs Jr.,WR311,843.0,,,,,843.0,2019,WR,311,Simmie Cobbs Jr.,,
949,Brad Kaaya,QB113,844.0,,,,,844.0,2019,QB,113,Brad Kaaya,,
950,Kevin Hogan,QB114,845.0,,,,,845.0,2019,QB,114,Kevin Hogan,,
951,Kenneth Farrow,RB250,846.0,,,,,846.0,2019,RB,250,Kenneth Farrow,,
952,Bennie Fowler III,WR312,847.0,,,,,847.0,2019,WR,312,Bennie Fowler III,,
953,Tanner Lee,QB115,848.0,,,,,848.0,2019,QB,115,Tanner Lee,,
954,Jace Billingsley,WR313,849.0,,,,,849.0,2019,WR,313,Jace Billingsley,,
955,Austin Roberts,TE182,850.0,,,,,850.0,2019,TE,182,Austin Roberts,,
956,Devante Mays,RB251,851.0,,,,,851.0,2019,RB,251,Devante Mays,,
957,Kaelin Clay,WR314,852.0,,,,,852.0,2019,WR,314,Kaelin Clay,,
958,Carlton Agudosi,WR315,853.0,,,,,853.0,2019,WR,315,Carlton Agudosi,,
959,Troy Niklas,TE183,854.0,,,,,854.0,2019,TE,183,Troy Niklas,,
960,Lance Dunbar,RB252,855.0,,,,,855.0,2019,RB,252,Lance Dunbar,,
961,Rashad Greene,WR316,856.0,,,,,856.0,2019,WR,316,Rashad Greene,,
962,Anthony Dable,WR317,857.0,,,,,857.0,2019,WR,317,Anthony Dable,,
963,Markus Wheaton,WR318,858.0,,,,,858.0,2019,WR,318,Markus Wheaton,,
964,Derek Anderson,QB116,859.0,,,,,859.0,2019,QB,116,Derek Anderson,,
965,Tre McBride III,WR319,860.0,,,,,860.0,2019,WR,319,Tre McBride III,,
966,James Wright,WR320,861.0,,,,,861.0,2019,WR,320,James Wright,,
967,Janarion Grant,WR321,862.0,,,,,862.0,2019,WR,321,Janarion Grant,,
968,Jordan Franks,TE184,863.0,,,,,863.0,2019,TE,184,Jordan Franks,,
969,Hakeem Valles,TE185,864.0,,,,,864.0,2019,TE,185,Hakeem Valles,,
970,Matt Lengel,TE186,865.0,,,,,865.0,2019,TE,186,Matt Lengel,,
971,Tavarres King,WR322,866.0,,,,,866.0,2019,WR,322,Tavarres King,,
972,Bryce Petty,QB117,868.0,,,,,868.0,2019,QB,117,Bryce Petty,,
973,Cam Phillips,WR323,869.0,,,,,869.0,2019,WR,323,Cam Phillips,,
974,Artavis Scott,WR324,871.0,,,,,871.0,2019,WR,324,Artavis Scott,,
975,Charles Sims,RB253,872.0,,,,,872.0,2019,RB,253,Charles Sims,,
976,Arrelious Benn,WR325,874.0,,,,,874.0,2019,WR,325,Arrelious Benn,,
977,Devin Lucien,WR326,875.0,,,,,875.0,2019,WR,326,Devin Lucien,,
978,Brett Rypien MIN (12),QB118,876.0,,,,,876.0,2019,QB,118,Brett Rypien,MIN,12
979,Brandon Doughty,QB119,877.0,,,,,877.0,2019,QB,119,Brandon Doughty,,
980,Nelson Spruce,WR327,878.0,,,,,878.0,2019,WR,327,Nelson Spruce,,
981,C.J. Board,WR328,879.0,,,,,879.0,2019,WR,328,C.J. Board,,
982,Marquez North,WR329,881.0,,,,,881.0,2019,WR,329,Marquez North,,
983,Mitch Mathews,WR330,882.0,,,,,882.0,2019,WR,330,Mitch Mathews,,
984,Rashawn Scott,WR331,883.0,,,,,883.0,2019,WR,331,Rashawn Scott,,
985,Brenton Bersin,WR332,884.0,,,,,884.0,2019,WR,332,Brenton Bersin,,
986,Ishmael Zamora,WR333,885.0,,,,,885.0,2019,WR,333,Ishmael Zamora,,
987,Keyarris Garrett,WR334,886.0,,,,,886.0,2019,WR,334,Keyarris Garrett,,
988,Shelton Gibson,WR335,887.0,,,,,887.0,2019,WR,335,Shelton Gibson,,
989,Roger Lewis,WR336,888.0,,,,,888.0,2019,WR,336,Roger Lewis,,
990,Travaris Cadet,RB254,889.0,,,,,889.0,2019,RB,254,Travaris Cadet,,
991,Tim White,WR337,890.0,,,,,890.0,2019,WR,337,Tim White,,
992,David Fales,QB120,891.0,,,,,891.0,2019,QB,120,David Fales,,
993,Jordan Payton,WR338,892.0,,,,,892.0,2019,WR,338,Jordan Payton,,
994,Mose Frazier,WR339,893.0,,,,,893.0,2019,WR,339,Mose Frazier,,
995,Wendall Williams,WR340,894.0,,,,,894.0,2019,WR,340,Wendall Williams,,
996,Amara Darboh,WR341,895.0,,,,,895.0,2019,WR,341,Amara Darboh,,
997,Russell Gage Jr. SF (4),WR342,896.0,,,,,896.0,2019,WR,342,Russell Gage Jr.,SF,4
998,Krishawn Hogan,WR343,897.0,,,,,897.0,2019,WR,343,Krishawn Hogan,,
999,Paul Turner,WR344,898.0,,,,,898.0,2019,WR,344,Paul Turner,,
1000,Victor Bolden Jr.,WR345,899.0,,,,,899.0,2019,WR,345,Victor Bolden Jr.,,
1001,Michael Campanaro,WR346,900.0,,,,,900.0,2019,WR,346,Michael Campanaro,,
1002,Jester Weah,WR347,901.0,,,,,901.0,2019,WR,347,Jester Weah,,
1003,Jordan Akins,TE187,902.0,,,,,902.0,2019,TE,187,Jordan Akins,,
1004,Antoine Wesley,WR348,903.0,,,,,903.0,2019,WR,348,Antoine Wesley,,
1005,Kolby Listenbee,WR349,904.0,,,,,904.0,2019,WR,349,Kolby Listenbee,,
1006,Bryce Treggs,WR350,905.0,,,,,905.0,2019,WR,350,Bryce Treggs,,
1007,Jalin Marshall,WR351,906.0,,,,,906.0,2019,WR,351,Jalin Marshall,,
1008,Matt Hazel,WR352,907.0,,,,,907.0,2019,WR,352,Matt Hazel,,
1009,Cobi Hamilton,WR353,908.0,,,,,908.0,2019,WR,353,Cobi Hamilton,,
1010,Daniel Braverman,WR354,909.0,,,,,909.0,2019,WR,354,Daniel Braverman,,
1011,Dom Williams,WR355,910.0,,,,,910.0,2019,WR,355,Dom Williams,,
1012,Stacy Coley,WR356,911.0,,,,,911.0,2019,WR,356,Stacy Coley,,
1013,Brian Quick,WR357,912.0,,,,,912.0,2019,WR,357,Brian Quick,,
1014,Demarcus Ayers,WR358,913.0,,,,,913.0,2019,WR,358,Demarcus Ayers,,
1015,Bradley Marquez,WR359,914.0,,,,,914.0,2019,WR,359,Bradley Marquez,,
1016,Jeff Driskel O,QB121,915.0,,,,,915.0,2019,QB,121,Jeff Driskel O,,
1017,Rashad Ross,WR360,916.0,,,,,916.0,2019,WR,360,Rashad Ross,,
1018,DeAngelo Yancey,WR361,917.0,,,,,917.0,2019,WR,361,DeAngelo Yancey,,
1019,Davis Webb,QB122,918.0,,,,,918.0,2019,QB,122,Davis Webb,,
1020,Bernard Reedy,WR362,919.0,,,,,919.0,2019,WR,362,Bernard Reedy,,
1021,Darvin Kidsy,WR363,920.0,,,,,920.0,2019,WR,363,Darvin Kidsy,,
1022,Kasen Williams,WR364,922.0,,,,,922.0,2019,WR,364,Kasen Williams,,
1023,Jordan Leslie,WR365,923.0,,,,,923.0,2019,WR,365,Jordan Leslie,,
1024,Joe Callahan,QB123,924.0,,,,,924.0,2019,QB,123,Joe Callahan,,
1025,Kenny Lawler,WR366,925.0,,,,,925.0,2019,WR,366,Kenny Lawler,,
1026,Freddie Martino,WR367,926.0,,,,,926.0,2019,WR,367,Freddie Martino,,
1027,Xavier Rush,WR368,927.0,,,,,927.0,2019,WR,368,Xavier Rush,,
1028,Jeff Janis,WR369,928.0,,,,,928.0,2019,WR,369,Jeff Janis,,
1029,Paul McRoberts,WR370,929.0,,,,,929.0,2019,WR,370,Paul McRoberts,,
1030,Josh Ferguson,RB255,930.0,,,,,930.0,2019,RB,255,Josh Ferguson,,
1031,Darrius Shepherd,WR371,931.0,,,,,931.0,2019,WR,371,Darrius Shepherd,,
1032,Cody Latimer,WR372,932.0,,,,,932.0,2019,WR,372,Cody Latimer,,
1033,Garrett Grayson,QB124,933.0,,,,,933.0,2019,QB,124,Garrett Grayson,,
1034,Tyler Kroft,TE188,935.0,,,,,935.0,2019,TE,188,Tyler Kroft,,
1035,Josh McCown,QB125,936.0,,,,,936.0,2019,QB,125,Josh McCown,,
1036,Allen Hurns,WR373,944.0,,,,,944.0,2019,WR,373,Allen Hurns,,
1037,Colt McCoy,QB126,945.0,,,,,945.0,2019,QB,126,Colt McCoy,,
1038,Gary Jennings Jr. O,WR374,946.0,,,,,946.0,2019,WR,374,Gary Jennings Jr. O,,
1039,Karan Higdon,RB256,953.0,,,,,953.0,2019,RB,256,Karan Higdon,,
1040,Thomas Rawls,RB257,956.0,,,,,956.0,2019,RB,257,Thomas Rawls,,
1041,Buddy Howell,RB258,961.0,,,,,961.0,2019,RB,258,Buddy Howell,,
1042,Nick Mullens JAC (10),QB127,962.0,,,,,962.0,2019,QB,127,Nick Mullens,JAC,10
1043,Rod Smith,RB259,963.0,,,,,963.0,2019,RB,259,Rod Smith,,
1044,Raheem Mostert LV (),RB260,973.0,,,,,973.0,2019,RB,260,Raheem Mostert LV (),,
1045,Trenton Cannon,RB261,975.0,,,,,975.0,2019,RB,261,Trenton Cannon,,
1046,Dawson Knox BUF (6),TE189,979.0,,,,,979.0,2019,TE,189,Dawson Knox,BUF,6
1047,Trent Taylor SF (4) O,WR375,1000.0,,,,,1000.0,2019,WR,375,Trent Taylor,SF,4
1,Christian McCaffrey SF (11),RB1,1.0,,,1.0,,1.0,2020,RB,1,Christian McCaffrey,SF,11
2,Saquon Barkley PHI (9) O,RB2,2.0,,,2.0,,2.0,2020,RB,2,Saquon Barkley,PHI,9
3,Ezekiel Elliott,RB3,3.0,,,3.0,,3.0,2020,RB,3,Ezekiel Elliott,,
4,Dalvin Cook,RB4,4.0,,,4.0,,4.8,2020,RB,4,Dalvin Cook,,
5,Michael Thomas,WR1,6.0,,,6.0,,5.0,2020,WR,1,Michael Thomas,,
6,Alvin Kamara NO (6),RB5,5.0,,,5.0,,5.3,2020,RB,5,Alvin Kamara,NO,6
7,Derrick Henry BAL (7),RB6,7.0,,,7.0,,7.3,2020,RB,6,Derrick Henry,BAL,7
8,Davante Adams LAR (9),WR2,14.0,,,13.0,,11.3,2020,WR,2,Davante Adams,LAR,9
9,Josh Jacobs GB (5),RB7,9.0,,,12.0,,12.0,2020,RB,7,Josh Jacobs,GB,5
10,Joe Mixon HOU (8),RB8,22.0,,,9.0,,12.8,2020,RB,8,Joe Mixon,HOU,8
11,Clyde Edwards-Helaire NO (6),RB9,8.0,,,8.0,,14.0,2020,RB,9,Clyde Edwards-Helaire,NO,6
12,Miles Sanders DAL (10),RB10,12.0,,,10.0,,14.0,2020,RB,10,Miles Sanders,DAL,10
13,Austin Ekeler WAS (8),RB11,21.0,,,11.0,,14.3,2020,RB,11,Austin Ekeler,WAS,8
14,Tyreek Hill MIA (7),WR3,13.0,,,17.0,,14.8,2020,WR,3,Tyreek Hill,MIA,7
15,Nick Chubb,RB12,10.0,,,18.0,,15.0,2020,RB,12,Nick Chubb,,
16,Kenyan Drake,RB13,16.0,,,14.0,,15.0,2020,RB,13,Kenyan Drake,,
17,Julio Jones,WR4,15.0,,,20.0,,15.3,2020,WR,4,Julio Jones,,
18,DeAndre Hopkins BAL (7),WR5,19.0,,,15.0,,15.5,2020,WR,5,DeAndre Hopkins,BAL,7
19,Aaron Jones Sr. MIN (7),RB14,18.0,,,16.0,,18.3,2020,RB,14,Aaron Jones Sr.,MIN,7
20,Travis Kelce KC (10),TE1,20.0,,,19.0,,18.8,2020,TE,1,Travis Kelce,KC,10
21,Patrick Mahomes II KC (10),QB1,11.0,,,22.0,,20.0,2020,QB,1,Patrick Mahomes II,KC,10
22,Chris Godwin TB (13),WR6,24.0,,,23.0,,20.8,2020,WR,6,Chris Godwin,TB,13
23,Lamar Jackson BAL (7),QB2,17.0,,,21.0,,21.0,2020,QB,2,Lamar Jackson,BAL,7
24,George Kittle SF (11),TE2,23.0,,,25.0,,23.3,2020,TE,2,George Kittle,SF,11
25,Kenny Golladay,WR7,27.0,,,27.0,,26.0,2020,WR,7,Kenny Golladay,,
26,Mike Evans TB (13),WR8,25.0,,,31.0,,27.0,2020,WR,8,Mike Evans,TB,13
27,Chris Carson,RB15,31.0,,,24.0,,30.3,2020,RB,15,Chris Carson,,
28,DJ Moore CHI (11),WR9,29.0,,,30.0,,30.3,2020,WR,9,DJ Moore,CHI,11
29,Todd Gurley II,RB16,32.0,,,28.0,,30.8,2020,RB,16,Todd Gurley II,,
30,Allen Robinson II,WR10,34.0,,,35.0,,32.0,2020,WR,10,Allen Robinson II,,
31,Odell Beckham Jr. O,WR11,33.0,,,34.0,,32.0,2020,WR,11,Odell Beckham Jr. O,,
32,Adam Thielen CAR (13),WR12,26.0,,,36.0,,32.3,2020,WR,12,Adam Thielen,CAR,13
33,JuJu Smith-Schuster KC (10),WR13,30.0,,,40.0,,33.8,2020,WR,13,JuJu Smith-Schuster,KC,10
34,James Conner ARI (8),RB17,41.0,,,26.0,,34.8,2020,RB,17,James Conner,ARI,8
35,Amari Cooper,WR14,28.0,,,43.0,,35.3,2020,WR,14,Amari Cooper,,
36,David Johnson,RB18,37.0,,,29.0,,35.3,2020,RB,18,David Johnson,,
37,Le'Veon Bell,RB19,46.0,,,32.0,,37.8,2020,RB,19,Le'Veon Bell,,
38,Cooper Kupp SEA (6),WR15,43.0,,,33.0,,38.0,2020,WR,15,Cooper Kupp,SEA,6
39,Melvin Gordon III,RB20,48.0,,,37.0,,40.5,2020,RB,20,Melvin Gordon III,,
40,Zach Ertz WAS (8),TE3,38.0,,,45.0,,42.0,2020,TE,3,Zach Ertz,WAS,8
41,Mark Andrews BAL (7),TE4,36.0,,,46.0,,42.3,2020,TE,4,Mark Andrews,BAL,7
42,A.J. Brown PHI (9),WR16,44.0,,,42.0,,42.3,2020,WR,16,A.J. Brown,PHI,9
43,Jonathan Taylor IND (7),RB21,51.0,,,38.0,,42.8,2020,RB,21,Jonathan Taylor,IND,7
44,Calvin Ridley TEN (4),WR17,40.0,,,49.0,,43.0,2020,WR,17,Calvin Ridley,TEN,4
45,Robert Woods PIT (4),WR18,45.0,,,51.0,,46.0,2020,WR,18,Robert Woods,PIT,4
46,Courtland Sutton DEN (5) O,WR19,39.0,,,48.0,,46.5,2020,WR,19,Courtland Sutton,DEN,5
47,Keenan Allen,WR20,52.0,,,54.0,,50.5,2020,WR,20,Keenan Allen,,
48,Tyler Lockett TEN (4),WR21,42.0,,,64.0,,51.0,2020,WR,21,Tyler Lockett,TEN,4
49,DK Metcalf PIT (4),WR22,54.0,,,47.0,,51.3,2020,WR,22,DK Metcalf,PIT,4
50,Devin Singletary NYG (11),RB22,66.0,,,41.0,,53.8,2020,RB,22,Devin Singletary,NYG,11
51,Dak Prescott DAL (10) O,QB3,49.0,,,55.0,,53.8,2020,QB,3,Dak Prescott,DAL,10
52,DJ Chark Jr.,WR23,60.0,,,57.0,,54.3,2020,WR,23,DJ Chark Jr.,,
53,Raheem Mostert LV (6) O,RB23,65.0,,,39.0,,54.8,2020,RB,23,Raheem Mostert,LV,6
54,Cam Akers,RB24,56.0,,,44.0,,54.8,2020,RB,24,Cam Akers,,
55,Mark Ingram II,RB25,64.0,,,52.0,,55.0,2020,RB,25,Mark Ingram II,,
56,Terry McLaurin WAS (8),WR24,57.0,,,60.0,,56.8,2020,WR,24,Terry McLaurin,WAS,8
57,T.Y. Hilton,WR25,55.0,,,63.0,,57.0,2020,WR,25,T.Y. Hilton,,
58,Darren Waller,TE5,53.0,,,61.0,,57.3,2020,TE,5,Darren Waller,,
59,Kareem Hunt KC (10),RB26,58.0,,,53.0,,58.0,2020,RB,26,Kareem Hunt,KC,10
60,Kyler Murray ARI (8),QB4,50.0,,,59.0,,58.5,2020,QB,4,Kyler Murray,ARI,8
61,Deshaun Watson CLE (9),QB5,35.0,,,67.0,,59.0,2020,QB,5,Deshaun Watson,CLE,9
62,Leonard Fournette,RB27,68.0,,,50.0,,59.3,2020,RB,27,Leonard Fournette,,
63,Russell Wilson NYG (11),QB6,47.0,,,65.0,,59.5,2020,QB,6,Russell Wilson,NYG,11
64,DeVante Parker,WR26,71.0,,,62.0,,62.3,2020,WR,26,DeVante Parker,,
65,Stefon Diggs NE (5),WR27,63.0,,,69.0,,63.0,2020,WR,27,Stefon Diggs,NE,5
66,David Montgomery DET (5),RB28,73.0,,,58.0,,63.8,2020,RB,28,David Montgomery,DET,5
67,D'Andre Swift CHI (11),RB29,69.0,,,66.0,,65.8,2020,RB,29,D'Andre Swift,CHI,11
68,Marquise Brown KC (10),WR28,75.0,,,68.0,,69.8,2020,WR,28,Marquise Brown,KC,10
69,A.J. Green,WR29,70.0,,,79.0,,70.0,2020,WR,29,A.J. Green,,
70,Jarvis Landry,WR30,59.0,,,80.0,,73.0,2020,WR,30,Jarvis Landry,,
71,Evan Engram DEN (5),TE6,62.0,,,77.0,,73.5,2020,TE,6,Evan Engram,DEN,5
72,Tyler Boyd,WR31,78.0,,,70.0,,73.8,2020,WR,31,Tyler Boyd,,
73,Michael Gallup WAS (8),WR32,72.0,,,78.0,,74.8,2020,WR,32,Michael Gallup,WAS,8
74,William Fuller V O,WR33,80.0,,,72.0,,75.5,2020,WR,33,William Fuller V O,,
75,Julian Edelman,WR34,79.0,,,75.0,,76.0,2020,WR,34,Julian Edelman,,
76,Rob Gronkowski,TE7,67.0,,,81.0,,78.8,2020,TE,7,Rob Gronkowski,,
77,James White,RB30,101.0,,,71.0,,80.8,2020,RB,30,James White,,
78,Tom Brady,QB7,61.0,,,82.0,,81.5,2020,QB,7,Tom Brady,,
79,Tyler Higbee LAR (9),TE8,74.0,,,89.0,,83.5,2020,TE,8,Tyler Higbee,LAR,9
80,Drew Brees,QB8,76.0,,,97.0,,83.8,2020,QB,8,Drew Brees,,
81,Matt Ryan,QB9,82.0,,,87.0,,84.8,2020,QB,9,Matt Ryan,,
82,Deebo Samuel Sr. WAS (8),WR35,85.0,,,93.0,,85.3,2020,WR,35,Deebo Samuel Sr.,WAS,8
83,J.K. Dobbins,RB31,99.0,,,73.0,,85.8,2020,RB,31,J.K. Dobbins,,
84,Hunter Henry NE (5),TE9,91.0,,,86.0,,86.5,2020,TE,9,Hunter Henry,NE,5
85,Tarik Cohen O,RB32,87.0,,,76.0,,86.5,2020,RB,32,Tarik Cohen O,,
86,Brandin Cooks NO (6),WR36,92.0,,,91.0,,87.5,2020,WR,36,Brandin Cooks,NO,6
87,Ronald Jones II,RB33,97.0,,,94.0,,88.5,2020,RB,33,Ronald Jones II,,
88,Phillip Lindsay,RB34,94.0,,,85.0,,88.8,2020,RB,34,Phillip Lindsay,,
89,Marvin Jones Jr.,WR37,88.0,,,90.0,,90.0,2020,WR,37,Marvin Jones Jr.,,
90,Jordan Howard,RB35,103.0,,,74.0,,91.3,2020,RB,35,Jordan Howard,,
91,Josh Allen BUF (11),QB10,98.0,,,99.0,,93.8,2020,QB,10,Josh Allen,BUF,11
92,Aaron Rodgers,QB11,93.0,,,109.0,,97.5,2020,QB,11,Aaron Rodgers,,
93,Marlon Mack O,RB36,130.0,,,83.0,,99.3,2020,RB,36,Marlon Mack O,,
94,Kerryon Johnson,RB37,96.0,,,108.0,,99.8,2020,RB,37,Kerryon Johnson,,
95,Matt Breida,RB38,114.0,,,100.0,,100.5,2020,RB,38,Matt Breida,,
96,Diontae Johnson CLE (9),WR38,102.0,,,92.0,,100.5,2020,WR,38,Diontae Johnson,CLE,9
97,Antonio Gibson NE (5),RB39,77.0,,,56.0,,101.0,2020,RB,39,Antonio Gibson,NE,5
98,Christian Kirk HOU (8),WR39,112.0,,,95.0,,102.5,2020,WR,39,Christian Kirk,HOU,8
99,Zack Moss CIN (9) O,RB40,109.0,,,84.0,,103.5,2020,RB,40,Zack Moss,CIN,9
100,CeeDee Lamb DAL (10),WR40,113.0,,,101.0,,104.5,2020,WR,40,CeeDee Lamb,DAL,10
101,Jamison Crowder,WR41,110.0,,,111.0,,104.8,2020,WR,41,Jamison Crowder,,
102,Carson Wentz,QB12,104.0,,,105.0,,105.3,2020,QB,12,Carson Wentz,,
103,Jared Cook,TE10,86.0,,,123.0,,105.5,2020,TE,10,Jared Cook,,
104,Sterling Shepard TB (13),WR42,95.0,,,117.0,,105.5,2020,WR,42,Sterling Shepard,TB,13
105,Hayden Hurst,TE11,115.0,,,96.0,,106.3,2020,TE,11,Hayden Hurst,,
106,Emmanuel Sanders,WR43,116.0,,,104.0,,106.5,2020,WR,43,Emmanuel Sanders,,
108,Latavius Murray,RB41,131.0,,,88.0,,107.5,2020,RB,41,Latavius Murray,,
109,Matthew Stafford LAR (9),QB13,117.0,,,107.0,,110.5,2020,QB,13,Matthew Stafford,LAR,9
110,Sony Michel,RB42,148.0,,,98.0,,112.3,2020,RB,42,Sony Michel,,
111,Tevin Coleman,RB43,127.0,,,106.0,,113.5,2020,RB,43,Tevin Coleman,,
112,Jerry Jeudy CLE (9),WR44,118.0,,,118.0,,114.8,2020,WR,44,Jerry Jeudy,CLE,9
113,Darius Slayton NYG (11),WR45,129.0,,,113.0,,115.0,2020,WR,45,Darius Slayton,NYG,11
114,Noah Fant SEA (6),TE12,108.0,,,115.0,,115.0,2020,TE,12,Noah Fant,SEA,6
116,Henry Ruggs III,WR46,111.0,,,119.0,,116.5,2020,WR,46,Henry Ruggs III,,
117,John Brown,WR47,126.0,,,102.0,,117.0,2020,WR,47,John Brown,,
118,Alexander Mattison MIA (7),RB44,135.0,,,121.0,,121.8,2020,RB,44,Alexander Mattison,MIA,7
119,Austin Hooper NE (5),TE13,136.0,,,124.0,,122.0,2020,TE,13,Austin Hooper,NE,5
121,Justin Jefferson MIN (7),WR48,145.0,,,114.0,,125.0,2020,WR,48,Justin Jefferson,MIN,7
122,Preston Williams,WR49,121.0,,,132.0,,128.3,2020,WR,49,Preston Williams,,
124,Darrell Henderson Jr.,RB45,124.0,,,150.0,,128.8,2020,RB,45,Darrell Henderson Jr.,,
125,Daniel Jones IND (7),QB14,141.0,,,127.0,,131.3,2020,QB,14,Daniel Jones,IND,7
126,Duke Johnson Jr.,RB46,138.0,,,128.0,,131.5,2020,RB,46,Duke Johnson Jr.,,
127,Mecole Hardman Jr. GB (5),WR50,139.0,,,134.0,,133.0,2020,WR,50,Mecole Hardman Jr.,GB,5
128,Ben Roethlisberger,QB15,142.0,,,130.0,,133.8,2020,QB,15,Ben Roethlisberger,,
129,Justin Tucker,K1,90.0,,,135.0,,134.0,2020,K,1,Justin Tucker,,
130,T.J. Hockenson MIN (7),TE14,125.0,,,137.0,,134.8,2020,TE,14,T.J. Hockenson,MIN,7
131,Boston Scott,RB47,169.0,,,116.0,,135.0,2020,RB,47,Boston Scott,,
132,Harrison Butker KC (10),K2,89.0,,,141.0,,135.8,2020,K,2,Harrison Butker,KC,10
133,Tony Pollard TEN (4),RB48,154.0,,,131.0,,136.5,2020,RB,48,Tony Pollard,TEN,4
134,Golden Tate,WR51,122.0,,,156.0,,137.3,2020,WR,51,Golden Tate,,
135,Robbie Chosen,WR52,128.0,,,129.0,,138.8,2020,WR,52,Robbie Chosen,,
136,Anthony Miller BAL (7),WR53,162.0,,,146.0,,139.3,2020,WR,53,Anthony Miller,BAL,7
137,Mike Gesicki CIN (9),TE15,143.0,,,140.0,,139.3,2020,TE,15,Mike Gesicki,CIN,9
138,Chase Edmonds,RB49,164.0,,,126.0,,139.8,2020,RB,49,Chase Edmonds,,
139,DeSean Jackson,WR54,137.0,,,147.0,,141.5,2020,WR,54,DeSean Jackson,,
141,Jared Goff DET (5),QB16,153.0,,,136.0,,143.5,2020,QB,16,Jared Goff,DET,5
143,Baker Mayfield TB (13),QB17,165.0,,,145.0,,148.3,2020,QB,17,Baker Mayfield,TB,13
144,Wil Lutz DEN (5),K3,105.0,,,152.0,,149.0,2020,K,3,Wil Lutz,DEN,5
145,Nyheim Hines,RB50,170.0,,,142.0,,149.5,2020,RB,50,Nyheim Hines,,
146,Joe Burrow CIN (9) O,QB18,146.0,,,166.0,,149.5,2020,QB,18,Joe Burrow,CIN,9
147,Mike Williams LAC (6),WR55,149.0,,,164.0,,149.8,2020,WR,55,Mike Williams,LAC,6
148,Sammy Watkins,WR56,156.0,,,177.0,,153.5,2020,WR,56,Sammy Watkins,,
149,Ryquell Armstead O,RB51,202.0,,,103.0,,156.8,2020,RB,51,Ryquell Armstead O,,
150,Ryan Tannehill,QB19,163.0,,,165.0,,157.5,2020,QB,19,Ryan Tannehill,,
151,Cam Newton,QB20,106.0,,,133.0,,159.5,2020,QB,20,Cam Newton,,
153,Jonnu Smith MIA (7),TE16,185.0,,,154.0,,160.3,2020,TE,16,Jonnu Smith,MIA,7
154,Jalen Reagor LAC (6),WR57,198.0,,,172.0,,160.5,2020,WR,57,Jalen Reagor,LAC,6
155,Greg Zuerlein,K4,132.0,,,160.0,,161.5,2020,K,4,Greg Zuerlein,,
156,Jack Doyle,TE17,166.0,,,161.0,,161.5,2020,TE,17,Jack Doyle,,
157,Chris Herndon IV,TE18,159.0,,,153.0,,161.8,2020,TE,18,Chris Herndon IV,,
158,N'Keal Harry,WR58,147.0,,,187.0,,163.3,2020,WR,58,N'Keal Harry,,
159,Jimmy Garoppolo LAR (9) O,QB21,152.0,,,169.0,,163.5,2020,QB,21,Jimmy Garoppolo,LAR,9
160,Allen Lazard NYJ (10),WR59,183.0,,,163.0,,165.3,2020,WR,59,Allen Lazard,NYJ,10
161,Blake Jarwin O,TE19,184.0,,,158.0,,165.5,2020,TE,19,Blake Jarwin O,,
162,Breshad Perriman,WR60,151.0,,,193.0,,166.8,2020,WR,60,Breshad Perriman,,
163,Brandon Aiyuk SF (11),WR61,192.0,,,148.0,,167.5,2020,WR,61,Brandon Aiyuk,SF,11
164,Michael Pittman Jr. IND (7),WR62,205.0,,,157.0,,168.0,2020,WR,62,Michael Pittman Jr.,IND,7
165,Justin Jackson,RB52,188.0,,,159.0,,168.3,2020,RB,52,Justin Jackson,,
166,Adrian Peterson,RB53,194.0,,,199.0,,168.5,2020,RB,53,Adrian Peterson,,
167,A.J. Dillon PHI (9),RB54,217.0,,,173.0,,169.5,2020,RB,54,A.J. Dillon,PHI,9
168,Damien Harris,RB55,181.0,,,151.0,,170.8,2020,RB,55,Damien Harris,,
170,Robbie Gould,K5,134.0,,,174.0,,174.0,2020,K,5,Robbie Gould,,
171,Chris Thompson,RB56,155.0,,,110.0,,174.5,2020,RB,56,Chris Thompson,,
172,Darrel Williams,RB57,207.0,,,144.0,,174.5,2020,RB,57,Darrel Williams,,
173,Philip Rivers,QB22,190.0,,,191.0,,177.3,2020,QB,22,Philip Rivers,,
174,Parris Campbell DAL (10) O,WR63,174.0,,,178.0,,177.8,2020,WR,63,Parris Campbell,DAL,10
175,Gardner Minshew II KC (10),QB23,187.0,,,183.0,,181.0,2020,QB,23,Gardner Minshew II,KC,10
176,Drew Lock SEA (6),QB24,180.0,,,184.0,,181.8,2020,QB,24,Drew Lock,SEA,6
177,Larry Fitzgerald,WR64,161.0,,,211.0,,182.8,2020,WR,64,Larry Fitzgerald,,
179,Zane Gonzalez,K6,158.0,,,170.0,,185.3,2020,K,6,Zane Gonzalez,,
182,Matt Prater,K7,120.0,,,221.0,,189.8,2020,K,7,Matt Prater,,
185,Younghoe Koo ATL (10),K8,175.0,,,182.0,,204.5,2020,K,8,Younghoe Koo,ATL,10
186,Jake Elliott PHI (9),K9,168.0,,,217.0,,206.3,2020,K,9,Jake Elliott,PHI,9
187,Eric Ebron,TE20,167.0,,,120.0,,146.0,2020,TE,20,Eric Ebron,,
188,Matt Gay WAS (8),K10,195.0,,,242.0,,208.0,2020,K,10,Matt Gay,WAS,8
189,Dallas Goedert PHI (9),TE21,178.0,,,138.0,,149.0,2020,TE,21,Dallas Goedert,PHI,9
192,Benny Snell Jr.,RB58,219.0,,,201.0,,213.0,2020,RB,58,Benny Snell Jr.,,
193,Chris Boswell PIT (4),K11,140.0,,,238.0,,214.5,2020,K,11,Chris Boswell,PIT,4
194,Curtis Samuel BUF (11),WR65,157.0,,,162.0,,158.3,2020,WR,65,Curtis Samuel,BUF,11
195,Dan Bailey,K12,209.0,,,195.0,,216.8,2020,K,12,Dan Bailey,,
196,Ke'Shawn Vaughn,RB59,,,,226.0,,162.3,2020,RB,59,Ke'Shawn Vaughn,,
197,Jerick McKinnon,RB60,224.0,,,196.0,,220.3,2020,RB,60,Jerick McKinnon,,
198,Ka'imi Fairbairn HOU (8),K13,213.0,,,234.0,,220.8,2020,K,13,Ka'imi Fairbairn,HOU,8
199,Kirk Cousins ATL (10),QB25,173.0,,,180.0,,166.7,2020,QB,25,Kirk Cousins,ATL,10
200,Alshon Jeffery,WR66,196.0,,,186.0,,167.0,2020,WR,66,Alshon Jeffery,,
201,Bryan Edwards,WR67,379.0,,,194.0,,239.8,2020,WR,67,Bryan Edwards,,
202,Teddy Bridgewater,QB26,191.0,,,204.0,,191.3,2020,QB,26,Teddy Bridgewater,,
203,Joshua Kelley,RB61,,,,185.0,,193.7,2020,RB,61,Joshua Kelley,,
204,Ryan Succop,K14,212.0,,,206.0,,243.3,2020,K,14,Ryan Succop,,
206,Bryce Love,RB62,,,,143.0,,199.7,2020,RB,62,Bryce Love,,
207,Randall Cobb,WR68,186.0,,,208.0,,202.7,2020,WR,68,Randall Cobb,,
208,Greg Olsen,TE22,200.0,,,209.0,,202.7,2020,TE,22,Greg Olsen,,
209,Derek Carr,QB27,204.0,,,198.0,,203.3,2020,QB,27,Derek Carr,,
210,Irv Smith Jr. HOU (8),TE23,211.0,,,218.0,,206.3,2020,TE,23,Irv Smith Jr.,HOU,8
211,Carlos Hyde,RB63,,,,188.0,,209.0,2020,RB,63,Carlos Hyde,,
212,O.J. Howard O,TE24,214.0,,,203.0,,209.0,2020,TE,24,O.J. Howard O,,
213,Cole Beasley,WR69,220.0,,,205.0,,211.3,2020,WR,69,Cole Beasley,,
214,Kyle Rudolph,TE25,193.0,,,236.0,,212.0,2020,TE,25,Kyle Rudolph,,
215,LeSean McCoy,RB64,221.0,,,241.0,,214.0,2020,RB,64,LeSean McCoy,,
217,Devonta Freeman,RB65,229.0,,,192.0,,214.3,2020,RB,65,Devonta Freeman,,
218,Sam Darnold SEA (6),QB28,241.0,,,244.0,,218.3,2020,QB,28,Sam Darnold,SEA,6
220,Mason Crosby,K15,189.0,,,231.0,,223.3,2020,K,15,Mason Crosby,,
221,Antonio Brown,WR70,243.0,,,266.0,,224.3,2020,WR,70,Antonio Brown,,
222,Jason Myers SEA (6),K16,230.0,,,210.0,,239.7,2020,K,16,Jason Myers,SEA,6
223,Brandon McManus GB (5),K17,216.0,,,246.0,,240.7,2020,K,17,Brandon McManus,GB,5
224,Jimmy Graham,TE26,203.0,,,262.0,,241.0,2020,TE,26,Jimmy Graham,,
225,Hunter Renfrow CAR (13),WR71,,,,181.0,,168.0,2020,WR,71,Hunter Renfrow,CAR,13
227,James Robinson,RB66,215.0,,,171.0,,245.7,2020,RB,66,James Robinson,,
228,Jamaal Williams,RB67,,,,176.0,,174.0,2020,RB,67,Jamaal Williams,,
229,Stephen Gostkowski,K18,208.0,,,237.0,,247.7,2020,K,18,Stephen Gostkowski,,
230,Will Dissly LAC (6),TE27,231.0,,,250.0,,247.7,2020,TE,27,Will Dissly,LAC,6
232,Devine Ozigbo,RB68,206.0,,,202.0,,250.7,2020,RB,68,Devine Ozigbo,,
233,Denzel Mims,WR72,,,,189.0,,181.0,2020,WR,72,Denzel Mims,,
234,Tua Tagovailoa MIA (7),QB29,201.0,,,268.0,,254.3,2020,QB,29,Tua Tagovailoa,MIA,7
235,Ian Thomas LV (6),TE28,,,,222.0,,191.5,2020,TE,28,Ian Thomas,LV,6
236,Dwayne Haskins,QB30,236.0,,,275.0,,261.3,2020,QB,30,Dwayne Haskins,,
237,Josh Lambo O,K19,223.0,,,257.0,,261.7,2020,K,19,Josh Lambo O,,
238,Tee Higgins CIN (9),WR73,,,,214.0,,201.5,2020,WR,73,Tee Higgins,CIN,9
239,Rodrigo Blankenship,K20,177.0,,,245.0,,266.0,2020,K,20,Rodrigo Blankenship,,
240,Darrynton Evans BUF (11),RB69,,,,212.0,,204.0,2020,RB,69,Darrynton Evans,BUF,11
241,Tyler Eifert,TE29,232.0,,,263.0,,268.0,2020,TE,29,Tyler Eifert,,
242,James Washington,WR74,,,,230.0,,211.5,2020,WR,74,James Washington,,
243,Dede Westbrook O,WR75,,,,259.0,,212.0,2020,WR,75,Dede Westbrook O,,
244,Corey Davis,WR76,,,,243.0,,213.0,2020,WR,76,Corey Davis,,
245,Devin Asiasi,TE30,292.0,,,271.0,,272.7,2020,TE,30,Devin Asiasi,,
247,Jace Sternberger,TE31,298.0,,,270.0,,273.0,2020,TE,31,Jace Sternberger,,
248,Rashaad Penny,RB70,,,,255.0,,218.0,2020,RB,70,Rashaad Penny,,
249,Jalen Richard,RB71,,,,197.0,,221.5,2020,RB,71,Jalen Richard,,
250,Laviska Shenault Jr. BUF (11),WR77,,,,219.0,,221.5,2020,WR,77,Laviska Shenault Jr.,BUF,11
251,Mitchell Trubisky BUF (11),QB31,235.0,,,281.0,,278.3,2020,QB,31,Mitchell Trubisky,BUF,11
252,Brian Hill,RB72,,,,216.0,,222.5,2020,RB,72,Brian Hill,,
253,Cole Kmet CHI (11),TE32,237.0,,,288.0,,281.0,2020,TE,32,Cole Kmet,CHI,11
254,Anthony McFarland Jr.,RB73,,,,235.0,,226.5,2020,RB,73,Anthony McFarland Jr.,,
255,Malcolm Brown,RB74,,,,239.0,,229.0,2020,RB,74,Malcolm Brown,,
257,Kenny Stills,WR78,,,,256.0,,230.5,2020,WR,78,Kenny Stills,,
258,Giovani Bernard,RB75,,,,265.0,,234.5,2020,RB,75,Giovani Bernard,,
259,Chase Claypool,WR79,,,,227.0,,235.5,2020,WR,79,Chase Claypool,,
261,Dion Lewis,RB76,,,,232.0,,238.5,2020,RB,76,Dion Lewis,,
262,Ito Smith,RB77,,,,207.0,,239.0,2020,RB,77,Ito Smith,,
263,Austin Seibert,K21,222.0,,,,,241.5,2020,K,21,Austin Seibert,,
264,Jaylen Samuels,RB78,,,,240.0,,243.5,2020,RB,78,Jaylen Samuels,,
265,Dawson Knox BUF (11),TE33,,,,261.0,,244.5,2020,TE,33,Dawson Knox,BUF,11
266,Jalen Hurts PHI (9),QB32,265.0,,,,,245.5,2020,QB,32,Jalen Hurts,PHI,9
267,Tyrod Taylor NYJ (10),QB33,,,,254.0,,247.5,2020,QB,33,Tyrod Taylor,NYJ,10
268,Lynn Bowden Jr.,WR80,,,,282.0,,251.0,2020,WR,80,Lynn Bowden Jr.,,
269,David Njoku CLE (9),TE34,252.0,,,,,253.0,2020,TE,34,David Njoku,CLE,9
270,Ryan Fitzpatrick,QB34,,,,272.0,,253.5,2020,QB,34,Ryan Fitzpatrick,,
271,Royce Freeman,RB79,,,,278.0,,255.5,2020,RB,79,Royce Freeman,,
272,Peyton Barber,RB80,,,,225.0,,259.0,2020,RB,80,Peyton Barber,,
273,Rex Burkhead O,RB81,,,,233.0,,259.5,2020,RB,81,Rex Burkhead O,,
275,Joey Slye TEN (4),K22,,,,253.0,,262.5,2020,K,22,Joey Slye,TEN,4
277,C.J. Uzomah O,TE35,,,,289.0,,263.0,2020,TE,35,C.J. Uzomah O,,
278,Frank Gore,RB82,,,,251.0,,264.0,2020,RB,82,Frank Gore,,
280,Vance McDonald,TE36,253.0,,,,,267.0,2020,TE,36,Vance McDonald,,
281,Tre'Quan Smith,WR81,,,,269.0,,268.5,2020,WR,81,Tre'Quan Smith,,
282,Stephen Hauschka,K23,255.0,,,,,272.5,2020,K,23,Stephen Hauschka,,
283,Steven Sims Jr. SEA (6),WR82,,,,248.0,,274.0,2020,WR,82,Steven Sims Jr.,SEA,6
284,Gerald Everett,TE37,,,,283.0,,276.5,2020,TE,37,Gerald Everett,,
285,Tyler Bass BUF (11),K24,333.0,,,252.0,,315.0,2020,K,24,Tyler Bass,BUF,11
286,Josh Gordon,WR83,356.0,,,,,278.5,2020,WR,83,Josh Gordon,,
287,Dustin Hopkins CLE (9),K25,228.0,,,,,278.5,2020,K,25,Dustin Hopkins,CLE,9
288,La'Mical Perine,RB83,,,,264.0,,280.0,2020,RB,83,La'Mical Perine,,
289,Michael Badgley,K26,322.0,,,,,282.0,2020,K,26,Michael Badgley,,
290,Jason Sanders MIA (7),K27,263.0,,,,,282.0,2020,K,27,Jason Sanders,MIA,7
291,Nelson Agholor,WR84,,,,276.0,,285.5,2020,WR,84,Nelson Agholor,,
292,Kendrick Bourne NE (5),WR85,419.0,,,260.0,,330.0,2020,WR,85,Kendrick Bourne,NE,5
293,John Ross,WR86,,,,,,182.0,2020,WR,86,John Ross,,
294,J.D. McKissic,RB84,,,,224.0,,287.0,2020,RB,84,J.D. McKissic,,
295,Jameis Winston NYG (11),QB35,233.0,,,,,287.5,2020,QB,35,Jameis Winston,NYG,11
296,Marquez Valdes-Scantling SEA (6),WR87,,,,258.0,,287.5,2020,WR,87,Marquez Valdes-Scantling,SEA,6
297,Auden Tate O,WR88,,,,287.0,,288.0,2020,WR,88,Auden Tate O,,
298,Darwin Thompson,RB85,,,,290.0,,291.0,2020,RB,85,Darwin Thompson,,
299,Lamar Miller,RB86,,,,,,195.0,2020,RB,86,Lamar Miller,,
300,Taysom Hill NO (6),TE38,210.0,,,,,294.0,2020,TE,38,Taysom Hill,NO,6
301,Daniel Carlson LV (6),K28,254.0,,,,,294.5,2020,K,28,Daniel Carlson,LV,6
303,Cameron Brate,TE39,281.0,,,,,296.5,2020,TE,39,Cameron Brate,,
304,Russell Gage Jr. SF (11),WR89,,,,285.0,,296.5,2020,WR,89,Russell Gage Jr.,SF,11
306,Scotty Miller PIT (4),WR90,,,,247.0,,297.5,2020,WR,90,Scotty Miller,PIT,4
307,Justice Hill BAL (7),RB87,,,,,,206.0,2020,RB,87,Justice Hill,BAL,7
308,Mike Davis,RB88,,,,228.0,,299.0,2020,RB,88,Mike Davis,,
309,Eddy Pineiro,K29,266.0,,,,,299.0,2020,K,29,Eddy Pineiro,,
310,Sam Ficken,K30,277.0,,,,,299.5,2020,K,30,Sam Ficken,,
312,Jason Witten,TE40,238.0,,,,,301.0,2020,TE,40,Jason Witten,,
314,Devin Duvernay CHI (11),WR91,,,,,,213.0,2020,WR,91,Devin Duvernay,CHI,11
315,Van Jefferson TEN (4),WR92,,,,274.0,,302.0,2020,WR,92,Van Jefferson,TEN,4
316,Willie Snead IV,WR93,,,,,,217.0,2020,WR,93,Willie Snead IV,,
317,Jordan Reed,TE41,261.0,,,,,304.0,2020,TE,41,Jordan Reed,,
318,Darren Fells,TE42,,,,291.0,,305.5,2020,TE,42,Darren Fells,,
319,Mohamed Sanu Sr.,WR94,,,,,,223.0,2020,WR,94,Mohamed Sanu Sr.,,
320,Colin Kaepernick,QB36,225.0,,,,,225.0,2020,QB,36,Colin Kaepernick,,
321,J.J. Arcega-Whiteside,WR95,,,,293.0,,308.5,2020,WR,95,J.J. Arcega-Whiteside,,
322,Dan Arnold,TE43,,,,277.0,,310.0,2020,TE,43,Dan Arnold,,
323,Jacob Hollister,TE44,308.0,,,,,312.0,2020,TE,44,Jacob Hollister,,
324,Nick Foles,QB37,324.0,,,,,313.5,2020,QB,37,Nick Foles,,
325,Mike Thomas,WR96,239.0,,,,,239.0,2020,WR,96,Mike Thomas,,
327,Marshawn Lynch,RB89,245.0,,,,,245.0,2020,RB,89,Marshawn Lynch,,
328,Kyle Juszczyk SF (11),RB90,297.0,,,,,318.0,2020,RB,90,Kyle Juszczyk,SF,11
329,Justin Rohrwasser,K31,246.0,,,,,246.0,2020,K,31,Justin Rohrwasser,,
330,Danny Amendola,WR97,,,,,,248.0,2020,WR,97,Danny Amendola,,
331,Nick Folk,K32,249.0,,,,,249.0,2020,K,32,Nick Folk,,
332,Adam Vinatieri,K33,250.0,,,,,250.0,2020,K,33,Adam Vinatieri,,
333,Max McCaffrey,WR98,251.0,,,,,251.0,2020,WR,98,Max McCaffrey,,
334,Andy Isabella,WR99,,,,,,252.0,2020,WR,99,Andy Isabella,,
335,Andrew Luck,QB38,256.0,,,,,256.0,2020,QB,38,Andrew Luck,,
336,Josh Reynolds NYJ (10),WR100,,,,,,257.0,2020,WR,100,Josh Reynolds,NYJ,10
337,Patrick Ricard BAL (7),RB91,257.0,,,,,257.0,2020,RB,91,Patrick Ricard,BAL,7
338,Isaiah Wright,WR101,258.0,,,,,258.0,2020,WR,101,Isaiah Wright,,
339,Mark Sanchez,QB39,259.0,,,,,259.0,2020,QB,39,Mark Sanchez,,
340,Jake Butt,TE45,260.0,,,,,260.0,2020,TE,45,Jake Butt,,
341,Javon Leake,RB92,264.0,,,,,264.0,2020,RB,92,Javon Leake,,
342,Nathan Peterman,QB40,267.0,,,,,267.0,2020,QB,40,Nathan Peterman,,
343,Malik Taylor DET (5),WR102,268.0,,,,,268.0,2020,WR,102,Malik Taylor,DET,5
344,John Wolford JAC (8),QB41,269.0,,,,,269.0,2020,QB,41,John Wolford,JAC,8
345,Sebastian Janikowski,K34,270.0,,,,,270.0,2020,K,34,Sebastian Janikowski,,
346,Nick Boyle O,TE46,272.0,,,,,272.0,2020,TE,46,Nick Boyle O,,
347,Tyre Brady,WR103,273.0,,,,,273.0,2020,WR,103,Tyre Brady,,
348,Cody Parkey,K35,274.0,,,,,274.0,2020,K,35,Cody Parkey,,
349,Robert Griffin III,QB42,275.0,,,,,275.0,2020,QB,42,Robert Griffin III,,
350,Chris Conley,WR104,,,,,,275.0,2020,WR,104,Chris Conley,,
351,Gus Edwards,RB93,,,,,,276.0,2020,RB,93,Gus Edwards,,
352,Noah Togiai,TE47,276.0,,,,,276.0,2020,TE,47,Noah Togiai,,
353,Jordan Love GB (5),QB43,305.0,,,,,334.0,2020,QB,43,Jordan Love,GB,5
354,Graham Gano NYG (11),K36,310.0,,,,,334.0,2020,K,36,Graham Gano,NYG,11
355,KJ Hamler BUF (11),WR105,,,,,,278.0,2020,WR,105,KJ Hamler,BUF,11
356,Cole McDonald,QB44,278.0,,,,,278.0,2020,QB,44,Cole McDonald,,
357,Matt Barkley,QB45,279.0,,,,,279.0,2020,QB,45,Matt Barkley,,
358,Kai Forbath LAR (9),K37,280.0,,,,,280.0,2020,K,37,Kai Forbath,LAR,9
359,Derek Watt,RB94,282.0,,,,,282.0,2020,RB,94,Derek Watt,,
360,Justin Watson HOU (8),WR106,293.0,,,,,336.5,2020,WR,106,Justin Watson,HOU,8
361,Anthony Gordon,QB46,283.0,,,,,283.0,2020,QB,46,Anthony Gordon,,
362,Eno Benjamin,RB95,,,,,,283.0,2020,RB,95,Eno Benjamin,,
363,Miles Boykin CHI (11),WR107,,,,,,284.0,2020,WR,107,Miles Boykin,CHI,11
364,Randy Bullock,K38,,,,,,285.0,2020,K,38,Randy Bullock,,
365,Jared Pinkney,TE48,285.0,,,,,285.0,2020,TE,48,Jared Pinkney,,
366,Mike Nugent,K39,286.0,,,,,286.0,2020,K,39,Mike Nugent,,
367,Jarrett Stidham DEN (5),QB47,,,,,,287.0,2020,QB,47,Jarrett Stidham,DEN,5
368,J.J. Taylor HOU (8),RB96,287.0,,,,,287.0,2020,RB,96,J.J. Taylor,HOU,8
369,J.J. Jones JAC (8),WR108,288.0,,,,,288.0,2020,WR,108,J.J. Jones,JAC,8
370,Justin Herbert LAC (6),QB48,,,,,,288.0,2020,QB,48,Justin Herbert,LAC,6
371,Xavier Jones,RB97,289.0,,,,,289.0,2020,RB,97,Xavier Jones,,
372,Dez Bryant,WR109,290.0,,,,,290.0,2020,WR,109,Dez Bryant,,
373,Zach Pascal NYG (11),WR110,,,,,,291.0,2020,WR,110,Zach Pascal,NYG,11
374,Will Hastings,WR111,291.0,,,,,291.0,2020,WR,111,Will Hastings,,
375,Rico Dowdle CAR (13),RB98,295.0,,,,,295.0,2020,RB,98,Rico Dowdle,CAR,13
376,Sean McKeon IND (7),TE49,296.0,,,,,296.0,2020,TE,49,Sean McKeon,IND,7
377,Cordarrelle Patterson PIT (4),RB99,312.0,,,,,343.5,2020,RB,99,Cordarrelle Patterson,PIT,4
378,Derrius Guice,RB100,299.0,,,,,344.0,2020,RB,100,Derrius Guice,,
379,David Moore CAR (13),WR112,300.0,,,,,300.0,2020,WR,112,David Moore,CAR,13
380,Anthony Sherman,RB101,301.0,,,,,301.0,2020,RB,101,Anthony Sherman,,
381,Josh Hill,TE50,302.0,,,,,302.0,2020,TE,50,Josh Hill,,
382,Darius Anderson,RB102,303.0,,,,,303.0,2020,RB,102,Darius Anderson,,
383,Matt Bryant,K40,304.0,,,,,304.0,2020,K,40,Matt Bryant,,
384,Terry Godwin,WR113,306.0,,,,,306.0,2020,WR,113,Terry Godwin,,
385,Mason Rudolph PIT (4),QB49,363.0,,,,,348.5,2020,QB,49,Mason Rudolph,PIT,4
386,Adam Humphries,WR114,,,,,,307.0,2020,WR,114,Adam Humphries,,
387,Ricky Seals-Jones,TE51,307.0,,,,,307.0,2020,TE,51,Ricky Seals-Jones,,
388,Jamaal Charles,RB103,309.0,,,,,309.0,2020,RB,103,Jamaal Charles,,
389,Phillip Dorsett II,WR115,,,,,,310.0,2020,WR,115,Phillip Dorsett II,,
390,Tyree Jackson WAS (8),TE52,311.0,,,,,311.0,2020,TE,52,Tyree Jackson,WAS,8
391,Trishton Jackson ARI (8),WR116,313.0,,,,,313.0,2020,WR,116,Trishton Jackson,ARI,8
392,Adrian Killins Jr.,RB104,314.0,,,,,314.0,2020,RB,104,Adrian Killins Jr.,,
393,Sam Sloman,K41,,,,,,314.0,2020,K,41,Sam Sloman,,
394,Rashard Higgins,WR117,334.0,,,,,352.5,2020,WR,117,Rashard Higgins,,
395,Blake Bell,TE53,315.0,,,,,315.0,2020,TE,53,Blake Bell,,
396,Patrick Laird,RB105,469.0,,,,,392.0,2020,RB,105,Patrick Laird,,
397,Andy Dalton CAR (13),QB50,316.0,,,,,316.0,2020,QB,50,Andy Dalton,CAR,13
398,Aldrick Rosas,K42,376.0,,,,,353.5,2020,K,42,Aldrick Rosas,,
399,Thaddeus Moss,TE54,317.0,,,,,317.0,2020,TE,54,Thaddeus Moss,,
400,Delanie Walker,TE55,318.0,,,,,318.0,2020,TE,55,Delanie Walker,,
401,Dan Chisena CAR (13),WR118,319.0,,,,,319.0,2020,WR,118,Dan Chisena,CAR,13
402,Sam Bradford,QB51,320.0,,,,,320.0,2020,QB,51,Sam Bradford,,
403,Albert Okwuegbunam Jr. IND (7) O,TE56,327.0,,,,,355.5,2020,TE,56,Albert Okwuegbunam Jr.,IND,7
404,Deonte Harty,WR119,329.0,,,,,355.5,2020,WR,119,Deonte Harty,,
405,Marcedes Lewis,TE57,321.0,,,,,321.0,2020,TE,57,Marcedes Lewis,,
406,Demarcus Robinson SF (11),WR120,,,,,,321.0,2020,WR,120,Demarcus Robinson,SF,11
407,Lil'Jordan Humphrey NYG (11),WR121,323.0,,,,,323.0,2020,WR,121,Lil'Jordan Humphrey,NYG,11
408,Joe Flacco CLE (9),QB52,325.0,,,,,325.0,2020,QB,52,Joe Flacco,CLE,9
409,Dare Ogunbowale HOU (8),RB106,,,,,,325.0,2020,RB,106,Dare Ogunbowale,HOU,8
410,Brandon Marshall,WR122,326.0,,,,,326.0,2020,WR,122,Brandon Marshall,,
411,Mike Boone,RB107,,,,,,326.0,2020,RB,107,Mike Boone,,
412,Marcus Mariota WAS (8),QB53,,,,,,327.0,2020,QB,53,Marcus Mariota,WAS,8
413,Tajae Sharpe,WR123,,,,,,328.0,2020,WR,123,Tajae Sharpe,,
414,Carson Meier,TE58,328.0,,,,,328.0,2020,TE,58,Carson Meier,,
415,Jeff Thomas,WR124,330.0,,,,,330.0,2020,WR,124,Jeff Thomas,,
416,KJ Hill Jr.,WR125,331.0,,,,,331.0,2020,WR,125,KJ Hill Jr.,,
417,Jordan Chunn,RB108,332.0,,,,,332.0,2020,RB,108,Jordan Chunn,,
418,Logan Thomas,TE59,,,,,,333.0,2020,TE,59,Logan Thomas,,
419,Jon Hilliman,RB109,335.0,,,,,335.0,2020,RB,109,Jon Hilliman,,
420,Jordy Nelson,WR126,336.0,,,,,336.0,2020,WR,126,Jordy Nelson,,
421,Antonio Gandy-Golden,WR127,,,,,,336.0,2020,WR,127,Antonio Gandy-Golden,,
422,Dalton Schultz HOU (8),TE60,337.0,,,,,337.0,2020,TE,60,Dalton Schultz,HOU,8
423,Jakobi Meyers LV (6),WR128,,,,,,337.0,2020,WR,128,Jakobi Meyers,LV,6
424,Byron Pringle,WR129,338.0,,,,,338.0,2020,WR,129,Byron Pringle,,
425,Kaden Smith,TE61,427.0,,,,,382.5,2020,TE,61,Kaden Smith,,
426,Harrison Bryant PHI (9),TE62,339.0,,,,,339.0,2020,TE,62,Harrison Bryant,PHI,9
427,Adam Trautman DEN (5),TE63,369.0,,,,,365.0,2020,TE,63,Adam Trautman,DEN,5
428,Greg Ward,WR130,,,,,,340.0,2020,WR,130,Greg Ward,,
429,Donovan Peoples-Jones NO (6),WR131,340.0,,,,,340.0,2020,WR,131,Donovan Peoples-Jones,NO,6
431,Reggie Begelton,WR132,341.0,,,,,341.0,2020,WR,132,Reggie Begelton,,
432,Jesse James,TE64,342.0,,,,,342.0,2020,TE,64,Jesse James,,
433,Jake Fromm,QB54,343.0,,,,,343.0,2020,QB,54,Jake Fromm,,
434,Riley Ridley,WR133,344.0,,,,,344.0,2020,WR,133,Riley Ridley,,
435,Demetrius Harris,TE65,352.0,,,,,367.5,2020,TE,65,Demetrius Harris,,
436,T.J. Yeldon,RB110,382.0,,,,,367.5,2020,RB,110,T.J. Yeldon,,
437,Colt McCoy,QB55,345.0,,,,,345.0,2020,QB,55,Colt McCoy,,
438,Phil Dawson,K43,346.0,,,,,346.0,2020,K,43,Phil Dawson,,
439,Elliott Fry,K44,,,,,,346.0,2020,K,44,Elliott Fry,,
440,Jeremy Sprinkle,TE66,347.0,,,,,347.0,2020,TE,66,Jeremy Sprinkle,,
441,Cairo Santos CHI (11),K45,348.0,,,,,348.0,2020,K,45,Cairo Santos,CHI,11
442,Quincy Adeboyejo,WR134,349.0,,,,,349.0,2020,WR,134,Quincy Adeboyejo,,
443,Drew Sample CIN (9),TE67,465.0,,,,,407.0,2020,TE,67,Drew Sample,CIN,9
444,Tommy Stevens,QB56,350.0,,,,,350.0,2020,QB,56,Tommy Stevens,,
445,Alex Smith,QB57,351.0,,,,,351.0,2020,QB,57,Alex Smith,,
446,Bisi Johnson,WR135,437.0,,,,,394.5,2020,WR,135,Bisi Johnson,,
447,Nate Stanley,QB58,353.0,,,,,353.0,2020,QB,58,Nate Stanley,,
448,Robert Tonyan KC (10),TE68,354.0,,,,,354.0,2020,TE,68,Robert Tonyan,KC,10
449,Bo Scarbrough O,RB111,,,,,,354.0,2020,RB,111,Bo Scarbrough O,,
450,Wayne Gallman Jr.,RB112,,,,,,355.0,2020,RB,112,Wayne Gallman Jr.,,
451,Trent Taylor SF (11),WR136,,,,,,356.0,2020,WR,136,Trent Taylor,SF,11
452,Giorgio Tavecchio,K46,357.0,,,,,357.0,2020,K,46,Giorgio Tavecchio,,
453,J.J. Nelson,WR137,358.0,,,,,358.0,2020,WR,137,J.J. Nelson,,
454,Luke Willson,TE69,359.0,,,,,359.0,2020,TE,69,Luke Willson,,
455,Josiah Deguara ARI (8),TE70,428.0,,,,,393.5,2020,TE,70,Josiah Deguara,ARI,8
456,Blake Bortles,QB59,360.0,,,,,360.0,2020,QB,59,Blake Bortles,,
457,Ray-Ray McCloud III ATL (10),WR138,361.0,,,,,361.0,2020,WR,138,Ray-Ray McCloud III,ATL,10
458,Bradley Sowell,OL1,362.0,,,,,362.0,2020,OL,1,Bradley Sowell,,
459,Salvon Ahmed IND (7),RB113,364.0,,,,,364.0,2020,RB,113,Salvon Ahmed,IND,7
460,Jauan Jennings SF (11),WR139,365.0,,,,,365.0,2020,WR,139,Jauan Jennings,SF,11
461,Dante Pettis NO (6),WR140,431.0,,,,,398.0,2020,WR,140,Dante Pettis,NO,6
462,LeGarrette Blount,RB114,366.0,,,,,366.0,2020,RB,114,LeGarrette Blount,,
463,Kyle Allen DET (5) O,QB60,401.0,,,,,383.5,2020,QB,60,Kyle Allen,DET,5
464,Damiere Byrd,WR141,,,,,,367.0,2020,WR,141,Damiere Byrd,,
465,Matt McCrane,K47,367.0,,,,,367.0,2020,K,47,Matt McCrane,,
466,Davion Davis,WR142,368.0,,,,,368.0,2020,WR,142,Davion Davis,,
467,Ted Ginn Jr.,WR143,,,,,,369.0,2020,WR,143,Ted Ginn Jr.,,
468,P.J. Walker,QB61,370.0,,,,,370.0,2020,QB,61,P.J. Walker,,
469,Reggie Gilliam BUF (11),RB115,371.0,,,,,371.0,2020,RB,115,Reggie Gilliam,BUF,11
470,Kirk Merritt,WR144,372.0,,,,,372.0,2020,WR,144,Kirk Merritt,,
471,Hakeem Butler,WR145,473.0,,,,,422.5,2020,WR,145,Hakeem Butler,,
472,Quintez Cephus LAR (9),WR146,,,,,,373.0,2020,WR,146,Quintez Cephus,LAR,9
473,JaMycal Hasty O,RB116,373.0,,,,,373.0,2020,RB,116,JaMycal Hasty O,,
474,Jaeden Graham,TE71,374.0,,,,,374.0,2020,TE,71,Jaeden Graham,,
475,DeeJay Dallas ARI (8),RB117,,,,,,374.0,2020,RB,117,DeeJay Dallas,ARI,8
476,Dalton Keene,DT1,375.0,,,,,375.0,2020,DT,1,Dalton Keene,,
477,Matthew Slater,WR147,377.0,,,,,377.0,2020,WR,147,Matthew Slater,,
478,Equanimeous St. Brown,WR148,,,,,,377.0,2020,WR,148,Equanimeous St. Brown,,
479,Geno Smith LV (6),QB62,378.0,,,,,378.0,2020,QB,62,Geno Smith,LV,6
480,Ty Montgomery II,RB118,,,,,,379.0,2020,RB,118,Ty Montgomery II,,
481,Jazz Ferguson,WR149,380.0,,,,,380.0,2020,WR,149,Jazz Ferguson,,
482,Corey Clement,RB119,,,,,,381.0,2020,RB,119,Corey Clement,,
483,David Blough,QB63,383.0,,,,,383.0,2020,QB,63,David Blough,,
484,Pharoh Cooper,WR150,384.0,,,,,384.0,2020,WR,150,Pharoh Cooper,,
485,Tim Tebow,TE72,,,,,,385.0,2020,TE,72,Tim Tebow,,
486,Ryan Griffin,TE73,385.0,,,,,385.0,2020,TE,73,Ryan Griffin,,
487,Nick Fitzgerald,QB64,387.0,,,,,387.0,2020,QB,64,Nick Fitzgerald,,
488,Blaine Gabbert,QB65,388.0,,,,,388.0,2020,QB,65,Blaine Gabbert,,
489,Cedrick Wilson Jr. NO (6),WR151,389.0,,,,,389.0,2020,WR,151,Cedrick Wilson Jr.,NO,6
490,Tim Patrick DET (5),WR152,390.0,,,,,390.0,2020,WR,152,Tim Patrick,DET,5
491,Chandler Cox,RB120,391.0,,,,,391.0,2020,RB,120,Chandler Cox,,
492,Michael Crabtree,WR153,392.0,,,,,392.0,2020,WR,153,Michael Crabtree,,
493,Nick Vannett,TE74,393.0,,,,,393.0,2020,TE,74,Nick Vannett,,
494,Ameer Abdullah,RB121,394.0,,,,,394.0,2020,RB,121,Ameer Abdullah,,
495,Brett Maher,K48,395.0,,,,,395.0,2020,K,48,Brett Maher,,
496,Joshua Dobbs NE (5),QB66,396.0,,,,,396.0,2020,QB,66,Joshua Dobbs,NE,5
497,Charles Jones,TE75,397.0,,,,,397.0,2020,TE,75,Charles Jones,,
498,Deon Yelder,TE76,398.0,,,,,398.0,2020,TE,76,Deon Yelder,,
499,Marcus Kemp,WR154,399.0,,,,,399.0,2020,WR,154,Marcus Kemp,,
500,Foster Moreau NO (6),TE77,400.0,,,,,400.0,2020,TE,77,Foster Moreau,NO,6
501,DeAndrew White,WR155,402.0,,,,,402.0,2020,WR,155,DeAndrew White,,
502,Chris Manhertz NYG (11),TE78,403.0,,,,,403.0,2020,TE,78,Chris Manhertz,NYG,11
503,C.J. Ham MIN (7),RB122,404.0,,,,,404.0,2020,RB,122,C.J. Ham,MIN,7
504,LeVante Bellamy,RB123,405.0,,,,,405.0,2020,RB,123,LeVante Bellamy,,
505,Jay Ajayi,RB124,406.0,,,,,406.0,2020,RB,124,Jay Ajayi,,
506,Noah Brown WAS (8),WR156,407.0,,,,,407.0,2020,WR,156,Noah Brown,WAS,8
507,Josh Adams,RB125,408.0,,,,,408.0,2020,RB,125,Josh Adams,,
508,Chad Henne,QB67,409.0,,,,,409.0,2020,QB,67,Chad Henne,,
509,Chandler Catanzaro,K49,410.0,,,,,410.0,2020,K,49,Chandler Catanzaro,,
510,Austin Walter,RB126,411.0,,,,,411.0,2020,RB,126,Austin Walter,,
511,Andy Jones,WR157,412.0,,,,,412.0,2020,WR,157,Andy Jones,,
512,Trace McSorley,QB68,413.0,,,,,413.0,2020,QB,68,Trace McSorley,,
513,Tim Boyle TEN (4),QB69,414.0,,,,,414.0,2020,QB,69,Tim Boyle,TEN,4
514,Brycen Hopkins,TE79,415.0,,,,,415.0,2020,TE,79,Brycen Hopkins,,
515,Stephen Sullivan CAR (13) O,TE80,416.0,,,,,416.0,2020,TE,80,Stephen Sullivan,CAR,13
516,Travis Homer CHI (11),RB127,417.0,,,,,417.0,2020,RB,127,Travis Homer,CHI,11
517,Ryan Griffin,QB70,418.0,,,,,418.0,2020,QB,70,Ryan Griffin,,
518,Caleb Sturgis,K50,420.0,,,,,420.0,2020,K,50,Caleb Sturgis,,
519,Zach Gentry,TE81,421.0,,,,,421.0,2020,TE,81,Zach Gentry,,
520,Andy Janovich,RB128,422.0,,,,,422.0,2020,RB,128,Andy Janovich,,
521,Samaje Perine CIN (9),RB129,423.0,,,,,423.0,2020,RB,129,Samaje Perine,CIN,9
522,Olamide Zaccheaus CHI (11),WR158,424.0,,,,,424.0,2020,WR,158,Olamide Zaccheaus,CHI,11
523,Matt Cassel,QB71,425.0,,,,,425.0,2020,QB,71,Matt Cassel,,
524,Patrick DiMarco,RB130,426.0,,,,,426.0,2020,RB,130,Patrick DiMarco,,
525,Jacquizz Rodgers,RB131,430.0,,,,,430.0,2020,RB,131,Jacquizz Rodgers,,
526,Chad Beebe,WR159,432.0,,,,,432.0,2020,WR,159,Chad Beebe,,
527,Zay Jones ARI (8),WR160,433.0,,,,,433.0,2020,WR,160,Zay Jones,ARI,8
528,Doug Martin,RB132,434.0,,,,,434.0,2020,RB,132,Doug Martin,,
529,Kalen Ballage,RB133,435.0,,,,,435.0,2020,RB,133,Kalen Ballage,,
530,Ty Johnson BUF (11),RB134,436.0,,,,,436.0,2020,RB,134,Ty Johnson,BUF,11
531,Tyler Ervin,RB135,438.0,,,,,438.0,2020,RB,135,Tyler Ervin,,
532,Elijah Holyfield,RB136,439.0,,,,,439.0,2020,RB,136,Elijah Holyfield,,
533,Devlin Hodges,QB72,440.0,,,,,440.0,2020,QB,72,Devlin Hodges,,
534,Tyler Kroft,TE82,442.0,,,,,442.0,2020,TE,82,Tyler Kroft,,
535,Tyrie Cleveland,WR161,443.0,,,,,443.0,2020,WR,161,Tyrie Cleveland,,
536,D'Onta Foreman,RB137,444.0,,,,,444.0,2020,RB,137,D'Onta Foreman,,
537,Corey Coleman,WR162,445.0,,,,,445.0,2020,WR,162,Corey Coleman,,
538,James Proche II TEN (4),WR163,446.0,,,,,446.0,2020,WR,163,James Proche II,TEN,4
539,Brock Osweiler,QB73,447.0,,,,,447.0,2020,QB,73,Brock Osweiler,,
540,Ryan Izzo,TE83,448.0,,,,,448.0,2020,TE,83,Ryan Izzo,,
541,Keke Coutee,WR164,449.0,,,,,449.0,2020,WR,164,Keke Coutee,,
542,Malcolm Perry,WR165,450.0,,,,,450.0,2020,WR,165,Malcolm Perry,,
543,AJ McCarron,QB74,451.0,,,,,451.0,2020,QB,74,AJ McCarron,,
544,Mo Alie-Cox IND (7),TE84,452.0,,,,,452.0,2020,TE,84,Mo Alie-Cox,IND,7
545,KeeSean Johnson,WR166,453.0,,,,,453.0,2020,WR,166,KeeSean Johnson,,
546,DaeSean Hamilton,WR167,454.0,,,,,454.0,2020,WR,167,DaeSean Hamilton,,
547,DeAndre Carter CLE (9),WR168,456.0,,,,,456.0,2020,WR,168,DeAndre Carter,CLE,9
548,Ed Dickson,TE85,457.0,,,,,457.0,2020,TE,85,Ed Dickson,,
549,Khalfani Muhammad,RB138,458.0,,,,,458.0,2020,RB,138,Khalfani Muhammad,,
550,Ventell Bryant,WR169,459.0,,,,,459.0,2020,WR,169,Ventell Bryant,,
551,Gabe Davis,WR170,461.0,,,,,461.0,2020,WR,170,Gabe Davis,,
552,Will Grier DAL (10),QB75,462.0,,,,,462.0,2020,QB,75,Will Grier,DAL,10
553,Trenton Irwin,WR171,464.0,,,,,464.0,2020,WR,171,Trenton Irwin,,
554,Kapri Bibbs,RB139,466.0,,,,,466.0,2020,RB,139,Kapri Bibbs,,
555,Elijhaa Penny,RB140,467.0,,,,,467.0,2020,RB,140,Elijhaa Penny,,
556,Collin Johnson LV (6),WR172,468.0,,,,,468.0,2020,WR,172,Collin Johnson,LV,6
557,Michael Burton DEN (5),RB141,470.0,,,,,470.0,2020,RB,141,Michael Burton,DEN,5
558,Rod Smith,RB142,471.0,,,,,471.0,2020,RB,142,Rod Smith,,
559,John Ursua,WR173,474.0,,,,,474.0,2020,WR,173,John Ursua,,
560,John Hightower,WR174,475.0,,,,,475.0,2020,WR,174,John Hightower,,
561,Dalyn Dawkins,RB143,476.0,,,,,476.0,2020,RB,143,Dalyn Dawkins,,
562,Darius Jackson,RB144,477.0,,,,,477.0,2020,RB,144,Darius Jackson,,
563,Dwayne Washington,RB145,478.0,,,,,478.0,2020,RB,145,Dwayne Washington,,
564,Freddie Swain,WR175,480.0,,,,,480.0,2020,WR,175,Freddie Swain,,
565,Maxx Williams,TE86,481.0,,,,,481.0,2020,TE,86,Maxx Williams,,
566,Wendell Smallwood,RB146,482.0,,,,,482.0,2020,RB,146,Wendell Smallwood,,
567,Jaron Brown,WR176,483.0,,,,,483.0,2020,WR,176,Jaron Brown,,
568,Josh McCown,QB76,484.0,,,,,484.0,2020,QB,76,Josh McCown,,
569,Drew Stanton,QB77,485.0,,,,,485.0,2020,QB,77,Drew Stanton,,
570,Andrew Beck NYJ (10),TE87,486.0,,,,,486.0,2020,TE,87,Andrew Beck,NYJ,10
571,Jason Huntley,RB147,488.0,,,,,488.0,2020,RB,147,Jason Huntley,,
572,Demaryius Thomas,WR177,489.0,,,,,489.0,2020,WR,177,Demaryius Thomas,,
573,Alex Barnes,RB148,490.0,,,,,490.0,2020,RB,148,Alex Barnes,,
574,Braxton Berrios HOU (8),WR178,491.0,,,,,491.0,2020,WR,178,Braxton Berrios,HOU,8
575,Isaiah Crowell,RB149,492.0,,,,,492.0,2020,RB,149,Isaiah Crowell,,
576,Dexter Williams,RB150,493.0,,,,,493.0,2020,RB,150,Dexter Williams,,
577,Roosevelt Nix,RB151,494.0,,,,,494.0,2020,RB,151,Roosevelt Nix,,
578,Marquez Callaway,WR179,495.0,,,,,495.0,2020,WR,179,Marquez Callaway,,
579,Jaydon Mickens,WR180,496.0,,,,,496.0,2020,WR,180,Jaydon Mickens,,
580,D.J. Foster,RB152,497.0,,,,,497.0,2020,RB,152,D.J. Foster,,
581,Raymond Calais,RB153,498.0,,,,,498.0,2020,RB,153,Raymond Calais,,
582,Trenton Cannon,RB154,499.0,,,,,499.0,2020,RB,154,Trenton Cannon,,
583,Brian Hoyer,QB78,500.0,,,,,500.0,2020,QB,78,Brian Hoyer,,
1,Christian McCaffrey SF (6) O,RB1,1.0,1.0,1.0,1.0,,1.0,2021,RB,1,Christian McCaffrey,SF,6
2,Dalvin Cook,RB2,2.0,2.0,2.0,2.0,,2.0,2021,RB,2,Dalvin Cook,,
3,Alvin Kamara NO (6),RB3,3.0,3.0,4.0,3.0,,3.0,2021,RB,3,Alvin Kamara,NO,6
4,Derrick Henry BAL (8),RB4,4.0,4.0,3.0,4.0,,4.0,2021,RB,4,Derrick Henry,BAL,8
5,Ezekiel Elliott,RB5,8.0,5.0,8.0,5.0,,5.8,2021,RB,5,Ezekiel Elliott,,
6,Davante Adams LAR (11),WR1,5.0,10.0,10.0,6.0,,6.6,2021,WR,1,Davante Adams,LAR,11
7,Travis Kelce KC (12),TE1,7.0,12.0,5.0,9.0,,8.4,2021,TE,1,Travis Kelce,KC,12
8,Aaron Jones Sr. MIN (7),RB6,10.0,11.0,7.0,11.0,,9.4,2021,RB,6,Aaron Jones Sr.,MIN,7
9,Saquon Barkley PHI (14),RB7,6.0,7.0,9.0,10.0,,9.6,2021,RB,7,Saquon Barkley,PHI,14
10,Austin Ekeler WAS (9),RB8,13.0,13.0,6.0,8.0,,10.4,2021,RB,8,Austin Ekeler,WAS,9
11,Jonathan Taylor IND (14),RB9,11.0,9.0,12.0,7.0,,10.4,2021,RB,9,Jonathan Taylor,IND,14
12,Nick Chubb,RB10,12.0,6.0,11.0,12.0,,10.4,2021,RB,10,Nick Chubb,,
13,Tyreek Hill MIA (14),WR2,9.0,8.0,13.0,13.0,,10.6,2021,WR,2,Tyreek Hill,MIA,14
14,Stefon Diggs NE (14),WR3,14.0,15.0,14.0,14.0,,14.0,2021,WR,3,Stefon Diggs,NE,14
15,Najee Harris LAC (7),RB11,15.0,16.0,16.0,16.0,,15.6,2021,RB,11,Najee Harris,LAC,7
16,DeAndre Hopkins BAL (8),WR4,17.0,17.0,17.0,19.0,,17.2,2021,WR,4,DeAndre Hopkins,BAL,8
17,Antonio Gibson NE (14),RB12,16.0,21.0,20.0,15.0,,17.6,2021,RB,12,Antonio Gibson,NE,14
18,Patrick Mahomes II KC (12),QB1,19.0,14.0,15.0,21.0,,18.2,2021,QB,1,Patrick Mahomes II,KC,12
19,Calvin Ridley TEN (13),WR5,20.0,19.0,18.0,18.0,,18.4,2021,WR,5,Calvin Ridley,TEN,13
20,DK Metcalf PIT (7),WR6,18.0,18.0,19.0,20.0,,18.8,2021,WR,6,DK Metcalf,PIT,7
21,Joe Mixon HOU (10),RB13,24.0,20.0,25.0,17.0,,20.8,2021,RB,13,Joe Mixon,HOU,10
22,Darren Waller,TE2,21.0,26.0,22.0,22.0,,22.4,2021,TE,2,Darren Waller,,
23,Justin Jefferson MIN (7),WR7,23.0,23.0,23.0,23.0,,23.4,2021,WR,7,Justin Jefferson,MIN,7
24,A.J. Brown PHI (14),WR8,22.0,22.0,21.0,25.0,,23.8,2021,WR,8,A.J. Brown,PHI,14
25,Clyde Edwards-Helaire NO (6),RB14,26.0,25.0,26.0,24.0,,24.2,2021,RB,14,Clyde Edwards-Helaire,NO,6
26,George Kittle SF (6),TE3,25.0,24.0,24.0,32.0,,26.8,2021,TE,3,George Kittle,SF,6
27,Keenan Allen,WR9,28.0,27.0,29.0,30.0,,27.4,2021,WR,9,Keenan Allen,,
28,Terry McLaurin WAS (9),WR10,27.0,29.0,32.0,27.0,,29.6,2021,WR,10,Terry McLaurin,WAS,9
29,Josh Allen BUF (7),QB2,29.0,28.0,27.0,33.0,,30.0,2021,QB,2,Josh Allen,BUF,7
30,David Montgomery DET (9),RB15,34.0,35.0,31.0,26.0,,30.2,2021,RB,15,David Montgomery,DET,9
31,Allen Robinson II,WR11,32.0,31.0,28.0,34.0,,32.0,2021,WR,11,Allen Robinson II,,
32,Chris Carson O,RB16,37.0,34.0,36.0,31.0,,32.4,2021,RB,16,Chris Carson O,,
33,CeeDee Lamb DAL (7),WR12,30.0,40.0,33.0,28.0,,32.8,2021,WR,12,CeeDee Lamb,DAL,7
34,James Robinson O,RB17,31.0,37.0,56.0,29.0,,33.4,2021,RB,17,James Robinson O,,
35,Mike Evans TB (9),WR13,33.0,32.0,37.0,40.0,,35.4,2021,WR,13,Mike Evans,TB,9
36,Josh Jacobs GB (13),RB18,40.0,30.0,42.0,36.0,,36.4,2021,RB,18,Josh Jacobs,GB,13
37,D'Andre Swift CHI (10),RB19,44.0,33.0,38.0,35.0,,36.8,2021,RB,19,D'Andre Swift,CHI,10
38,Miles Sanders DAL (7),RB20,35.0,39.0,48.0,38.0,,38.2,2021,RB,20,Miles Sanders,DAL,7
39,Robert Woods PIT (7) O,WR14,36.0,47.0,39.0,37.0,,38.4,2021,WR,14,Robert Woods,PIT,7
40,Kyler Murray ARI (12),QB3,39.0,36.0,35.0,44.0,,40.2,2021,QB,3,Kyler Murray,ARI,12
41,Amari Cooper,WR15,38.0,42.0,41.0,42.0,,41.2,2021,WR,15,Amari Cooper,,
42,Chris Godwin TB (9) O,WR16,46.0,44.0,40.0,41.0,,42.4,2021,WR,16,Chris Godwin,TB,9
43,Lamar Jackson BAL (8),QB4,43.0,43.0,34.0,50.0,,44.8,2021,QB,4,Lamar Jackson,BAL,8
44,Cooper Kupp SEA (9),WR17,47.0,46.0,53.0,43.0,,46.0,2021,WR,17,Cooper Kupp,SEA,9
45,Julio Jones,WR18,49.0,41.0,30.0,56.0,,46.2,2021,WR,18,Julio Jones,,
46,Kyle Pitts ATL (6),TE4,50.0,38.0,46.0,49.0,,47.0,2021,TE,4,Kyle Pitts,ATL,6
47,Tyler Lockett TEN (13),WR19,42.0,52.0,51.0,47.0,,49.2,2021,WR,19,Tyler Lockett,TEN,13
48,Myles Gaskin,RB21,61.0,56.0,59.0,46.0,,49.8,2021,RB,21,Myles Gaskin,,
49,Mark Andrews BAL (8),TE5,45.0,48.0,44.0,53.0,,50.6,2021,TE,5,Mark Andrews,BAL,8
50,Adam Thielen CAR (13),WR20,41.0,51.0,54.0,61.0,,50.6,2021,WR,20,Adam Thielen,CAR,13
51,Diontae Johnson CLE (13),WR21,53.0,60.0,49.0,54.0,,51.8,2021,WR,21,Diontae Johnson,CLE,13
52,DJ Moore CHI (10),WR22,54.0,50.0,61.0,51.0,,53.4,2021,WR,22,DJ Moore,CHI,10
53,Aaron Rodgers,QB5,48.0,57.0,43.0,64.0,,54.4,2021,QB,5,Aaron Rodgers,,
54,Russell Wilson NYG (10),QB6,55.0,49.0,47.0,65.0,,55.6,2021,QB,6,Russell Wilson,NYG,10
55,Dak Prescott DAL (7),QB7,51.0,59.0,45.0,58.0,,56.0,2021,QB,7,Dak Prescott,DAL,7
56,Mike Davis,RB22,67.0,64.0,52.0,45.0,,56.8,2021,RB,22,Mike Davis,,
57,Kareem Hunt KC (12),RB23,58.0,53.0,58.0,59.0,,57.2,2021,RB,23,Kareem Hunt,KC,12
58,T.J. Hockenson MIN (7) O,TE6,57.0,55.0,55.0,60.0,,58.2,2021,TE,6,T.J. Hockenson,MIN,7
59,Darrell Henderson Jr.,RB24,75.0,45.0,70.0,52.0,,60.0,2021,RB,24,Darrell Henderson Jr.,,
60,Javonte Williams DAL (7),RB25,63.0,62.0,84.0,48.0,,60.6,2021,RB,25,Javonte Williams,DAL,7
61,Brandon Aiyuk SF (6),WR23,59.0,61.0,64.0,62.0,,60.8,2021,WR,23,Brandon Aiyuk,SF,6
62,Chase Edmonds,RB26,56.0,70.0,83.0,55.0,,62.0,2021,RB,26,Chase Edmonds,,
63,Justin Herbert LAC (7),QB8,62.0,54.0,50.0,67.0,,62.2,2021,QB,8,Justin Herbert,LAC,7
64,Tee Higgins CIN (10),WR24,60.0,66.0,77.0,66.0,,64.8,2021,WR,24,Tee Higgins,CIN,10
65,Gus Edwards O,RB27,52.0,68.0,99.0,39.0,,65.2,2021,RB,27,Gus Edwards O,,
66,Odell Beckham Jr.,WR25,65.0,65.0,66.0,75.0,,67.8,2021,WR,25,Odell Beckham Jr.,,
67,Raheem Mostert LV (8) O,RB28,79.0,72.0,85.0,63.0,,68.8,2021,RB,28,Raheem Mostert,LV,8
68,Chase Claypool,WR26,71.0,71.0,63.0,70.0,,69.2,2021,WR,26,Chase Claypool,,
69,JuJu Smith-Schuster KC (12),WR27,68.0,69.0,73.0,71.0,,70.8,2021,WR,27,JuJu Smith-Schuster,KC,12
70,Tom Brady,QB9,64.0,75.0,57.0,78.0,,71.8,2021,QB,9,Tom Brady,,
71,Damien Harris,RB29,76.0,88.0,113.0,57.0,,72.0,2021,RB,29,Damien Harris,,
72,Jerry Jeudy CLE (13),WR28,69.0,76.0,82.0,74.0,,72.4,2021,WR,28,Jerry Jeudy,CLE,13
73,Ja'Marr Chase CIN (10),WR29,78.0,58.0,81.0,86.0,,74.4,2021,WR,29,Ja'Marr Chase,CIN,10
74,Kenny Golladay,WR30,72.0,67.0,79.0,73.0,,74.8,2021,WR,30,Kenny Golladay,,
75,DeVonta Smith PHI (14),WR31,81.0,73.0,78.0,76.0,,77.0,2021,WR,31,DeVonta Smith,PHI,14
76,Robbie Chosen,WR32,70.0,80.0,88.0,77.0,,77.4,2021,WR,32,Robbie Chosen,,
77,Michael Thomas O,WR33,89.0,63.0,80.0,91.0,,79.2,2021,WR,33,Michael Thomas O,,
78,Courtland Sutton DEN (11),WR34,73.0,81.0,96.0,69.0,,79.6,2021,WR,34,Courtland Sutton,DEN,11
79,Melvin Gordon III,RB30,103.0,77.0,87.0,79.0,,79.6,2021,RB,30,Melvin Gordon III,,
80,Logan Thomas O,TE7,66.0,103.0,94.0,80.0,,81.2,2021,TE,7,Logan Thomas O,,
81,Noah Fant SEA (9),TE8,80.0,74.0,90.0,89.0,,84.2,2021,TE,8,Noah Fant,SEA,9
82,Leonard Fournette,RB31,87.0,78.0,92.0,87.0,,86.4,2021,RB,31,Leonard Fournette,,
83,Trey Sermon PIT (7),RB32,120.0,82.0,118.0,68.0,,87.2,2021,RB,32,Trey Sermon,PIT,7
84,Deebo Samuel Sr. WAS (9),WR35,92.0,84.0,128.0,81.0,,88.0,2021,WR,35,Deebo Samuel Sr.,WAS,9
85,Matthew Stafford LAR (11),QB10,93.0,89.0,69.0,88.0,,88.2,2021,QB,10,Matthew Stafford,LAR,11
86,Robert Tonyan KC (12) O,TE9,88.0,93.0,76.0,90.0,,88.4,2021,TE,9,Robert Tonyan,KC,12
87,Tyler Boyd,WR36,82.0,102.0,109.0,94.0,,91.2,2021,WR,36,Tyler Boyd,,
88,Ronald Jones II,RB33,121.0,83.0,127.0,72.0,,91.8,2021,RB,33,Ronald Jones II,,
89,Laviska Shenault Jr. BUF (7),WR37,83.0,96.0,145.0,95.0,,91.8,2021,WR,37,Laviska Shenault Jr.,BUF,7
90,Brandin Cooks NO (6),WR38,77.0,94.0,100.0,100.0,,92.8,2021,WR,38,Brandin Cooks,NO,6
91,Michael Carter ARI (12),RB34,134.0,95.0,107.0,82.0,,93.4,2021,RB,34,Michael Carter,ARI,12
92,Ryan Tannehill,QB11,98.0,98.0,93.0,85.0,,93.4,2021,QB,11,Ryan Tannehill,,
93,Antonio Brown O,WR39,104.0,97.0,110.0,92.0,,94.6,2021,WR,39,Antonio Brown O,,
94,Corey Davis O,WR40,94.0,105.0,135.0,84.0,,95.6,2021,WR,40,Corey Davis O,,
95,Jalen Hurts PHI (14),QB12,97.0,107.0,86.0,99.0,,97.0,2021,QB,12,Jalen Hurts,PHI,14
96,Dallas Goedert PHI (14),TE10,99.0,85.0,97.0,105.0,,99.2,2021,TE,10,Dallas Goedert,PHI,14
97,James Conner ARI (12),RB35,107.0,101.0,121.0,96.0,,100.8,2021,RB,35,James Conner,ARI,12
98,DJ Chark Jr. O,WR41,111.0,79.0,117.0,106.0,,102.0,2021,WR,41,DJ Chark Jr. O,,
99,Jarvis Landry,WR42,101.0,91.0,124.0,111.0,,103.4,2021,WR,42,Jarvis Landry,,
101,A.J. Dillon PHI (14),RB36,113.0,112.0,142.0,101.0,,105.8,2021,RB,36,A.J. Dillon,PHI,14
102,Michael Pittman Jr. IND (14),WR43,129.0,111.0,104.0,97.0,,106.4,2021,WR,43,Michael Pittman Jr.,IND,14
103,Kenyan Drake O,RB37,102.0,104.0,140.0,107.0,,106.4,2021,RB,37,Kenyan Drake O,,
104,Zack Moss CIN (10),RB38,123.0,110.0,120.0,83.0,,106.6,2021,RB,38,Zack Moss,CIN,10
105,Jaylen Waddle MIA (14),WR44,110.0,87.0,133.0,108.0,,107.4,2021,WR,44,Jaylen Waddle,MIA,14
107,William Fuller V,WR45,85.0,116.0,106.0,112.0,,109.8,2021,WR,45,William Fuller V,,
108,Mike Gesicki CIN (10),TE11,109.0,90.0,114.0,113.0,,109.8,2021,TE,11,Mike Gesicki,CIN,10
110,Joe Burrow CIN (10),QB13,122.0,113.0,108.0,110.0,,111.2,2021,QB,13,Joe Burrow,CIN,10
111,Tyler Higbee LAR (11) O,TE12,125.0,108.0,151.0,109.0,,112.0,2021,TE,12,Tyler Higbee,LAR,11
112,Devin Singletary NYG (10),RB39,128.0,117.0,146.0,104.0,,112.4,2021,RB,39,Devin Singletary,NYG,10
113,Jamaal Williams,RB40,124.0,134.0,160.0,98.0,,116.4,2021,RB,40,Jamaal Williams,,
114,Sony Michel,RB41,90.0,151.0,182.0,93.0,,117.8,2021,RB,41,Sony Michel,,
115,Michael Gallup WAS (9) O,WR46,86.0,122.0,132.0,119.0,,118.0,2021,WR,46,Michael Gallup,WAS,9
116,Curtis Samuel BUF (7),WR47,119.0,120.0,111.0,115.0,,118.2,2021,WR,47,Curtis Samuel,BUF,7
118,Marvin Jones Jr.,WR48,106.0,148.0,112.0,129.0,,122.4,2021,WR,48,Marvin Jones Jr.,,
119,Marquez Callaway,WR49,131.0,130.0,176.0,103.0,,123.0,2021,WR,49,Marquez Callaway,,
120,Mike Williams LAC (7),WR50,116.0,115.0,131.0,133.0,,123.0,2021,WR,50,Mike Williams,LAC,7
121,Jonnu Smith MIA (14),TE13,91.0,142.0,116.0,118.0,,123.0,2021,TE,13,Jonnu Smith,MIA,14
122,Marquise Brown KC (12),WR51,105.0,118.0,136.0,120.0,,123.2,2021,WR,51,Marquise Brown,KC,12
124,Nyheim Hines,RB42,132.0,127.0,184.0,102.0,,124.0,2021,RB,42,Nyheim Hines,,
125,Rob Gronkowski,TE14,114.0,86.0,101.0,145.0,,125.6,2021,TE,14,Rob Gronkowski,,
126,Harrison Butker KC (12),K1,84.0,131.0,89.0,154.0,,127.8,2021,K,1,Harrison Butker,KC,12
127,Justin Tucker,K2,100.0,129.0,71.0,146.0,,127.8,2021,K,2,Justin Tucker,,
128,Trevor Lawrence JAC (7),QB14,135.0,100.0,122.0,130.0,,128.0,2021,QB,14,Trevor Lawrence,JAC,7
129,Darnell Mooney ATL (6),WR52,152.0,124.0,137.0,122.0,,128.6,2021,WR,52,Darnell Mooney,ATL,6
130,Henry Ruggs III O,WR53,117.0,135.0,170.0,127.0,,129.0,2021,WR,53,Henry Ruggs III O,,
131,David Johnson,RB43,140.0,121.0,130.0,125.0,,129.8,2021,RB,43,David Johnson,,
132,Tony Pollard TEN (13),RB44,158.0,144.0,148.0,117.0,,132.6,2021,RB,44,Tony Pollard,TEN,13
133,Mecole Hardman Jr. GB (13),WR54,144.0,125.0,164.0,140.0,,132.8,2021,WR,54,Mecole Hardman Jr.,GB,13
134,DeVante Parker,WR55,146.0,149.0,,116.0,,134.2,2021,WR,55,DeVante Parker,,
136,Baker Mayfield TB (9) O,QB15,126.0,126.0,143.0,153.0,,138.6,2021,QB,15,Baker Mayfield,TB,9
138,J.D. McKissic,RB45,157.0,162.0,196.0,114.0,,139.8,2021,RB,45,J.D. McKissic,,
139,Justin Fields NYJ (6),QB16,147.0,128.0,149.0,139.0,,140.8,2021,QB,16,Justin Fields,NYJ,6
140,Matt Ryan,QB17,153.0,158.0,161.0,126.0,,141.8,2021,QB,17,Matt Ryan,,
141,Younghoe Koo ATL (6),K3,130.0,132.0,62.0,171.0,,143.2,2021,K,3,Younghoe Koo,ATL,6
142,Cole Beasley,WR56,133.0,159.0,169.0,138.0,,143.8,2021,WR,56,Cole Beasley,,
143,Jakobi Meyers LV (8),WR57,136.0,152.0,219.0,132.0,,145.0,2021,WR,57,Jakobi Meyers,LV,8
144,Elijah Moore BUF (7),WR58,160.0,136.0,167.0,149.0,,145.6,2021,WR,58,Elijah Moore,BUF,7
145,Phillip Lindsay,RB46,155.0,143.0,154.0,123.0,,146.2,2021,RB,46,Phillip Lindsay,,
146,Russell Gage Jr. SF (6),WR59,172.0,155.0,188.0,136.0,,148.8,2021,WR,59,Russell Gage Jr.,SF,6
147,Trey Lance LAC (7),QB18,166.0,146.0,168.0,148.0,,149.0,2021,QB,18,Trey Lance,LAC,7
148,James White O,RB47,150.0,179.0,197.0,135.0,,151.8,2021,RB,47,James White O,,
150,Hunter Henry NE (14),TE15,156.0,141.0,172.0,124.0,,153.2,2021,TE,15,Hunter Henry,NE,14
151,Alexander Mattison MIA (14),RB48,164.0,170.0,192.0,142.0,,154.2,2021,RB,48,Alexander Mattison,MIA,14
152,Tyler Bass BUF (7),K4,162.0,133.0,102.0,166.0,,155.0,2021,K,4,Tyler Bass,BUF,7
153,Kirk Cousins ATL (6),QB19,176.0,163.0,165.0,137.0,,157.8,2021,QB,19,Kirk Cousins,ATL,6
154,Tua Tagovailoa MIA (14),QB20,145.0,193.0,152.0,163.0,,158.6,2021,QB,20,Tua Tagovailoa,MIA,14
156,Evan Engram DEN (11),TE16,170.0,164.0,159.0,151.0,,159.8,2021,TE,16,Evan Engram,DEN,11
158,Jason Sanders MIA (14),K5,141.0,140.0,123.0,190.0,,163.4,2021,K,5,Jason Sanders,MIA,14
159,Ben Roethlisberger,QB21,159.0,181.0,166.0,164.0,,165.0,2021,QB,21,Ben Roethlisberger,,
160,Zach Ertz WAS (9),TE17,169.0,161.0,155.0,169.0,,165.2,2021,TE,17,Zach Ertz,WAS,9
161,Jared Cook,TE18,178.0,160.0,157.0,158.0,,165.4,2021,TE,18,Jared Cook,,
162,Ryan Succop,K6,179.0,139.0,126.0,182.0,,165.8,2021,K,6,Ryan Succop,,
163,Tevin Coleman,RB49,197.0,185.0,199.0,121.0,,167.8,2021,RB,49,Tevin Coleman,,
164,Jameis Winston NYG (10) O,QB22,167.0,175.0,181.0,170.0,,168.2,2021,QB,22,Jameis Winston,NYG,10
165,Rhamondre Stevenson NE (14),RB50,181.0,177.0,233.0,134.0,,169.0,2021,RB,50,Rhamondre Stevenson,NE,14
166,Sterling Shepard TB (9) O,WR60,185.0,184.0,189.0,152.0,,172.4,2021,WR,60,Sterling Shepard,TB,9
167,Austin Hooper NE (14),TE19,139.0,166.0,174.0,159.0,,174.2,2021,TE,19,Austin Hooper,NE,14
169,Giovani Bernard,RB51,189.0,192.0,229.0,155.0,,174.4,2021,RB,51,Giovani Bernard,,
170,Nelson Agholor,WR61,175.0,167.0,205.0,174.0,,176.2,2021,WR,61,Nelson Agholor,,
171,Chuba Hubbard CAR (13),RB52,210.0,154.0,259.0,168.0,,176.6,2021,RB,52,Chuba Hubbard,CAR,13
172,Mac Jones SF (6),QB23,168.0,176.0,194.0,197.0,,177.0,2021,QB,23,Mac Jones,SF,6
173,Rondale Moore MIN (7),WR62,198.0,165.0,286.0,186.0,,177.0,2021,WR,62,Rondale Moore,MIN,7
174,Rodrigo Blankenship,K7,187.0,145.0,68.0,185.0,,177.6,2021,K,7,Rodrigo Blankenship,,
175,Greg Zuerlein,K8,163.0,153.0,105.0,183.0,,177.6,2021,K,8,Greg Zuerlein,,
176,Kenneth Gainwell PIT (7),RB53,,195.0,178.0,165.0,,177.8,2021,RB,53,Kenneth Gainwell,PIT,7
177,Gerald Everett,TE20,204.0,190.0,139.0,157.0,,179.6,2021,TE,20,Gerald Everett,,
178,Ryan Fitzpatrick O,QB24,182.0,197.0,190.0,184.0,,182.8,2021,QB,24,Ryan Fitzpatrick O,,
179,Daniel Carlson LV (8),K9,,202.0,103.0,210.0,,183.6,2021,K,9,Daniel Carlson,LV,8
181,Derek Carr,QB25,184.0,213.0,180.0,179.0,,186.4,2021,QB,25,Derek Carr,,
182,Jalen Reagor LAC (7),WR63,151.0,196.0,246.0,162.0,,187.4,2021,WR,63,Jalen Reagor,LAC,7
183,Cole Kmet CHI (10),TE21,174.0,186.0,187.0,188.0,,187.4,2021,TE,21,Cole Kmet,CHI,10
184,Tyrell Williams,WR64,161.0,206.0,,201.0,,188.4,2021,WR,64,Tyrell Williams,,
186,Rashaad Penny,RB54,,211.0,248.0,180.0,,190.6,2021,RB,54,Rashaad Penny,,
187,Terrace Marshall Jr. PHI (14),WR65,194.0,183.0,241.0,173.0,,191.0,2021,WR,65,Terrace Marshall Jr.,PHI,14
189,Zach Wilson MIA (14),QB26,186.0,194.0,207.0,192.0,,192.4,2021,QB,26,Zach Wilson,MIA,14
190,Jason Myers SEA (9),K10,127.0,147.0,147.0,218.0,,193.4,2021,K,10,Jason Myers,SEA,9
191,Latavius Murray,RB55,227.0,169.0,208.0,172.0,,194.2,2021,RB,55,Latavius Murray,,
192,Mason Crosby,K11,195.0,157.0,156.0,224.0,,195.0,2021,K,11,Mason Crosby,,
193,Emmanuel Sanders,WR66,203.0,209.0,201.0,189.0,,195.4,2021,WR,66,Emmanuel Sanders,,
194,A.J. Green,WR67,177.0,187.0,204.0,214.0,,197.0,2021,WR,67,A.J. Green,,
195,Ty'Son Williams,RB56,193.0,225.0,258.0,147.0,,198.6,2021,RB,56,Ty'Son Williams,,
196,Randall Cobb,WR68,173.0,174.0,213.0,233.0,,199.6,2021,WR,68,Randall Cobb,,
197,Gabe Davis,WR69,224.0,208.0,191.0,220.0,,204.6,2021,WR,69,Gabe Davis,,
198,Matt Prater,K12,190.0,168.0,206.0,208.0,,207.2,2021,K,12,Matt Prater,,
199,Daniel Jones IND (14) O,QB27,196.0,221.0,236.0,202.0,,207.2,2021,QB,27,Daniel Jones,IND,14
201,Bryan Edwards,WR70,214.0,191.0,262.0,191.0,,207.4,2021,WR,70,Bryan Edwards,,
202,Matt Gay WAS (9),K13,142.0,,250.0,205.0,,209.0,2021,K,13,Matt Gay,WAS,9
203,Deshaun Watson CLE (13),QB28,200.0,171.0,144.0,256.0,,209.2,2021,QB,28,Deshaun Watson,CLE,13
204,Pat Freiermuth PIT (7),TE22,201.0,180.0,225.0,230.0,,210.4,2021,TE,22,Pat Freiermuth,PIT,7
205,Sam Darnold SEA (9),QB29,218.0,216.0,238.0,194.0,,212.0,2021,QB,29,Sam Darnold,SEA,9
206,Darrel Williams,RB57,,239.0,240.0,196.0,,213.2,2021,RB,57,Darrel Williams,,
207,Anthony Firkser,TE23,209.0,220.0,264.0,195.0,,215.4,2021,TE,23,Anthony Firkser,,
208,Brandon McManus GB (13),K14,143.0,,177.0,238.0,,195.5,2021,K,14,Brandon McManus,GB,13
209,Eric Ebron,TE24,171.0,212.0,185.0,225.0,,217.2,2021,TE,24,Eric Ebron,,
210,Blake Jarwin,TE25,217.0,218.0,202.0,236.0,,219.0,2021,TE,25,Blake Jarwin,,
211,Amon-Ra St. Brown DET (9),WR71,,189.0,203.0,211.0,,198.5,2021,WR,71,Amon-Ra St. Brown,DET,9
212,Mark Ingram II,RB58,220.0,234.0,214.0,193.0,,221.6,2021,RB,58,Mark Ingram II,,
214,Parris Campbell DAL (7),WR72,165.0,214.0,293.0,234.0,,223.6,2021,WR,72,Parris Campbell,DAL,7
215,Tarik Cohen,RB59,,254.0,186.0,209.0,,206.5,2021,RB,59,Tarik Cohen,,
216,Tony Jones Jr.,RB60,,,300.0,150.0,,207.0,2021,RB,60,Tony Jones Jr.,,
218,Adam Trautman DEN (11),TE26,,200.0,220.0,242.0,,207.5,2021,TE,26,Adam Trautman,DEN,11
219,Robbie Gould,K15,205.0,188.0,210.0,235.0,,227.8,2021,K,15,Robbie Gould,,
220,Christian Kirk HOU (10),WR73,,219.0,255.0,181.0,,209.3,2021,WR,73,Christian Kirk,HOU,10
221,Jamison Crowder,WR74,230.0,222.0,247.0,266.0,,228.2,2021,WR,74,Jamison Crowder,,
222,Ty Johnson BUF (7),RB61,,232.0,,216.0,,210.5,2021,RB,61,Ty Johnson,BUF,7
223,T.Y. Hilton,WR75,,199.0,162.0,285.0,,210.5,2021,WR,75,T.Y. Hilton,,
224,Damien Williams,RB62,,210.0,276.0,176.0,,211.5,2021,RB,62,Damien Williams,,
227,Carson Wentz,QB30,211.0,242.0,224.0,177.0,,231.8,2021,QB,30,Carson Wentz,,
228,Rashod Bateman BAL (8),WR76,,173.0,266.0,253.0,,214.3,2021,WR,76,Rashod Bateman,BAL,8
229,Tre'Quan Smith,WR77,,215.0,281.0,198.0,,215.8,2021,WR,77,Tre'Quan Smith,,
230,Malcolm Brown,RB63,188.0,246.0,,222.0,,218.3,2021,RB,63,Malcolm Brown,,
231,Marlon Mack,RB64,,217.0,251.0,226.0,,223.5,2021,RB,64,Marlon Mack,,
232,Graham Gano NYG (10),K16,137.0,,217.0,240.0,,229.5,2021,K,16,Graham Gano,NYG,10
233,Devontae Booker,RB65,,198.0,,199.0,,200.0,2021,RB,65,Devontae Booker,,
235,Allen Lazard NYJ (6),WR78,,244.0,226.0,223.0,,227.8,2021,WR,78,Allen Lazard,NYJ,6
236,Wil Lutz DEN (11) O,K17,,247.0,138.0,,,204.3,2021,K,17,Wil Lutz,DEN,11
238,Marquez Valdes-Scantling SEA (9),WR79,,205.0,245.0,219.0,,230.0,2021,WR,79,Marquez Valdes-Scantling,SEA,9
240,Le'Veon Bell,RB66,216.0,238.0,263.0,212.0,,232.3,2021,RB,66,Le'Veon Bell,,
241,Cam Newton,QB31,229.0,258.0,198.0,,,234.8,2021,QB,31,Cam Newton,,
242,Chris Boswell PIT (7),K18,215.0,,193.0,229.0,,239.5,2021,K,18,Chris Boswell,PIT,7
243,Jerick McKinnon,RB67,,237.0,269.0,178.0,,235.5,2021,RB,67,Jerick McKinnon,,
244,Sammy Watkins,WR80,,207.0,237.0,239.0,,236.0,2021,WR,80,Sammy Watkins,,
245,Jared Goff DET (9),QB32,208.0,,244.0,279.0,,238.0,2021,QB,32,Jared Goff,DET,9
246,Boston Scott,RB68,,204.0,297.0,206.0,,238.8,2021,RB,68,Boston Scott,,
247,Cam Akers,RB69,226.0,,134.0,,,271.7,2021,RB,69,Cam Akers,,
248,O.J. Howard,TE27,221.0,243.0,270.0,278.0,,254.8,2021,TE,27,O.J. Howard,,
249,Kadarius Toney,WR81,,224.0,261.0,249.0,,243.8,2021,WR,81,Kadarius Toney,,
250,Todd Gurley II,RB70,,,212.0,241.0,,225.3,2021,RB,70,Todd Gurley II,,
251,Teddy Bridgewater,QB33,206.0,,239.0,263.0,,248.8,2021,QB,33,Teddy Bridgewater,,
252,Evan McPherson CIN (10),K19,219.0,,273.0,254.0,,248.8,2021,K,19,Evan McPherson,CIN,10
253,Carlos Hyde O,RB71,,228.0,278.0,213.0,,249.5,2021,RB,71,Carlos Hyde O,,
254,Amari Rodgers,WR82,,249.0,257.0,200.0,,259.5,2021,WR,82,Amari Rodgers,,
255,Darrynton Evans BUF (7) O,RB72,,260.0,,215.0,,238.0,2021,RB,72,Darrynton Evans,BUF,7
256,Nico Collins HOU (10),WR83,,252.0,,257.0,,241.0,2021,WR,83,Nico Collins,HOU,10
257,Tim Tebow,TE28,,223.0,260.0,,,244.3,2021,TE,28,Tim Tebow,,
258,Benny Snell Jr.,RB73,,,280.0,228.0,,244.7,2021,RB,73,Benny Snell Jr.,,
260,Joshua Palmer BUF (7),WR84,,235.0,,227.0,,246.0,2021,WR,84,Joshua Palmer,BUF,7
261,Hayden Hurst,TE29,,,235.0,295.0,,246.7,2021,TE,29,Hayden Hurst,,
262,Hunter Renfrow CAR (13),WR85,,245.0,277.0,255.0,,260.8,2021,WR,85,Hunter Renfrow,CAR,13
263,Taysom Hill NO (6),TE30,,,234.0,298.0,,247.0,2021,TE,30,Taysom Hill,NO,6
264,Cordarrelle Patterson PIT (7),RB74,,231.0,,258.0,,248.3,2021,RB,74,Cordarrelle Patterson,PIT,7
265,Josh Lambo,K20,231.0,,274.0,245.0,,273.5,2021,K,20,Josh Lambo,,
266,Salvon Ahmed IND (14),RB75,,255.0,,259.0,,250.3,2021,RB,75,Salvon Ahmed,IND,14
267,J.J. Taylor HOU (10),RB76,,,295.0,248.0,,251.3,2021,RB,76,J.J. Taylor,HOU,10
268,Justin Jackson,RB77,,,,217.0,,235.0,2021,RB,77,Justin Jackson,,
269,Cairo Santos CHI (10),K21,,,171.0,,,249.5,2021,K,21,Cairo Santos,CHI,10
270,Jimmy Graham,TE31,,,230.0,286.0,,260.3,2021,TE,31,Jimmy Graham,,
271,Donovan Peoples-Jones NO (6),WR86,,236.0,284.0,283.0,,271.3,2021,WR,86,Donovan Peoples-Jones,NO,6
272,Jimmy Garoppolo LAR (11),QB34,,,228.0,267.0,,262.3,2021,QB,34,Jimmy Garoppolo,LAR,11
273,Jordan Akins,TE32,,,,,,186.0,2021,TE,32,Jordan Akins,,
274,John Brown,WR87,,264.0,227.0,,,273.7,2021,WR,87,John Brown,,
276,Dustin Hopkins CLE (13),K22,,,256.0,246.0,,286.3,2021,K,22,Dustin Hopkins,CLE,13
277,Giovanni Ricci,TE33,,,200.0,,,200.0,2021,TE,33,Giovanni Ricci,,
278,Dalton Schultz HOU (10),TE34,,,242.0,262.0,,269.0,2021,TE,34,Dalton Schultz,HOU,10
279,Wayne Gallman Jr.,RB78,,,,221.0,,252.5,2021,RB,78,Wayne Gallman Jr.,,
280,Jeff Wilson Jr.,RB79,,,,272.0,,252.5,2021,RB,79,Jeff Wilson Jr.,,
281,Javian Hawkins TEN (13),RB80,,265.0,,,,253.5,2021,RB,80,Javian Hawkins,TEN,13
282,Austin Seibert O,K23,,,211.0,,,211.0,2021,K,23,Austin Seibert O,,
283,Chase McLaughlin TB (9),K24,212.0,,,,,284.0,2021,K,24,Chase McLaughlin,TB,9
284,Juwan Johnson NO (6),TE35,,,,273.0,,259.0,2021,TE,35,Juwan Johnson,NO,6
285,Dawson Knox BUF (7),TE36,,,254.0,264.0,,274.0,2021,TE,36,Dawson Knox,BUF,7
286,Michael Badgley,K25,,,216.0,,,280.5,2021,K,25,Michael Badgley,,
288,Elijah Mitchell KC (12),RB81,,,,,,219.0,2021,RB,81,Elijah Mitchell,KC,12
289,Denzel Mims,WR88,,,,260.0,,261.5,2021,WR,88,Denzel Mims,,
290,Ka'imi Fairbairn HOU (10),K26,,,221.0,,,281.5,2021,K,26,Ka'imi Fairbairn,HOU,10
291,Tyler Kroft,TE37,,,,284.0,,265.0,2021,TE,37,Tyler Kroft,,
292,Sam Ficken,K27,,,,,,229.0,2021,K,27,Sam Ficken,,
293,Byron Pringle,WR89,,,,244.0,,267.0,2021,WR,89,Byron Pringle,,
294,Jake Elliott PHI (14),K28,,,232.0,,,286.0,2021,K,28,Jake Elliott,PHI,14
296,DeSean Jackson,WR90,,,267.0,300.0,,280.3,2021,WR,90,DeSean Jackson,,
297,Anthony McFarland Jr.,RB82,,,,,,236.0,2021,RB,82,Anthony McFarland Jr.,,
298,Andy Dalton CAR (13),QB35,,,,,,238.0,2021,QB,35,Andy Dalton,CAR,13
299,Joshua Kelley,RB83,,,,243.0,,270.5,2021,RB,83,Joshua Kelley,,
300,Dan Arnold,TE38,,,,289.0,,270.5,2021,TE,38,Dan Arnold,,
301,Larry Rountree III,RB84,,,,247.0,,271.0,2021,RB,84,Larry Rountree III,,
302,Jake Funk,RB85,,,,,,240.0,2021,RB,85,Jake Funk,,
303,Xavier Jones,RB86,,240.0,,,,347.0,2021,RB,86,Xavier Jones,,
305,Royce Freeman,RB87,,,,,,244.0,2021,RB,87,Royce Freeman,,
306,Detrez Newsome,RB88,,248.0,,,,248.0,2021,RB,88,Detrez Newsome,,
307,Stephen Gostkowski,K29,,,249.0,,,249.0,2021,K,29,Stephen Gostkowski,,
308,Paul McRoberts,WR91,,250.0,,,,250.0,2021,WR,91,Paul McRoberts,,
309,Jonathan Brown,K30,,251.0,,,,251.0,2021,K,30,Jonathan Brown,,
310,Jaret Patterson LAC (7),RB89,,,,268.0,,277.0,2021,RB,89,Jaret Patterson,LAC,7
311,Nick Folk,K31,,,252.0,,,295.0,2021,K,31,Nick Folk,,
312,Nick Tiano,QB36,,253.0,,,,253.0,2021,QB,36,Nick Tiano,,
313,Joey Slye TEN (13),K32,,,253.0,,,300.0,2021,K,32,Joey Slye,TEN,13
314,Demarcus Robinson SF (6),WR92,,,288.0,,,278.5,2021,WR,92,Demarcus Robinson,SF,6
315,La'Mical Perine,RB90,,,,,,255.0,2021,RB,90,La'Mical Perine,,
316,Kent Taylor,TE39,,256.0,,,,256.0,2021,TE,39,Kent Taylor,,
317,Anthony Miller BAL (8),WR93,,,,276.0,,279.5,2021,WR,93,Anthony Miller,BAL,8
318,Stevan Ridley,RB91,,257.0,,,,257.0,2021,RB,91,Stevan Ridley,,
319,Breshad Perriman,WR94,,,,,,257.0,2021,WR,94,Breshad Perriman,,
320,KJ Hamler BUF (7) O,WR95,,,285.0,275.0,,288.7,2021,WR,95,KJ Hamler,BUF,7
321,Austin MacGinnis,K33,,,,,,259.0,2021,K,33,Austin MacGinnis,,
322,Juwan Green,WR96,,259.0,,,,259.0,2021,WR,96,Juwan Green,,
323,Justice Hill BAL (8) O,RB92,,,,,,260.0,2021,RB,92,Justice Hill,BAL,8
324,Van Jefferson TEN (13),WR97,,261.0,,,,294.0,2021,WR,97,Van Jefferson,TEN,13
325,Donald Parham Jr. PIT (7),TE40,,,,261.0,,312.5,2021,TE,40,Donald Parham Jr.,PIT,7
326,Taywan Taylor,WR98,,262.0,,,,262.0,2021,WR,98,Taywan Taylor,,
327,Samaje Perine CIN (10),RB93,,,,265.0,,282.5,2021,RB,93,Samaje Perine,CIN,10
328,Tyler Davis,WR99,,263.0,,,,263.0,2021,WR,99,Tyler Davis,,
329,David Njoku CLE (13),TE41,,,265.0,,,324.0,2021,TE,41,David Njoku,CLE,13
330,Josh Hammond,WR100,,266.0,,,,266.0,2021,WR,100,Josh Hammond,,
331,Austin Traylor,TE42,,267.0,,,,267.0,2021,TE,42,Austin Traylor,,
332,Brian Hill,RB94,,,,,,267.0,2021,RB,94,Brian Hill,,
333,Larry Fitzgerald,WR101,,,268.0,,,268.0,2021,WR,101,Larry Fitzgerald,,
334,Jarvion Franklin,RB95,,268.0,,,,268.0,2021,RB,95,Jarvion Franklin,,
335,Manasseh Bailey,WR102,,269.0,,,,269.0,2021,WR,102,Manasseh Bailey,,
336,Chris Herndon IV,TE43,,,,269.0,,292.0,2021,TE,43,Chris Herndon IV,,
337,Alex Collins,RB96,,,,270.0,,270.0,2021,RB,96,Alex Collins,,
338,Quinton Flowers,QB37,,270.0,,,,270.0,2021,QB,37,Quinton Flowers,,
339,Darius Slayton NYG (10),WR103,,,,302.0,,286.5,2021,WR,103,Darius Slayton,NYG,10
340,Darrin Hall,RB97,,271.0,,,,271.0,2021,RB,97,Darrin Hall,,
341,Mekhi Sargent,RB98,,,,271.0,,271.0,2021,RB,98,Mekhi Sargent,,
342,Josh Adams,RB99,,272.0,,,,272.0,2021,RB,99,Josh Adams,,
343,Pooka Williams Jr.,RB100,,,,,,272.0,2021,RB,100,Pooka Williams Jr.,,
344,Kyle Juszczyk SF (6),RB101,,,272.0,,,353.5,2021,RB,101,Kyle Juszczyk,SF,6
345,Qadree Ollison,RB102,,,,,,273.0,2021,RB,102,Qadree Ollison,,
346,Phillip Andersen,K34,,273.0,,,,273.0,2021,K,34,Phillip Andersen,,
347,Jamal Robinson,WR104,,274.0,,,,274.0,2021,WR,104,Jamal Robinson,,
348,Mike White BUF (7),QB38,,275.0,,,,275.0,2021,QB,38,Mike White,BUF,7
349,Jeremy Kerley,WR105,,276.0,,,,276.0,2021,WR,105,Jeremy Kerley,,
350,Tyrod Taylor NYJ (6),QB39,,,,294.0,,289.5,2021,QB,39,Tyrod Taylor,NYJ,6
351,Dalton Crossan,RB103,,277.0,,,,277.0,2021,RB,103,Dalton Crossan,,
352,Keke Coutee,WR106,,,,,,277.0,2021,WR,106,Keke Coutee,,
353,JaMycal Hasty,RB104,,,,277.0,,277.0,2021,RB,104,JaMycal Hasty,,
354,Ralph Webb,RB105,,278.0,,,,278.0,2021,RB,105,Ralph Webb,,
355,Mike Boone,RB106,,,,,,278.0,2021,RB,106,Mike Boone,,
356,Taylor Russolino,K35,,279.0,,,,279.0,2021,K,35,Taylor Russolino,,
357,Quez Watkins ARI (12),WR107,,,,301.0,,291.0,2021,WR,107,Quez Watkins,ARI,12
359,Brandon Wilds,RB107,,280.0,,,,280.0,2021,RB,107,Brandon Wilds,,
360,Chris Evans,RB108,,,,280.0,,297.0,2021,RB,108,Chris Evans,,
361,Daniel Crawford,TE44,,281.0,,,,281.0,2021,TE,44,Daniel Crawford,,
362,Tyler Conklin LAC (7),TE45,,,,281.0,,339.5,2021,TE,45,Tyler Conklin,LAC,7
363,Josh Reynolds NYJ (6),WR108,,,,282.0,,302.5,2021,WR,108,Josh Reynolds,NYJ,6
365,Randy Bullock,K36,,,283.0,,,326.5,2021,K,36,Randy Bullock,,
366,Dyami Brown JAC (7),WR109,,,,288.0,,304.0,2021,WR,109,Dyami Brown,JAC,7
367,Scotty Miller PIT (7),WR110,,,298.0,,,296.0,2021,WR,110,Scotty Miller,PIT,7
368,Adrian Peterson O,RB109,,,289.0,,,349.5,2021,RB,109,Adrian Peterson O,,
370,C.J. Uzomah,TE46,,,,290.0,,308.0,2021,TE,46,C.J. Uzomah,,
371,Mo Alie-Cox IND (14),TE47,,,,,,291.0,2021,TE,47,Mo Alie-Cox,IND,14
372,Kendrick Bourne NE (14),WR111,,,,291.0,,320.5,2021,WR,111,Kendrick Bourne,NE,14
374,Trace McSorley,QB40,,,292.0,,,292.0,2021,QB,40,Trace McSorley,,
376,Drew Lock SEA (9),QB41,,,,,,296.0,2021,QB,41,Drew Lock,SEA,9
377,Rashard Higgins,WR112,,,296.0,,,313.5,2021,WR,112,Rashard Higgins,,
378,Jalen Richard,RB110,,,,,,297.0,2021,RB,110,Jalen Richard,,
379,Eno Benjamin,RB111,,,,,,299.0,2021,RB,111,Eno Benjamin,,
380,Cody Parkey,K37,,,299.0,,,316.0,2021,K,37,Cody Parkey,,
381,Jack Doyle,TE48,,,,299.0,,344.5,2021,TE,48,Jack Doyle,,
382,Travis Fulgham,WR113,,,,,,302.0,2021,WR,113,Travis Fulgham,,
383,Olamide Zaccheaus CHI (10),WR114,,,,,,307.0,2021,WR,114,Olamide Zaccheaus,CHI,10
384,Quintez Cephus LAR (11) O,WR115,,,,,,308.0,2021,WR,115,Quintez Cephus,LAR,11
385,Adam Humphries,WR116,,,,,,309.0,2021,WR,116,Adam Humphries,,
386,Dee Eskridge MIA (14),WR117,,,,,,311.0,2021,WR,117,Dee Eskridge,MIA,14
387,Ke'Shawn Vaughn,RB112,,,,,,313.0,2021,RB,112,Ke'Shawn Vaughn,,
388,Tim Patrick DET (9),WR118,,,,,,317.0,2021,WR,118,Tim Patrick,DET,9
389,Kalen Ballage,RB113,,,,,,318.0,2021,RB,113,Kalen Ballage,,
390,Chris Conley,WR119,,,,,,319.0,2021,WR,119,Chris Conley,,
391,De'Angelo Henderson Sr.,RB114,,,,,,322.0,2021,RB,114,De'Angelo Henderson Sr.,,
392,Deonte Harty,WR120,,,,,,325.0,2021,WR,120,Deonte Harty,,
393,David Moore CAR (13),WR121,,,,,,329.0,2021,WR,121,David Moore,CAR,13
394,Kerryon Johnson,RB115,,,,,,334.0,2021,RB,115,Kerryon Johnson,,
395,D'Onta Foreman,RB116,,,,,,335.0,2021,RB,116,D'Onta Foreman,,
396,Ito Smith,RB117,,,,,,337.0,2021,RB,117,Ito Smith,,
397,Zach Pascal NYG (10),WR122,,,,,,341.0,2021,WR,122,Zach Pascal,NYG,10
398,Ameer Abdullah,RB118,,,,,,343.0,2021,RB,118,Ameer Abdullah,,
399,Devin Funchess,WR123,,,,,,349.0,2021,WR,123,Devin Funchess,,
400,Keelan Cole Sr.,WR124,,,,,,351.0,2021,WR,124,Keelan Cole Sr.,,
401,Marquise Goodwin,WR125,,,,,,352.0,2021,WR,125,Marquise Goodwin,,
402,Jonathan Williams,RB119,,,,,,353.0,2021,RB,119,Jonathan Williams,,
403,Terry Godwin,WR126,,,,,,354.0,2021,WR,126,Terry Godwin,,
404,Stephen Anderson,TE49,,,,,,355.0,2021,TE,49,Stephen Anderson,,
405,Case Cookus,QB42,,,,,,358.0,2021,QB,42,Case Cookus,,
406,Marcus Mariota WAS (9),QB43,,,,,,359.0,2021,QB,43,Marcus Mariota,WAS,9
407,Matt Breida,RB120,,,,,,360.0,2021,RB,120,Matt Breida,,
408,Tylan Wallace BAL (8),WR127,,,,,,362.0,2021,WR,127,Tylan Wallace,BAL,8
409,Antonio Gandy-Golden,WR128,,,,,,365.0,2021,WR,128,Antonio Gandy-Golden,,
410,James Washington,WR129,,,,,,366.0,2021,WR,129,James Washington,,
411,N'Keal Harry,WR130,,,,,,368.0,2021,WR,130,N'Keal Harry,,
412,Tucker McCann,K38,,,,,,369.0,2021,K,38,Tucker McCann,,
413,Tutu Atwell LAR (11) O,WR131,,,,,,371.0,2021,WR,131,Tutu Atwell,LAR,11
414,Preston Williams,WR132,,,,,,372.0,2021,WR,132,Preston Williams,,
415,Jalen Guyton,WR133,,,,,,373.0,2021,WR,133,Jalen Guyton,,
416,Mohamed Sanu Sr.,WR134,,,,,,374.0,2021,WR,134,Mohamed Sanu Sr.,,
417,Cam Sims,WR135,,,,,,375.0,2021,WR,135,Cam Sims,,
418,Shi Smith,WR136,,,,,,376.0,2021,WR,136,Shi Smith,,
419,Damiere Byrd,WR137,,,,,,377.0,2021,WR,137,Damiere Byrd,,
420,Mitchell Trubisky BUF (7),QB44,,,,,,378.0,2021,QB,44,Mitchell Trubisky,BUF,7
421,Albert Wilson,WR138,,,,,,379.0,2021,WR,138,Albert Wilson,,
422,Sam Ehlinger DEN (11),QB45,,,,,,380.0,2021,QB,45,Sam Ehlinger,DEN,11
423,Anthony Schwartz,WR139,,,,,,381.0,2021,WR,139,Anthony Schwartz,,
424,Antonio Williams,RB121,,,,,,384.0,2021,RB,121,Antonio Williams,,
425,Tyler Johnson NYJ (6),WR140,,,,,,385.0,2021,WR,140,Tyler Johnson,NYJ,6
426,Antonio Callaway,WR141,,,,,,386.0,2021,WR,141,Antonio Callaway,,
427,Dez Fitzpatrick LAC (7),WR142,,,,,,387.0,2021,WR,142,Dez Fitzpatrick,LAC,7
428,Jordan Love GB (13),QB46,,,,,,388.0,2021,QB,46,Jordan Love,GB,13
429,Foster Moreau NO (6),TE50,,,,,,389.0,2021,TE,50,Foster Moreau,NO,6
430,Ty Montgomery II,RB122,,,,,,391.0,2021,RB,122,Ty Montgomery II,,
431,James O'Shaughnessy,TE51,,,,,,392.0,2021,TE,51,James O'Shaughnessy,,
432,Tyron Billy-Johnson,WR143,,,,,,393.0,2021,WR,143,Tyron Billy-Johnson,,
433,Matt Ammendola,K39,,,,,,394.0,2021,K,39,Matt Ammendola,,
434,Jacob Eason,QB47,,,,,,395.0,2021,QB,47,Jacob Eason,,
435,Jermar Jefferson,RB123,,,,,,396.0,2021,RB,123,Jermar Jefferson,,
436,Jaylen Samuels,RB124,,,,,,397.0,2021,RB,124,Jaylen Samuels,,
437,Colin Kaepernick,QB48,,,,,,399.0,2021,QB,48,Colin Kaepernick,,
438,Ryan Santoso,K40,,,,,,400.0,2021,K,40,Ryan Santoso,,
439,Johnny Manziel,QB49,,,,,,401.0,2021,QB,49,Johnny Manziel,,
440,Albert Okwuegbunam Jr. IND (14),TE52,,,,,,402.0,2021,TE,52,Albert Okwuegbunam Jr.,IND,14
441,Ray Rice,RB125,,,,,,403.0,2021,RB,125,Ray Rice,,
442,Kylin Hill O,RB126,,,,,,404.0,2021,RB,126,Kylin Hill O,,
443,Greg Ward,WR144,,,,,,405.0,2021,WR,144,Greg Ward,,
444,Easop Winston Jr.,WR145,,,,,,406.0,2021,WR,145,Easop Winston Jr.,,
445,Michael Strachan WAS (9),WR146,,,,,,407.0,2021,WR,146,Michael Strachan,WAS,9
446,Devin Smith,WR147,,,,,,408.0,2021,WR,147,Devin Smith,,
447,Riley Ridley,WR148,,,,,,409.0,2021,WR,148,Riley Ridley,,
448,Aldrick Rosas,K41,,,,,,411.0,2021,K,41,Aldrick Rosas,,
449,Dazz Newsome,WR149,,,,,,412.0,2021,WR,149,Dazz Newsome,,
450,Jody Fortson Jr. O,TE53,,,,,,413.0,2021,TE,53,Jody Fortson Jr. O,,
451,Dede Westbrook,WR150,,,,,,414.0,2021,WR,150,Dede Westbrook,,
452,Tony Romo,QB50,,,,,,415.0,2021,QB,50,Tony Romo,,
453,Andy Isabella,WR151,,,,,,416.0,2021,WR,151,Andy Isabella,,
454,Zay Jones ARI (12),WR152,,,,,,417.0,2021,WR,152,Zay Jones,ARI,12
455,DeeJay Dallas ARI (12),RB127,,,,,,418.0,2021,RB,127,DeeJay Dallas,ARI,12
456,Corey Clement,RB128,,,,,,419.0,2021,RB,128,Corey Clement,,
457,Demetric Felton Jr. WAS (9),RB129,,,,,,420.0,2021,RB,129,Demetric Felton Jr.,WAS,9
458,Will Dissly LAC (7),TE54,,,,,,421.0,2021,TE,54,Will Dissly,LAC,7
459,Tom Kennedy DET (9),WR153,,,,,,422.0,2021,WR,153,Tom Kennedy,DET,9
460,Kylen Granson PHI (14),TE55,,,,,,423.0,2021,TE,55,Kylen Granson,PHI,14
461,Devin Duvernay CHI (10),WR154,,,,,,424.0,2021,WR,154,Devin Duvernay,CHI,10
462,Noah Gray KC (12),TE56,,,,,,425.0,2021,TE,56,Noah Gray,KC,12
463,Gerrid Doaks,RB130,,,,,,426.0,2021,RB,130,Gerrid Doaks,,
464,Simi Fehoko ARI (12),WR155,,,,,,427.0,2021,WR,155,Simi Fehoko,ARI,12
465,Damoun Patterson,WR156,,,,,,428.0,2021,WR,156,Damoun Patterson,,
466,Charlie Woerner ATL (6),TE57,,,,,,429.0,2021,TE,57,Charlie Woerner,ATL,6
467,Greg Joseph SF (6),K42,,,,,,430.0,2021,K,42,Greg Joseph,SF,6
468,Pharoh Cooper,WR157,,,,,,431.0,2021,WR,157,Pharoh Cooper,,
469,Kyle Rudolph,TE58,,,,,,432.0,2021,TE,58,Kyle Rudolph,,
470,Jeremy McNichols WAS (9),RB131,,,,,,433.0,2021,RB,131,Jeremy McNichols,WAS,9
471,Brandon Dillon,TE59,,,,,,434.0,2021,TE,59,Brandon Dillon,,
472,Chad Beebe,WR158,,,,,,436.0,2021,WR,158,Chad Beebe,,
473,Taylor Heinicke LAC (7),QB51,,,,,,437.0,2021,QB,51,Taylor Heinicke,LAC,7
474,Trent Sherfield Sr. DEN (11),WR159,,,,,,438.0,2021,WR,159,Trent Sherfield Sr.,DEN,11
475,Davis Mills HOU (10),QB52,,,,,,439.0,2021,QB,52,Davis Mills,HOU,10
476,Durham Smythe CHI (10),TE60,,,,,,440.0,2021,TE,60,Durham Smythe,CHI,10
477,Chad Henne,QB53,,,,,,441.0,2021,QB,53,Chad Henne,,
478,Eddy Pineiro,K43,,,,,,442.0,2021,K,43,Eddy Pineiro,,
479,John Wolford JAC (7),QB54,,,,,,443.0,2021,QB,54,John Wolford,JAC,7
480,Mike Glennon,QB55,,,,,,444.0,2021,QB,55,Mike Glennon,,
481,Rex Burkhead,RB132,,,,,,445.0,2021,RB,132,Rex Burkhead,,
482,Willie Snead IV,WR160,,,,,,446.0,2021,WR,160,Willie Snead IV,,
483,Drew Sample CIN (10),TE61,,,,,,447.0,2021,TE,61,Drew Sample,CIN,10
484,Joe Flacco CLE (13),QB56,,,,,,448.0,2021,QB,56,Joe Flacco,CLE,13
485,Jacoby Brissett ARI (12),QB57,,,,,,449.0,2021,QB,57,Jacoby Brissett,ARI,12
486,Cornell Powell,WR161,,,,,,450.0,2021,WR,161,Cornell Powell,,
487,Harrison Bryant PHI (14),TE62,,,,,,451.0,2021,TE,62,Harrison Bryant,PHI,14
488,Gardner Minshew II KC (12),QB58,,,,,,452.0,2021,QB,58,Gardner Minshew II,KC,12
489,Jacob Hollister,TE63,,,,,,453.0,2021,TE,63,Jacob Hollister,,
1,Jonathan Taylor IND (14) O,RB1,1.0,1.0,1.0,1.0,,1.0,2022,RB,1,Jonathan Taylor,IND,14
2,Christian McCaffrey SF (9),RB2,2.0,2.0,2.0,2.0,,2.0,2022,RB,2,Christian McCaffrey,SF,9
3,Austin Ekeler WAS (14),RB3,4.0,4.0,4.0,3.0,,3.8,2022,RB,3,Austin Ekeler,WAS,14
4,Cooper Kupp SEA (11) O,WR1,3.0,5.0,3.0,5.0,,4.0,2022,WR,1,Cooper Kupp,SEA,11
5,Derrick Henry BAL (10),RB4,5.0,3.0,5.0,8.0,,5.3,2022,RB,4,Derrick Henry,BAL,10
6,Justin Jefferson MIN (7),WR2,6.0,6.0,6.0,4.0,,5.5,2022,WR,2,Justin Jefferson,MIN,7
7,Dalvin Cook,RB5,9.0,7.0,7.0,7.0,,7.5,2022,RB,5,Dalvin Cook,,
8,Najee Harris LAC (8),RB6,8.0,8.0,10.0,6.0,,8.0,2022,RB,6,Najee Harris,LAC,8
9,Ja'Marr Chase CIN (10),WR3,7.0,9.0,8.0,9.0,,8.3,2022,WR,3,Ja'Marr Chase,CIN,10
10,Joe Mixon HOU (6),RB7,12.0,10.0,9.0,10.0,,10.3,2022,RB,7,Joe Mixon,HOU,6
11,Davante Adams LAR (7),WR4,11.0,12.0,11.0,15.0,,12.3,2022,WR,4,Davante Adams,LAR,7
12,Stefon Diggs NE (10),WR5,13.0,11.0,12.0,14.0,,12.5,2022,WR,5,Stefon Diggs,NE,10
13,Alvin Kamara NO (14),RB8,10.0,15.0,16.0,12.0,,13.3,2022,RB,8,Alvin Kamara,NO,14
14,Travis Kelce KC (8),TE1,17.0,13.0,13.0,17.0,,15.0,2022,TE,1,Travis Kelce,KC,8
15,D'Andre Swift CHI (14),RB9,15.0,14.0,22.0,11.0,,15.5,2022,RB,9,D'Andre Swift,CHI,14
16,Deebo Samuel Sr. WAS (14),WR6,14.0,21.0,14.0,19.0,,17.0,2022,WR,6,Deebo Samuel Sr.,WAS,14
17,Aaron Jones Sr. MIN (7),RB10,21.0,18.0,17.0,22.0,,19.5,2022,RB,10,Aaron Jones Sr.,MIN,7
18,CeeDee Lamb DAL (9),WR7,19.0,17.0,21.0,21.0,,19.5,2022,WR,7,CeeDee Lamb,DAL,9
19,Tyreek Hill MIA (11),WR8,16.0,20.0,20.0,23.0,,19.8,2022,WR,8,Tyreek Hill,MIA,11
20,Nick Chubb,RB11,28.0,16.0,18.0,18.0,,20.0,2022,RB,11,Nick Chubb,,
21,Saquon Barkley PHI (7),RB12,26.0,19.0,23.0,13.0,,20.3,2022,RB,12,Saquon Barkley,PHI,7
22,Josh Allen BUF (7),QB1,22.0,22.0,15.0,24.0,,20.8,2022,QB,1,Josh Allen,BUF,7
23,Mark Andrews BAL (10),TE2,20.0,23.0,19.0,25.0,,21.8,2022,TE,2,Mark Andrews,BAL,10
24,Leonard Fournette,RB13,18.0,25.0,25.0,20.0,,22.0,2022,RB,13,Leonard Fournette,,
25,Javonte Williams DAL (9) O,RB14,23.0,24.0,28.0,16.0,,22.8,2022,RB,14,Javonte Williams,DAL,9
26,Mike Evans TB (11),WR9,27.0,26.0,26.0,28.0,,26.8,2022,WR,9,Mike Evans,TB,11
27,Keenan Allen,WR10,24.0,27.0,29.0,33.0,,28.3,2022,WR,10,Keenan Allen,,
28,James Conner ARI (13),RB15,25.0,30.0,36.0,26.0,,29.3,2022,RB,15,James Conner,ARI,13
29,Patrick Mahomes II KC (8),QB2,29.0,32.0,24.0,34.0,,29.8,2022,QB,2,Patrick Mahomes II,KC,8
30,Ezekiel Elliott,RB16,38.0,29.0,27.0,27.0,,30.3,2022,RB,16,Ezekiel Elliott,,
31,A.J. Brown PHI (7),WR11,34.0,28.0,32.0,29.0,,30.8,2022,WR,11,A.J. Brown,PHI,7
32,Kyle Pitts ATL (14) O,TE3,35.0,31.0,33.0,32.0,,32.8,2022,TE,3,Kyle Pitts,ATL,14
33,Michael Pittman Jr. IND (14),WR12,31.0,35.0,38.0,30.0,,33.5,2022,WR,12,Michael Pittman Jr.,IND,14
34,Tee Higgins CIN (10),WR13,30.0,33.0,35.0,37.0,,33.8,2022,WR,13,Tee Higgins,CIN,10
35,Justin Herbert LAC (8),QB3,36.0,34.0,30.0,38.0,,34.5,2022,QB,3,Justin Herbert,LAC,8
36,David Montgomery DET (6),RB17,40.0,40.0,31.0,35.0,,36.5,2022,RB,17,David Montgomery,DET,6
37,Cam Akers,RB18,33.0,37.0,53.0,36.0,,39.8,2022,RB,18,Cam Akers,,
38,George Kittle SF (9),TE4,41.0,36.0,34.0,48.0,,39.8,2022,TE,4,George Kittle,SF,9
39,Travis Etienne Jr. JAC (11),RB19,45.0,39.0,47.0,31.0,,40.5,2022,RB,19,Travis Etienne Jr.,JAC,11
40,Terry McLaurin WAS (14),WR14,37.0,38.0,42.0,47.0,,41.0,2022,WR,14,Terry McLaurin,WAS,14
41,Lamar Jackson BAL (10),QB4,42.0,43.0,37.0,52.0,,43.5,2022,QB,4,Lamar Jackson,BAL,10
42,DJ Moore CHI (14),WR15,32.0,42.0,60.0,41.0,,43.8,2022,WR,15,DJ Moore,CHI,14
43,Diontae Johnson CLE (9),WR16,43.0,45.0,41.0,46.0,,43.8,2022,WR,16,Diontae Johnson,CLE,9
44,Darren Waller,TE5,47.0,41.0,40.0,51.0,,44.8,2022,TE,5,Darren Waller,,
45,Mike Williams LAC (8),WR17,39.0,50.0,51.0,44.0,,46.0,2022,WR,17,Mike Williams,LAC,8
46,Jaylen Waddle MIA (11),WR18,44.0,44.0,44.0,57.0,,47.3,2022,WR,18,Jaylen Waddle,MIA,11
47,DK Metcalf PIT (9),WR19,46.0,48.0,39.0,60.0,,48.3,2022,WR,19,DK Metcalf,PIT,9
48,Josh Jacobs GB (14),RB20,54.0,49.0,45.0,50.0,,49.5,2022,RB,20,Josh Jacobs,GB,14
49,Elijah Mitchell KC (8),RB21,62.0,58.0,48.0,40.0,,52.0,2022,RB,21,Elijah Mitchell,KC,8
50,J.K. Dobbins,RB22,55.0,54.0,50.0,49.0,,52.0,2022,RB,22,J.K. Dobbins,,
51,Breece Hall NYJ (10) O,RB23,48.0,46.0,70.0,45.0,,52.3,2022,RB,23,Breece Hall,NYJ,10
52,Kyler Murray ARI (13) O,QB5,52.0,53.0,43.0,67.0,,53.8,2022,QB,5,Kyler Murray,ARI,13
53,Jalen Hurts PHI (7),QB6,56.0,62.0,49.0,54.0,,55.3,2022,QB,6,Jalen Hurts,PHI,7
54,Brandin Cooks NO (14),WR20,49.0,61.0,55.0,59.0,,56.0,2022,WR,20,Brandin Cooks,NO,14
55,Dalton Schultz HOU (6),TE6,57.0,55.0,54.0,63.0,,57.3,2022,TE,6,Dalton Schultz,HOU,6
56,Courtland Sutton DEN (9),WR21,51.0,47.0,92.0,42.0,,58.0,2022,WR,21,Courtland Sutton,DEN,9
57,Joe Burrow CIN (10),QB7,74.0,52.0,46.0,69.0,,60.3,2022,QB,7,Joe Burrow,CIN,10
58,Marquise Brown KC (8),WR22,53.0,60.0,69.0,64.0,,61.5,2022,WR,22,Marquise Brown,KC,8
59,Chris Godwin TB (11),WR23,59.0,65.0,57.0,66.0,,61.8,2022,WR,23,Chris Godwin,TB,11
60,Allen Robinson II O,WR24,69.0,57.0,63.0,62.0,,62.8,2022,WR,24,Allen Robinson II O,,
61,Amon-Ra St. Brown DET (6),WR25,58.0,68.0,75.0,53.0,,63.5,2022,WR,25,Amon-Ra St. Brown,DET,6
62,Clyde Edwards-Helaire NO (14),RB24,60.0,67.0,59.0,70.0,,64.0,2022,RB,24,Clyde Edwards-Helaire,NO,14
63,Antonio Gibson NE (10) O,RB25,84.0,56.0,58.0,61.0,,64.8,2022,RB,25,Antonio Gibson,NE,10
64,Jerry Jeudy CLE (9),WR26,50.0,51.0,79.0,83.0,,65.8,2022,WR,26,Jerry Jeudy,CLE,9
65,T.J. Hockenson MIN (7),TE7,67.0,64.0,56.0,76.0,,65.8,2022,TE,7,T.J. Hockenson,MIN,7
66,Gabe Davis,WR27,61.0,75.0,77.0,56.0,,67.3,2022,WR,27,Gabe Davis,,
67,A.J. Dillon PHI (7),RB26,97.0,63.0,68.0,43.0,,67.8,2022,RB,26,A.J. Dillon,PHI,7
68,Amari Cooper,WR28,70.0,59.0,64.0,78.0,,67.8,2022,WR,28,Amari Cooper,,
69,Dallas Goedert PHI (7),TE8,79.0,71.0,52.0,80.0,,70.5,2022,TE,8,Dallas Goedert,PHI,7
70,Tom Brady,QB8,64.0,74.0,66.0,84.0,,72.0,2022,QB,8,Tom Brady,,
71,Adam Thielen CAR (13),WR29,73.0,70.0,78.0,72.0,,73.3,2022,WR,29,Adam Thielen,CAR,13
72,Darnell Mooney ATL (14) O,WR30,63.0,73.0,100.0,58.0,,73.5,2022,WR,30,Darnell Mooney,ATL,14
73,JuJu Smith-Schuster KC (8),WR31,65.0,69.0,88.0,75.0,,74.3,2022,WR,31,JuJu Smith-Schuster,KC,8
74,Russell Wilson NYG (9),QB9,77.0,72.0,74.0,87.0,,77.5,2022,QB,9,Russell Wilson,NYG,9
75,Michael Thomas O,WR32,71.0,66.0,109.0,74.0,,80.0,2022,WR,32,Michael Thomas O,,
76,Aaron Rodgers,QB10,68.0,90.0,61.0,102.0,,80.3,2022,QB,10,Aaron Rodgers,,
77,Dak Prescott DAL (9),QB11,75.0,91.0,72.0,90.0,,82.0,2022,QB,11,Dak Prescott,DAL,9
78,Devin Singletary NYG (9),RB27,66.0,89.0,102.0,73.0,,82.5,2022,RB,27,Devin Singletary,NYG,9
79,Hunter Renfrow CAR (13),WR33,72.0,82.0,84.0,95.0,,83.3,2022,WR,33,Hunter Renfrow,CAR,13
80,DeAndre Hopkins BAL (10),WR34,98.0,77.0,73.0,85.0,,83.3,2022,WR,34,DeAndre Hopkins,BAL,10
81,Dameon Pierce HOU (6) O,RB28,78.0,96.0,121.0,39.0,,83.5,2022,RB,28,Dameon Pierce,HOU,6
82,Damien Harris,RB29,89.0,79.0,81.0,86.0,,83.8,2022,RB,29,Damien Harris,,
83,Miles Sanders DAL (9),RB30,76.0,78.0,103.0,81.0,,84.5,2022,RB,30,Miles Sanders,DAL,9
84,Kareem Hunt KC (8),RB31,81.0,80.0,101.0,79.0,,85.3,2022,RB,31,Kareem Hunt,KC,8
85,Cordarrelle Patterson PIT (9),RB32,92.0,81.0,93.0,77.0,,85.8,2022,RB,32,Cordarrelle Patterson,PIT,9
86,Tony Pollard TEN (6),RB33,95.0,84.0,94.0,71.0,,86.0,2022,RB,33,Tony Pollard,TEN,6
87,Chase Edmonds,RB34,94.0,87.0,111.0,55.0,,86.8,2022,RB,34,Chase Edmonds,,
88,Rashaad Penny O,RB35,106.0,95.0,82.0,65.0,,87.0,2022,RB,35,Rashaad Penny O,,
89,Rashod Bateman BAL (10) O,WR35,83.0,76.0,113.0,82.0,,88.5,2022,WR,35,Rashod Bateman,BAL,10
90,Zach Ertz WAS (14) O,TE9,86.0,83.0,85.0,101.0,,88.8,2022,TE,9,Zach Ertz,WAS,14
91,Dawson Knox BUF (7),TE10,101.0,85.0,71.0,103.0,,90.0,2022,TE,10,Dawson Knox,BUF,7
92,Elijah Moore BUF (7),WR36,91.0,92.0,89.0,88.0,,90.0,2022,WR,36,Elijah Moore,BUF,7
93,DeVonta Smith PHI (7),WR37,85.0,86.0,98.0,92.0,,90.3,2022,WR,37,DeVonta Smith,PHI,7
95,Matthew Stafford LAR (7) O,QB12,87.0,100.0,76.0,105.0,,92.0,2022,QB,12,Matthew Stafford,LAR,7
96,Tyler Lockett TEN (6),WR38,90.0,99.0,83.0,114.0,,96.5,2022,WR,38,Tyler Lockett,TEN,6
97,Brandon Aiyuk SF (9),WR39,103.0,98.0,97.0,94.0,,98.0,2022,WR,39,Brandon Aiyuk,SF,9
98,Drake London ATL (14),WR40,96.0,88.0,110.0,100.0,,98.5,2022,WR,40,Drake London,ATL,14
99,Rhamondre Stevenson NE (10),RB36,93.0,101.0,138.0,68.0,,100.0,2022,RB,36,Rhamondre Stevenson,NE,10
100,Christian Kirk HOU (6),WR41,82.0,105.0,125.0,89.0,,100.3,2022,WR,41,Christian Kirk,HOU,6
101,Trey Lance LAC (8) O,QB13,104.0,107.0,86.0,109.0,,101.5,2022,QB,13,Trey Lance,LAC,8
102,Robert Woods PIT (9),WR42,110.0,110.0,99.0,93.0,,103.0,2022,WR,42,Robert Woods,PIT,9
103,Allen Lazard NYJ (10),WR43,99.0,93.0,135.0,91.0,,104.5,2022,WR,43,Allen Lazard,NYJ,10
104,Justin Tucker,K1,88.0,132.0,62.0,140.0,,105.5,2022,K,1,Justin Tucker,,
105,Melvin Gordon III,RB37,117.0,109.0,107.0,97.0,,107.5,2022,RB,37,Melvin Gordon III,,
106,Pat Freiermuth PIT (9),TE11,108.0,104.0,114.0,108.0,,108.5,2022,TE,11,Pat Freiermuth,PIT,9
107,Chris Olave NO (14),WR44,109.0,102.0,126.0,106.0,,110.8,2022,WR,44,Chris Olave,NO,14
109,Derek Carr,QB14,114.0,115.0,112.0,112.0,,113.3,2022,QB,14,Derek Carr,,
110,Kenneth Walker III SEA (11),RB38,132.0,97.0,137.0,98.0,,116.0,2022,RB,38,Kenneth Walker III,SEA,11
111,Chase Claypool,WR45,111.0,114.0,118.0,122.0,,116.3,2022,WR,45,Chase Claypool,,
112,James Robinson,RB39,122.0,123.0,124.0,99.0,,117.0,2022,RB,39,James Robinson,,
113,Michael Carter ARI (13),RB40,124.0,119.0,115.0,110.0,,117.0,2022,RB,40,Michael Carter,ARI,13
115,Kadarius Toney,WR46,112.0,117.0,128.0,119.0,,119.0,2022,WR,46,Kadarius Toney,,
116,James Cook BUF (7),RB41,128.0,103.0,153.0,96.0,,120.0,2022,RB,41,James Cook,BUF,7
117,Cole Kmet CHI (14),TE12,115.0,116.0,143.0,113.0,,121.8,2022,TE,12,Cole Kmet,CHI,14
119,Kirk Cousins ATL (14),QB15,125.0,130.0,131.0,115.0,,125.3,2022,QB,15,Kirk Cousins,ATL,14
120,George Pickens DAL (9),WR47,146.0,111.0,147.0,107.0,,127.8,2022,WR,47,George Pickens,DAL,9
122,Harrison Butker KC (8),K2,116.0,134.0,95.0,171.0,,129.0,2022,K,2,Harrison Butker,KC,8
123,Evan McPherson CIN (10),K3,102.0,133.0,127.0,154.0,,129.0,2022,K,3,Evan McPherson,CIN,10
124,Mike Gesicki CIN (10),TE13,129.0,113.0,122.0,152.0,,129.0,2022,TE,13,Mike Gesicki,CIN,10
125,Hunter Henry NE (10),TE14,118.0,141.0,136.0,126.0,,130.3,2022,TE,14,Hunter Henry,NE,10
126,Treylon Burks TEN (6),WR48,143.0,108.0,159.0,117.0,,131.8,2022,WR,48,Treylon Burks,TEN,6
127,Daniel Carlson LV (6),K4,127.0,135.0,119.0,148.0,,132.3,2022,K,4,Daniel Carlson,LV,6
128,Darrell Henderson Jr.,RB42,156.0,126.0,144.0,104.0,,132.5,2022,RB,42,Darrell Henderson Jr.,,
129,Tyler Bass BUF (7),K5,144.0,138.0,90.0,159.0,,132.8,2022,K,5,Tyler Bass,BUF,7
130,Alexander Mattison MIA (11),RB43,154.0,124.0,142.0,120.0,,135.0,2022,RB,43,Alexander Mattison,MIA,11
132,Matt Gay WAS (14),K6,113.0,136.0,134.0,160.0,,135.8,2022,K,6,Matt Gay,WAS,14
133,Tyler Boyd,WR49,126.0,128.0,166.0,131.0,,137.8,2022,WR,49,Tyler Boyd,,
134,Garrett Wilson NYJ (10),WR50,120.0,120.0,157.0,155.0,,138.0,2022,WR,50,Garrett Wilson,NYJ,10
136,Michael Gallup WAS (14),WR51,140.0,143.0,149.0,125.0,,139.3,2022,WR,51,Michael Gallup,WAS,14
137,Nyheim Hines,RB44,131.0,127.0,188.0,116.0,,140.5,2022,RB,44,Nyheim Hines,,
138,Tua Tagovailoa MIA (11),QB16,135.0,149.0,141.0,137.0,,140.5,2022,QB,16,Tua Tagovailoa,MIA,11
140,Skyy Moore KC (8),WR52,137.0,122.0,185.0,127.0,,142.8,2022,WR,52,Skyy Moore,KC,8
141,Julio Jones,WR53,160.0,118.0,154.0,143.0,,143.8,2022,WR,53,Julio Jones,,
142,Raheem Mostert LV (6),RB45,134.0,182.0,145.0,118.0,,144.8,2022,RB,45,Raheem Mostert,LV,6
143,Russell Gage Jr. SF (9),WR54,139.0,165.0,133.0,145.0,,145.5,2022,WR,54,Russell Gage Jr.,SF,9
144,Kenneth Gainwell PIT (9),RB46,170.0,142.0,164.0,111.0,,146.8,2022,RB,46,Kenneth Gainwell,PIT,9
145,DJ Chark Jr.,WR55,145.0,170.0,140.0,135.0,,147.5,2022,WR,55,DJ Chark Jr.,,
146,Justin Fields NYJ (10),QB17,149.0,158.0,146.0,139.0,,148.0,2022,QB,17,Justin Fields,NYJ,10
148,Marquez Valdes-Scantling SEA (11),WR56,123.0,137.0,172.0,163.0,,148.8,2022,WR,56,Marquez Valdes-Scantling,SEA,11
149,Matt Prater,K7,157.0,145.0,116.0,186.0,,151.0,2022,K,7,Matt Prater,,
150,Brian Robinson Jr. WAS (14),RB47,165.0,156.0,158.0,136.0,,153.8,2022,RB,47,Brian Robinson Jr.,WAS,14
151,Trevor Lawrence JAC (11),QB18,142.0,168.0,169.0,141.0,,155.0,2022,QB,18,Trevor Lawrence,JAC,11
152,Tyler Higbee LAR (7),TE15,152.0,148.0,129.0,192.0,,155.3,2022,TE,15,Tyler Higbee,LAR,7
153,Jarvis Landry O,WR57,148.0,140.0,195.0,146.0,,157.3,2022,WR,57,Jarvis Landry O,,
155,DeVante Parker,WR58,167.0,150.0,163.0,166.0,,161.5,2022,WR,58,DeVante Parker,,
156,David Njoku CLE (9),TE16,155.0,155.0,181.0,156.0,,161.8,2022,TE,16,David Njoku,CLE,9
157,Jakobi Meyers LV (6),WR59,133.0,172.0,206.0,138.0,,162.3,2022,WR,59,Jakobi Meyers,LV,6
158,Noah Fant SEA (11),TE17,153.0,191.0,160.0,153.0,,164.3,2022,TE,17,Noah Fant,SEA,11
159,J.D. McKissic O,RB48,163.0,171.0,204.0,123.0,,165.3,2022,RB,48,J.D. McKissic O,,
161,Jameis Winston NYG (9),QB19,166.0,164.0,186.0,149.0,,166.3,2022,QB,19,Jameis Winston,NYG,9
162,Younghoe Koo ATL (14),K8,179.0,152.0,80.0,255.0,,166.5,2022,K,8,Younghoe Koo,ATL,14
163,Mecole Hardman Jr. GB (14),WR60,182.0,186.0,139.0,168.0,,168.8,2022,WR,60,Mecole Hardman Jr.,GB,14
166,Albert Okwuegbunam Jr. IND (14),TE18,190.0,131.0,184.0,172.0,,169.3,2022,TE,18,Albert Okwuegbunam Jr.,IND,14
167,Jamaal Williams,RB49,168.0,177.0,205.0,130.0,,170.0,2022,RB,49,Jamaal Williams,,
168,Nick Folk,K9,141.0,166.0,132.0,249.0,,172.0,2022,K,9,Nick Folk,,
169,Matt Ryan,QB20,171.0,187.0,170.0,161.0,,172.3,2022,QB,20,Matt Ryan,,
170,Brandon McManus GB (14),K10,138.0,151.0,192.0,214.0,,173.8,2022,K,10,Brandon McManus,GB,14
171,Jahan Dotson PHI (7),WR61,151.0,160.0,241.0,147.0,,174.8,2022,WR,61,Jahan Dotson,PHI,7
173,Irv Smith Jr. HOU (6),TE19,162.0,169.0,240.0,132.0,,175.8,2022,TE,19,Irv Smith Jr.,HOU,6
174,Romeo Doubs GB (14),WR62,180.0,154.0,213.0,158.0,,176.3,2022,WR,62,Romeo Doubs,GB,14
175,Isaiah McKenzie,WR63,200.0,173.0,175.0,157.0,,176.3,2022,WR,63,Isaiah McKenzie,,
176,Robert Tonyan KC (8),TE20,201.0,179.0,180.0,151.0,,177.8,2022,TE,20,Robert Tonyan,KC,8
177,Ryan Succop,K11,194.0,199.0,106.0,217.0,,179.0,2022,K,11,Ryan Succop,,
178,Mark Ingram II O,RB50,203.0,159.0,174.0,180.0,,179.0,2022,RB,50,Mark Ingram II O,,
179,Khalil Herbert IND (14),RB51,176.0,162.0,254.0,133.0,,181.3,2022,RB,51,Khalil Herbert,IND,14
180,Ryan Tannehill O,QB21,175.0,215.0,168.0,183.0,,185.3,2022,QB,21,Ryan Tannehill O,,
181,Tyler Allgeier ATL (14),RB52,185.0,167.0,265.0,128.0,,186.3,2022,RB,52,Tyler Allgeier,ATL,14
182,Rondale Moore MIN (7) O,WR64,202.0,161.0,217.0,165.0,,186.3,2022,WR,64,Rondale Moore,MIN,7
183,Mac Jones SF (9),QB22,173.0,185.0,167.0,227.0,,188.0,2022,QB,22,Mac Jones,SF,9
184,Gerald Everett,TE21,217.0,194.0,161.0,185.0,,189.3,2022,TE,21,Gerald Everett,,
185,Rachaad White TB (11),RB53,219.0,163.0,266.0,124.0,,193.0,2022,RB,53,Rachaad White,TB,11
186,Evan Engram DEN (9),TE22,191.0,217.0,177.0,190.0,,193.8,2022,TE,22,Evan Engram,DEN,9
187,Deshaun Watson CLE (9),QB23,196.0,195.0,155.0,232.0,,194.5,2022,QB,23,Deshaun Watson,CLE,9
188,Baker Mayfield TB (11),QB24,174.0,202.0,193.0,212.0,,195.3,2022,QB,24,Baker Mayfield,TB,11
191,Zamir White LV (6),RB54,225.0,178.0,252.0,150.0,,201.3,2022,RB,54,Zamir White,LV,6
192,Robbie Gould,K12,189.0,184.0,173.0,259.0,,201.3,2022,K,12,Robbie Gould,,
193,Odell Beckham Jr.,WR65,212.0,192.0,216.0,188.0,,202.0,2022,WR,65,Odell Beckham Jr.,,
194,Joshua Palmer BUF (7),WR66,164.0,204.0,260.0,181.0,,202.3,2022,WR,66,Joshua Palmer,BUF,7
195,Isiah Pacheco KC (8),RB55,197.0,175.0,162.0,,,178.0,2022,RB,55,Isiah Pacheco,KC,8
196,Hayden Hurst,TE23,186.0,214.0,225.0,199.0,,206.0,2022,TE,23,Hayden Hurst,,
198,Robbie Chosen,WR67,169.0,218.0,246.0,201.0,,208.5,2022,WR,67,Robbie Chosen,,
199,Austin Hooper NE (10),TE24,199.0,206.0,220.0,211.0,,209.0,2022,TE,24,Austin Hooper,NE,10
200,Jalen Tolbert DAL (9),WR68,208.0,190.0,243.0,200.0,,210.3,2022,WR,68,Jalen Tolbert,DAL,9
201,Kenny Golladay,WR69,183.0,193.0,229.0,237.0,,210.5,2022,WR,69,Kenny Golladay,,
202,Christian Watson GB (14),WR70,,174.0,202.0,189.0,,188.3,2022,WR,70,Christian Watson,GB,14
203,Marvin Jones Jr.,WR71,159.0,229.0,245.0,216.0,,212.3,2022,WR,71,Marvin Jones Jr.,,
204,Wil Lutz DEN (9),K13,215.0,203.0,210.0,221.0,,212.3,2022,K,13,Wil Lutz,DEN,9
205,Ronald Jones II,RB56,,198.0,156.0,219.0,,191.0,2022,RB,56,Ronald Jones II,,
206,Nico Collins HOU (6) O,WR72,209.0,205.0,268.0,173.0,,213.8,2022,WR,72,Nico Collins,HOU,6
207,Daniel Jones IND (14),QB25,187.0,235.0,231.0,202.0,,213.8,2022,QB,25,Daniel Jones,IND,14
208,Rodrigo Blankenship,K14,213.0,180.0,214.0,251.0,,214.5,2022,K,14,Rodrigo Blankenship,,
209,Jared Goff DET (6),QB26,207.0,234.0,234.0,184.0,,214.8,2022,QB,26,Jared Goff,DET,6
210,Chuba Hubbard CAR (13),RB57,,188.0,182.0,209.0,,193.0,2022,RB,57,Chuba Hubbard,CAR,13
211,Taysom Hill NO (14),TE25,205.0,207.0,201.0,253.0,,216.5,2022,TE,25,Taysom Hill,NO,14
212,Greg Joseph SF (9),K15,178.0,,200.0,208.0,,195.3,2022,K,15,Greg Joseph,SF,9
213,Sammy Watkins,WR73,226.0,183.0,224.0,235.0,,217.0,2022,WR,73,Sammy Watkins,,
214,Isaiah Spiller,RB58,,153.0,270.0,176.0,,199.7,2022,RB,58,Isaiah Spiller,,
216,Kenyan Drake,RB59,227.0,228.0,251.0,179.0,,221.3,2022,RB,59,Kenyan Drake,,
217,Chris Boswell PIT (9),K16,198.0,,150.0,260.0,,202.7,2022,K,16,Chris Boswell,PIT,9
218,Jameson Williams DET (6),WR74,,189.0,221.0,198.0,,202.7,2022,WR,74,Jameson Williams,DET,6
219,Kenny Pickett CLE (9),QB27,211.0,210.0,209.0,271.0,,225.3,2022,QB,27,Kenny Pickett,CLE,9
220,Mason Crosby,K17,224.0,,117.0,,,170.5,2022,K,17,Mason Crosby,,
221,Carson Wentz,QB28,177.0,,226.0,222.0,,208.3,2022,QB,28,Carson Wentz,,
222,Logan Thomas,TE26,,244.0,190.0,191.0,,208.3,2022,TE,26,Logan Thomas,,
223,Alec Pierce IND (14),WR75,,196.0,264.0,174.0,,211.3,2022,WR,75,Alec Pierce,IND,14
224,Jerick McKinnon,RB60,,224.0,196.0,229.0,,216.3,2022,RB,60,Jerick McKinnon,,
225,Van Jefferson TEN (6),WR76,,233.0,152.0,267.0,,217.3,2022,WR,76,Van Jefferson,TEN,6
226,Jake Elliott PHI (7),K18,214.0,,198.0,242.0,,218.0,2022,K,18,Jake Elliott,PHI,7
227,Marlon Mack,RB61,,197.0,178.0,,,187.5,2022,RB,61,Marlon Mack,,
228,D'Onta Foreman,RB62,,211.0,271.0,175.0,,219.0,2022,RB,62,D'Onta Foreman,,
229,Marcus Mariota WAS (14) O,QB29,223.0,230.0,255.0,234.0,,235.5,2022,QB,29,Marcus Mariota,WAS,14
230,Isaiah Likely BAL (10),TE27,221.0,,232.0,210.0,,221.0,2022,TE,27,Isaiah Likely,BAL,10
231,Darrel Williams,RB63,,219.0,,164.0,,191.5,2022,RB,63,Darrel Williams,,
234,Wan'Dale Robinson NYG (9) O,WR77,,208.0,279.0,187.0,,224.7,2022,WR,77,Wan'Dale Robinson,NYG,9
235,Zach Wilson MIA (11),QB30,218.0,238.0,236.0,264.0,,239.0,2022,QB,30,Zach Wilson,MIA,11
236,K.J. Osborn WAS (14),WR78,,209.0,258.0,213.0,,226.7,2022,WR,78,K.J. Osborn,WAS,14
237,Myles Gaskin O,RB64,,,194.0,206.0,,200.0,2022,RB,64,Myles Gaskin O,,
239,Cade York,K19,204.0,,248.0,250.0,,234.0,2022,K,19,Cade York,,
240,Rex Burkhead,RB65,216.0,,269.0,218.0,,234.3,2022,RB,65,Rex Burkhead,,
241,Corey Davis,WR79,,,187.0,236.0,,211.5,2022,WR,79,Corey Davis,,
242,Tyrion Davis-Price,RB66,,216.0,,207.0,,211.5,2022,RB,66,Tyrion Davis-Price,,
243,Parris Campbell DAL (9),WR80,,242.0,,182.0,,212.0,2022,WR,80,Parris Campbell,DAL,9
244,A.J. Green,WR81,,213.0,211.0,,,212.0,2022,WR,81,A.J. Green,,
245,Graham Gano NYG (9),K20,192.0,,237.0,,,214.5,2022,K,20,Graham Gano,NYG,9
246,Kyle Rudolph,TE28,210.0,223.0,280.0,,,237.7,2022,TE,28,Kyle Rudolph,,
247,Dustin Hopkins CLE (9),K21,,,219.0,215.0,,217.0,2022,K,21,Dustin Hopkins,CLE,9
248,Cameron Brate,TE29,,239.0,212.0,269.0,,240.0,2022,TE,29,Cameron Brate,,
249,Jeff Wilson Jr.,RB67,,,,167.0,,167.0,2022,RB,67,Jeff Wilson Jr.,,
250,Randall Cobb,WR82,,227.0,222.0,,,224.5,2022,WR,82,Randall Cobb,,
251,Eno Benjamin,RB68,,225.0,,225.0,,225.0,2022,RB,68,Eno Benjamin,,
252,Dontrell Hilliard O,RB69,,226.0,,226.0,,226.0,2022,RB,69,Dontrell Hilliard O,,
253,Mitchell Trubisky BUF (7),QB31,220.0,,247.0,266.0,,244.3,2022,QB,31,Mitchell Trubisky,BUF,7
254,Mike Davis,RB70,,,,177.0,,177.0,2022,RB,70,Mike Davis,,
255,KJ Hamler BUF (7) O,WR83,,212.0,,246.0,,229.0,2022,WR,83,KJ Hamler,BUF,7
257,Kendrick Bourne NE (10),WR84,,,227.0,243.0,,235.0,2022,WR,84,Kendrick Bourne,NE,10
258,Randy Bullock,K22,,,197.0,,,197.0,2022,K,22,Randy Bullock,,
259,Sony Michel,RB71,,240.0,,240.0,,240.0,2022,RB,71,Sony Michel,,
260,Donovan Peoples-Jones NO (14),WR85,,236.0,263.0,262.0,,253.7,2022,WR,85,Donovan Peoples-Jones,NO,14
261,Ameer Abdullah,RB72,,,282.0,203.0,,242.5,2022,RB,72,Ameer Abdullah,,
262,Matt Breida,RB73,,,,205.0,,205.0,2022,RB,73,Matt Breida,,
263,David Bell CLE (9),WR86,,241.0,,245.0,,243.0,2022,WR,86,David Bell,CLE,9
265,Jason Sanders MIA (11),K23,,,218.0,270.0,,244.0,2022,K,23,Jason Sanders,MIA,11
266,Austin Seibert,K24,,,208.0,,,208.0,2022,K,24,Austin Seibert,,
267,Gus Edwards,RB74,,237.0,,257.0,,247.0,2022,RB,74,Gus Edwards,,
269,C.J. Uzomah,TE30,,,215.0,,,215.0,2022,TE,30,C.J. Uzomah,,
270,Samaje Perine CIN (10),RB75,,231.0,,268.0,,249.5,2022,RB,75,Samaje Perine,CIN,10
271,Davis Mills HOU (6),QB32,,,267.0,233.0,,250.0,2022,QB,32,Davis Mills,HOU,6
272,Jordan Mason MIN (7),RB76,,,,220.0,,220.0,2022,RB,76,Jordan Mason,MIN,7
273,Hassan Haskins LAC (8),RB77,,245.0,,256.0,,250.5,2022,RB,77,Hassan Haskins,LAC,8
275,Brevin Jordan HOU (6),TE31,,,,223.0,,223.0,2022,TE,31,Brevin Jordan,HOU,6
276,Jamison Crowder,WR87,,246.0,261.0,,,253.5,2022,WR,87,Jamison Crowder,,
277,Curtis Samuel BUF (7),WR88,,243.0,274.0,273.0,,263.3,2022,WR,88,Curtis Samuel,BUF,7
278,Cairo Santos CHI (14),K25,,,230.0,,,230.0,2022,K,25,Cairo Santos,CHI,14
279,Ke'Shawn Vaughn,RB78,,,,230.0,,230.0,2022,RB,78,Ke'Shawn Vaughn,,
280,Damien Williams,RB79,,,,231.0,,231.0,2022,RB,79,Damien Williams,,
281,Zack Moss CIN (10),RB80,,,235.0,278.0,,256.5,2022,RB,80,Zack Moss,CIN,10
282,Jimmy Garoppolo LAR (7) O,QB33,,,233.0,,,233.0,2022,QB,33,Jimmy Garoppolo,LAR,7
283,Brett Maher,K26,,,238.0,,,238.0,2022,K,26,Brett Maher,,
284,Boston Scott,RB81,,,285.0,239.0,,262.0,2022,RB,81,Boston Scott,,
285,D'Ernest Johnson,RB82,,,292.0,241.0,,266.5,2022,RB,82,D'Ernest Johnson,,
286,Jason Myers SEA (11),K27,,,244.0,,,244.0,2022,K,27,Jason Myers,SEA,11
287,Joshua Kelley,RB83,,,,244.0,,244.0,2022,RB,83,Joshua Kelley,,
288,DeAndre Torrey,RB84,,247.0,,,,247.0,2022,RB,84,DeAndre Torrey,,
289,Mo Alie-Cox IND (14),TE32,,,,248.0,,248.0,2022,TE,32,Mo Alie-Cox,IND,14
290,Jake Powell,TE33,,248.0,,,,248.0,2022,TE,33,Jake Powell,,
291,Anthony Johnson,DT1,,249.0,,,,249.0,2022,DT,1,Anthony Johnson,,
292,Tyler Conklin LAC (8),TE34,,,250.0,,,250.0,2022,TE,34,Tyler Conklin,LAC,8
293,Collin Hill,QB34,,250.0,,,,250.0,2022,QB,34,Collin Hill,,
294,Chad Muma JAC (11),LB1,,251.0,,,,251.0,2022,LB,1,Chad Muma,JAC,11
295,Ben Johnson,OT1,,252.0,,,,252.0,2022,OT,1,Ben Johnson,,
296,Braxton Berrios HOU (6),WR89,,,,252.0,,252.0,2022,WR,89,Braxton Berrios,HOU,6
297,Kyle Juszczyk SF (9),RB85,,,253.0,,,253.0,2022,RB,85,Kyle Juszczyk,SF,9
298,Austin Walter,RB86,,253.0,,,,253.0,2022,RB,86,Austin Walter,,
299,Zay Jones ARI (13),WR90,,,,254.0,,254.0,2022,WR,90,Zay Jones,ARI,13
300,Kayvon Thibodeaux NYG (9),DE1,,254.0,,,,254.0,2022,DE,1,Kayvon Thibodeaux,NYG,9
301,Karan Higdon,RB87,,255.0,,,,255.0,2022,RB,87,Karan Higdon,,
302,Marquez Callaway,WR91,,,257.0,279.0,,268.0,2022,WR,91,Marquez Callaway,,
304,Jordan Johnson,RB88,,256.0,,,,256.0,2022,RB,88,Jordan Johnson,,
305,Stephen Baggett,TE35,,257.0,,,,257.0,2022,TE,35,Stephen Baggett,,
306,Alex Barnes,RB89,,258.0,,,,258.0,2022,RB,89,Alex Barnes,,
307,Jaylen Warren PIT (9),RB90,,,,258.0,,258.0,2022,RB,90,Jaylen Warren,PIT,9
309,Zach Olstad,RB91,,259.0,,,,259.0,2022,RB,91,Zach Olstad,,
310,Temarrick Hemingway,TE36,,260.0,,,,260.0,2022,TE,36,Temarrick Hemingway,,
311,Jerome Washington,TE37,,261.0,,,,261.0,2022,TE,37,Jerome Washington,,
313,Stephon Robinson Jr.,WR92,,262.0,,,,262.0,2022,WR,92,Stephon Robinson Jr.,,
314,Nick Bawden,RB92,,263.0,,,,263.0,2022,RB,92,Nick Bawden,,
315,Michael Jacobson NO (14),TE38,,264.0,,,,264.0,2022,TE,38,Michael Jacobson,NO,14
316,Jamel Johnson,WR93,,265.0,,,,265.0,2022,WR,93,Jamel Johnson,,
317,Sterling Shepard TB (11) O,WR94,,,298.0,265.0,,281.5,2022,WR,94,Sterling Shepard,TB,11
318,Brandon Barnes,TE39,,266.0,,,,266.0,2022,TE,39,Brandon Barnes,,
319,Drew Anderson,QB35,,267.0,,,,267.0,2022,QB,35,Drew Anderson,,
320,Zach Conque,QB36,,268.0,,,,268.0,2022,QB,36,Zach Conque,,
321,Bobby Wagner WAS (14),LB2,,269.0,,,,269.0,2022,LB,2,Bobby Wagner,WAS,14
322,Kendrick Rogers,WR95,,270.0,,,,270.0,2022,WR,95,Kendrick Rogers,,
323,Taywan Taylor,WR96,,271.0,,,,271.0,2022,WR,96,Taywan Taylor,,
325,Kyle Lewis,WR97,,272.0,,,,272.0,2022,WR,97,Kyle Lewis,,
326,Ryan Davis,DE2,,273.0,,,,273.0,2022,DE,2,Ryan Davis,,
327,Jonnu Smith MIA (11),TE40,,,273.0,,,273.0,2022,TE,40,Jonnu Smith,MIA,11
328,Papi White,WR98,,274.0,,,,274.0,2022,WR,98,Papi White,,
329,Laviska Shenault Jr. BUF (7),WR99,,,,275.0,,275.0,2022,WR,99,Laviska Shenault Jr.,BUF,7
331,Krishawn Hogan,WR100,,276.0,,,,276.0,2022,WR,100,Krishawn Hogan,,
332,Brogan Roback,QB37,,277.0,,,,277.0,2022,QB,37,Brogan Roback,,
333,Cedrick Wilson Jr. NO (14),WR101,,,278.0,,,278.0,2022,WR,101,Cedrick Wilson Jr.,NO,14
334,Cole Hunt,TE41,,278.0,,,,278.0,2022,TE,41,Cole Hunt,,
335,David Watford,WR102,,279.0,,,,279.0,2022,WR,102,David Watford,,
336,Chris Evans,RB93,,,,280.0,,280.0,2022,RB,93,Chris Evans,,
337,Zaire Mitchell-Paden BAL (10),TE42,,280.0,,,,280.0,2022,TE,42,Zaire Mitchell-Paden,BAL,10
338,Brandon Bolden,RB94,,,281.0,,,281.0,2022,RB,94,Brandon Bolden,,
339,Josh Smith,WR103,,281.0,,,,281.0,2022,WR,103,Josh Smith,,
340,Nelson Agholor,WR104,,,283.0,,,283.0,2022,WR,104,Nelson Agholor,,
341,Foster Moreau NO (14),TE43,,,284.0,,,284.0,2022,TE,43,Foster Moreau,NO,14
342,Quez Watkins ARI (13),WR105,,,287.0,,,287.0,2022,WR,105,Quez Watkins,ARI,13
343,J.J. Taylor HOU (6),RB95,,,288.0,,,288.0,2022,RB,95,J.J. Taylor,HOU,6
344,Byron Pringle,WR106,,,289.0,,,289.0,2022,WR,106,Byron Pringle,,
346,Drew Lock SEA (11),QB38,,,291.0,,,291.0,2022,QB,38,Drew Lock,SEA,11
347,Jauan Jennings SF (9),WR107,,,293.0,,,293.0,2022,WR,107,Jauan Jennings,SF,9
348,DeeJay Dallas ARI (13),RB96,,,294.0,,,294.0,2022,RB,96,DeeJay Dallas,ARI,13
349,Ka'imi Fairbairn HOU (6),K28,,,295.0,,,295.0,2022,K,28,Ka'imi Fairbairn,HOU,6
350,Trey Sermon PIT (9),RB97,,,296.0,,,296.0,2022,RB,97,Trey Sermon,PIT,9
351,Malik Willis GB (14),QB39,,,297.0,,,297.0,2022,QB,39,Malik Willis,GB,14
352,Joey Slye TEN (6),K29,,,299.0,,,299.0,2022,K,29,Joey Slye,TEN,6
353,O.J. Howard,TE44,,,300.0,,,300.0,2022,TE,44,O.J. Howard,,
1,Justin Jefferson MIN (13),WR1,1.0,1.0,1.0,1.0,,1.0,2023,WR,1,Justin Jefferson,MIN,13
2,Christian McCaffrey SF (9),RB1,3.0,2.0,2.0,2.0,,2.3,2023,RB,1,Christian McCaffrey,SF,9
3,Ja'Marr Chase CIN (7),WR2,2.0,3.0,4.0,3.0,,3.0,2023,WR,2,Ja'Marr Chase,CIN,7
4,Austin Ekeler WAS (14),RB2,4.0,4.0,3.0,4.0,,3.8,2023,RB,2,Austin Ekeler,WAS,14
5,Travis Kelce KC (10),TE1,5.0,5.0,6.0,7.0,,5.8,2023,TE,1,Travis Kelce,KC,10
6,Tyreek Hill MIA (10),WR3,6.0,6.0,8.0,5.0,,6.3,2023,WR,3,Tyreek Hill,MIA,10
7,Saquon Barkley PHI (10),RB3,9.0,9.0,7.0,6.0,,7.8,2023,RB,3,Saquon Barkley,PHI,10
8,Bijan Robinson ATL (11),RB4,7.0,8.0,9.0,8.0,,8.0,2023,RB,4,Bijan Robinson,ATL,11
9,Stefon Diggs NE (11),WR4,11.0,7.0,10.0,12.0,,10.0,2023,WR,4,Stefon Diggs,NE,11
10,Nick Chubb O,RB5,13.0,10.0,17.0,9.0,,12.3,2023,RB,5,Nick Chubb O,,
11,Davante Adams LAR (10),WR5,8.0,14.0,12.0,17.0,,12.8,2023,WR,5,Davante Adams,LAR,10
12,CeeDee Lamb DAL (7),WR6,16.0,11.0,15.0,11.0,,13.3,2023,WR,6,CeeDee Lamb,DAL,7
13,Cooper Kupp SEA (5),WR7,14.0,15.0,5.0,21.0,,13.8,2023,WR,7,Cooper Kupp,SEA,5
14,Patrick Mahomes II KC (10),QB1,12.0,12.0,16.0,18.0,,14.5,2023,QB,1,Patrick Mahomes II,KC,10
15,A.J. Brown PHI (10),WR8,19.0,13.0,13.0,15.0,,15.0,2023,WR,8,A.J. Brown,PHI,10
16,Tony Pollard TEN (7),RB6,15.0,21.0,18.0,10.0,,16.0,2023,RB,6,Tony Pollard,TEN,7
17,Derrick Henry BAL (13),RB7,10.0,16.0,19.0,19.0,,16.0,2023,RB,7,Derrick Henry,BAL,13
18,Josh Jacobs GB (6),RB8,18.0,19.0,14.0,13.0,,16.0,2023,RB,8,Josh Jacobs,GB,6
19,Garrett Wilson NYJ (7),WR9,17.0,18.0,20.0,14.0,,17.3,2023,WR,9,Garrett Wilson,NYJ,7
20,Amon-Ra St. Brown DET (9),WR10,21.0,17.0,21.0,16.0,,18.8,2023,WR,10,Amon-Ra St. Brown,DET,9
21,Josh Allen BUF (13),QB2,20.0,20.0,22.0,20.0,,20.5,2023,QB,2,Josh Allen,BUF,13
22,Jalen Hurts PHI (10),QB3,22.0,23.0,23.0,23.0,,22.8,2023,QB,3,Jalen Hurts,PHI,10
23,Jaylen Waddle MIA (10),WR11,25.0,22.0,25.0,26.0,,24.5,2023,WR,11,Jaylen Waddle,MIA,10
24,Chris Olave NO (11),WR12,28.0,24.0,32.0,22.0,,26.5,2023,WR,12,Chris Olave,NO,11
25,DeVonta Smith PHI (10),WR13,30.0,27.0,27.0,24.0,,27.0,2023,WR,13,DeVonta Smith,PHI,10
26,Najee Harris LAC (5),RB9,29.0,28.0,30.0,25.0,,28.0,2023,RB,9,Najee Harris,LAC,5
27,Tee Higgins CIN (7),WR14,26.0,25.0,29.0,35.0,,28.8,2023,WR,14,Tee Higgins,CIN,7
28,Travis Etienne Jr. JAC (9),RB10,27.0,30.0,31.0,27.0,,28.8,2023,RB,10,Travis Etienne Jr.,JAC,9
29,Mark Andrews BAL (13),TE2,36.0,26.0,26.0,33.0,,30.3,2023,TE,2,Mark Andrews,BAL,13
30,Rhamondre Stevenson NE (11),RB11,37.0,29.0,28.0,28.0,,30.5,2023,RB,11,Rhamondre Stevenson,NE,11
31,DK Metcalf PIT (6),WR15,24.0,31.0,34.0,36.0,,31.3,2023,WR,15,DK Metcalf,PIT,6
32,Joe Mixon HOU (7),RB12,23.0,36.0,42.0,31.0,,33.0,2023,RB,12,Joe Mixon,HOU,7
33,Jahmyr Gibbs DET (9),RB13,33.0,33.0,37.0,29.0,,33.0,2023,RB,13,Jahmyr Gibbs,DET,9
34,Lamar Jackson BAL (13),QB4,31.0,32.0,35.0,38.0,,34.0,2023,QB,4,Lamar Jackson,BAL,13
35,Calvin Ridley TEN (7),WR16,38.0,34.0,36.0,30.0,,34.5,2023,WR,16,Calvin Ridley,TEN,7
36,Joe Burrow CIN (7) O,QB5,34.0,35.0,33.0,37.0,,34.8,2023,QB,5,Joe Burrow,CIN,7
37,Aaron Jones Sr. MIN (13),RB14,32.0,40.0,38.0,39.0,,37.3,2023,RB,14,Aaron Jones Sr.,MIN,13
38,Deebo Samuel Sr. WAS (14),WR17,35.0,37.0,39.0,41.0,,38.0,2023,WR,17,Deebo Samuel Sr.,WAS,14
39,Breece Hall NYJ (7),RB15,48.0,39.0,24.0,52.0,,40.8,2023,RB,15,Breece Hall,NYJ,7
40,Amari Cooper,WR18,41.0,42.0,45.0,40.0,,42.0,2023,WR,18,Amari Cooper,,
41,Keenan Allen,WR19,39.0,38.0,52.0,45.0,,43.5,2023,WR,19,Keenan Allen,,
42,Justin Herbert LAC (5) O,QB6,42.0,46.0,44.0,42.0,,43.5,2023,QB,6,Justin Herbert,LAC,5
43,Kenneth Walker III SEA (5),RB16,50.0,41.0,50.0,34.0,,43.8,2023,RB,16,Kenneth Walker III,SEA,5
44,Justin Fields NYJ (7),QB7,44.0,44.0,40.0,49.0,,44.3,2023,QB,7,Justin Fields,NYJ,7
45,T.J. Hockenson MIN (13) O,TE3,43.0,47.0,47.0,44.0,,45.3,2023,TE,3,T.J. Hockenson,MIN,13
46,Dameon Pierce HOU (7),RB17,40.0,49.0,64.0,32.0,,46.3,2023,RB,17,Dameon Pierce,HOU,7
47,Jonathan Taylor IND (11),RB18,67.0,45.0,11.0,68.0,,47.8,2023,RB,18,Jonathan Taylor,IND,11
48,George Kittle SF (9),TE4,49.0,43.0,46.0,60.0,,49.5,2023,TE,4,George Kittle,SF,9
49,Miles Sanders DAL (7),RB19,59.0,54.0,41.0,48.0,,50.5,2023,RB,19,Miles Sanders,DAL,7
50,Darren Waller,TE5,45.0,52.0,54.0,51.0,,50.5,2023,TE,5,Darren Waller,,
51,DJ Moore CHI (13),WR20,55.0,50.0,43.0,55.0,,50.8,2023,WR,20,DJ Moore,CHI,13
52,DeAndre Hopkins BAL (13),WR21,47.0,48.0,56.0,59.0,,52.5,2023,WR,21,DeAndre Hopkins,BAL,13
53,Terry McLaurin WAS (14),WR22,65.0,51.0,48.0,53.0,,54.3,2023,WR,22,Terry McLaurin,WAS,14
54,Trevor Lawrence JAC (9),QB8,60.0,53.0,49.0,58.0,,55.0,2023,QB,8,Trevor Lawrence,JAC,9
55,Christian Watson GB (6),WR23,46.0,60.0,59.0,56.0,,55.3,2023,WR,23,Christian Watson,GB,6
56,Mike Williams LAC (5) O,WR24,63.0,70.0,53.0,57.0,,60.8,2023,WR,24,Mike Williams,LAC,5
57,J.K. Dobbins O,RB20,80.0,56.0,66.0,43.0,,61.3,2023,RB,20,J.K. Dobbins O,,
58,Alvin Kamara NO (11),RB21,51.0,63.0,68.0,64.0,,61.5,2023,RB,21,Alvin Kamara,NO,11
59,Kyle Pitts ATL (11),TE6,58.0,59.0,57.0,75.0,,62.3,2023,TE,6,Kyle Pitts,ATL,11
60,Alexander Mattison MIA (10),RB22,54.0,57.0,94.0,46.0,,62.8,2023,RB,22,Alexander Mattison,MIA,10
61,Dalvin Cook,RB23,72.0,69.0,51.0,62.0,,63.5,2023,RB,23,Dalvin Cook,,
62,Dallas Goedert PHI (10),TE7,62.0,58.0,58.0,77.0,,63.8,2023,TE,7,Dallas Goedert,PHI,10
63,Cam Akers O,RB24,68.0,66.0,61.0,61.0,,64.0,2023,RB,24,Cam Akers O,,
64,James Conner ARI (14),RB25,57.0,65.0,73.0,63.0,,64.5,2023,RB,25,James Conner,ARI,14
65,Rachaad White TB (5),RB26,52.0,77.0,83.0,50.0,,65.5,2023,RB,26,Rachaad White,TB,5
66,Drake London ATL (11),WR25,77.0,55.0,69.0,66.0,,66.8,2023,WR,25,Drake London,ATL,11
67,Chris Godwin TB (5),WR26,56.0,61.0,86.0,65.0,,67.0,2023,WR,26,Chris Godwin,TB,5
68,Tyler Lockett TEN (7),WR27,69.0,67.0,76.0,70.0,,70.5,2023,WR,27,Tyler Lockett,TEN,7
69,James Cook BUF (13),RB27,61.0,82.0,95.0,47.0,,71.3,2023,RB,27,James Cook,BUF,13
70,Jerry Jeudy CLE (5),WR28,75.0,72.0,60.0,81.0,,72.0,2023,WR,28,Jerry Jeudy,CLE,5
71,Brandon Aiyuk SF (9),WR29,73.0,64.0,84.0,67.0,,72.0,2023,WR,29,Brandon Aiyuk,SF,9
72,Isiah Pacheco KC (10),RB28,71.0,73.0,75.0,71.0,,72.5,2023,RB,28,Isiah Pacheco,KC,10
73,Javonte Williams DAL (7),RB29,70.0,78.0,89.0,54.0,,72.8,2023,RB,29,Javonte Williams,DAL,7
74,D'Andre Swift CHI (13),RB30,86.0,62.0,77.0,72.0,,74.3,2023,RB,30,D'Andre Swift,CHI,13
75,Diontae Johnson CLE (5),WR30,53.0,80.0,93.0,73.0,,74.8,2023,WR,30,Diontae Johnson,CLE,5
76,Mike Evans TB (5),WR31,64.0,75.0,81.0,83.0,,75.8,2023,WR,31,Mike Evans,TB,5
77,Deshaun Watson CLE (5) O,QB9,66.0,89.0,55.0,94.0,,76.0,2023,QB,9,Deshaun Watson,CLE,5
78,Christian Kirk HOU (7) O,WR32,84.0,71.0,80.0,69.0,,76.0,2023,WR,32,Christian Kirk,HOU,7
79,Evan Engram DEN (9),TE8,79.0,76.0,67.0,91.0,,78.3,2023,TE,8,Evan Engram,DEN,9
80,Michael Pittman Jr. IND (11),WR33,87.0,68.0,92.0,79.0,,81.5,2023,WR,33,Michael Pittman Jr.,IND,11
82,George Pickens DAL (7),WR34,78.0,74.0,106.0,74.0,,83.0,2023,WR,34,George Pickens,DAL,7
83,David Njoku CLE (5),TE9,90.0,86.0,63.0,104.0,,85.8,2023,TE,9,David Njoku,CLE,5
84,David Montgomery DET (9),RB31,76.0,83.0,109.0,76.0,,86.0,2023,RB,31,David Montgomery,DET,9
85,Dak Prescott DAL (7),QB10,89.0,88.0,88.0,93.0,,89.5,2023,QB,10,Dak Prescott,DAL,7
86,Justin Tucker,K1,83.0,91.0,71.0,116.0,,90.3,2023,K,1,Justin Tucker,,
87,Marquise Brown KC (10) O,WR35,81.0,79.0,117.0,88.0,,91.3,2023,WR,35,Marquise Brown,KC,10
88,Jahan Dotson PHI (10),WR36,94.0,90.0,101.0,82.0,,91.8,2023,WR,36,Jahan Dotson,PHI,10
89,Tua Tagovailoa MIA (10),QB11,101.0,92.0,72.0,109.0,,93.5,2023,QB,11,Tua Tagovailoa,MIA,10
90,Jordan Addison MIN (13),WR37,102.0,85.0,102.0,86.0,,93.8,2023,WR,37,Jordan Addison,MIN,13
91,A.J. Dillon PHI (10),RB32,96.0,93.0,105.0,84.0,,94.5,2023,RB,32,A.J. Dillon,PHI,10
92,Brandin Cooks NO (11),WR38,88.0,97.0,103.0,92.0,,95.0,2023,WR,38,Brandin Cooks,NO,11
93,Pat Freiermuth PIT (6),TE10,82.0,84.0,126.0,89.0,,95.3,2023,TE,10,Pat Freiermuth,PIT,6
94,Jaxon Smith-Njigba SEA (5),WR39,99.0,81.0,114.0,96.0,,97.5,2023,WR,39,Jaxon Smith-Njigba,SEA,5
95,Khalil Herbert IND (11),RB33,91.0,105.0,122.0,78.0,,99.0,2023,RB,33,Khalil Herbert,IND,11
96,Aaron Rodgers O,QB12,93.0,94.0,98.0,122.0,,101.8,2023,QB,12,Aaron Rodgers O,,
97,Jamaal Williams,RB34,113.0,104.0,108.0,90.0,,103.8,2023,RB,34,Jamaal Williams,,
99,Courtland Sutton DEN (9),WR40,92.0,118.0,127.0,87.0,,106.0,2023,WR,40,Courtland Sutton,DEN,9
100,Michael Thomas,WR41,104.0,95.0,120.0,106.0,,106.3,2023,WR,41,Michael Thomas,,
101,Odell Beckham Jr.,WR42,103.0,109.0,99.0,114.0,,106.3,2023,WR,42,Odell Beckham Jr.,,
102,Gabe Davis,WR43,118.0,101.0,112.0,102.0,,108.3,2023,WR,43,Gabe Davis,,
104,Brian Robinson Jr. WAS (14),RB35,100.0,102.0,150.0,85.0,,109.3,2023,RB,35,Brian Robinson Jr.,WAS,14
105,JuJu Smith-Schuster KC (10),WR44,115.0,106.0,113.0,103.0,,109.3,2023,WR,44,JuJu Smith-Schuster,KC,10
106,Kirk Cousins ATL (11) O,QB13,85.0,111.0,124.0,119.0,,109.8,2023,QB,13,Kirk Cousins,ATL,11
107,Antonio Gibson NE (11),RB36,112.0,98.0,160.0,80.0,,112.5,2023,RB,36,Antonio Gibson,NE,11
108,Treylon Burks TEN (7),WR45,116.0,107.0,107.0,126.0,,114.0,2023,WR,45,Treylon Burks,TEN,7
109,Daniel Carlson LV (13),K2,111.0,124.0,79.0,143.0,,114.3,2023,K,2,Daniel Carlson,LV,13
110,Zay Flowers BAL (13),WR46,110.0,100.0,143.0,107.0,,115.0,2023,WR,46,Zay Flowers,BAL,13
111,Kadarius Toney,WR47,154.0,99.0,90.0,124.0,,116.8,2023,WR,47,Kadarius Toney,,
112,Zach Charbonnet SEA (5),RB37,138.0,114.0,119.0,101.0,,118.0,2023,RB,37,Zach Charbonnet,SEA,5
114,Samaje Perine CIN (7),RB38,121.0,123.0,131.0,99.0,,118.5,2023,RB,38,Samaje Perine,CIN,7
115,Anthony Richardson Sr. IND (11) O,QB14,125.0,113.0,118.0,125.0,,120.3,2023,QB,14,Anthony Richardson Sr.,IND,11
116,Dalton Schultz HOU (7),TE11,120.0,112.0,115.0,135.0,,120.5,2023,TE,11,Dalton Schultz,HOU,7
117,Daniel Jones IND (11) O,QB15,114.0,141.0,123.0,105.0,,120.8,2023,QB,15,Daniel Jones,IND,11
119,Geno Smith LV (13),QB16,124.0,131.0,116.0,128.0,,124.8,2023,QB,16,Geno Smith,LV,13
120,Quentin Johnston LAC (5),WR48,126.0,103.0,135.0,137.0,,125.3,2023,WR,48,Quentin Johnston,LAC,5
121,Jerick McKinnon,RB39,127.0,129.0,133.0,112.0,,125.3,2023,RB,39,Jerick McKinnon,,
122,Dalton Kincaid BUF (13),TE12,131.0,120.0,144.0,113.0,,127.0,2023,TE,12,Dalton Kincaid,BUF,13
123,Skyy Moore KC (10),WR49,98.0,130.0,185.0,97.0,,127.5,2023,WR,49,Skyy Moore,KC,10
125,Tyler Bass BUF (13),K3,136.0,128.0,104.0,148.0,,129.0,2023,K,3,Tyler Bass,BUF,13
126,Cole Kmet CHI (13),TE13,105.0,119.0,139.0,155.0,,129.5,2023,TE,13,Cole Kmet,CHI,13
127,Evan McPherson CIN (7),K4,106.0,110.0,141.0,164.0,,130.3,2023,K,4,Evan McPherson,CIN,7
128,Harrison Butker KC (10),K5,108.0,116.0,142.0,168.0,,133.5,2023,K,5,Harrison Butker,KC,10
129,Ezekiel Elliott,RB40,130.0,125.0,166.0,118.0,,134.8,2023,RB,40,Ezekiel Elliott,,
130,Raheem Mostert LV (13),RB41,122.0,140.0,180.0,98.0,,135.0,2023,RB,41,Raheem Mostert,LV,13
131,Tyler Higbee LAR (10),TE14,117.0,135.0,151.0,142.0,,136.3,2023,TE,14,Tyler Higbee,LAR,10
132,Jason Myers SEA (5),K6,144.0,151.0,82.0,170.0,,136.8,2023,K,6,Jason Myers,SEA,5
133,De'Von Achane MIA (10),RB42,180.0,132.0,140.0,95.0,,136.8,2023,RB,42,De'Von Achane,MIA,10
134,Adam Thielen CAR (7),WR50,137.0,127.0,158.0,127.0,,137.3,2023,WR,50,Adam Thielen,CAR,7
136,Jared Goff DET (9),QB17,153.0,148.0,134.0,120.0,,138.8,2023,QB,17,Jared Goff,DET,9
137,Younghoe Koo ATL (11),K7,152.0,133.0,85.0,186.0,,139.0,2023,K,7,Younghoe Koo,ATL,11
138,Rashaad Penny,RB43,129.0,115.0,202.0,115.0,,140.3,2023,RB,43,Rashaad Penny,,
139,Elijah Mitchell KC (10),RB44,148.0,139.0,157.0,117.0,,140.3,2023,RB,44,Elijah Mitchell,KC,10
141,Allen Lazard NYJ (7),WR51,160.0,126.0,154.0,134.0,,143.5,2023,WR,51,Allen Lazard,NYJ,7
143,Juwan Johnson NO (11),TE15,162.0,195.0,100.0,132.0,,147.3,2023,TE,15,Juwan Johnson,NO,11
144,Russell Wilson NYG (13),QB18,135.0,167.0,132.0,158.0,,148.0,2023,QB,18,Russell Wilson,NYG,13
145,Jakobi Meyers LV (13),WR52,119.0,153.0,176.0,152.0,,150.0,2023,WR,52,Jakobi Meyers,LV,13
146,Elijah Moore BUF (13),WR53,145.0,122.0,227.0,110.0,,151.0,2023,WR,53,Elijah Moore,BUF,13
147,Rashod Bateman BAL (13),WR54,197.0,143.0,111.0,157.0,,152.0,2023,WR,54,Rashod Bateman,BAL,13
149,Jameson Williams DET (9),WR55,190.0,136.0,130.0,160.0,,154.0,2023,WR,55,Jameson Williams,DET,9
150,Chig Okonkwo TEN (7),TE16,156.0,146.0,169.0,147.0,,154.5,2023,TE,16,Chig Okonkwo,TEN,7
151,Graham Gano NYG (13),K8,132.0,162.0,97.0,230.0,,155.3,2023,K,8,Graham Gano,NYG,13
152,Tyler Boyd,WR56,151.0,145.0,149.0,179.0,,156.0,2023,WR,56,Tyler Boyd,,
153,Devin Singletary NYG (13),RB45,150.0,171.0,167.0,149.0,,159.3,2023,RB,45,Devin Singletary,NYG,13
154,Tyler Allgeier ATL (11),RB46,158.0,154.0,188.0,140.0,,160.0,2023,RB,46,Tyler Allgeier,ATL,11
155,Jake Elliott PHI (10),K9,133.0,134.0,168.0,209.0,,161.0,2023,K,9,Jake Elliott,PHI,10
156,Gerald Everett,TE17,159.0,173.0,121.0,195.0,,162.0,2023,TE,17,Gerald Everett,,
157,Jaylen Warren PIT (6),RB47,149.0,160.0,242.0,100.0,,162.8,2023,RB,47,Jaylen Warren,PIT,6
158,Derek Carr,QB19,164.0,166.0,161.0,162.0,,163.3,2023,QB,19,Derek Carr,,
159,Damien Harris,RB48,181.0,149.0,205.0,123.0,,164.5,2023,RB,48,Damien Harris,,
160,Jalin Hyatt NYG (13),WR57,201.0,163.0,148.0,153.0,,166.3,2023,WR,57,Jalin Hyatt,NYG,13
162,Brock Purdy SF (9),QB20,163.0,158.0,156.0,191.0,,167.0,2023,QB,20,Brock Purdy,SF,9
163,Sam LaPorta DET (9),TE18,170.0,152.0,206.0,145.0,,168.3,2023,TE,18,Sam LaPorta,DET,9
164,Kenny Pickett CLE (5),QB21,155.0,181.0,183.0,154.0,,168.3,2023,QB,21,Kenny Pickett,CLE,5
165,Tank Bigsby JAC (9),RB49,173.0,137.0,258.0,111.0,,169.8,2023,RB,49,Tank Bigsby,JAC,9
166,Zay Jones ARI (14),WR58,177.0,168.0,174.0,174.0,,173.3,2023,WR,58,Zay Jones,ARI,14
167,Darnell Mooney ATL (11),WR59,140.0,155.0,229.0,172.0,,174.0,2023,WR,59,Darnell Mooney,ATL,11
168,Nico Collins HOU (7),WR60,146.0,185.0,224.0,141.0,,174.0,2023,WR,60,Nico Collins,HOU,7
169,Greg Dulcich NYG (13),TE19,195.0,170.0,163.0,176.0,,176.0,2023,TE,19,Greg Dulcich,NYG,13
170,Matthew Stafford LAR (10),QB22,165.0,209.0,147.0,194.0,,178.8,2023,QB,22,Matthew Stafford,LAR,10
172,Deuce Vaughn DAL (7),RB50,191.0,159.0,209.0,161.0,,180.0,2023,RB,50,Deuce Vaughn,DAL,7
173,Romeo Doubs GB (6),WR61,193.0,165.0,234.0,129.0,,180.3,2023,WR,61,Romeo Doubs,GB,6
175,Bryce Young CAR (7),QB23,176.0,174.0,155.0,228.0,,183.3,2023,QB,23,Bryce Young,CAR,7
176,Rondale Moore MIN (13),WR62,134.0,177.0,271.0,156.0,,184.5,2023,WR,62,Rondale Moore,MIN,13
178,Kenneth Gainwell PIT (6),RB51,192.0,180.0,248.0,130.0,,187.5,2023,RB,51,Kenneth Gainwell,PIT,6
179,Jordan Love GB (6),QB24,179.0,189.0,189.0,199.0,,189.0,2023,QB,24,Jordan Love,GB,6
180,Michael Gallup WAS (14),WR63,143.0,188.0,198.0,231.0,,190.0,2023,WR,63,Michael Gallup,WAS,14
181,Jonathan Mingo DAL (7),WR64,210.0,172.0,195.0,184.0,,190.3,2023,WR,64,Jonathan Mingo,DAL,7
182,Cameron Dicker LAC (5),K10,171.0,178.0,232.0,181.0,,190.5,2023,K,10,Cameron Dicker,LAC,5
183,Dawson Knox BUF (13),TE20,185.0,164.0,152.0,266.0,,191.8,2023,TE,20,Dawson Knox,BUF,13
184,K.J. Osborn WAS (14),WR65,169.0,213.0,220.0,167.0,,192.3,2023,WR,65,K.J. Osborn,WAS,14
185,Matt Gay WAS (14),K11,166.0,190.0,171.0,248.0,,193.8,2023,K,11,Matt Gay,WAS,14
187,Roschon Johnson CHI (13),RB52,184.0,194.0,269.0,133.0,,195.0,2023,RB,52,Roschon Johnson,CHI,13
188,Brandon McManus GB (6),K12,240.0,156.0,193.0,197.0,,196.5,2023,K,12,Brandon McManus,GB,6
189,Zach Ertz WAS (14),TE21,157.0,216.0,199.0,223.0,,198.8,2023,TE,21,Zach Ertz,WAS,14
193,DJ Chark Jr.,WR66,147.0,199.0,228.0,227.0,,200.3,2023,WR,66,DJ Chark Jr.,,
194,Sam Howell MIN (13),QB25,200.0,229.0,187.0,185.0,,200.3,2023,QB,25,Sam Howell,MIN,13
195,Luke Musgrave GB (6),TE22,205.0,202.0,213.0,183.0,,200.8,2023,TE,22,Luke Musgrave,GB,6
196,Kyler Murray ARI (14),QB26,194.0,198.0,182.0,232.0,,201.5,2023,QB,26,Kyler Murray,ARI,14
197,D'Onta Foreman,RB53,,175.0,201.0,136.0,,170.7,2023,RB,53,D'Onta Foreman,,
198,Jeff Wilson Jr.,RB54,168.0,,138.0,211.0,,172.3,2023,RB,54,Jeff Wilson Jr.,,
199,Taysom Hill NO (11),TE23,199.0,192.0,175.0,265.0,,207.8,2023,TE,23,Taysom Hill,NO,11
200,Kendre Miller NO (11),RB55,,193.0,162.0,177.0,,177.3,2023,RB,55,Kendre Miller,NO,11
201,Greg Zuerlein,K13,188.0,,145.0,207.0,,180.0,2023,K,13,Greg Zuerlein,,
202,Marquez Valdes-Scantling SEA (5),WR67,198.0,211.0,215.0,218.0,,210.5,2023,WR,67,Marquez Valdes-Scantling,SEA,5
203,C.J. Stroud HOU (7),QB27,196.0,214.0,184.0,252.0,,211.5,2023,QB,27,C.J. Stroud,HOU,7
204,Kareem Hunt KC (10),RB56,234.0,186.0,286.0,144.0,,212.5,2023,RB,56,Kareem Hunt,KC,10
205,Deon Jackson,RB57,187.0,225.0,,139.0,,183.7,2023,RB,57,Deon Jackson,,
206,Jimmy Garoppolo LAR (10),QB28,182.0,230.0,207.0,234.0,,213.3,2023,QB,28,Jimmy Garoppolo,LAR,10
207,Rashee Rice KC (10),WR68,,150.0,218.0,188.0,,185.3,2023,WR,68,Rashee Rice,KC,10
208,Jake Ferguson DAL (7),TE24,203.0,203.0,237.0,216.0,,214.8,2023,TE,24,Jake Ferguson,DAL,7
209,Marvin Mims Jr. DEN (9),WR69,228.0,182.0,291.0,165.0,,216.5,2023,WR,69,Marvin Mims Jr.,DEN,9
210,Mike Gesicki CIN (7),TE25,229.0,239.0,194.0,206.0,,217.0,2023,TE,25,Mike Gesicki,CIN,7
211,Cordarrelle Patterson PIT (6),RB58,,220.0,173.0,178.0,,190.3,2023,RB,58,Cordarrelle Patterson,PIT,6
212,Leonard Fournette,RB59,231.0,242.0,186.0,214.0,,218.3,2023,RB,59,Leonard Fournette,,
213,Michael Mayer LV (13),TE26,217.0,191.0,211.0,256.0,,218.8,2023,TE,26,Michael Mayer,LV,13
214,Donovan Peoples-Jones NO (11),WR70,,210.0,235.0,138.0,,194.3,2023,WR,70,Donovan Peoples-Jones,NO,11
215,Tyler Conklin LAC (5),TE27,186.0,238.0,208.0,257.0,,222.3,2023,TE,27,Tyler Conklin,LAC,5
216,Parris Campbell DAL (7),WR71,189.0,245.0,267.0,190.0,,222.8,2023,WR,71,Parris Campbell,DAL,7
217,Jason Sanders MIA (10),K14,,161.0,196.0,235.0,,197.3,2023,K,14,Jason Sanders,MIA,10
218,Gus Edwards,RB60,206.0,233.0,268.0,187.0,,223.5,2023,RB,60,Gus Edwards,,
219,Hunter Renfrow CAR (7),WR72,178.0,212.0,241.0,268.0,,224.8,2023,WR,72,Hunter Renfrow,CAR,7
220,Clyde Edwards-Helaire NO (11),RB61,,196.0,204.0,205.0,,201.7,2023,RB,61,Clyde Edwards-Helaire,NO,11
221,Hayden Hurst,TE28,235.0,231.0,217.0,225.0,,227.0,2023,TE,28,Hayden Hurst,,
222,Nick Folk,K15,,227.0,91.0,,,159.0,2023,K,15,Nick Folk,,
223,Chuba Hubbard CAR (7),RB62,,206.0,253.0,159.0,,206.0,2023,RB,62,Chuba Hubbard,CAR,7
224,Tyjae Spears TEN (7),RB63,,205.0,272.0,146.0,,207.7,2023,RB,63,Tyjae Spears,TEN,7
225,Justyn Ross KC (10),WR73,218.0,187.0,276.0,242.0,,230.8,2023,WR,73,Justyn Ross,KC,10
228,Chris Boswell PIT (6),K16,202.0,,181.0,259.0,,214.0,2023,K,16,Chris Boswell,PIT,6
229,Wil Lutz DEN (9),K17,215.0,,197.0,241.0,,217.7,2023,K,17,Wil Lutz,DEN,9
230,Hunter Henry NE (11),TE29,227.0,,216.0,210.0,,217.7,2023,TE,29,Hunter Henry,NE,11
231,Jayden Reed GB (6),WR74,,218.0,240.0,202.0,,220.0,2023,WR,74,Jayden Reed,GB,6
232,Tank Dell HOU (7) O,WR75,403.0,183.0,265.0,212.0,,265.8,2023,WR,75,Tank Dell,HOU,7
233,Ryan Tannehill,QB29,222.0,258.0,257.0,224.0,,240.3,2023,QB,29,Ryan Tannehill,,
234,Jake Moody SF (9),K18,,204.0,212.0,246.0,,220.7,2023,K,18,Jake Moody,SF,9
235,Mac Jones SF (9),QB30,207.0,247.0,214.0,,,222.7,2023,QB,30,Mac Jones,SF,9
237,Irv Smith Jr. HOU (7),TE30,470.0,221.0,249.0,200.0,,285.0,2023,TE,30,Irv Smith Jr.,HOU,7
238,Alec Pierce IND (11),WR76,,208.0,270.0,201.0,,226.3,2023,WR,76,Alec Pierce,IND,11
239,Van Jefferson TEN (7),WR77,,207.0,,175.0,,191.0,2023,WR,77,Van Jefferson,TEN,7
240,Curtis Samuel BUF (13),WR78,,219.0,225.0,247.0,,230.3,2023,WR,78,Curtis Samuel,BUF,13
244,Isaiah Hodgins SF (9),WR79,,232.0,254.0,215.0,,233.7,2023,WR,79,Isaiah Hodgins,SF,9
245,Riley Patterson,K19,,,136.0,267.0,,201.5,2023,K,19,Riley Patterson,,
246,Zack Moss CIN (7),RB64,,234.0,,173.0,,203.5,2023,RB,64,Zack Moss,CIN,7
247,Ty Chandler MIN (13),RB65,,237.0,,180.0,,208.5,2023,RB,65,Ty Chandler,MIN,13
248,Zamir White LV (13),RB66,,223.0,,196.0,,209.5,2023,RB,66,Zamir White,LV,13
249,DeVante Parker,WR80,,249.0,226.0,244.0,,239.7,2023,WR,80,DeVante Parker,,
250,Baker Mayfield TB (5),QB31,211.0,264.0,246.0,,,240.3,2023,QB,31,Baker Mayfield,TB,5
251,Greg Joseph SF (9),K20,,,164.0,261.0,,212.5,2023,K,20,Greg Joseph,SF,9
253,Eddy Pineiro,K21,,,129.0,,,129.0,2023,K,21,Eddy Pineiro,,
254,Evan Hull PIT (6) O,RB67,,228.0,,203.0,,215.5,2023,RB,67,Evan Hull,PIT,6
255,Chase Brown CIN (7),RB68,,215.0,290.0,233.0,,246.0,2023,RB,68,Chase Brown,CIN,7
256,Mecole Hardman Jr. GB (6),WR81,,235.0,262.0,245.0,,247.3,2023,WR,81,Mecole Hardman Jr.,GB,6
257,Jerome Ford CLE (5),RB69,,236.0,,208.0,,222.0,2023,RB,69,Jerome Ford,CLE,5
259,Chase Claypool,WR82,,243.0,261.0,240.0,,248.0,2023,WR,82,Chase Claypool,,
260,Joshua Kelley,RB70,,274.0,,171.0,,222.5,2023,RB,70,Joshua Kelley,,
262,Desmond Ridder,QB32,,260.0,251.0,239.0,,250.0,2023,QB,32,Desmond Ridder,,
264,Chase McLaughlin TB (5),K22,259.0,,203.0,,,231.0,2023,K,22,Chase McLaughlin,TB,5
265,Noah Fant SEA (5),TE31,,253.0,210.0,,,231.5,2023,TE,31,Noah Fant,SEA,5
266,Latavius Murray,RB71,,,256.0,213.0,,234.5,2023,RB,71,Latavius Murray,,
267,John Metchie III HOU (7),WR83,,217.0,,253.0,,235.0,2023,WR,83,John Metchie III,HOU,7
268,Trey Lance LAC (5),QB33,262.0,278.0,238.0,,,259.3,2023,QB,33,Trey Lance,LAC,5
269,Michael Badgley,K23,368.0,,178.0,,,273.0,2023,K,23,Michael Badgley,,
270,Rashid Shaheed NO (11),WR84,,244.0,285.0,250.0,,259.7,2023,WR,84,Rashid Shaheed,NO,11
271,Matt Prater,K24,239.0,,243.0,,,241.0,2023,K,24,Matt Prater,,
272,Robert Woods PIT (6),WR85,,240.0,294.0,249.0,,261.0,2023,WR,85,Robert Woods,PIT,6
274,Isaiah Likely BAL (13),TE32,,256.0,260.0,270.0,,262.0,2023,TE,32,Isaiah Likely,BAL,13
275,Darius Slayton NYG (13),WR86,,,255.0,236.0,,245.5,2023,WR,86,Darius Slayton,NYG,13
276,Kyren Williams LAR (10),RB72,,,,193.0,,193.0,2023,RB,72,Kyren Williams,LAR,10
277,Sean Tucker TB (5),RB73,,,,198.0,,198.0,2023,RB,73,Sean Tucker,TB,5
278,Brandon Aubrey DAL (7),K25,226.0,,,272.0,,249.0,2023,K,25,Brandon Aubrey,DAL,7
279,Anders Carlson NYJ (7),K26,220.0,,283.0,,,251.5,2023,K,26,Anders Carlson,NYJ,7
280,Josh Downs IND (11),WR87,,241.0,,263.0,,252.0,2023,WR,87,Josh Downs,IND,11
281,Kyle Juszczyk SF (9),RB74,255.0,,252.0,,,253.5,2023,RB,74,Kyle Juszczyk,SF,9
282,Cairo Santos CHI (13),K27,209.0,,,,,209.0,2023,K,27,Cairo Santos,CHI,13
283,Darnell Washington PIT (6),TE33,236.0,,273.0,,,254.5,2023,TE,33,Darnell Washington,PIT,6
284,Tom Brady,QB34,214.0,,,,,214.0,2023,QB,34,Tom Brady,,
285,Cade Otton TB (5),TE34,,282.0,278.0,255.0,,271.7,2023,TE,34,Cade Otton,TB,5
286,Brett Maher,K28,216.0,,,,,216.0,2023,K,28,Brett Maher,,
287,Jimmy Graham,TE35,219.0,,,,,219.0,2023,TE,35,Jimmy Graham,,
288,Wan'Dale Robinson NYG (13),WR88,,259.0,,260.0,,259.5,2023,WR,88,Wan'Dale Robinson,NYG,13
289,Michael Carter ARI (14),RB75,,276.0,244.0,,,260.0,2023,RB,75,Michael Carter,ARI,14
290,Keaontay Ingram KC (10),RB76,,262.0,,258.0,,260.0,2023,RB,76,Keaontay Ingram,KC,10
291,Richie James Jr.,WR89,343.0,,,220.0,,281.5,2023,WR,89,Richie James Jr.,,
293,Puka Nacua LAR (10),WR90,,268.0,,262.0,,265.0,2023,WR,90,Puka Nacua,LAR,10
295,Blake Grupe NO (11),K29,232.0,,,,,232.0,2023,K,29,Blake Grupe,NO,11
296,Jermar Jefferson,RB77,233.0,,,,,233.0,2023,RB,77,Jermar Jefferson,,
297,Chad Ryland ARI (14),K30,238.0,,295.0,,,266.5,2023,K,30,Chad Ryland,ARI,14
298,Cade York,K31,328.0,,233.0,,,280.5,2023,K,31,Cade York,,
299,Joey Slye TEN (7),K32,245.0,,289.0,,,267.0,2023,K,32,Joey Slye,TEN,7
300,Joshua Palmer BUF (13),WR91,,,297.0,238.0,,267.5,2023,WR,91,Joshua Palmer,BUF,13
301,Noah Gray KC (10),TE36,248.0,,288.0,,,268.0,2023,TE,36,Noah Gray,KC,10
302,Chase Edmonds,RB78,,,,237.0,,237.0,2023,RB,78,Chase Edmonds,,
303,Ka'imi Fairbairn HOU (7),K33,340.0,,239.0,,,289.5,2023,K,33,Ka'imi Fairbairn,HOU,7
304,Malik Cunningham BAL (13),QB35,241.0,,,,,241.0,2023,QB,35,Malik Cunningham,BAL,13
305,Rob Gronkowski,TE37,242.0,,,,,242.0,2023,TE,37,Rob Gronkowski,,
306,Tanner Brown,K34,243.0,,,,,243.0,2023,K,34,Tanner Brown,,
307,Luke Schoonmaker DAL (7),TE38,244.0,,,,,244.0,2023,TE,38,Luke Schoonmaker,DAL,7
309,Robbie Gould,K35,246.0,,,,,246.0,2023,K,35,Robbie Gould,,
310,Bruce Anderson III,RB79,,246.0,,,,246.0,2023,RB,79,Bruce Anderson III,,
311,Kyle Allen DET (9),QB36,247.0,,,,,247.0,2023,QB,36,Kyle Allen,DET,9
312,Henry Litwin,WR92,,248.0,,,,248.0,2023,WR,92,Henry Litwin,,
313,Allen Robinson II,WR93,,284.0,,264.0,,274.0,2023,WR,93,Allen Robinson II,,
314,Jake Bobo SEA (5),WR94,249.0,,,,,249.0,2023,WR,94,Jake Bobo,SEA,5
315,Antonio Brown,WR95,250.0,,,,,250.0,2023,WR,95,Antonio Brown,,
316,Mason Crosby,K36,251.0,,,,,251.0,2023,K,36,Mason Crosby,,
317,Calvin Austin III PIT (6),WR96,252.0,,299.0,,,275.5,2023,WR,96,Calvin Austin III,PIT,6
318,Trey McBride ARI (14),TE39,,252.0,,,,252.0,2023,TE,39,Trey McBride,ARI,14
319,Blake Bell,TE40,254.0,,,,,254.0,2023,TE,40,Blake Bell,,
320,Jaleel McLaughlin DEN (9),RB80,,,,254.0,,254.0,2023,RB,80,Jaleel McLaughlin,DEN,9
321,Eric Ebron,TE41,,255.0,,,,255.0,2023,TE,41,Eric Ebron,,
322,Trey Palmer TB (5),WR97,256.0,,,,,256.0,2023,WR,97,Trey Palmer,TB,5
323,Connor Heyward PIT (6),TE42,257.0,,,,,257.0,2023,TE,42,Connor Heyward,PIT,6
324,DeWayne McBride,RB81,291.0,266.0,,,,278.5,2023,RB,81,DeWayne McBride,,
325,Ben Roethlisberger,QB37,258.0,,,,,258.0,2023,QB,37,Ben Roethlisberger,,
326,Robert Tonyan KC (10),TE43,301.0,,259.0,,,280.0,2023,TE,43,Robert Tonyan,KC,10
327,Christopher Dunn,K37,260.0,,,,,260.0,2023,K,37,Christopher Dunn,,
328,Max Duggan,QB38,261.0,,,,,261.0,2023,QB,38,Max Duggan,,
329,Christian Trahan,TE44,,261.0,,,,261.0,2023,TE,44,Christian Trahan,,
330,Daniel Bellinger NYG (13),TE45,268.0,,293.0,,,280.5,2023,TE,45,Daniel Bellinger,NYG,13
331,Stetson Bennett LAR (10),QB39,263.0,,,,,263.0,2023,QB,39,Stetson Bennett,LAR,10
332,Israel Abanikanda SF (9),RB82,364.0,263.0,,,,313.5,2023,RB,82,Israel Abanikanda,SF,9
333,James Robinson,RB83,443.0,,263.0,,,353.0,2023,RB,83,James Robinson,,
334,Adrian Peterson,RB84,264.0,,,,,264.0,2023,RB,84,Adrian Peterson,,
335,Tristan Vizcaino,K38,,,264.0,,,264.0,2023,K,38,Tristan Vizcaino,,
336,Nikola Kalinic ATL (11),TE46,,265.0,,,,265.0,2023,TE,46,Nikola Kalinic,ATL,11
337,Zack Kuntz NYJ (7),TE47,265.0,,,,,265.0,2023,TE,47,Zack Kuntz,NYJ,7
338,Jelani Woods IND (11),TE48,,288.0,277.0,,,282.5,2023,TE,48,Jelani Woods,IND,11
339,Marvin Jones Jr.,WR98,,,266.0,,,266.0,2023,WR,98,Marvin Jones Jr.,,
340,Mohamed Ibrahim,RB85,266.0,,,,,266.0,2023,RB,85,Mohamed Ibrahim,,
341,Chase Cota- DUP,WR99,267.0,,,,,267.0,2023,WR,99,Chase Cota-,DUP,
342,Austin Watkins Jr.,WR100,269.0,,,,,269.0,2023,WR,100,Austin Watkins Jr.,,
343,Zach Evans NYJ (7),RB86,,270.0,,,,270.0,2023,RB,86,Zach Evans,NYJ,7
344,Chris Naggar,K39,270.0,,,,,270.0,2023,K,39,Chris Naggar,,
345,Rico Dowdle CAR (7),RB87,,,,271.0,,271.0,2023,RB,87,Rico Dowdle,CAR,7
346,Armani Rogers,TE49,271.0,,,,,271.0,2023,TE,49,Armani Rogers,,
347,John Mitchell,TE50,,271.0,,,,271.0,2023,TE,50,John Mitchell,,
348,C.J. Uzomah,TE51,272.0,,,,,272.0,2023,TE,51,C.J. Uzomah,,
349,Michael Wilson ARI (14),WR101,,272.0,,,,272.0,2023,WR,101,Michael Wilson,ARI,14
350,Matt Breida,RB88,,,,273.0,,273.0,2023,RB,88,Matt Breida,,
351,Tucker Kraft GB (6),TE52,273.0,,,,,273.0,2023,TE,52,Tucker Kraft,GB,6
352,Boston Scott,RB89,292.0,,281.0,,,286.5,2023,RB,89,Boston Scott,,
353,Justin Watson HOU (7),WR102,274.0,,,,,274.0,2023,WR,102,Justin Watson,HOU,7
354,Zach Wilson MIA (10),QB40,275.0,,,,,275.0,2023,QB,40,Zach Wilson,MIA,10
355,Joseph Ngata,WR103,276.0,,,,,276.0,2023,WR,103,Joseph Ngata,,
356,Marcus Mariota WAS (14),QB41,277.0,,,,,277.0,2023,QB,41,Marcus Mariota,WAS,14
357,Ronnie Bell DET (9),WR104,278.0,,,,,278.0,2023,WR,104,Ronnie Bell,DET,9
358,Matt Barkley,QB42,279.0,,,,,279.0,2023,QB,42,Matt Barkley,,
359,Logan Thomas,TE53,,,279.0,,,279.0,2023,TE,53,Logan Thomas,,
360,Austin Allen,TE54,,279.0,,,,279.0,2023,TE,54,Austin Allen,,
361,Will Dissly LAC (5),TE55,,,280.0,,,280.0,2023,TE,55,Will Dissly,LAC,5
362,Albert Okwuegbunam Jr. IND (11),TE56,280.0,,,,,280.0,2023,TE,56,Albert Okwuegbunam Jr.,IND,11
363,Rodrigo Blankenship,K40,281.0,,,,,281.0,2023,K,40,Rodrigo Blankenship,,
364,Khalil Shakir BUF (13),WR105,399.0,281.0,,,,340.0,2023,WR,105,Khalil Shakir,BUF,13
365,Dustin Hopkins CLE (5),K41,,,282.0,,,282.0,2023,K,41,Dustin Hopkins,CLE,5
366,Deneric Prince,RB90,282.0,,,,,282.0,2023,RB,90,Deneric Prince,,
367,Durham Smythe CHI (13),TE57,283.0,,,,,283.0,2023,TE,57,Durham Smythe,CHI,13
368,Julio Jones,WR106,284.0,,,,,284.0,2023,WR,106,Julio Jones,,
369,Quez Watkins ARI (14),WR107,,,284.0,,,284.0,2023,WR,107,Quez Watkins,ARI,14
370,Mitchell Trubisky BUF (13),QB43,285.0,,,,,285.0,2023,QB,43,Mitchell Trubisky,BUF,13
371,Tyquan Thornton KC (10),WR108,,285.0,,,,285.0,2023,WR,108,Tyquan Thornton,KC,10
372,Josh Woodrum,QB44,,286.0,,,,286.0,2023,QB,44,Josh Woodrum,,
373,Equanimeous St. Brown,WR109,286.0,,,,,286.0,2023,WR,109,Equanimeous St. Brown,,
374,Nick Sciba,K42,287.0,,,,,287.0,2023,K,42,Nick Sciba,,
375,Thomas Greaney,TE58,,287.0,,,,287.0,2023,TE,58,Thomas Greaney,,
376,Isaiah McKenzie,WR110,490.0,,287.0,,,388.5,2023,WR,110,Isaiah McKenzie,,
377,Josh Oliver MIN (13),TE59,288.0,,,,,288.0,2023,TE,59,Josh Oliver,MIN,13
378,Jake Browning CIN (7),QB45,289.0,,,,,289.0,2023,QB,45,Jake Browning,CIN,7
379,Pierre Strong Jr. CLE (5),RB91,,289.0,,,,289.0,2023,RB,91,Pierre Strong Jr.,CLE,5
380,Cooper Rush BAL (13),QB46,290.0,,,,,290.0,2023,QB,46,Cooper Rush,BAL,13
381,Cole McDonald,QB47,,290.0,,,,290.0,2023,QB,47,Cole McDonald,,
382,Terrace Marshall Jr. PHI (10),WR111,,291.0,,,,291.0,2023,WR,111,Terrace Marshall Jr.,PHI,10
383,Kyle Lauletta,QB48,,292.0,,,,292.0,2023,QB,48,Kyle Lauletta,,
384,Trenton Irwin,WR112,293.0,,,,,293.0,2023,WR,112,Trenton Irwin,,
385,Danny Etling,QB49,,294.0,,,,294.0,2023,QB,49,Danny Etling,,
386,Trace McSorley,QB50,294.0,,,,,294.0,2023,QB,50,Trace McSorley,,
387,KaVontae Turpin DAL (7),WR113,295.0,,,,,295.0,2023,WR,113,KaVontae Turpin,DAL,7
388,Cam Newton,QB51,296.0,,,,,296.0,2023,QB,51,Cam Newton,,
389,Jauan Jennings SF (9),WR114,,,296.0,,,296.0,2023,WR,114,Jauan Jennings,SF,9
390,Peyton Hendershot,TE60,297.0,,,,,297.0,2023,TE,60,Peyton Hendershot,,
391,Malik Flowers,WR115,,297.0,,,,297.0,2023,WR,115,Malik Flowers,,
392,Teddy Bridgewater,QB52,298.0,,,,,298.0,2023,QB,52,Teddy Bridgewater,,
393,Sterling Shepard TB (5),WR116,,,298.0,,,298.0,2023,WR,116,Sterling Shepard,TB,5
394,Drew Lock SEA (5),QB53,299.0,,,,,299.0,2023,QB,53,Drew Lock,SEA,5
395,J.J. Taylor HOU (7),RB92,300.0,,,,,300.0,2023,RB,92,J.J. Taylor,HOU,7
396,Darius Jackson,RB93,,301.0,,,,301.0,2023,RB,93,Darius Jackson,,
397,Jack Stoll NO (11),TE61,302.0,,,,,302.0,2023,TE,61,Jack Stoll,NO,11
398,Troy Fumagalli,TE62,,303.0,,,,303.0,2023,TE,62,Troy Fumagalli,,
399,Sean Clifford GB (6),QB54,303.0,,,,,303.0,2023,QB,54,Sean Clifford,GB,6
400,Josh Hill,TE63,,304.0,,,,304.0,2023,TE,63,Josh Hill,,
401,Binjimen Victor,WR117,304.0,,,,,304.0,2023,WR,117,Binjimen Victor,,
402,Devin Duvernay CHI (13),WR118,310.0,,300.0,,,305.0,2023,WR,118,Devin Duvernay,CHI,13
403,Levine Toilolo,TE64,,305.0,,,,305.0,2023,TE,64,Levine Toilolo,,
404,C.J. Ham MIN (13),RB94,305.0,,,,,305.0,2023,RB,94,C.J. Ham,MIN,13
405,Charlie Jones CIN (7),WR119,306.0,,,,,306.0,2023,WR,119,Charlie Jones,CIN,7
406,Ryan Succop,K43,307.0,,,,,307.0,2023,K,43,Ryan Succop,,
407,Nate Stanley,QB55,,307.0,,,,307.0,2023,QB,55,Nate Stanley,,
408,Le'Veon Bell,RB95,308.0,,,,,308.0,2023,RB,95,Le'Veon Bell,,
409,Kaden Smith,TE65,,308.0,,,,308.0,2023,TE,65,Kaden Smith,,
410,Marquise Goodwin,WR120,309.0,,,,,309.0,2023,WR,120,Marquise Goodwin,,
411,Nick Bowers,TE66,,309.0,,,,309.0,2023,TE,66,Nick Bowers,,
412,Briley Moore,TE67,,310.0,,,,310.0,2023,TE,67,Briley Moore,,
413,Grant DuBose,WR121,311.0,,,,,311.0,2023,WR,121,Grant DuBose,,
414,Ross Travis,TE68,,312.0,,,,312.0,2023,TE,68,Ross Travis,,
415,Olamide Zaccheaus CHI (13),WR122,312.0,,,,,312.0,2023,WR,122,Olamide Zaccheaus,CHI,13
416,Jason Brownlee KC (10),WR123,313.0,,,,,313.0,2023,WR,123,Jason Brownlee,KC,10
417,Derek Watt,RB96,314.0,,,,,314.0,2023,RB,96,Derek Watt,,
418,Matt Bushman,TE69,,314.0,,,,314.0,2023,TE,69,Matt Bushman,,
419,Jordan Matthews,TE70,,316.0,,,,316.0,2023,TE,70,Jordan Matthews,,
420,Hendon Hooker DET (9),QB56,316.0,,,,,316.0,2023,QB,56,Hendon Hooker,DET,9
421,Kahale Warring,TE71,,317.0,,,,317.0,2023,TE,71,Kahale Warring,,
422,Brock Wright DET (9),TE72,317.0,,,,,317.0,2023,TE,72,Brock Wright,DET,9
423,DaeSean Hamilton,WR124,,318.0,,,,318.0,2023,WR,124,DaeSean Hamilton,,
424,Jalen Tolbert DAL (7),WR125,318.0,,,,,318.0,2023,WR,125,Jalen Tolbert,DAL,7
425,Jonnu Smith MIA (10),TE73,319.0,,,,,319.0,2023,TE,73,Jonnu Smith,MIA,10
426,Jarrett Stidham DEN (9),QB57,320.0,,,,,320.0,2023,QB,57,Jarrett Stidham,DEN,9
427,Andrei Iosivas CIN (7),WR126,321.0,,,,,321.0,2023,WR,126,Andrei Iosivas,CIN,7
428,Jameis Winston NYG (13),QB58,322.0,,,,,322.0,2023,QB,58,Jameis Winston,NYG,13
429,D'Vonte Price,RB97,323.0,,,,,323.0,2023,RB,97,D'Vonte Price,,
430,Blaine Gabbert,QB59,324.0,,,,,324.0,2023,QB,59,Blaine Gabbert,,
431,Patrick Ricard BAL (13),RB98,325.0,,,,,325.0,2023,RB,98,Patrick Ricard,BAL,13
432,Josh Lambo,K44,326.0,,,,,326.0,2023,K,44,Josh Lambo,,
433,Drew Sample CIN (7),TE74,327.0,,,,,327.0,2023,TE,74,Drew Sample,CIN,7
434,Tyson Bagent CHI (13),QB60,329.0,,,,,329.0,2023,QB,60,Tyson Bagent,CHI,13
435,Adam Humphries,WR127,330.0,,,,,330.0,2023,WR,127,Adam Humphries,,
436,Tre' McKitty CLE (5),TE75,331.0,,,,,331.0,2023,TE,75,Tre' McKitty,CLE,5
437,Lirim Hajrullahu,K45,332.0,,,,,332.0,2023,K,45,Lirim Hajrullahu,,
438,Anthony Brown Jr.,QB61,333.0,,,,,333.0,2023,QB,61,Anthony Brown Jr.,,
439,Matthew Slater,WR128,334.0,,,,,334.0,2023,WR,128,Matthew Slater,,
440,Josh Gordon,WR129,335.0,,,,,335.0,2023,WR,129,Josh Gordon,,
441,Adam Trautman DEN (9),TE76,336.0,,,,,336.0,2023,TE,76,Adam Trautman,DEN,9
442,Roger Carter Jr.,TE77,337.0,,,,,337.0,2023,TE,77,Roger Carter Jr.,,
443,Gunner Olszewski,WR130,338.0,,,,,338.0,2023,WR,130,Gunner Olszewski,,
444,Dorian Thompson-Robinson PHI (10),QB62,339.0,,,,,339.0,2023,QB,62,Dorian Thompson-Robinson,PHI,10
445,Elijah Higgins ARI (14),TE78,341.0,,,,,341.0,2023,TE,78,Elijah Higgins,ARI,14
446,Randy Bullock,K46,342.0,,,,,342.0,2023,K,46,Randy Bullock,,
447,Elijah Dotson ATL (11),RB99,344.0,,,,,344.0,2023,RB,99,Elijah Dotson,ATL,11
448,James White,RB100,345.0,,,,,345.0,2023,RB,100,James White,,
449,Andy Dalton CAR (7),QB63,346.0,,,,,346.0,2023,QB,63,Andy Dalton,CAR,7
450,Harrison Bryant PHI (10),TE79,347.0,,,,,347.0,2023,TE,79,Harrison Bryant,PHI,10
451,Ryan Fitzpatrick,QB64,348.0,,,,,348.0,2023,QB,64,Ryan Fitzpatrick,,
452,Brenton Strange JAC (9),TE80,349.0,,,,,349.0,2023,TE,80,Brenton Strange,JAC,9
453,Ray-Ray McCloud III ATL (11),WR131,350.0,,,,,350.0,2023,WR,131,Ray-Ray McCloud III,ATL,11
454,Mo Alie-Cox IND (11),TE81,351.0,,,,,351.0,2023,TE,81,Mo Alie-Cox,IND,11
455,John FitzPatrick GB (6),TE82,401.0,302.0,,,,351.5,2023,TE,82,John FitzPatrick,GB,6
456,Trent Sherfield Sr. DEN (9),WR132,352.0,,,,,352.0,2023,WR,132,Trent Sherfield Sr.,DEN,9
457,Cedrick Wilson Jr. NO (11),WR133,353.0,,,,,353.0,2023,WR,133,Cedrick Wilson Jr.,NO,11
458,Julian Hill MIA (10),TE83,355.0,,,,,355.0,2023,TE,83,Julian Hill,MIA,10
459,Dontayvion Wicks GB (6),WR134,356.0,,,,,356.0,2023,WR,134,Dontayvion Wicks,GB,6
460,Jared Cook,TE84,414.0,300.0,,,,357.0,2023,TE,84,Jared Cook,,
461,Mitchell Wilcox,TE85,357.0,,,,,357.0,2023,TE,85,Mitchell Wilcox,,
462,Xavier Gipson NYJ (7),WR135,358.0,,,,,358.0,2023,WR,135,Xavier Gipson,NYJ,7
463,Alec Ingold MIA (10),RB101,359.0,,,,,359.0,2023,RB,101,Alec Ingold,MIA,10
464,Devonta Freeman,RB102,360.0,,,,,360.0,2023,RB,102,Devonta Freeman,,
465,Brycen Hopkins,TE86,361.0,,,,,361.0,2023,TE,86,Brycen Hopkins,,
466,Colby Parkinson LAR (10),TE87,362.0,,,,,362.0,2023,TE,87,Colby Parkinson,LAR,10
467,John Bates WAS (14),TE88,363.0,,,,,363.0,2023,TE,88,John Bates,WAS,14
468,Tre Nixon,WR136,365.0,,,,,365.0,2023,WR,136,Tre Nixon,,
469,Josh Adams,RB103,366.0,,,,,366.0,2023,RB,103,Josh Adams,,
470,Eric Gray NYG (13),RB104,367.0,,,,,367.0,2023,RB,104,Eric Gray,NYG,13
471,Aidan O'Connell LV (13),QB65,369.0,,,,,369.0,2023,QB,65,Aidan O'Connell,LV,13
472,Hunter Luepke DAL (7),RB105,370.0,,,,,370.0,2023,RB,105,Hunter Luepke,DAL,7
473,River Cracraft,WR137,371.0,,,,,371.0,2023,WR,137,River Cracraft,,
474,Chris Brooks GB (6),RB106,372.0,,,,,372.0,2023,RB,106,Chris Brooks,GB,6
475,Jeremy Ruckert NYJ (7),TE89,373.0,,,,,373.0,2023,TE,89,Jeremy Ruckert,NYJ,7
476,Joe Flacco CLE (5),QB66,374.0,,,,,374.0,2023,QB,66,Joe Flacco,CLE,5
477,Dyami Brown JAC (9),WR138,375.0,,,,,375.0,2023,WR,138,Dyami Brown,JAC,9
478,Amari Rodgers,WR139,376.0,,,,,376.0,2023,WR,139,Amari Rodgers,,
479,Erik Ezukanma MIA (10),WR140,377.0,,,,,377.0,2023,WR,140,Erik Ezukanma,MIA,10
480,Ross Dwelley SF (9),TE90,378.0,,,,,378.0,2023,TE,90,Ross Dwelley,SF,9
481,Michael Burton DEN (9),RB107,379.0,,,,,379.0,2023,RB,107,Michael Burton,DEN,9
482,Josiah Deguara ARI (14),TE91,380.0,,,,,380.0,2023,TE,91,Josiah Deguara,ARI,14
483,Scotty Washington,WR141,381.0,,,,,381.0,2023,WR,141,Scotty Washington,,
484,Jalen Brooks DAL (7),WR142,382.0,,,,,382.0,2023,WR,142,Jalen Brooks,DAL,7
485,Ben DiNucci,QB67,383.0,,,,,383.0,2023,QB,67,Ben DiNucci,,
486,Pharoh Cooper,WR143,453.0,315.0,,,,384.0,2023,WR,143,Pharoh Cooper,,
487,D'Ernest Johnson,RB108,384.0,,,,,384.0,2023,RB,108,D'Ernest Johnson,,
488,Bryce Perkins,QB68,385.0,,,,,385.0,2023,QB,68,Bryce Perkins,,
489,Malik Heath GB (6),WR144,386.0,,,,,386.0,2023,WR,144,Malik Heath,GB,6
490,Brandon Johnson PIT (6),WR145,387.0,,,,,387.0,2023,WR,145,Brandon Johnson,PIT,6
491,Mason Rudolph PIT (6),QB69,388.0,,,,,388.0,2023,QB,69,Mason Rudolph,PIT,6
492,Scotty Miller PIT (6),WR146,389.0,,,,,389.0,2023,WR,146,Scotty Miller,PIT,6
493,Nelson Agholor,WR147,390.0,,,,,390.0,2023,WR,147,Nelson Agholor,,
494,David Johnson,RB109,391.0,,,,,391.0,2023,RB,109,David Johnson,,
495,A.J. Green,WR148,392.0,,,,,392.0,2023,WR,148,A.J. Green,,
496,Antoine Green,WR149,393.0,,,,,393.0,2023,WR,149,Antoine Green,,
497,Brandon Allen TEN (7),QB70,394.0,,,,,394.0,2023,QB,70,Brandon Allen,TEN,7
498,Tyrod Taylor NYJ (7),QB71,395.0,,,,,395.0,2023,QB,71,Tyrod Taylor,NYJ,7
499,Bailey Zappe KC (10),QB72,396.0,,,,,396.0,2023,QB,72,Bailey Zappe,KC,10
500,Mitchell Tinsley CIN (7),WR150,397.0,,,,,397.0,2023,WR,150,Mitchell Tinsley,CIN,7
501,Tyrion Davis-Price,RB110,398.0,,,,,398.0,2023,RB,110,Tyrion Davis-Price,,
502,Spencer Brown,RB111,400.0,,,,,400.0,2023,RB,111,Spencer Brown,,
503,DeAndre Carter CLE (5),WR151,402.0,,,,,402.0,2023,WR,151,DeAndre Carter,CLE,5
504,Tanner McKee PHI (10),QB73,404.0,,,,,404.0,2023,QB,73,Tanner McKee,PHI,10
505,C.J. Beathard,QB74,405.0,,,,,405.0,2023,QB,74,C.J. Beathard,,
506,Jordan Akins,TE92,406.0,,,,,406.0,2023,TE,92,Jordan Akins,,
507,Jakob Johnson HOU (7),RB112,407.0,,,,,407.0,2023,RB,112,Jakob Johnson,HOU,7
508,Travis Homer CHI (13),RB113,408.0,,,,,408.0,2023,RB,113,Travis Homer,CHI,13
509,Byron Pringle,WR152,409.0,,,,,409.0,2023,WR,152,Byron Pringle,,
510,Kayshon Boutte NE (11),WR153,410.0,,,,,410.0,2023,WR,153,Kayshon Boutte,NE,11
511,Rex Burkhead,RB114,411.0,,,,,411.0,2023,RB,114,Rex Burkhead,,
512,Easton Stick ATL (11),QB75,412.0,,,,,412.0,2023,QB,75,Easton Stick,ATL,11
513,Caleb Shudak,K47,413.0,,,,,413.0,2023,K,47,Caleb Shudak,,
514,Tre Tucker LV (13),WR154,415.0,,,,,415.0,2023,WR,154,Tre Tucker,LV,13
515,Nick Mullens JAC (9),QB76,416.0,,,,,416.0,2023,QB,76,Nick Mullens,JAC,9
516,Cole Turner WAS (14),TE93,417.0,,,,,417.0,2023,TE,93,Cole Turner,WAS,14
517,Jordan Mason MIN (13),RB115,418.0,,,,,418.0,2023,RB,115,Jordan Mason,MIN,13
518,Matt Ryan,QB77,419.0,,,,,419.0,2023,QB,77,Matt Ryan,,
519,Tyler Scott CHI (13),WR155,420.0,,,,,420.0,2023,WR,155,Tyler Scott,CHI,13
520,Kearis Jackson,WR156,421.0,,,,,421.0,2023,WR,156,Kearis Jackson,,
521,A.T. Perry DEN (9),WR157,422.0,,,,,422.0,2023,WR,157,A.T. Perry,DEN,9
522,Reggie Gilliam BUF (13),RB116,423.0,,,,,423.0,2023,RB,116,Reggie Gilliam,BUF,13
523,Samori Toure CHI (13),WR158,424.0,,,,,424.0,2023,WR,158,Samori Toure,CHI,13
524,Skylar Thompson PIT (6),QB78,425.0,,,,,425.0,2023,QB,78,Skylar Thompson,PIT,6
525,Matthew Wright CAR (7),K48,426.0,,,,,426.0,2023,K,48,Matthew Wright,CAR,7
526,Derius Davis LAC (5),WR159,427.0,,,,,427.0,2023,WR,159,Derius Davis,LAC,5
527,Nathan Peterman,QB79,428.0,,,,,428.0,2023,QB,79,Nathan Peterman,,
528,Tyler Kroft,TE94,429.0,,,,,429.0,2023,TE,94,Tyler Kroft,,
529,Mark Ingram II,RB117,430.0,,,,,430.0,2023,RB,117,Mark Ingram II,,
530,James Mitchell CAR (7),TE95,431.0,,,,,431.0,2023,TE,95,James Mitchell,CAR,7
531,David Bell CLE (5),WR160,432.0,,,,,432.0,2023,WR,160,David Bell,CLE,5
532,Keith Smith,RB118,433.0,,,,,433.0,2023,RB,118,Keith Smith,,
533,Kylen Granson PHI (10),TE96,434.0,,,,,434.0,2023,TE,96,Kylen Granson,PHI,10
534,Maurice Alexander CHI (13),WR161,435.0,,,,,435.0,2023,WR,161,Maurice Alexander,CHI,13
535,Davis Allen LAR (10),TE97,436.0,,,,,436.0,2023,TE,97,Davis Allen,LAR,10
536,Cody Parkey,K49,437.0,,,,,437.0,2023,K,49,Cody Parkey,,
537,Kenny McIntosh SEA (5),RB119,438.0,,,,,438.0,2023,RB,119,Kenny McIntosh,SEA,5
538,Quintin Morris JAC (9),TE98,439.0,,,,,439.0,2023,TE,98,Quintin Morris,JAC,9
539,Snoop Conner,RB120,440.0,,,,,440.0,2023,RB,120,Snoop Conner,,
540,Donald Parham Jr. PIT (6),TE99,441.0,,,,,441.0,2023,TE,99,Donald Parham Jr.,PIT,6
541,Johnny Johnson III HOU (7),WR162,442.0,,,,,442.0,2023,WR,162,Johnny Johnson III,HOU,7
542,Miles Boykin CHI (13),WR163,444.0,,,,,444.0,2023,WR,163,Miles Boykin,CHI,13
543,Andrew Beck NYJ (7),TE100,445.0,,,,,445.0,2023,TE,100,Andrew Beck,NYJ,7
544,Velus Jones Jr. NO (11),WR164,446.0,,,,,446.0,2023,WR,164,Velus Jones Jr.,NO,11
545,Brandon Powell,WR165,447.0,,,,,447.0,2023,WR,165,Brandon Powell,,
546,Ian Thomas LV (13),TE101,448.0,,,,,448.0,2023,TE,101,Ian Thomas,LV,13
547,Jason Cabinda,LB1,449.0,,,,,449.0,2023,LB,1,Jason Cabinda,,
548,Demarcus Robinson SF (9),WR166,450.0,,,,,450.0,2023,WR,166,Demarcus Robinson,SF,9
549,Malik Willis GB (6),QB80,451.0,,,,,451.0,2023,QB,80,Malik Willis,GB,6
550,Jaren Hall,QB81,452.0,,,,,452.0,2023,QB,81,Jaren Hall,,
551,Tylan Wallace BAL (13),WR167,454.0,,,,,454.0,2023,WR,167,Tylan Wallace,BAL,13
552,Carson Wentz,QB82,455.0,,,,,455.0,2023,QB,82,Carson Wentz,,
553,Laquon Treadwell IND (11),WR168,456.0,,,,,456.0,2023,WR,168,Laquon Treadwell,IND,11
554,Dee Eskridge MIA (10),WR169,457.0,,,,,457.0,2023,WR,169,Dee Eskridge,MIA,10
555,Anthony Schwartz,WR170,458.0,,,,,458.0,2023,WR,170,Anthony Schwartz,,
556,Nick Foles,QB83,459.0,,,,,459.0,2023,QB,83,Nick Foles,,
557,Xavier Hutchinson HOU (7),WR171,460.0,,,,,460.0,2023,WR,171,Xavier Hutchinson,HOU,7
558,Colt McCoy,QB84,461.0,,,,,461.0,2023,QB,84,Colt McCoy,,
559,Braylon Sanders,WR172,462.0,,,,,462.0,2023,WR,172,Braylon Sanders,,
560,Justin Shorter LV (13),WR173,463.0,,,,,463.0,2023,WR,173,Justin Shorter,LV,13
561,Cedric Tillman CLE (5),WR174,464.0,,,,,464.0,2023,WR,174,Cedric Tillman,CLE,5
562,Marcedes Lewis,TE102,465.0,,,,,465.0,2023,TE,102,Marcedes Lewis,,
563,Jake Funk,RB121,466.0,,,,,466.0,2023,RB,121,Jake Funk,,
564,Devin Smith,WR175,467.0,,,,,467.0,2023,WR,175,Devin Smith,,
565,Paul Quessenberry,TE103,468.0,,,,,468.0,2023,TE,103,Paul Quessenberry,,
566,Cole Beasley,WR176,469.0,,,,,469.0,2023,WR,176,Cole Beasley,,
567,Dareke Young SEA (5),WR177,471.0,,,,,471.0,2023,WR,177,Dareke Young,SEA,5
568,Chris Oladokun KC (10),QB85,472.0,,,,,472.0,2023,QB,85,Chris Oladokun,KC,10
569,Trent Taylor SF (9),WR178,473.0,,,,,473.0,2023,WR,178,Trent Taylor,SF,9
570,Jonathan Garibay,K50,475.0,,,,,475.0,2023,K,50,Jonathan Garibay,,
571,Tommy Tremble CAR (7),TE104,476.0,,,,,476.0,2023,TE,104,Tommy Tremble,CAR,7
572,Mike Glennon,QB86,477.0,,,,,477.0,2023,QB,86,Mike Glennon,,
573,Charlie Kolar BAL (13),TE105,478.0,,,,,478.0,2023,TE,105,Charlie Kolar,BAL,13
574,Trevon Wesco,TE106,479.0,,,,,479.0,2023,TE,106,Trevon Wesco,,
575,Alex Collins,RB122,480.0,,,,,480.0,2023,RB,122,Alex Collins,,
576,Grant Calcaterra PHI (10),TE107,481.0,,,,,481.0,2023,TE,107,Grant Calcaterra,PHI,10
577,Josh Johnson WAS (14),QB87,482.0,,,,,482.0,2023,QB,87,Josh Johnson,WAS,14
578,Mike White BUF (13),QB88,483.0,,,,,483.0,2023,QB,88,Mike White,BUF,13
579,Chase Allen,TE108,484.0,,,,,484.0,2023,TE,108,Chase Allen,,
580,Lil'Jordan Humphrey NYG (13),WR179,485.0,,,,,485.0,2023,WR,179,Lil'Jordan Humphrey,NYG,13
581,Rashard Higgins,WR180,486.0,,,,,486.0,2023,WR,180,Rashard Higgins,,
582,James McCourt,K51,487.0,,,,,487.0,2023,K,51,James McCourt,,
583,Tre'Quan Smith,WR181,488.0,,,,,488.0,2023,WR,181,Tre'Quan Smith,,
584,Jalen Guyton,WR182,489.0,,,,,489.0,2023,WR,182,Jalen Guyton,,
585,Carson Strong,QB89,491.0,,,,,491.0,2023,QB,89,Carson Strong,,
586,Adam Prentice,RB123,492.0,,,,,492.0,2023,RB,123,Adam Prentice,,
587,Jalen Nailor MIN (13),WR183,493.0,,,,,493.0,2023,WR,183,Jalen Nailor,MIN,13
588,Elijah Cooks PHI (10),WR184,494.0,,,,,494.0,2023,WR,184,Elijah Cooks,PHI,10
589,Rodney Adams,WR185,495.0,,,,,495.0,2023,WR,185,Rodney Adams,,
590,Damien Williams,RB124,496.0,,,,,496.0,2023,RB,124,Damien Williams,,
591,Tyler Badie DEN (9),RB125,497.0,,,,,497.0,2023,RB,125,Tyler Badie,DEN,9
592,Chad Henne,QB90,498.0,,,,,498.0,2023,QB,90,Chad Henne,,
593,Johnny Mundt JAC (9),TE109,499.0,,,,,499.0,2023,TE,109,Johnny Mundt,JAC,9
594,Joe Reed,WR186,500.0,,,,,500.0,2023,WR,186,Joe Reed,,
1,Christian McCaffrey SF (9) O,RB1,1.0,1.0,1.0,1.0,,1.0,2024,RB,1,Christian McCaffrey,SF,9
2,CeeDee Lamb DAL (7),WR1,3.0,3.0,2.0,2.0,,2.6,2024,WR,1,CeeDee Lamb,DAL,7
3,Tyreek Hill MIA (6),WR2,4.0,2.0,3.0,3.0,,3.2,2024,WR,2,Tyreek Hill,MIA,6
4,Bijan Robinson ATL (12),RB2,2.0,6.0,8.0,4.0,,5.0,2024,RB,2,Bijan Robinson,ATL,12
5,Breece Hall NYJ (12),RB3,5.0,8.0,7.0,5.0,,5.4,2024,RB,3,Breece Hall,NYJ,12
6,Amon-Ra St. Brown DET (5),WR3,6.0,7.0,5.0,6.0,,6.2,2024,WR,3,Amon-Ra St. Brown,DET,5
7,Ja'Marr Chase CIN (12),WR4,7.0,5.0,4.0,8.0,,6.6,2024,WR,4,Ja'Marr Chase,CIN,12
8,Justin Jefferson MIN (6),WR5,8.0,4.0,6.0,7.0,,7.0,2024,WR,5,Justin Jefferson,MIN,6
9,Saquon Barkley PHI (5),RB4,10.0,11.0,10.0,9.0,,9.2,2024,RB,4,Saquon Barkley,PHI,5
10,A.J. Brown PHI (5),WR6,11.0,9.0,9.0,11.0,,10.2,2024,WR,6,A.J. Brown,PHI,5
11,Jonathan Taylor IND (14),RB5,9.0,13.0,12.0,10.0,,10.4,2024,RB,5,Jonathan Taylor,IND,14
12,Garrett Wilson NYJ (12),WR7,12.0,10.0,13.0,13.0,,12.4,2024,WR,7,Garrett Wilson,NYJ,12
13,Jahmyr Gibbs DET (5),RB6,14.0,12.0,14.0,12.0,,12.8,2024,RB,6,Jahmyr Gibbs,DET,5
14,Puka Nacua LAR (6),WR8,13.0,16.0,11.0,15.0,,14.2,2024,WR,8,Puka Nacua,LAR,6
15,Kyren Williams LAR (6),RB7,16.0,15.0,17.0,19.0,,16.0,2024,RB,7,Kyren Williams,LAR,6
16,Marvin Harrison Jr. ARI (11),WR9,20.0,14.0,15.0,16.0,,16.8,2024,WR,9,Marvin Harrison Jr.,ARI,11
17,Travis Etienne Jr. JAC (12),RB8,17.0,18.0,21.0,14.0,,17.4,2024,RB,8,Travis Etienne Jr.,JAC,12
18,Derrick Henry BAL (14),RB9,18.0,20.0,16.0,21.0,,18.0,2024,RB,9,Derrick Henry,BAL,14
19,Isiah Pacheco KC (6),RB10,15.0,28.0,18.0,20.0,,20.2,2024,RB,10,Isiah Pacheco,KC,6
20,Davante Adams LAR (6),WR10,23.0,17.0,19.0,22.0,,22.0,2024,WR,10,Davante Adams,LAR,6
21,Josh Allen BUF (12),QB1,22.0,22.0,27.0,29.0,,24.2,2024,QB,1,Josh Allen,BUF,12
22,Travis Kelce KC (6),TE1,24.0,21.0,23.0,35.0,,25.2,2024,TE,1,Travis Kelce,KC,6
23,Drake London ATL (12),WR11,32.0,19.0,20.0,23.0,,25.6,2024,WR,11,Drake London,ATL,12
24,Chris Olave NO (12),WR12,19.0,23.0,29.0,27.0,,26.2,2024,WR,12,Chris Olave,NO,12
25,De'Von Achane MIA (6),RB11,40.0,25.0,30.0,18.0,,27.4,2024,RB,11,De'Von Achane,MIA,6
26,Josh Jacobs GB (10),RB12,33.0,27.0,39.0,17.0,,28.2,2024,RB,12,Josh Jacobs,GB,10
27,Nico Collins HOU (14),WR13,30.0,31.0,28.0,24.0,,28.2,2024,WR,13,Nico Collins,HOU,14
28,Patrick Mahomes II KC (6),QB2,26.0,30.0,24.0,39.0,,29.0,2024,QB,2,Patrick Mahomes II,KC,6
29,James Cook BUF (12),RB13,31.0,41.0,40.0,25.0,,31.0,2024,RB,13,James Cook,BUF,12
30,Mike Evans TB (11),WR14,21.0,29.0,25.0,44.0,,31.2,2024,WR,14,Mike Evans,TB,11
31,Jalen Hurts PHI (5),QB3,27.0,35.0,35.0,37.0,,31.2,2024,QB,3,Jalen Hurts,PHI,5
32,Rachaad White TB (11),RB14,28.0,38.0,32.0,30.0,,31.6,2024,RB,14,Rachaad White,TB,11
33,Sam LaPorta DET (5),TE2,35.0,24.0,33.0,31.0,,31.8,2024,TE,2,Sam LaPorta,DET,5
34,Deebo Samuel Sr. WAS (14),WR15,36.0,33.0,31.0,28.0,,32.0,2024,WR,15,Deebo Samuel Sr.,WAS,14
35,Brandon Aiyuk SF (9) O,WR16,39.0,26.0,22.0,43.0,,34.0,2024,WR,16,Brandon Aiyuk,SF,9
36,Michael Pittman Jr. IND (14),WR17,25.0,40.0,34.0,26.0,,34.6,2024,WR,17,Michael Pittman Jr.,IND,14
37,Cooper Kupp SEA (10),WR18,46.0,39.0,26.0,32.0,,34.8,2024,WR,18,Cooper Kupp,SEA,10
38,Lamar Jackson BAL (14),QB4,34.0,34.0,36.0,47.0,,37.2,2024,QB,4,Lamar Jackson,BAL,14
39,Joe Mixon HOU (14),RB15,38.0,47.0,45.0,36.0,,38.6,2024,RB,15,Joe Mixon,HOU,14
40,Alvin Kamara NO (12),RB16,29.0,48.0,49.0,34.0,,39.6,2024,RB,16,Alvin Kamara,NO,12
41,DK Metcalf PIT (9),WR19,37.0,43.0,46.0,38.0,,41.2,2024,WR,19,DK Metcalf,PIT,9
42,Kenneth Walker III SEA (10),RB17,43.0,50.0,42.0,33.0,,41.4,2024,RB,17,Kenneth Walker III,SEA,10
43,Jaylen Waddle MIA (6),WR20,51.0,36.0,41.0,41.0,,42.6,2024,WR,20,Jaylen Waddle,MIA,6
44,Stefon Diggs NE (14) O,WR21,42.0,32.0,47.0,42.0,,43.0,2024,WR,21,Stefon Diggs,NE,14
45,DJ Moore CHI (7),WR22,44.0,37.0,51.0,40.0,,43.6,2024,WR,22,DJ Moore,CHI,7
46,DeVonta Smith PHI (5),WR23,48.0,49.0,37.0,45.0,,44.0,2024,WR,23,DeVonta Smith,PHI,5
47,Mark Andrews BAL (14),TE3,45.0,45.0,43.0,51.0,,45.8,2024,TE,3,Mark Andrews,BAL,14
48,Trey McBride ARI (11),TE4,49.0,46.0,38.0,49.0,,46.4,2024,TE,4,Trey McBride,ARI,11
49,Malik Nabers NYG (11),WR24,41.0,44.0,57.0,46.0,,48.6,2024,WR,24,Malik Nabers,NYG,11
50,C.J. Stroud HOU (14),QB5,47.0,42.0,44.0,61.0,,48.6,2024,QB,5,C.J. Stroud,HOU,14
51,Dalton Kincaid BUF (12),TE5,60.0,51.0,53.0,48.0,,53.6,2024,TE,5,Dalton Kincaid,BUF,12
52,James Conner ARI (11),RB18,65.0,63.0,54.0,55.0,,56.0,2024,RB,18,James Conner,ARI,11
53,George Kittle SF (9),TE6,50.0,53.0,50.0,68.0,,56.6,2024,TE,6,George Kittle,SF,9
54,Amari Cooper,WR25,68.0,59.0,48.0,58.0,,56.8,2024,WR,25,Amari Cooper,,
55,Anthony Richardson Sr. IND (14),QB6,53.0,56.0,52.0,60.0,,57.6,2024,QB,6,Anthony Richardson Sr.,IND,14
56,Aaron Jones Sr. MIN (6),RB19,62.0,58.0,70.0,52.0,,59.2,2024,RB,19,Aaron Jones Sr.,MIN,6
57,George Pickens DAL (7),WR26,64.0,57.0,61.0,56.0,,59.6,2024,WR,26,George Pickens,DAL,7
58,D'Andre Swift CHI (7),RB20,56.0,62.0,74.0,50.0,,60.6,2024,RB,20,D'Andre Swift,CHI,7
59,Joe Burrow CIN (12),QB7,52.0,61.0,59.0,80.0,,61.8,2024,QB,7,Joe Burrow,CIN,12
60,David Montgomery DET (5),RB21,71.0,65.0,56.0,64.0,,61.8,2024,RB,21,David Montgomery,DET,5
61,Tee Higgins CIN (12),WR27,59.0,60.0,64.0,65.0,,62.2,2024,WR,27,Tee Higgins,CIN,12
62,Zay Flowers BAL (14),WR28,55.0,52.0,73.0,71.0,,63.2,2024,WR,28,Zay Flowers,BAL,14
63,Kyle Pitts ATL (12),TE7,67.0,55.0,58.0,69.0,,64.2,2024,TE,7,Kyle Pitts,ATL,12
64,Tank Dell HOU (14) O,WR29,66.0,54.0,62.0,74.0,,65.0,2024,WR,29,Tank Dell,HOU,14
65,Evan Engram DEN (14) O,TE8,54.0,67.0,66.0,67.0,,65.0,2024,TE,8,Evan Engram,DEN,14
66,Zamir White LV (10) O,RB22,70.0,82.0,77.0,57.0,,66.6,2024,RB,22,Zamir White,LV,10
67,Rhamondre Stevenson NE (14),RB23,61.0,69.0,82.0,53.0,,66.6,2024,RB,23,Rhamondre Stevenson,NE,14
68,Rashee Rice KC (6) O,WR30,63.0,70.0,85.0,54.0,,67.6,2024,WR,30,Rashee Rice,KC,6
69,Dak Prescott DAL (7) O,QB8,58.0,71.0,63.0,86.0,,68.4,2024,QB,8,Dak Prescott,DAL,7
70,Kyler Murray ARI (11),QB9,73.0,78.0,55.0,70.0,,70.2,2024,QB,9,Kyler Murray,ARI,11
71,Najee Harris LAC (5),RB24,74.0,73.0,86.0,62.0,,70.8,2024,RB,24,Najee Harris,LAC,5
72,Jordan Love GB (10),QB10,72.0,80.0,72.0,75.0,,71.4,2024,QB,10,Jordan Love,GB,10
73,Terry McLaurin WAS (14),WR31,75.0,68.0,79.0,63.0,,71.6,2024,WR,31,Terry McLaurin,WAS,14
74,Calvin Ridley TEN (5),WR32,57.0,83.0,76.0,79.0,,74.4,2024,WR,32,Calvin Ridley,TEN,5
75,Raheem Mostert LV (10),RB25,86.0,81.0,60.0,76.0,,74.6,2024,RB,25,Raheem Mostert,LV,10
76,Christian Kirk HOU (14) O,WR33,83.0,66.0,75.0,66.0,,74.6,2024,WR,33,Christian Kirk,HOU,14
77,Chris Godwin TB (11) O,WR34,69.0,75.0,84.0,72.0,,76.2,2024,WR,34,Chris Godwin,TB,11
78,Keenan Allen,WR35,78.0,64.0,80.0,81.0,,79.4,2024,WR,35,Keenan Allen,,
79,Javonte Williams DAL (7),RB26,76.0,90.0,105.0,59.0,,81.2,2024,RB,26,Javonte Williams,DAL,7
80,Jake Ferguson DAL (7),TE9,81.0,86.0,69.0,88.0,,81.6,2024,TE,9,Jake Ferguson,DAL,7
81,Tony Pollard TEN (5),RB27,89.0,77.0,92.0,77.0,,81.8,2024,RB,27,Tony Pollard,TEN,5
82,David Njoku CLE (10),TE10,82.0,84.0,83.0,90.0,,84.2,2024,TE,10,David Njoku,CLE,10
83,Jayden Reed GB (10),WR36,95.0,74.0,95.0,92.0,,87.2,2024,WR,36,Jayden Reed,GB,10
84,Diontae Johnson CLE (10),WR37,79.0,95.0,91.0,84.0,,88.2,2024,WR,37,Diontae Johnson,CLE,10
85,Xavier Worthy KC (6),WR38,87.0,76.0,99.0,95.0,,90.0,2024,WR,38,Xavier Worthy,KC,6
86,Austin Ekeler WAS (14),RB28,92.0,93.0,93.0,89.0,,91.0,2024,RB,28,Austin Ekeler,WAS,14
87,Brock Purdy SF (9),QB11,80.0,91.0,90.0,113.0,,91.8,2024,QB,11,Brock Purdy,SF,9
88,Brian Robinson Jr. WAS (14),RB29,77.0,108.0,122.0,78.0,,92.6,2024,RB,29,Brian Robinson Jr.,WAS,14
89,Jaylen Warren PIT (9),RB30,91.0,98.0,100.0,83.0,,92.6,2024,RB,30,Jaylen Warren,PIT,9
90,Devin Singletary NYG (11),RB31,103.0,99.0,107.0,73.0,,94.4,2024,RB,31,Devin Singletary,NYG,11
91,Zack Moss CIN (12) O,RB32,116.0,92.0,121.0,82.0,,98.0,2024,RB,32,Zack Moss,CIN,12
92,Rome Odunze CHI (7),WR39,98.0,72.0,101.0,109.0,,98.4,2024,WR,39,Rome Odunze,CHI,7
93,Jaxon Smith-Njigba SEA (10),WR40,84.0,100.0,110.0,94.0,,99.8,2024,WR,40,Jaxon Smith-Njigba,SEA,10
94,Tyjae Spears TEN (5),RB33,96.0,107.0,108.0,91.0,,100.2,2024,RB,33,Tyjae Spears,TEN,5
95,Brock Bowers LV (10),TE11,108.0,79.0,117.0,99.0,,100.6,2024,TE,11,Brock Bowers,LV,10
96,Nick Chubb O,RB34,118.0,87.0,116.0,96.0,,100.8,2024,RB,34,Nick Chubb O,,
97,Jonathon Brooks CAR (11) O,RB35,123.0,97.0,88.0,93.0,,101.4,2024,RB,35,Jonathon Brooks,CAR,11
98,Christian Watson GB (10),WR41,88.0,103.0,134.0,97.0,,102.2,2024,WR,41,Christian Watson,GB,10
99,Jayden Daniels WAS (14),QB12,99.0,115.0,104.0,100.0,,102.6,2024,QB,12,Jayden Daniels,WAS,14
100,Keon Coleman BUF (12),WR42,105.0,94.0,102.0,114.0,,104.6,2024,WR,42,Keon Coleman,BUF,12
101,Ladd McConkey LAC (5),WR43,110.0,88.0,106.0,110.0,,105.4,2024,WR,43,Ladd McConkey,LAC,5
102,DeAndre Hopkins BAL (14),WR44,117.0,96.0,126.0,98.0,,107.6,2024,WR,44,DeAndre Hopkins,BAL,14
103,Justin Tucker,K1,97.0,127.0,67.0,131.0,,108.4,2024,K,1,Justin Tucker,,
104,Caleb Williams CHI (7),QB13,115.0,101.0,123.0,108.0,,109.0,2024,QB,13,Caleb Williams,CHI,7
105,Dallas Goedert PHI (5),TE12,111.0,102.0,103.0,122.0,,109.6,2024,TE,12,Dallas Goedert,PHI,5
106,Marquise Brown KC (6),WR45,131.0,89.0,96.0,118.0,,110.2,2024,WR,45,Marquise Brown,KC,6
107,Jordan Addison MIN (6),WR46,106.0,85.0,115.0,116.0,,110.4,2024,WR,46,Jordan Addison,MIN,6
108,Chase Brown CIN (12),RB36,114.0,118.0,141.0,87.0,,111.2,2024,RB,36,Chase Brown,CIN,12
109,Harrison Butker KC (6),K2,90.0,128.0,71.0,145.0,,112.2,2024,K,2,Harrison Butker,KC,6
110,Courtland Sutton DEN (14),WR47,94.0,116.0,139.0,104.0,,112.4,2024,WR,47,Courtland Sutton,DEN,14
111,Jerome Ford CLE (10),RB37,120.0,122.0,152.0,85.0,,113.0,2024,RB,37,Jerome Ford,CLE,10
112,Ezekiel Elliott,RB38,109.0,114.0,114.0,105.0,,113.2,2024,RB,38,Ezekiel Elliott,,
113,Brandon Aubrey DAL (7),K3,101.0,129.0,78.0,125.0,,113.4,2024,K,3,Brandon Aubrey,DAL,7
114,Gus Edwards,RB39,128.0,113.0,113.0,111.0,,113.6,2024,RB,39,Gus Edwards,,
115,Tua Tagovailoa MIA (6),QB14,125.0,104.0,124.0,119.0,,115.8,2024,QB,14,Tua Tagovailoa,MIA,6
117,Jared Goff DET (5),QB15,141.0,109.0,111.0,117.0,,116.0,2024,QB,15,Jared Goff,DET,5
118,Brian Thomas Jr. JAC (12),WR48,113.0,105.0,135.0,112.0,,116.2,2024,WR,48,Brian Thomas Jr.,JAC,12
119,Jameson Williams DET (5),WR49,139.0,111.0,127.0,101.0,,120.2,2024,WR,49,Jameson Williams,DET,5
120,Dalton Schultz HOU (14),TE13,126.0,106.0,129.0,139.0,,125.6,2024,TE,13,Dalton Schultz,HOU,14
121,T.J. Hockenson MIN (6),TE14,122.0,110.0,131.0,129.0,,126.4,2024,TE,14,T.J. Hockenson,MIN,6
123,Blake Corum LAR (6),RB40,151.0,120.0,147.0,103.0,,128.0,2024,RB,40,Blake Corum,LAR,6
126,Trevor Lawrence JAC (12) O,QB16,140.0,125.0,137.0,130.0,,129.4,2024,QB,16,Trevor Lawrence,JAC,12
127,Justin Herbert LAC (5) Q,QB17,127.0,124.0,130.0,138.0,,130.8,2024,QB,17,Justin Herbert,LAC,5
128,Khalil Shakir BUF (12),WR50,154.0,131.0,128.0,121.0,,132.0,2024,WR,50,Khalil Shakir,BUF,12
129,Chuba Hubbard CAR (11),RB41,135.0,140.0,156.0,102.0,,132.4,2024,RB,41,Chuba Hubbard,CAR,11
130,J.K. Dobbins,RB42,124.0,142.0,185.0,106.0,,132.4,2024,RB,42,J.K. Dobbins,,
131,Trey Benson ARI (11),RB43,156.0,112.0,171.0,107.0,,133.6,2024,RB,43,Trey Benson,ARI,11
133,Pat Freiermuth PIT (9),TE15,133.0,126.0,140.0,140.0,,135.4,2024,TE,15,Pat Freiermuth,PIT,9
134,Aaron Rodgers,QB18,107.0,135.0,144.0,153.0,,136.2,2024,QB,18,Aaron Rodgers,,
135,Tyler Lockett TEN (5),WR51,132.0,123.0,138.0,154.0,,139.4,2024,WR,51,Tyler Lockett,TEN,5
136,Younghoe Koo ATL (12),K4,160.0,132.0,97.0,186.0,,140.0,2024,K,4,Younghoe Koo,ATL,12
137,Cole Kmet CHI (7),TE16,164.0,121.0,145.0,142.0,,141.0,2024,TE,16,Cole Kmet,CHI,7
138,Romeo Doubs GB (10),WR52,175.0,119.0,155.0,120.0,,142.0,2024,WR,52,Romeo Doubs,GB,10
139,Kirk Cousins ATL (12),QB19,129.0,145.0,161.0,141.0,,142.6,2024,QB,19,Kirk Cousins,ATL,12
140,Curtis Samuel BUF (12),WR53,161.0,117.0,150.0,128.0,,143.6,2024,WR,53,Curtis Samuel,BUF,12
141,Jakobi Meyers LV (10),WR54,119.0,134.0,178.0,144.0,,143.6,2024,WR,54,Jakobi Meyers,LV,10
142,Jerry Jeudy CLE (10),WR55,134.0,136.0,164.0,137.0,,143.8,2024,WR,55,Jerry Jeudy,CLE,10
143,Jake Elliott PHI (5),K5,112.0,146.0,148.0,165.0,,145.4,2024,K,5,Jake Elliott,PHI,5
144,Zach Charbonnet SEA (10),RB44,150.0,137.0,169.0,127.0,,147.4,2024,RB,44,Zach Charbonnet,SEA,10
145,Ka'imi Fairbairn HOU (14),K6,138.0,151.0,143.0,158.0,,149.0,2024,K,6,Ka'imi Fairbairn,HOU,14
146,Evan McPherson CIN (12),K7,143.0,130.0,89.0,210.0,,149.2,2024,K,7,Evan McPherson,CIN,12
147,Mike Williams LAC (5),WR56,130.0,144.0,158.0,151.0,,149.8,2024,WR,56,Mike Williams,LAC,5
148,Matthew Stafford LAR (6),QB20,162.0,149.0,136.0,157.0,,150.6,2024,QB,20,Matthew Stafford,LAR,6
149,Rico Dowdle CAR (11),RB45,171.0,147.0,207.0,115.0,,150.8,2024,RB,45,Rico Dowdle,CAR,11
150,Joshua Palmer BUF (12),WR57,165.0,138.0,196.0,126.0,,151.4,2024,WR,57,Joshua Palmer,BUF,12
151,Jake Moody SF (9),K8,146.0,148.0,118.0,178.0,,156.6,2024,K,8,Jake Moody,SF,9
152,Tyler Allgeier ATL (12),RB46,144.0,160.0,200.0,134.0,,156.8,2024,RB,46,Tyler Allgeier,ATL,12
155,Ty Chandler MIN (6),RB47,155.0,159.0,222.0,123.0,,160.8,2024,RB,47,Ty Chandler,MIN,6
156,Adam Thielen CAR (11),WR58,145.0,163.0,172.0,156.0,,161.0,2024,WR,58,Adam Thielen,CAR,11
157,Jaleel McLaughlin DEN (14),RB48,158.0,175.0,206.0,124.0,,162.0,2024,RB,48,Jaleel McLaughlin,DEN,14
158,Deshaun Watson CLE (10) O,QB21,152.0,168.0,167.0,180.0,,163.8,2024,QB,21,Deshaun Watson,CLE,10
160,Baker Mayfield TB (11),QB22,173.0,158.0,163.0,175.0,,166.6,2024,QB,22,Baker Mayfield,TB,11
161,Cameron Dicker LAC (5),K9,159.0,152.0,120.0,206.0,,166.8,2024,K,9,Cameron Dicker,LAC,5
162,Gabe Davis O,WR59,153.0,153.0,191.0,155.0,,168.8,2024,WR,59,Gabe Davis O,,
163,Brandin Cooks NO (12),WR60,182.0,162.0,173.0,166.0,,169.2,2024,WR,60,Brandin Cooks,NO,12
164,Jaylen Wright MIA (6),RB49,188.0,150.0,219.0,133.0,,169.8,2024,RB,49,Jaylen Wright,MIA,6
165,Luke Musgrave GB (10),TE17,210.0,141.0,166.0,171.0,,169.8,2024,TE,17,Luke Musgrave,GB,10
166,Adonai Mitchell IND (14),WR61,174.0,133.0,193.0,169.0,,170.6,2024,WR,61,Adonai Mitchell,IND,14
168,Antonio Gibson NE (14),RB50,168.0,171.0,243.0,143.0,,173.8,2024,RB,50,Antonio Gibson,NE,14
169,Xavier Legette CAR (11),WR62,178.0,139.0,190.0,185.0,,178.6,2024,WR,62,Xavier Legette,CAR,11
171,Isaiah Likely BAL (14),TE18,203.0,167.0,170.0,194.0,,180.2,2024,TE,18,Isaiah Likely,BAL,14
172,Tyler Conklin LAC (5),TE19,157.0,180.0,214.0,176.0,,182.0,2024,TE,19,Tyler Conklin,LAC,5
173,Dontayvion Wicks GB (10),WR63,198.0,166.0,201.0,159.0,,182.2,2024,WR,63,Dontayvion Wicks,GB,10
174,Darnell Mooney ATL (12),WR64,142.0,179.0,245.0,168.0,,183.2,2024,WR,64,Darnell Mooney,ATL,12
175,Tyler Bass BUF (12),K10,207.0,156.0,153.0,215.0,,183.4,2024,K,10,Tyler Bass,BUF,12
177,Ja'Lynn Polk NE (14),WR65,170.0,157.0,235.0,174.0,,184.2,2024,WR,65,Ja'Lynn Polk,NE,14
178,Bo Nix DEN (14),QB23,180.0,192.0,174.0,201.0,,184.6,2024,QB,23,Bo Nix,DEN,14
180,Rashid Shaheed NO (12) O,WR66,172.0,155.0,269.0,170.0,,187.6,2024,WR,66,Rashid Shaheed,NO,12
181,Bucky Irving TB (11),RB51,183.0,196.0,255.0,150.0,,191.0,2024,RB,51,Bucky Irving,TB,11
182,Khalil Herbert IND (14),RB52,196.0,208.0,213.0,167.0,,192.2,2024,RB,52,Khalil Herbert,IND,14
183,Geno Smith LV (10),QB24,190.0,200.0,198.0,193.0,,192.4,2024,QB,24,Geno Smith,LV,10
185,Will Levis TEN (5),QB25,193.0,191.0,224.0,179.0,,195.4,2024,QB,25,Will Levis,TEN,5
186,Jason Myers SEA (10),K11,226.0,209.0,179.0,198.0,,196.4,2024,K,11,Jason Myers,SEA,10
188,Jason Sanders MIA (6),K12,273.0,176.0,165.0,184.0,,199.4,2024,K,12,Jason Sanders,MIA,6
189,DeMario Douglas NE (14),WR67,166.0,183.0,246.0,212.0,,203.0,2024,WR,67,DeMario Douglas,NE,14
192,Derek Carr,QB26,222.0,243.0,239.0,207.0,,218.0,2024,QB,26,Derek Carr,,
193,Zach Ertz WAS (14),TE20,218.0,250.0,211.0,250.0,,224.6,2024,TE,20,Zach Ertz,WAS,14
196,Taysom Hill NO (12) O,TE21,148.0,169.0,189.0,152.0,,164.5,2024,TE,21,Taysom Hill,NO,12
197,Greg Zuerlein,K13,137.0,,142.0,236.0,,181.8,2024,K,13,Greg Zuerlein,,
198,MarShawn Lloyd GB (10),RB53,,178.0,244.0,146.0,,182.0,2024,RB,53,MarShawn Lloyd,GB,10
199,Jordan Mason MIN (6),RB54,186.0,,270.0,136.0,,187.5,2024,RB,54,Jordan Mason,MIN,6
200,Hunter Henry NE (14),TE22,,174.0,208.0,188.0,,193.0,2024,TE,22,Hunter Henry,NE,14
201,Braelon Allen NYJ (12),RB55,,186.0,260.0,160.0,,198.5,2024,RB,55,Braelon Allen,NYJ,12
202,Josh Downs IND (14),WR68,,164.0,234.0,195.0,,200.5,2024,WR,68,Josh Downs,IND,14
203,Daniel Carlson LV (10),K14,195.0,214.0,157.0,237.0,,200.8,2024,K,14,Daniel Carlson,LV,10
204,Matt Gay WAS (14),K15,211.0,,187.0,196.0,,201.0,2024,K,15,Matt Gay,WAS,14
205,Cairo Santos CHI (7),K16,177.0,,184.0,243.0,,202.0,2024,K,16,Cairo Santos,CHI,7
206,Chig Okonkwo TEN (5),TE23,181.0,206.0,218.0,205.0,,202.5,2024,TE,23,Chig Okonkwo,TEN,5
207,Ray Davis BUF (12),RB56,,184.0,317.0,148.0,,205.5,2024,RB,56,Ray Davis,BUF,12
210,Bryce Young CAR (11),QB27,191.0,221.0,226.0,228.0,,216.5,2024,QB,27,Bryce Young,CAR,11
211,Tyrone Tracy Jr. NYG (11),RB57,,187.0,318.0,172.0,,217.0,2024,RB,57,Tyrone Tracy Jr.,NYG,11
213,Justin Fields NYJ (12),QB28,230.0,197.0,212.0,245.0,,221.0,2024,QB,28,Justin Fields,NYJ,12
215,Michael Wilson ARI (11),WR69,271.0,211.0,259.0,164.0,,226.3,2024,WR,69,Michael Wilson,ARI,11
216,Russell Wilson NYG (11),QB29,204.0,239.0,195.0,267.0,,226.3,2024,QB,29,Russell Wilson,NYG,11
217,Jonnu Smith MIA (6),TE24,,226.0,258.0,214.0,,227.3,2024,TE,24,Jonnu Smith,MIA,6
218,Kenneth Gainwell PIT (9),RB58,,270.0,247.0,197.0,,229.3,2024,RB,58,Kenneth Gainwell,PIT,9
220,Clyde Edwards-Helaire NO (12),RB59,,220.0,251.0,248.0,,231.5,2024,RB,59,Clyde Edwards-Helaire,NO,12
222,Mike Gesicki CIN (12),TE25,264.0,213.0,228.0,241.0,,236.5,2024,TE,25,Mike Gesicki,CIN,12
223,Sam Darnold SEA (10),QB30,268.0,228.0,266.0,234.0,,249.0,2024,QB,30,Sam Darnold,SEA,10
225,Cade Otton TB (11),TE26,,165.0,199.0,224.0,,196.0,2024,TE,26,Cade Otton,TB,11
226,Jahan Dotson PHI (5),WR70,,173.0,168.0,262.0,,201.0,2024,WR,70,Jahan Dotson,PHI,5
227,Kimani Vidal LAC (5),RB60,,181.0,278.0,163.0,,207.3,2024,RB,60,Kimani Vidal,LAC,5
228,Dalvin Cook,RB61,201.0,,231.0,192.0,,208.0,2024,RB,61,Dalvin Cook,,
229,Dawson Knox BUF (12),TE27,209.0,240.0,188.0,,,212.3,2024,TE,27,Dawson Knox,BUF,12
230,Quentin Johnston LAC (5),WR71,,182.0,253.0,203.0,,212.7,2024,WR,71,Quentin Johnston,LAC,5
231,Jake Bates DET (5),K17,187.0,,229.0,226.0,,214.0,2024,K,17,Jake Bates,DET,5
232,Dameon Pierce HOU (14),RB62,,204.0,223.0,218.0,,215.0,2024,RB,62,Dameon Pierce,HOU,14
233,Jermaine Burton CIN (12),WR72,,199.0,203.0,244.0,,215.3,2024,WR,72,Jermaine Burton,CIN,12
234,Ben Sinnott WAS (14),TE28,,161.0,233.0,253.0,,215.7,2024,TE,28,Ben Sinnott,WAS,14
235,Roman Wilson PIT (9),WR73,,189.0,192.0,266.0,,215.7,2024,WR,73,Roman Wilson,PIT,9
237,Will Reichard MIN (6),K18,192.0,,220.0,249.0,,220.3,2024,K,18,Will Reichard,MIN,6
239,Carson Steele KC (6),RB63,208.0,,267.0,202.0,,225.7,2024,RB,63,Carson Steele,KC,6
240,Drake Maye NE (14),QB31,235.0,218.0,227.0,,,226.7,2024,QB,31,Drake Maye,NE,14
241,Alexander Mattison MIA (6),RB64,,227.0,268.0,191.0,,228.7,2024,RB,64,Alexander Mattison,MIA,6
242,Blake Grupe NO (12),K19,277.0,,210.0,,,231.0,2024,K,19,Blake Grupe,NO,12
243,Rashod Bateman BAL (14),WR74,,203.0,225.0,268.0,,232.0,2024,WR,74,Rashod Bateman,BAL,14
244,Luke McCaffrey WAS (14),WR75,,207.0,264.0,230.0,,233.7,2024,WR,75,Luke McCaffrey,WAS,14
245,Marvin Mims Jr. DEN (14),WR76,,222.0,241.0,238.0,,233.7,2024,WR,76,Marvin Mims Jr.,DEN,14
247,Tank Bigsby JAC (12),RB65,,235.0,287.0,183.0,,235.0,2024,RB,65,Tank Bigsby,JAC,12
248,Justice Hill BAL (14),RB66,,229.0,273.0,208.0,,236.7,2024,RB,66,Justice Hill,BAL,14
249,Cam Little JAC (12),K20,220.0,,257.0,233.0,,236.7,2024,K,20,Cam Little,JAC,12
250,Wan'Dale Robinson NYG (11),WR77,,215.0,274.0,223.0,,237.3,2024,WR,77,Wan'Dale Robinson,NYG,11
251,Troy Franklin DEN (14),WR78,,177.0,276.0,264.0,,239.0,2024,WR,78,Troy Franklin,DEN,14
253,Roschon Johnson CHI (7),RB67,,225.0,291.0,217.0,,244.3,2024,RB,67,Roschon Johnson,CHI,7
254,Daniel Jones IND (14),QB32,,248.0,261.0,231.0,,246.7,2024,QB,32,Daniel Jones,IND,14
255,Noah Fant SEA (10),TE29,,212.0,305.0,227.0,,248.0,2024,TE,29,Noah Fant,SEA,10
256,Ja'Tavion Sanders CAR (11),TE30,255.0,217.0,275.0,,,249.0,2024,TE,30,Ja'Tavion Sanders,CAR,11
258,Tyler Boyd,WR79,,231.0,262.0,259.0,,250.7,2024,WR,79,Tyler Boyd,,
259,Jamaal Williams,RB68,,311.0,263.0,187.0,,253.7,2024,RB,68,Jamaal Williams,,
260,Keaton Mitchell BAL (14),RB69,,246.0,295.0,222.0,,254.3,2024,RB,69,Keaton Mitchell,BAL,14
261,Audric Estime DEN (14),RB70,,223.0,328.0,220.0,,257.0,2024,RB,70,Audric Estime,DEN,14
262,Colby Parkinson LAR (6),TE31,,244.0,294.0,235.0,,257.7,2024,TE,31,Colby Parkinson,LAR,6
263,Will Shipley PHI (5),RB71,,236.0,300.0,240.0,,258.7,2024,RB,71,Will Shipley,PHI,5
264,Greg Dulcich NYG (11),TE32,,249.0,265.0,263.0,,259.0,2024,TE,32,Greg Dulcich,NYG,11
265,Juwan Johnson NO (12),TE33,,272.0,286.0,229.0,,262.3,2024,TE,33,Juwan Johnson,NO,12
266,Jalen Tolbert DAL (7),WR80,,238.0,282.0,271.0,,263.7,2024,WR,80,Jalen Tolbert,DAL,7
267,Greg Dortch ARI (11),WR81,,237.0,303.0,256.0,,265.3,2024,WR,81,Greg Dortch,ARI,11
268,Demarcus Robinson SF (9),WR82,,234.0,309.0,257.0,,266.7,2024,WR,82,Demarcus Robinson,SF,9
269,Darius Slayton NYG (11),WR83,,279.0,306.0,225.0,,270.0,2024,WR,83,Darius Slayton,NYG,11
270,Samaje Perine CIN (12),RB72,,314.0,310.0,190.0,,271.3,2024,RB,72,Samaje Perine,CIN,12
271,Michael Mayer LV (10),TE34,315.0,268.0,232.0,,,271.7,2024,TE,34,Michael Mayer,LV,10
272,Dustin Hopkins CLE (10),K21,,,68.0,251.0,,159.5,2024,K,21,Dustin Hopkins,CLE,10
273,Kadarius Toney,WR84,252.0,319.0,277.0,,,282.7,2024,WR,84,Kadarius Toney,,
275,Chris Boswell PIT (9),K22,197.0,,176.0,,,186.5,2024,K,22,Chris Boswell,PIT,9
276,Ricky Pearsall SF (9),WR85,,170.0,205.0,,,187.5,2024,WR,85,Ricky Pearsall,SF,9
277,Brenden Rice LAC (5),WR86,296.0,259.0,325.0,,,293.3,2024,WR,86,Brenden Rice,LAC,5
278,Devontez Walker BAL (14),WR87,300.0,267.0,316.0,,,294.3,2024,WR,87,Devontez Walker,BAL,14
279,Malachi Corley NYJ (12),WR88,,219.0,180.0,,,199.5,2024,WR,88,Malachi Corley,NYJ,12
280,Michael Penix Jr. ATL (12),QB33,348.0,266.0,293.0,,,302.3,2024,QB,33,Michael Penix Jr.,ATL,12
281,Eric Gray NYG (11),RB73,,322.0,350.0,246.0,,306.0,2024,RB,73,Eric Gray,NYG,11
282,Jordan Whittington LAR (6),WR89,292.0,,362.0,269.0,,307.7,2024,WR,89,Jordan Whittington,LAR,6
283,Darren Waller,TE35,225.0,,202.0,,,213.5,2024,TE,35,Darren Waller,,
284,Dylan Laube LV (10),RB74,,256.0,404.0,270.0,,310.0,2024,RB,74,Dylan Laube,LV,10
285,Brandon McManus GB (10),K23,308.0,295.0,331.0,,,311.3,2024,K,23,Brandon McManus,GB,10
286,Trey Sermon PIT (9),RB75,,260.0,456.0,232.0,,316.0,2024,RB,75,Trey Sermon,PIT,9
287,Odell Beckham Jr.,WR90,,241.0,209.0,,,225.0,2024,WR,90,Odell Beckham Jr.,,
288,Graham Gano NYG (11),K24,216.0,,238.0,,,227.0,2024,K,24,Graham Gano,NYG,11
289,Wil Lutz DEN (14),K25,212.0,,248.0,,,230.0,2024,K,25,Wil Lutz,DEN,14
290,Javon Baker NE (14),WR91,417.0,224.0,330.0,,,323.7,2024,WR,91,Javon Baker,NE,14
291,Noah Gray KC (6),TE36,227.0,,252.0,,,239.5,2024,TE,36,Noah Gray,KC,6
292,Kendre Miller NO (12),RB76,,172.0,315.0,,,243.5,2024,RB,76,Kendre Miller,NO,12
293,Kyle Juszczyk SF (9),RB77,251.0,,236.0,,,243.5,2024,RB,77,Kyle Juszczyk,SF,9
294,JuJu Smith-Schuster KC (6),WR92,219.0,,272.0,,,245.5,2024,WR,92,JuJu Smith-Schuster,KC,6
295,Malik Washington MIA (6),WR93,370.0,281.0,342.0,,,331.0,2024,WR,93,Malik Washington,MIA,6
296,Daniel Bellinger NYG (11),TE37,353.0,282.0,360.0,,,331.7,2024,TE,37,Daniel Bellinger,NYG,11
297,Cam Akers,RB78,414.0,,369.0,221.0,,334.7,2024,RB,78,Cam Akers,,
298,Gardner Minshew II KC (6) O,QB34,,252.0,254.0,,,253.0,2024,QB,34,Gardner Minshew II,KC,6
299,Jonathan Mingo DAL (7),WR94,,325.0,424.0,272.0,,340.3,2024,WR,94,Jonathan Mingo,DAL,7
300,Justin Watson HOU (14),WR95,239.0,,289.0,,,264.0,2024,WR,95,Justin Watson,HOU,14
301,Tucker Kraft GB (10),TE38,,257.0,271.0,,,264.0,2024,TE,38,Tucker Kraft,GB,10
302,Braxton Berrios HOU (14),WR96,214.0,,320.0,,,267.0,2024,WR,96,Braxton Berrios,HOU,14
303,Joshua Karty LAR (6),K26,,,279.0,260.0,,269.5,2024,K,26,Joshua Karty,LAR,6
304,Miles Sanders DAL (7),RB79,,,322.0,219.0,,270.5,2024,RB,79,Miles Sanders,DAL,7
305,Louis Rees-Zammit JAC (12),RB80,245.0,,296.0,,,270.5,2024,RB,80,Louis Rees-Zammit,JAC,12
306,Jalen McMillan TB (11),WR97,,230.0,321.0,,,275.5,2024,WR,97,Jalen McMillan,TB,11
307,KaVontae Turpin DAL (7),WR98,244.0,,314.0,,,279.0,2024,WR,98,KaVontae Turpin,DAL,7
308,Jauan Jennings SF (9),WR99,253.0,,307.0,,,280.0,2024,WR,99,Jauan Jennings,SF,9
309,Skyy Moore KC (6),WR100,248.0,,313.0,,,280.5,2024,WR,100,Skyy Moore,KC,6
310,Jake Bobo SEA (10),WR101,254.0,,308.0,,,281.0,2024,WR,101,Jake Bobo,SEA,10
311,Jalin Hyatt NYG (11),WR102,,264.0,301.0,,,282.5,2024,WR,102,Jalin Hyatt,NYG,11
312,Hayden Hurst,TE39,,277.0,297.0,,,287.0,2024,TE,39,Hayden Hurst,,
313,Anders Carlson NYJ (12),K27,319.0,,256.0,,,287.5,2024,K,27,Anders Carlson,NYJ,12
314,Joey Slye TEN (5),K28,231.0,,345.0,,,288.0,2024,K,28,Joey Slye,TEN,5
315,Dyami Brown JAC (12),WR103,,,392.0,189.0,,290.5,2024,WR,103,Dyami Brown,JAC,12
316,Jermar Jefferson,RB81,223.0,,358.0,,,290.5,2024,RB,81,Jermar Jefferson,,
317,Kenny Pickett CLE (10),QB35,243.0,,338.0,,,290.5,2024,QB,35,Kenny Pickett,CLE,10
318,Durham Smythe CHI (7),TE40,282.0,,302.0,,,292.0,2024,TE,40,Durham Smythe,CHI,7
319,J.J. Taylor HOU (14),RB82,229.0,,357.0,,,293.0,2024,RB,82,J.J. Taylor,HOU,14
320,Tre Tucker LV (10),WR104,,304.0,283.0,,,293.5,2024,WR,104,Tre Tucker,LV,10
321,Aidan O'Connell LV (10),QB36,,302.0,288.0,,,295.0,2024,QB,36,Aidan O'Connell,LV,10
322,Deuce Vaughn DAL (7),RB83,,299.0,292.0,,,295.5,2024,RB,83,Deuce Vaughn,DAL,7
323,Andrei Iosivas CIN (12),WR105,,,339.0,258.0,,298.5,2024,WR,105,Andrei Iosivas,CIN,12
324,Elijah Moore BUF (12),WR106,,278.0,324.0,,,301.0,2024,WR,106,Elijah Moore,BUF,12
325,D'Onta Foreman,RB84,,269.0,335.0,,,302.0,2024,RB,84,D'Onta Foreman,,
326,Allen Lazard NYJ (12),WR107,316.0,,290.0,,,303.0,2024,WR,107,Allen Lazard,NYJ,12
327,Darnell Washington PIT (9),TE41,283.0,,327.0,,,305.0,2024,TE,41,Darnell Washington,PIT,9
328,Joshua Dobbs NE (14),QB37,247.0,,367.0,,,307.0,2024,QB,37,Joshua Dobbs,NE,14
329,Tyler Higbee LAR (6),TE42,461.0,320.0,334.0,,,371.7,2024,TE,42,Tyler Higbee,LAR,6
330,Luke Schoonmaker DAL (7),TE43,240.0,,377.0,,,308.5,2024,TE,43,Luke Schoonmaker,DAL,7
331,Mecole Hardman Jr. GB (10),WR108,262.0,,355.0,,,308.5,2024,WR,108,Mecole Hardman Jr.,GB,10
332,Cade York,K29,246.0,,373.0,,,309.5,2024,K,29,Cade York,,
333,Isaac Guerendo SF (9),RB85,,261.0,359.0,,,310.0,2024,RB,85,Isaac Guerendo,SF,9
334,Cade Stover HOU (14),TE44,298.0,,329.0,,,313.5,2024,TE,44,Cade Stover,HOU,14
335,A.T. Perry DEN (14),WR109,,287.0,341.0,,,314.0,2024,WR,109,A.T. Perry,DEN,14
336,Zay Jones ARI (11),WR110,,263.0,366.0,,,314.5,2024,WR,110,Zay Jones,ARI,11
337,Carson Wentz,QB38,267.0,,364.0,,,315.5,2024,QB,38,Carson Wentz,,
338,K.J. Osborn WAS (14),WR111,,308.0,323.0,,,315.5,2024,WR,111,K.J. Osborn,WAS,14
339,Joe Flacco CLE (10),QB39,272.0,,363.0,,,317.5,2024,QB,39,Joe Flacco,CLE,10
340,Connor Heyward PIT (9),TE45,266.0,,374.0,,,320.0,2024,TE,45,Connor Heyward,PIT,9
341,Jared Wiley KC (6) O,TE46,290.0,,351.0,,,320.5,2024,TE,46,Jared Wiley,KC,6
342,Brevin Jordan HOU (14) O,TE47,306.0,,346.0,,,326.0,2024,TE,47,Brevin Jordan,HOU,14
343,Jimmy Garoppolo LAR (6),QB40,249.0,,408.0,,,328.5,2024,QB,40,Jimmy Garoppolo,LAR,6
344,Hendon Hooker DET (5),QB41,261.0,,398.0,,,329.5,2024,QB,41,Hendon Hooker,DET,5
345,Brock Wright DET (5),TE48,242.0,,421.0,,,331.5,2024,TE,48,Brock Wright,DET,5
346,Chad Ryland ARI (11),K30,324.0,,340.0,,,332.0,2024,K,30,Chad Ryland,ARI,11
347,Zach Wilson MIA (6),QB42,274.0,,391.0,,,332.5,2024,QB,42,Zach Wilson,MIA,6
348,Theo Johnson NYG (11) O,TE49,,233.0,433.0,,,333.0,2024,TE,49,Theo Johnson,NYG,11
349,Kendrick Bourne NE (14),WR112,,285.0,383.0,,,334.0,2024,WR,112,Kendrick Bourne,NE,14
350,Equanimeous St. Brown,WR113,285.0,,384.0,,,334.5,2024,WR,113,Equanimeous St. Brown,,
351,Greg Joseph SF (9),K31,357.0,,312.0,,,334.5,2024,K,31,Greg Joseph,SF,9
352,Josh Reynolds NYJ (12),WR114,,326.0,343.0,,,334.5,2024,WR,114,Josh Reynolds,NYJ,12
353,Tommy DeVito NYG (11),QB43,258.0,,429.0,,,343.5,2024,QB,43,Tommy DeVito,NYG,11
354,DeWayne McBride,RB86,288.0,,400.0,,,344.0,2024,RB,86,DeWayne McBride,,
355,Tyler Scott CHI (7),WR115,322.0,,376.0,,,349.0,2024,WR,115,Tyler Scott,CHI,7
356,Tom Brady,QB44,202.0,,,,,202.0,2024,QB,44,Tom Brady,,
357,Brett Maher,K32,352.0,,352.0,,,352.0,2024,K,32,Brett Maher,,
358,Trey Lance LAC (5),QB45,344.0,,371.0,,,357.5,2024,QB,45,Trey Lance,LAC,5
359,Matt Prater,K33,,,217.0,,,217.0,2024,K,33,Matt Prater,,
360,Cooper Rush BAL (14),QB46,307.0,,411.0,,,359.0,2024,QB,46,Cooper Rush,BAL,14
361,Spencer Rattler NO (12),QB47,317.0,,405.0,,,361.0,2024,QB,47,Spencer Rattler,NO,12
362,Josh Oliver MIN (6),TE50,309.0,,417.0,,,363.0,2024,TE,50,Josh Oliver,MIN,6
363,D.J. Montgomery IND (14),WR116,360.0,,368.0,,,364.0,2024,WR,116,D.J. Montgomery,IND,14
364,Patrick Taylor Jr. SF (9),RB87,281.0,,448.0,,,364.5,2024,RB,87,Patrick Taylor Jr.,SF,9
365,Elijah Higgins ARI (11),TE51,304.0,,426.0,,,365.0,2024,TE,51,Elijah Higgins,ARI,11
366,Chris Naggar,K34,233.0,,,,,233.0,2024,K,34,Chris Naggar,,
367,Johnny Wilson PHI (5),WR117,314.0,,420.0,,,367.0,2024,WR,117,Johnny Wilson,PHI,5
368,Davis Allen LAR (6),TE52,335.0,,399.0,,,367.0,2024,TE,52,Davis Allen,LAR,6
369,Ramiz Ahmed,K35,234.0,,636.0,,,435.0,2024,K,35,Ramiz Ahmed,,
370,Anthony McFarland Jr.,RB88,452.0,283.0,655.0,,,463.3,2024,RB,88,Anthony McFarland Jr.,,
371,Mo Alie-Cox IND (14),TE53,355.0,,382.0,,,368.5,2024,TE,53,Mo Alie-Cox,IND,14
372,Mason Crosby,K36,237.0,,,,,237.0,2024,K,36,Mason Crosby,,
373,Chase McLaughlin TB (11),K37,,,237.0,,,237.0,2024,K,37,Chase McLaughlin,TB,11
374,Michael Wiley WAS (14),RB89,238.0,,,,,238.0,2024,RB,89,Michael Wiley,WAS,14
375,DJ Chark Jr.,WR118,,247.0,495.0,,,371.0,2024,WR,118,DJ Chark Jr.,,
376,David Moore CAR (11),WR119,302.0,,440.0,,,371.0,2024,WR,119,David Moore,CAR,11
377,Nick Folk,K38,,,242.0,,,242.0,2024,K,38,Nick Folk,,
378,John Metchie III HOU (14),WR120,347.0,,396.0,,,371.5,2024,WR,120,John Metchie III,HOU,14
379,Robert Woods PIT (9),WR121,339.0,,407.0,,,373.0,2024,WR,121,Robert Woods,PIT,9
380,Michael Pratt TB (11),QB48,250.0,,794.0,,,522.0,2024,QB,48,Michael Pratt,TB,11
381,Lucas Havrisik,K39,256.0,,542.0,,,399.0,2024,K,39,Lucas Havrisik,,
382,Tanner Brown,K40,257.0,,548.0,,,402.5,2024,K,40,Tanner Brown,,
383,Lucky Jackson MIN (6),WR122,289.0,,470.0,,,379.5,2024,WR,122,Lucky Jackson,MIN,6
384,Tyson Bagent CHI (7),QB49,295.0,,465.0,,,380.0,2024,QB,49,Tyson Bagent,CHI,7
385,Julio Jones,WR123,326.0,,434.0,,,380.0,2024,WR,123,Julio Jones,,
386,Trace McSorley,QB50,259.0,,603.0,,,431.0,2024,QB,50,Trace McSorley,,
387,Jacob Saylors,RB90,260.0,,869.0,,,564.5,2024,RB,90,Jacob Saylors,,
388,Adam Trautman DEN (14),TE54,313.0,,449.0,,,381.0,2024,TE,54,Adam Trautman,DEN,14
389,Julian Hill MIA (6),TE55,333.0,,431.0,,,382.0,2024,TE,55,Julian Hill,MIA,6
390,Jaren Hall,QB51,263.0,,758.0,,,510.5,2024,QB,51,Jaren Hall,,
391,Rasheen Ali BAL (14),RB91,,293.0,472.0,,,382.5,2024,RB,91,Rasheen Ali,BAL,14
392,Rodrigo Blankenship,K41,265.0,,,,,265.0,2024,K,41,Rodrigo Blankenship,,
393,Jeff Wilson Jr.,RB92,425.0,,344.0,,,384.5,2024,RB,92,Jeff Wilson Jr.,,
394,Cornelius Johnson GB (10),WR124,269.0,,,,,269.0,2024,WR,124,Cornelius Johnson,GB,10
395,Devin Leary BAL (14),QB52,270.0,,897.0,,,583.5,2024,QB,52,Devin Leary,BAL,14
396,Joe Milton III DAL (7),QB53,340.0,,432.0,,,386.0,2024,QB,53,Joe Milton III,DAL,7
397,Ronnie Bell DET (5),WR125,345.0,,427.0,,,386.0,2024,WR,125,Ronnie Bell,DET,5
398,Ty'Son Williams,RB93,,273.0,,,,273.0,2024,RB,93,Ty'Son Williams,,
399,Anthony Jones,RB94,,274.0,,,,274.0,2024,RB,94,Anthony Jones,,
400,Tanner Hudson CIN (12),TE56,422.0,,353.0,,,387.5,2024,TE,56,Tanner Hudson,CIN,12
401,Dante Miller NYG (11),RB95,275.0,,797.0,,,536.0,2024,RB,95,Dante Miller,NYG,11
402,K.J. Costello,QB54,,276.0,,,,276.0,2024,QB,54,K.J. Costello,,
403,Tejhaun Palmer ARI (11),WR126,276.0,,,,,276.0,2024,WR,126,Tejhaun Palmer,ARI,11
404,Bo Melton GB (10),WR127,320.0,,458.0,,,389.0,2024,WR,127,Bo Melton,GB,10
405,Austin Hooper NE (14),TE57,342.0,,437.0,,,389.5,2024,TE,57,Austin Hooper,NE,14
406,Brandon Powell,WR128,365.0,,414.0,,,389.5,2024,WR,128,Brandon Powell,,
407,Derius Davis LAC (5),WR129,278.0,,763.0,,,520.5,2024,WR,129,Derius Davis,LAC,5
408,Christopher Dunn,K42,279.0,,,,,279.0,2024,K,42,Christopher Dunn,,
410,Charlie Taumoepeau,TE58,,280.0,,,,280.0,2024,TE,58,Charlie Taumoepeau,,
411,Raheem Blackshear CAR (11),RB96,280.0,,541.0,,,410.5,2024,RB,96,Raheem Blackshear,CAR,11
412,Cordarrelle Patterson PIT (9),RB97,,,281.0,,,281.0,2024,RB,97,Cordarrelle Patterson,PIT,9
413,Gerald Everett,TE59,,,284.0,,,284.0,2024,TE,59,Gerald Everett,,
414,Dylan McDuffie,RB98,,284.0,,,,284.0,2024,RB,98,Dylan McDuffie,,
415,Nathan Rourke,QB55,284.0,,755.0,,,519.5,2024,QB,55,Nathan Rourke,,
416,SaRodorick Thompson Jr.,RB99,286.0,,781.0,,,533.5,2024,RB,99,SaRodorick Thompson Jr.,,
417,Ainias Smith PHI (5),WR130,393.0,,395.0,,,394.0,2024,WR,130,Ainias Smith,PHI,5
418,Cole Fotheringham DEN (14),TE60,287.0,,854.0,,,570.5,2024,TE,60,Cole Fotheringham,DEN,14
419,MyCole Pruitt,TE61,,288.0,566.0,,,427.0,2024,TE,61,MyCole Pruitt,,
420,AJ Barner SEA (10),TE62,397.0,,393.0,,,395.0,2024,TE,62,AJ Barner,SEA,10
421,Jon Hilliman,RB100,,290.0,,,,290.0,2024,RB,100,Jon Hilliman,,
422,Jazz Ferguson,WR131,,291.0,,,,291.0,2024,WR,131,Jazz Ferguson,,
423,Peyton Hendershot,TE63,369.0,,423.0,,,396.0,2024,TE,63,Peyton Hendershot,,
424,Isaiah Williams CIN (12),WR132,291.0,,535.0,,,413.0,2024,WR,132,Isaiah Williams,CIN,12
425,Jalen Virgil BUF (12),WR133,,292.0,,,,292.0,2024,WR,133,Jalen Virgil,BUF,12
426,Josh Lambo,K43,293.0,,,,,293.0,2024,K,43,Josh Lambo,,
427,Matt Barkley,QB56,294.0,,,,,294.0,2024,QB,56,Matt Barkley,,
428,Jhamon Ausbon,WR134,,294.0,,,,294.0,2024,WR,134,Jhamon Ausbon,,
429,Patrick Ricard BAL (14),RB101,305.0,,490.0,,,397.5,2024,RB,101,Patrick Ricard,BAL,14
430,James White,RB102,,296.0,,,,296.0,2024,RB,102,James White,,
431,Ethan Fernea,WR135,,297.0,,,,297.0,2024,WR,135,Ethan Fernea,,
432,Grant Calcaterra PHI (5),TE64,297.0,,531.0,,,414.0,2024,TE,64,Grant Calcaterra,PHI,5
433,Eddy Pineiro,K44,,,298.0,,,298.0,2024,K,44,Eddy Pineiro,,
434,Van Jefferson TEN (5),WR136,,,299.0,,,299.0,2024,WR,136,Van Jefferson,TEN,5
435,Trenton Irwin,WR137,354.0,,446.0,,,400.0,2024,WR,137,Trenton Irwin,,
436,Britain Covey LAR (6),WR138,299.0,,532.0,,,415.5,2024,WR,138,Britain Covey,LAR,6
437,Eric Tomlinson,TE65,,300.0,800.0,,,550.0,2024,TE,65,Eric Tomlinson,,
438,J.D. McKissic,RB103,,301.0,,,,301.0,2024,RB,103,J.D. McKissic,,
439,C.J. Ham MIN (6),RB104,318.0,,484.0,,,401.0,2024,RB,104,C.J. Ham,MIN,6
440,Max Duggan,QB57,301.0,,861.0,,,581.0,2024,QB,57,Max Duggan,,
441,Pharaoh Brown MIA (6),TE66,363.0,,441.0,,,402.0,2024,TE,66,Pharaoh Brown,MIA,6
442,Skylar Thompson PIT (9),QB58,303.0,,708.0,,,505.5,2024,QB,58,Skylar Thompson,PIT,9
443,Kalif Raymond DET (5),WR139,,,304.0,,,304.0,2024,WR,139,Kalif Raymond,DET,5
444,Corey Clement,RB105,,305.0,,,,305.0,2024,RB,105,Corey Clement,,
445,Chris Conley,WR140,371.0,,436.0,,,403.5,2024,WR,140,Chris Conley,,
446,Peter LeBlanc,WR141,,310.0,,,,310.0,2024,WR,141,Peter LeBlanc,,
447,DeeJay Dallas ARI (11),RB106,310.0,,509.0,,,409.5,2024,RB,106,DeeJay Dallas,ARI,11
448,Derek Watt,RB107,311.0,,,,,311.0,2024,RB,107,Derek Watt,,
449,Michael Gallup WAS (14),WR142,,,311.0,,,311.0,2024,WR,142,Michael Gallup,WAS,14
450,Eli Stove,WR143,,312.0,,,,312.0,2024,WR,143,Eli Stove,,
451,Jalen Brooks DAL (7),WR144,312.0,,545.0,,,428.5,2024,WR,144,Jalen Brooks,DAL,7
452,Caleb Huntley,RB108,,313.0,,,,313.0,2024,RB,108,Caleb Huntley,,
453,Johnny Mundt JAC (12),TE67,405.0,,410.0,,,407.5,2024,TE,67,Johnny Mundt,JAC,12
454,Clayton Thorson,QB59,,316.0,,,,316.0,2024,QB,59,Clayton Thorson,,
455,Tim Patrick DET (5),WR145,,,319.0,,,319.0,2024,WR,145,Tim Patrick,DET,5
456,Andy Dalton CAR (11),QB60,346.0,,474.0,,,410.0,2024,QB,60,Andy Dalton,CAR,11
457,Kyle Allen DET (5),QB61,377.0,,443.0,,,410.0,2024,QB,61,Kyle Allen,DET,5
458,Cole McDonald,QB62,,321.0,,,,321.0,2024,QB,62,Cole McDonald,,
459,Mac Jones SF (9),QB63,321.0,,516.0,,,418.5,2024,QB,63,Mac Jones,SF,9
460,Malik Heath GB (10),WR146,396.0,,428.0,,,412.0,2024,WR,146,Malik Heath,GB,10
461,Malcolm Brown,RB109,,324.0,,,,324.0,2024,RB,109,Malcolm Brown,,
462,Brandon Allen TEN (5),QB64,343.0,,483.0,,,413.0,2024,QB,64,Brandon Allen,TEN,5
463,Sione Vaki DET (5),RB110,325.0,,560.0,,,442.5,2024,RB,110,Sione Vaki,DET,5
464,Calvin Austin III PIT (9),WR147,,,326.0,,,326.0,2024,WR,147,Calvin Austin III,PIT,9
465,Robbie Gould,K45,327.0,,,,,327.0,2024,K,45,Robbie Gould,,
466,Alec Pierce IND (14),WR148,481.0,,348.0,,,414.5,2024,WR,148,Alec Pierce,IND,14
467,Armani Rogers,TE68,328.0,,717.0,,,522.5,2024,TE,68,Armani Rogers,,
468,Dylan Drummond ATL (12),WR149,329.0,,888.0,,,608.5,2024,WR,149,Dylan Drummond,ATL,12
469,Anthony Brown Jr.,QB65,330.0,,534.0,,,432.0,2024,QB,65,Anthony Brown Jr.,,
470,Xavier Weaver ARI (11),WR150,331.0,,618.0,,,474.5,2024,WR,150,Xavier Weaver,ARI,11
471,Nelson Agholor,WR151,,,332.0,,,332.0,2024,WR,151,Nelson Agholor,,
472,Josh Johnson WAS (14),QB66,332.0,,561.0,,,446.5,2024,QB,66,Josh Johnson,WAS,14
473,Jacoby Brissett ARI (11),QB67,,,333.0,,,333.0,2024,QB,67,Jacoby Brissett,ARI,11
474,Leonard Fournette,RB111,334.0,,,,,334.0,2024,RB,111,Leonard Fournette,,
475,Will Mallory IND (14),TE69,457.0,,378.0,,,417.5,2024,TE,69,Will Mallory,IND,14
476,Donovan Peoples-Jones NO (12),WR152,,,336.0,,,336.0,2024,WR,152,Donovan Peoples-Jones,NO,12
477,Colson Yankoff WAS (14),TE70,419.0,,418.0,,,418.5,2024,TE,70,Colson Yankoff,WAS,14
478,Charlie Jones CIN (12),WR153,336.0,,543.0,,,439.5,2024,WR,153,Charlie Jones,CIN,12
479,Mack Hollins NE (14),WR154,399.0,,439.0,,,419.0,2024,WR,154,Mack Hollins,NE,14
480,Stetson Bennett LAR (6),QB68,337.0,,756.0,,,546.5,2024,QB,68,Stetson Bennett,LAR,6
481,Josh Gordon,WR155,338.0,,,,,338.0,2024,WR,155,Josh Gordon,,
482,Jordan Akins,TE71,398.0,,442.0,,,420.0,2024,TE,71,Jordan Akins,,
483,Jameis Winston NYG (11),QB69,433.0,,409.0,,,421.0,2024,QB,69,Jameis Winston,NYG,11
484,Malik Willis GB (10),QB70,341.0,,701.0,,,521.0,2024,QB,70,Malik Willis,GB,10
485,Riley Patterson,K46,450.0,,394.0,,,422.0,2024,K,46,Riley Patterson,,
486,Treylon Burks TEN (5) O,WR156,,,347.0,,,347.0,2024,WR,156,Treylon Burks,TEN,5
487,Keaontay Ingram KC (6),RB112,,,349.0,,,349.0,2024,RB,112,Keaontay Ingram,KC,6
488,Sean Clifford GB (10),QB71,349.0,,752.0,,,550.5,2024,QB,71,Sean Clifford,GB,10
489,Matt Ryan,QB72,350.0,,,,,350.0,2024,QB,72,Matt Ryan,,
490,Byron Pringle,WR157,351.0,,809.0,,,580.0,2024,WR,157,Byron Pringle,,
491,Ty Johnson BUF (12),RB113,,,354.0,,,354.0,2024,RB,113,Ty Johnson,BUF,12
492,Marcedes Lewis,TE72,380.0,,476.0,,,428.0,2024,TE,72,Marcedes Lewis,,
493,Craig Reynolds DET (5),RB114,,,356.0,,,356.0,2024,RB,114,Craig Reynolds,DET,5
494,Drew Ogletree IND (14),TE73,356.0,,526.0,,,441.0,2024,TE,73,Drew Ogletree,IND,14
495,Jalen Nailor MIN (6),WR158,358.0,,528.0,,,443.0,2024,WR,158,Jalen Nailor,MIN,6
496,Drew Sample CIN (12),TE74,359.0,,613.0,,,486.0,2024,TE,74,Drew Sample,CIN,12
497,Sam Howell MIN (6),QB73,,,361.0,,,361.0,2024,QB,73,Sam Howell,MIN,6
498,Travis Homer CHI (7),RB115,361.0,,610.0,,,485.5,2024,RB,115,Travis Homer,CHI,7
499,Velus Jones Jr. NO (12),WR159,362.0,,523.0,,,442.5,2024,WR,159,Velus Jones Jr.,NO,12
500,Jakob Johnson HOU (14),RB116,364.0,,,,,364.0,2024,RB,116,Jakob Johnson,HOU,14
501,Ryan Flournoy DAL (7),WR160,366.0,,559.0,,,462.5,2024,WR,160,Ryan Flournoy,DAL,7
502,Henry Pearson,RB117,367.0,,,,,367.0,2024,RB,117,Henry Pearson,,
503,Jake Tonges SF (9),TE75,368.0,,696.0,,,532.0,2024,TE,75,Jake Tonges,SF,9
504,Tutu Atwell LAR (6),WR161,,,370.0,,,370.0,2024,WR,161,Tutu Atwell,LAR,6
505,Shane Zylstra DET (5),TE76,,,372.0,,,372.0,2024,TE,76,Shane Zylstra,DET,5
506,Chris Blair ATL (12),WR162,372.0,,839.0,,,605.5,2024,WR,162,Chris Blair,ATL,12
507,Nick Sciba,K47,373.0,,,,,373.0,2024,K,47,Nick Sciba,,
508,Alec Ingold MIA (6),RB118,374.0,,,,,374.0,2024,RB,118,Alec Ingold,MIA,6
509,Justyn Ross KC (6),WR163,,,375.0,,,375.0,2024,WR,163,Justyn Ross,KC,6
510,Jake Funk,RB119,376.0,,515.0,,,445.5,2024,RB,119,Jake Funk,,
511,Khari Blasingame,RB120,379.0,,,,,379.0,2024,RB,120,Khari Blasingame,,
512,Kenny McIntosh SEA (10),RB121,,,379.0,,,379.0,2024,RB,121,Kenny McIntosh,SEA,10
513,Emanuel Wilson GB (10),RB122,,,380.0,,,380.0,2024,RB,122,Emanuel Wilson,GB,10
514,Ameer Abdullah,RB123,,,381.0,,,381.0,2024,RB,123,Ameer Abdullah,,
515,Dante Pettis NO (12),WR164,381.0,,808.0,,,594.5,2024,WR,164,Dante Pettis,NO,12
516,Davis Mills HOU (14),QB74,383.0,,674.0,,,528.5,2024,QB,74,Davis Mills,HOU,14
517,Nick Foles,QB75,384.0,,,,,384.0,2024,QB,75,Nick Foles,,
518,James Turner,K48,,,385.0,,,385.0,2024,K,48,James Turner,,
519,Tucker Fisk LAC (5),TE77,385.0,,745.0,,,565.0,2024,TE,77,Tucker Fisk,LAC,5
520,Jarrett Stidham DEN (14),QB76,,,386.0,,,386.0,2024,QB,76,Jarrett Stidham,DEN,14
521,Albert Okwuegbunam Jr. IND (14),TE78,386.0,,643.0,,,514.5,2024,TE,78,Albert Okwuegbunam Jr.,IND,14
522,Frank Gore Jr. BUF (12),RB124,,,387.0,,,387.0,2024,RB,124,Frank Gore Jr.,BUF,12
523,Jordan Travis,QB77,387.0,,725.0,,,556.0,2024,QB,77,Jordan Travis,,
524,Justin Jackson,RB125,388.0,,,,,388.0,2024,RB,125,Justin Jackson,,
525,Brayden Narveson,K49,,,388.0,,,388.0,2024,K,49,Brayden Narveson,,
526,Matthew Wright CAR (11),K50,,,389.0,,,389.0,2024,K,50,Matthew Wright,CAR,11
527,Hunter Long JAC (12),TE79,389.0,,680.0,,,534.5,2024,TE,79,Hunter Long,JAC,12
528,Trishton Jackson ARI (11),WR165,390.0,,507.0,,,448.5,2024,WR,165,Trishton Jackson,ARI,11
529,Steven Sims Jr. SEA (10),WR166,391.0,,,,,391.0,2024,WR,166,Steven Sims Jr.,SEA,10
530,Hunter Renfrow CAR (11),WR167,392.0,,,,,392.0,2024,WR,167,Hunter Renfrow,CAR,11
531,Bailey Zappe KC (6),QB78,394.0,,530.0,,,462.0,2024,QB,78,Bailey Zappe,KC,6
532,Jamari Thrash CLE (10),WR168,395.0,,558.0,,,476.5,2024,WR,168,Jamari Thrash,CLE,10
533,Kevin Harris,RB126,,,397.0,,,397.0,2024,RB,126,Kevin Harris,,
534,Scotty Miller PIT (9),WR169,400.0,,619.0,,,509.5,2024,WR,169,Scotty Miller,PIT,9
535,Israel Abanikanda SF (9),RB127,,,401.0,,,401.0,2024,RB,127,Israel Abanikanda,SF,9
536,Ben DiNucci,QB79,401.0,,640.0,,,520.5,2024,QB,79,Ben DiNucci,,
537,Trey Palmer TB (11),WR170,,,402.0,,,402.0,2024,WR,170,Trey Palmer,TB,11
538,Kayshon Boutte NE (14),WR171,402.0,,759.0,,,580.5,2024,WR,171,Kayshon Boutte,NE,14
539,Deneric Prince,RB128,,,403.0,,,403.0,2024,RB,128,Deneric Prince,,
540,Blake Watson DEN (14),RB129,403.0,,722.0,,,562.5,2024,RB,129,Blake Watson,DEN,14
541,River Cracraft,WR172,404.0,,585.0,,,494.5,2024,WR,172,River Cracraft,,
542,Ryan Succop,K51,406.0,,,,,406.0,2024,K,51,Ryan Succop,,
543,Charlie Smyth NO (12),K52,,,406.0,,,406.0,2024,K,52,Charlie Smyth,NO,12
544,Xavier Hutchinson HOU (14),WR173,407.0,,754.0,,,580.5,2024,WR,173,Xavier Hutchinson,HOU,14
545,Rodney Williams,TE80,408.0,,746.0,,,577.0,2024,TE,80,Rodney Williams,,
546,Kareem Hunt KC (6),RB130,409.0,,,,,409.0,2024,RB,130,Kareem Hunt,KC,6
547,Mitchell Trubisky BUF (12),QB80,426.0,,485.0,,,455.5,2024,QB,80,Mitchell Trubisky,BUF,12
548,British Brooks HOU (14),RB131,410.0,,736.0,,,573.0,2024,RB,131,British Brooks,HOU,14
549,Matthew Slater,WR174,411.0,,,,,411.0,2024,WR,174,Matthew Slater,,
550,Dare Ogunbowale HOU (14),RB132,,,412.0,,,412.0,2024,RB,132,Dare Ogunbowale,HOU,14
551,Ray-Ray McCloud III ATL (12),WR175,,,413.0,,,413.0,2024,WR,175,Ray-Ray McCloud III,ATL,12
552,Princeton Fant DAL (7),TE81,413.0,,555.0,,,484.0,2024,TE,81,Princeton Fant,DAL,7
553,Parris Campbell DAL (7),WR176,,,415.0,,,415.0,2024,WR,176,Parris Campbell,DAL,7
554,James Robinson,RB133,415.0,,649.0,,,532.0,2024,RB,133,James Robinson,,
555,Jake Browning CIN (12),QB81,,,416.0,,,416.0,2024,QB,81,Jake Browning,CIN,12
556,Tylan Wallace BAL (14),WR177,416.0,,513.0,,,464.5,2024,WR,177,Tylan Wallace,BAL,14
557,Josh Pederson,TE82,418.0,,,,,418.0,2024,TE,82,Josh Pederson,,
558,Kylen Granson PHI (5),TE83,,,419.0,,,419.0,2024,TE,83,Kylen Granson,PHI,5
559,Carson Strong,QB82,420.0,,,,,420.0,2024,QB,82,Carson Strong,,
560,Mark Ingram II,RB134,421.0,,,,,421.0,2024,RB,134,Mark Ingram II,,
561,David Bell CLE (10) O,WR178,,,422.0,,,422.0,2024,WR,178,David Bell,CLE,10
562,A.J. Green,WR179,423.0,,,,,423.0,2024,WR,179,A.J. Green,,
563,Cody Schrader LAR (6),RB135,435.0,,489.0,,,462.0,2024,RB,135,Cody Schrader,LAR,6
564,Ben Sims GB (10),TE84,424.0,,879.0,,,651.5,2024,TE,84,Ben Sims,GB,10
565,Parker Washington JAC (12),WR180,,,425.0,,,425.0,2024,WR,180,Parker Washington,JAC,12
566,Brady Russell SEA (10),TE85,429.0,,769.0,,,599.0,2024,TE,85,Brady Russell,SEA,10
567,Emari Demercado ARI (11) O,RB136,,,430.0,,,430.0,2024,RB,136,Emari Demercado,ARI,11
568,Hunter Luepke DAL (7),RB137,430.0,,774.0,,,602.0,2024,RB,137,Hunter Luepke,DAL,7
569,Jimmy Graham,TE86,431.0,,,,,431.0,2024,TE,86,Jimmy Graham,,
570,Marquez Valdes-Scantling SEA (10),WR181,439.0,,493.0,,,466.0,2024,WR,181,Marquez Valdes-Scantling,SEA,10
571,Zach Pascal NYG (11),WR182,432.0,,581.0,,,506.5,2024,WR,182,Zach Pascal,NYG,11
572,Teddy Bridgewater,QB83,434.0,,,,,434.0,2024,QB,83,Teddy Bridgewater,,
573,Ryan Tannehill,QB84,,,435.0,,,435.0,2024,QB,84,Ryan Tannehill,,
574,Brenton Strange JAC (12),TE87,436.0,,547.0,,,491.5,2024,TE,87,Brenton Strange,JAC,12
575,Jha'Quan Jackson TEN (5),WR183,437.0,,898.0,,,667.5,2024,WR,183,Jha'Quan Jackson,TEN,5
576,Noah Brown WAS (14) O,WR184,,,438.0,,,438.0,2024,WR,184,Noah Brown,WAS,14
577,Tanner McKee PHI (5),QB85,438.0,,761.0,,,599.5,2024,QB,85,Tanner McKee,PHI,5
578,Isaiah McKenzie,WR185,455.0,,486.0,,,470.5,2024,WR,185,Isaiah McKenzie,,
579,Parker Hesse,TE88,440.0,,628.0,,,534.0,2024,TE,88,Parker Hesse,,
580,Melvin Gordon III,RB138,441.0,,,,,441.0,2024,RB,138,Melvin Gordon III,,
581,Tyreik McAllister,RB139,442.0,,538.0,,,490.0,2024,RB,139,Tyreik McAllister,,
582,Rex Burkhead,RB140,443.0,,,,,443.0,2024,RB,140,Rex Burkhead,,
583,Drew Lock SEA (10),QB86,,,444.0,,,444.0,2024,QB,86,Drew Lock,SEA,10
584,Eric Saubert SEA (10),TE89,444.0,,577.0,,,510.5,2024,TE,89,Eric Saubert,SEA,10
585,Donald Parham Jr. PIT (9),TE90,,,445.0,,,445.0,2024,TE,90,Donald Parham Jr.,PIT,9
586,Caleb Shudak,K53,445.0,,,,,445.0,2024,K,53,Caleb Shudak,,
587,Jeremy Ruckert NYJ (12),TE91,489.0,,457.0,,,473.0,2024,TE,91,Jeremy Ruckert,NYJ,12
588,Zack Kuntz NYJ (12),TE92,446.0,,760.0,,,603.0,2024,TE,92,Zack Kuntz,NYJ,12
589,Lil'Jordan Humphrey NYG (11),WR186,447.0,,,,,447.0,2024,WR,186,Lil'Jordan Humphrey,NYG,11
590,KJ Hamler BUF (12),WR187,,,447.0,,,447.0,2024,WR,187,KJ Hamler,BUF,12
591,Deonte Harty,WR188,448.0,,627.0,,,537.5,2024,WR,188,Deonte Harty,,
592,Bub Means NO (12),WR189,449.0,,,,,449.0,2024,WR,189,Bub Means,NO,12
593,Quez Watkins ARI (11),WR190,,,450.0,,,450.0,2024,WR,190,Quez Watkins,ARI,11
594,Trent Taylor SF (9),WR191,451.0,,579.0,,,515.0,2024,WR,191,Trent Taylor,SF,9
595,Dez Fitzpatrick LAC (5),WR192,,,452.0,,,452.0,2024,WR,192,Dez Fitzpatrick,LAC,5
596,Kene Nwangwu NYJ (12),RB141,,,453.0,,,453.0,2024,RB,141,Kene Nwangwu,NYJ,12
597,Nathan Peterman,QB87,453.0,,578.0,,,515.5,2024,QB,87,Nathan Peterman,,
598,Michael Carter ARI (11),RB142,,,454.0,,,454.0,2024,RB,142,Michael Carter,ARI,11
599,Lucas Krull DEN (14),TE93,454.0,,539.0,,,496.5,2024,TE,93,Lucas Krull,DEN,14
600,Terrell Bynum,WR193,456.0,,892.0,,,674.0,2024,WR,193,Terrell Bynum,,
601,Malik Davis,RB143,,,459.0,,,459.0,2024,RB,143,Malik Davis,,
602,Ellis Merriweather GB (10),RB144,459.0,,787.0,,,623.0,2024,RB,144,Ellis Merriweather,GB,10
603,Jerick McKinnon,RB145,460.0,,,,,460.0,2024,RB,145,Jerick McKinnon,,
604,Samson Nacua,WR194,,,460.0,,,460.0,2024,WR,194,Samson Nacua,,
605,Ronnie Rivers LAR (6),RB146,,,461.0,,,461.0,2024,RB,146,Ronnie Rivers,LAR,6
606,Randy Bullock,K54,462.0,,,,,462.0,2024,K,54,Randy Bullock,,
607,Cedric Tillman CLE (10),WR195,,,462.0,,,462.0,2024,WR,195,Cedric Tillman,CLE,10
608,Zach Evans NYJ (12),RB147,,,463.0,,,463.0,2024,RB,147,Zach Evans,NYJ,12
609,Charlie Woerner ATL (12),TE94,463.0,,658.0,,,560.5,2024,TE,94,Charlie Woerner,ATL,12
610,Chris Rodriguez Jr. WAS (14),RB148,,,464.0,,,464.0,2024,RB,148,Chris Rodriguez Jr.,WAS,14
611,James McCourt,K55,464.0,,,,,464.0,2024,K,55,James McCourt,,
612,Gunner Olszewski,WR196,465.0,,631.0,,,548.0,2024,WR,196,Gunner Olszewski,,
613,E.J. Jenkins PHI (5),TE95,,,466.0,,,466.0,2024,TE,95,E.J. Jenkins,PHI,5
614,John Stephens Jr. DAL (7) O,WR197,466.0,,775.0,,,620.5,2024,WR,197,John Stephens Jr.,DAL,7
615,Xavier Gipson NYJ (12),WR198,,,467.0,,,467.0,2024,WR,198,Xavier Gipson,NYJ,12
616,Antoine Green,WR199,467.0,,751.0,,,609.0,2024,WR,199,Antoine Green,,
617,Chris Brooks GB (10),RB149,,,468.0,,,468.0,2024,RB,149,Chris Brooks,GB,10
618,Jaheim Bell NE (14),TE96,496.0,,473.0,,,484.5,2024,TE,96,Jaheim Bell,NE,14
619,Ian Thomas LV (10),TE97,468.0,,591.0,,,529.5,2024,TE,97,Ian Thomas,LV,10
620,Sean Tucker TB (11),RB150,,,469.0,,,469.0,2024,RB,150,Sean Tucker,TB,11
621,Devaughn Vele DEN (14),WR200,469.0,,793.0,,,631.0,2024,WR,200,Devaughn Vele,DEN,14
622,Jonathan Garibay,K56,470.0,,,,,470.0,2024,K,56,Jonathan Garibay,,
623,Bryce Perkins,QB88,471.0,,,,,471.0,2024,QB,88,Bryce Perkins,,
624,Jase McClellan ATL (12),RB151,,,471.0,,,471.0,2024,RB,151,Jase McClellan,ATL,12
625,Jacob Harris,TE98,472.0,,678.0,,,575.0,2024,TE,98,Jacob Harris,,
626,Kameron Johnson TB (11),WR201,473.0,,,,,473.0,2024,WR,201,Kameron Johnson,TB,11
627,DeAndre Carter CLE (10),WR202,474.0,,799.0,,,636.5,2024,WR,202,DeAndre Carter,CLE,10
628,Tyrod Taylor NYJ (12),QB89,,,475.0,,,475.0,2024,QB,89,Tyrod Taylor,NYJ,12
629,Xazavian Valladay NO (12),RB152,475.0,,874.0,,,674.5,2024,RB,152,Xazavian Valladay,NO,12
630,Austin Seibert,K57,476.0,,614.0,,,545.0,2024,K,57,Austin Seibert,,
631,Brandon Bolden,RB153,,,477.0,,,477.0,2024,RB,153,Brandon Bolden,,
632,Ashton Dulin IND (14),WR203,477.0,,,,,477.0,2024,WR,203,Ashton Dulin,IND,14
633,Damien Harris,RB154,478.0,,,,,478.0,2024,RB,154,Damien Harris,,
634,Devin Culp TB (11),TE99,,,478.0,,,478.0,2024,TE,99,Devin Culp,TB,11
635,DeVante Parker,WR204,,,479.0,,,479.0,2024,WR,204,DeVante Parker,,
636,Marcus Mariota WAS (14),QB90,,,480.0,,,480.0,2024,QB,90,Marcus Mariota,WAS,14
637,Reggie Gilliam BUF (12),RB155,480.0,,663.0,,,571.5,2024,RB,155,Reggie Gilliam,BUF,12
638,C.J. Uzomah,TE100,,,481.0,,,481.0,2024,TE,100,C.J. Uzomah,,
639,Sterling Shepard TB (11),WR205,,,482.0,,,482.0,2024,WR,205,Sterling Shepard,TB,11
640,John Bates WAS (14),TE101,482.0,,519.0,,,500.5,2024,TE,101,John Bates,WAS,14
641,Chris Oladokun KC (6),QB91,483.0,,711.0,,,597.0,2024,QB,91,Chris Oladokun,KC,6
642,Eno Benjamin,RB156,484.0,,,,,484.0,2024,RB,156,Eno Benjamin,,
643,Luke Farrell SF (9),TE102,485.0,,676.0,,,580.5,2024,TE,102,Luke Farrell,SF,9
644,P.J. Walker,QB92,,,487.0,,,487.0,2024,QB,92,P.J. Walker,,
645,Charlie Kolar BAL (14),TE103,487.0,,695.0,,,591.0,2024,TE,103,Charlie Kolar,BAL,14
646,Matt Breida,RB157,,,488.0,,,488.0,2024,RB,157,Matt Breida,,
647,Laviska Shenault Jr. BUF (12),WR206,488.0,,650.0,,,569.0,2024,WR,206,Laviska Shenault Jr.,BUF,12
648,Rashard Higgins,WR207,490.0,,,,,490.0,2024,WR,207,Rashard Higgins,,
649,Royce Freeman,RB158,,,491.0,,,491.0,2024,RB,158,Royce Freeman,,
650,Chris Moore WAS (14),WR208,491.0,,572.0,,,531.5,2024,WR,208,Chris Moore,WAS,14
651,Mason Rudolph PIT (9),QB93,493.0,,590.0,,,541.5,2024,QB,93,Mason Rudolph,PIT,9
652,Cedrick Wilson Jr. NO (12),WR209,,,494.0,,,494.0,2024,WR,209,Cedrick Wilson Jr.,NO,12
653,Bryce Ford-Wheaton NYG (11),WR210,494.0,,864.0,,,679.0,2024,WR,210,Bryce Ford-Wheaton,NYG,11
654,Joe Reed,WR211,495.0,,,,,495.0,2024,WR,211,Joe Reed,,
655,Will Dissly LAC (5),TE104,,,496.0,,,496.0,2024,TE,104,Will Dissly,LAC,5
656,Boston Scott,RB159,,,497.0,,,497.0,2024,RB,159,Boston Scott,,
657,Joshua Kelley,RB160,497.0,,656.0,,,576.5,2024,RB,160,Joshua Kelley,,
658,Trent Sherfield Sr. DEN (14),WR212,,,498.0,,,498.0,2024,WR,212,Trent Sherfield Sr.,DEN,14
659,Matt Ammendola,K58,498.0,,,,,498.0,2024,K,58,Matt Ammendola,,
660,Foster Moreau NO (12),TE105,,,499.0,,,499.0,2024,TE,105,Foster Moreau,NO,12
661,Desmond Ridder,QB94,499.0,,693.0,,,596.0,2024,QB,94,Desmond Ridder,,
662,Michael Thomas,WR213,500.0,,,,,500.0,2024,WR,213,Michael Thomas,,
663,Trayveon Williams NE (14),RB161,,,500.0,,,500.0,2024,RB,161,Trayveon Williams,NE,14
664,Andrew Beck NYJ (12),TE106,,,501.0,,,501.0,2024,TE,106,Andrew Beck,NYJ,12
665,Irv Smith Jr. HOU (14),TE107,,,502.0,,,502.0,2024,TE,107,Irv Smith Jr.,HOU,14
666,Olamide Zaccheaus CHI (7),WR214,,,503.0,,,503.0,2024,WR,214,Olamide Zaccheaus,CHI,7
667,Devin Duvernay CHI (7),WR215,,,505.0,,,505.0,2024,WR,215,Devin Duvernay,CHI,7
668,Harrison Bryant PHI (5),TE108,,,506.0,,,506.0,2024,TE,108,Harrison Bryant,PHI,5
669,Salvon Ahmed IND (14),RB162,,,508.0,,,508.0,2024,RB,162,Salvon Ahmed,IND,14
670,Nick Westbrook-Ikhine MIA (6),WR216,,,510.0,,,510.0,2024,WR,216,Nick Westbrook-Ikhine,MIA,6
671,Tim Jones MIN (6),WR217,,,511.0,,,511.0,2024,WR,217,Tim Jones,MIN,6
672,Kenny Yeboah DET (5),TE109,,,512.0,,,512.0,2024,TE,109,Kenny Yeboah,DET,5
673,Tommy Tremble CAR (11),TE110,,,514.0,,,514.0,2024,TE,110,Tommy Tremble,CAR,11
674,Tre' McKitty CLE (10),TE111,,,517.0,,,517.0,2024,TE,111,Tre' McKitty,CLE,10
675,Dee Eskridge MIA (6),WR218,,,518.0,,,518.0,2024,WR,218,Dee Eskridge,MIA,6
676,Jacob Cowing SF (9),WR219,,,520.0,,,520.0,2024,WR,219,Jacob Cowing,SF,9
677,Jack Stoll NO (12),TE112,,,521.0,,,521.0,2024,TE,112,Jack Stoll,NO,12
678,John FitzPatrick GB (10),TE113,,,522.0,,,522.0,2024,TE,113,John FitzPatrick,GB,10
679,James Mitchell CAR (11),TE114,,,524.0,,,524.0,2024,TE,114,James Mitchell,CAR,11
680,Tyler Goodson IND (14),RB163,,,525.0,,,525.0,2024,RB,163,Tyler Goodson,IND,14
681,Pierre Strong Jr. CLE (10),RB164,,,529.0,,,529.0,2024,RB,164,Pierre Strong Jr.,CLE,10
682,Dareke Young SEA (10),WR220,,,533.0,,,533.0,2024,WR,220,Dareke Young,SEA,10
683,Harrison Mevis,K59,,,536.0,,,536.0,2024,K,59,Harrison Mevis,,
684,Brandon Johnson PIT (9),WR221,,,537.0,,,537.0,2024,WR,221,Brandon Johnson,PIT,9
685,Parker Romo NE (14),K60,,,540.0,,,540.0,2024,K,60,Parker Romo,NE,14
686,Dorian Thompson-Robinson PHI (5),QB95,,,544.0,,,544.0,2024,QB,95,Dorian Thompson-Robinson,PHI,5
687,Josh Whyle TEN (5),TE115,,,546.0,,,546.0,2024,TE,115,Josh Whyle,TEN,5
688,Cameron Latu PHI (5),TE116,,,549.0,,,549.0,2024,TE,116,Cameron Latu,PHI,5
689,Payne Durham TB (11),TE117,,,550.0,,,550.0,2024,TE,117,Payne Durham,TB,11
690,Spencer Shrader IND (14),K61,,,552.0,,,552.0,2024,K,61,Spencer Shrader,IND,14
691,Duece Watts,WR222,,,553.0,,,553.0,2024,WR,222,Duece Watts,,
692,Hassan Hall,RB165,,,554.0,,,554.0,2024,RB,165,Hassan Hall,,
693,Jack Podlesny,K62,,,556.0,,,556.0,2024,K,62,Jack Podlesny,,
694,Jack Colletto,RB166,,,557.0,,,557.0,2024,RB,166,Jack Colletto,,
695,Allen Robinson II,WR223,,,562.0,,,562.0,2024,WR,223,Allen Robinson II,,
696,Martavis Bryant,WR224,,,563.0,,,563.0,2024,WR,224,Martavis Bryant,,
697,Logan Thomas,TE118,,,564.0,,,564.0,2024,TE,118,Logan Thomas,,
698,Sam Hartman WAS (14),QB96,,,565.0,,,565.0,2024,QB,96,Sam Hartman,WAS,14
699,Jamison Crowder,WR225,,,567.0,,,567.0,2024,WR,225,Jamison Crowder,,
700,Phillip Dorsett II,WR226,,,568.0,,,568.0,2024,WR,226,Phillip Dorsett II,,
701,Chris Manhertz NYG (11),TE119,,,569.0,,,569.0,2024,TE,119,Chris Manhertz,NYG,11
702,Michael Burton DEN (14),RB167,,,570.0,,,570.0,2024,RB,167,Michael Burton,DEN,14
703,Taylor Heinicke LAC (5),QB97,,,571.0,,,571.0,2024,QB,97,Taylor Heinicke,LAC,5
704,Jeff Driskel,QB98,,,573.0,,,573.0,2024,QB,98,Jeff Driskel,,
705,Robbie Chosen,WR227,,,574.0,,,574.0,2024,WR,227,Robbie Chosen,,
706,C.J. Beathard,QB99,,,575.0,,,575.0,2024,QB,99,C.J. Beathard,,
707,John Ross,WR228,,,576.0,,,576.0,2024,WR,228,John Ross,,
708,Tarik Cohen,RB168,,,580.0,,,580.0,2024,RB,168,Tarik Cohen,,
709,Anthony Firkser,TE120,,,582.0,,,582.0,2024,TE,120,Anthony Firkser,,
710,Nick Mullens JAC (12),QB100,,,583.0,,,583.0,2024,QB,100,Nick Mullens,JAC,12
711,Robert Tonyan KC (6),TE121,,,584.0,,,584.0,2024,TE,121,Robert Tonyan,KC,6
712,Daurice Fountain,WR229,,,586.0,,,586.0,2024,WR,229,Daurice Fountain,,
713,Nyheim Hines,RB169,,,588.0,,,588.0,2024,RB,169,Nyheim Hines,,
714,Godwin Igwebuike,RB170,,,589.0,,,589.0,2024,RB,170,Godwin Igwebuike,,
715,James Washington,WR230,,,592.0,,,592.0,2024,WR,230,James Washington,,
716,David Wells,TE122,,,593.0,,,593.0,2024,TE,122,David Wells,,
717,Mike White BUF (12),QB101,,,594.0,,,594.0,2024,QB,101,Mike White,BUF,12
718,Logan Woodside CIN (12),QB102,,,595.0,,,595.0,2024,QB,102,Logan Woodside,CIN,12
719,Russell Gage Jr. SF (9),WR231,,,596.0,,,596.0,2024,WR,231,Russell Gage Jr.,SF,9
720,Mike Boone,RB171,,,597.0,,,597.0,2024,RB,171,Mike Boone,,
721,KhaDarel Hodge ATL (12),WR232,,,598.0,,,598.0,2024,WR,232,KhaDarel Hodge,ATL,12
722,John Wolford JAC (12),QB103,,,599.0,,,599.0,2024,QB,103,John Wolford,JAC,12
723,Myles Gaskin,RB172,,,600.0,,,600.0,2024,RB,172,Myles Gaskin,,
724,Jarveon Howard,RB173,,,601.0,,,601.0,2024,RB,173,Jarveon Howard,,
725,Riley Sharp,TE123,,,602.0,,,602.0,2024,TE,123,Riley Sharp,,
726,Chris Collier LV (10),RB174,,,604.0,,,604.0,2024,RB,174,Chris Collier,LV,10
727,Tyree Jackson WAS (14),TE124,,,605.0,,,605.0,2024,TE,124,Tyree Jackson,WAS,14
728,TaMerik Williams,RB175,,,606.0,,,606.0,2024,RB,175,TaMerik Williams,,
729,Zach Gentry,TE125,,,608.0,,,608.0,2024,TE,125,Zach Gentry,,
730,N'Keal Harry,WR233,,,609.0,,,609.0,2024,WR,233,N'Keal Harry,,
731,Jason Bean IND (14),QB104,,,611.0,,,611.0,2024,QB,104,Jason Bean,IND,14
732,Brett Rypien MIN (6),QB105,,,612.0,,,612.0,2024,QB,105,Brett Rypien,MIN,6
733,Austin Reed CHI (7),QB106,,,615.0,,,615.0,2024,QB,106,Austin Reed,CHI,7
734,Easton Stick ATL (12),QB107,,,616.0,,,616.0,2024,QB,107,Easton Stick,ATL,12
735,Dee Williams NYG (11),WR234,,,617.0,,,617.0,2024,WR,234,Dee Williams,NYG,11
736,Nathaniel Peat,RB176,,,620.0,,,620.0,2024,RB,176,Nathaniel Peat,,
737,Tyron Billy-Johnson,WR235,,,621.0,,,621.0,2024,WR,235,Tyron Billy-Johnson,,
738,Alex Hale GB (10),K63,,,622.0,,,622.0,2024,K,63,Alex Hale,GB,10
739,Davion Davis,WR236,,,623.0,,,623.0,2024,WR,236,Davion Davis,,
740,Elijah Collins,RB177,,,624.0,,,624.0,2024,RB,177,Elijah Collins,,
741,Stephen Carlson CHI (7),TE126,,,625.0,,,625.0,2024,TE,126,Stephen Carlson,CHI,7
742,Casey Bauman,QB108,,,626.0,,,626.0,2024,QB,108,Casey Bauman,,
743,John Rhys Plumlee SEA (10),QB109,,,629.0,,,629.0,2024,QB,109,John Rhys Plumlee,SEA,10
744,D'Ernest Johnson,RB178,,,630.0,,,630.0,2024,RB,178,D'Ernest Johnson,,
745,Derrick Gore,RB179,,,632.0,,,632.0,2024,RB,179,Derrick Gore,,
746,Tyler Huntley,QB110,,,633.0,,,633.0,2024,QB,110,Tyler Huntley,,
747,Jake Fromm,QB111,,,634.0,,,634.0,2024,QB,111,Jake Fromm,,
748,Isaiah Hodgins SF (9),WR237,,,635.0,,,635.0,2024,WR,237,Isaiah Hodgins,SF,9
749,Jacques Patrick,RB180,,,637.0,,,637.0,2024,RB,180,Jacques Patrick,,
750,Jude McAtamney NYG (11),K64,,,638.0,,,638.0,2024,K,64,Jude McAtamney,NYG,11
751,Mitchell Wilcox,TE127,,,639.0,,,639.0,2024,TE,127,Mitchell Wilcox,,
752,Sean McKeon IND (14),TE128,,,641.0,,,641.0,2024,TE,128,Sean McKeon,IND,14
753,Tyrie Cleveland,WR238,,,642.0,,,642.0,2024,WR,238,Tyrie Cleveland,,
754,Josiah Deguara ARI (11),TE129,,,644.0,,,644.0,2024,TE,129,Josiah Deguara,ARI,11
755,Darrynton Evans BUF (12),RB181,,,645.0,,,645.0,2024,RB,181,Darrynton Evans,BUF,12
756,Tip Reiman ARI (11),TE130,,,646.0,,,646.0,2024,TE,130,Tip Reiman,ARI,11
757,Collin Johnson LV (10),WR239,,,648.0,,,648.0,2024,WR,239,Collin Johnson,LV,10
758,Easop Winston Jr.,WR240,,,651.0,,,651.0,2024,WR,240,Easop Winston Jr.,,
759,Denzel Mims,WR241,,,652.0,,,652.0,2024,WR,241,Denzel Mims,,
760,La'Mical Perine,RB182,,,653.0,,,653.0,2024,RB,182,La'Mical Perine,,
761,Jonathan Ward PIT (9),RB183,,,654.0,,,654.0,2024,RB,183,Jonathan Ward,PIT,9
762,JaMycal Hasty,RB184,,,657.0,,,657.0,2024,RB,184,JaMycal Hasty,,
763,Tyler Mabry,TE131,,,659.0,,,659.0,2024,TE,131,Tyler Mabry,,
764,Freddie Swain,WR242,,,660.0,,,660.0,2024,WR,242,Freddie Swain,,
765,Ke'Shawn Vaughn,RB185,,,661.0,,,661.0,2024,RB,185,Ke'Shawn Vaughn,,
766,Marquez Callaway,WR243,,,662.0,,,662.0,2024,WR,243,Marquez Callaway,,
767,Kristian Wilkerson BUF (12),WR244,,,664.0,,,664.0,2024,WR,244,Kristian Wilkerson,BUF,12
768,Lawrence Cager WAS (14),WR245,,,665.0,,,665.0,2024,WR,245,Lawrence Cager,WAS,14
769,Spencer Brown,RB186,,,666.0,,,666.0,2024,RB,186,Spencer Brown,,
770,Deon Jackson,RB187,,,667.0,,,667.0,2024,RB,187,Deon Jackson,,
771,DJ Turner,WR246,,,668.0,,,668.0,2024,WR,246,DJ Turner,,
772,Mathew Sexton,WR247,,,669.0,,,669.0,2024,WR,247,Mathew Sexton,,
773,Sammis Reyes,TE132,,,670.0,,,670.0,2024,TE,132,Sammis Reyes,,
774,Avery Williams PHI (5),RB188,,,671.0,,,671.0,2024,RB,188,Avery Williams,PHI,5
775,Terrace Marshall Jr. PHI (5),WR248,,,672.0,,,672.0,2024,WR,248,Terrace Marshall Jr.,PHI,5
776,Simi Fehoko ARI (11),WR249,,,673.0,,,673.0,2024,WR,249,Simi Fehoko,ARI,11
777,Sam Ehlinger DEN (14),QB112,,,675.0,,,675.0,2024,QB,112,Sam Ehlinger,DEN,14
778,Cornell Powell,WR250,,,677.0,,,677.0,2024,WR,250,Cornell Powell,,
779,Ben Skowronek PIT (9),WR251,,,679.0,,,679.0,2024,WR,251,Ben Skowronek,PIT,9
780,Zach Davidson BUF (12),TE133,,,681.0,,,681.0,2024,TE,133,Zach Davidson,BUF,12
781,Ihmir Smith-Marsette NYG (11),WR252,,,682.0,,,682.0,2024,WR,252,Ihmir Smith-Marsette,NYG,11
782,Kawaan Baker,WR253,,,683.0,,,683.0,2024,WR,253,Kawaan Baker,,
783,Ian Book,QB113,,,684.0,,,684.0,2024,QB,113,Ian Book,,
784,Kyle Trask TB (11),QB114,,,685.0,,,685.0,2024,QB,114,Kyle Trask,TB,11
785,Quintin Morris JAC (12),TE134,,,686.0,,,686.0,2024,TE,134,Quintin Morris,JAC,12
786,Adam Prentice,RB189,,,687.0,,,687.0,2024,RB,189,Adam Prentice,,
787,Austin Watkins Jr.,WR254,,,688.0,,,688.0,2024,WR,254,Austin Watkins Jr.,,
788,Jaret Patterson LAC (5),RB190,,,689.0,,,689.0,2024,RB,190,Jaret Patterson,LAC,5
789,Michael Bandy DEN (14),WR255,,,690.0,,,690.0,2024,WR,255,Michael Bandy,DEN,14
790,Dayton Wade BAL (14),WR256,,,691.0,,,691.0,2024,WR,256,Dayton Wade,BAL,14
791,Mike Rigerman,TE135,,,692.0,,,692.0,2024,TE,135,Mike Rigerman,,
792,Tyler Badie DEN (14),RB191,,,694.0,,,694.0,2024,RB,191,Tyler Badie,DEN,14
793,Michael Woods II CLE (10),WR257,,,697.0,,,697.0,2024,WR,257,Michael Woods II,CLE,10
794,Montrell Washington NYG (11),WR258,,,698.0,,,698.0,2024,WR,258,Montrell Washington,NYG,11
795,Samori Toure CHI (7),WR259,,,699.0,,,699.0,2024,WR,259,Samori Toure,CHI,7
796,Hassan Haskins LAC (5),RB192,,,700.0,,,700.0,2024,RB,192,Hassan Haskins,LAC,5
797,Emani Bailey CAR (11),RB193,,,702.0,,,702.0,2024,RB,193,Emani Bailey,CAR,11
798,Snoop Conner,RB194,,,703.0,,,703.0,2024,RB,194,Snoop Conner,,
799,Kobe Lewis,RB195,,,704.0,,,704.0,2024,RB,195,Kobe Lewis,,
800,Isaiah Wooden,WR260,,,705.0,,,705.0,2024,WR,260,Isaiah Wooden,,
801,Brittain Brown,RB196,,,706.0,,,706.0,2024,RB,196,Brittain Brown,,
802,Erik Ezukanma MIA (6),WR261,,,707.0,,,707.0,2024,WR,261,Erik Ezukanma,MIA,6
803,Tyquan Thornton KC (6),WR262,,,709.0,,,709.0,2024,WR,262,Tyquan Thornton,KC,6
804,Baylor Cupp,TE136,,,710.0,,,710.0,2024,TE,136,Baylor Cupp,,
805,Ahmarean Brown,WR263,,,712.0,,,712.0,2024,WR,263,Ahmarean Brown,,
806,Isaiah Spiller,RB197,,,713.0,,,713.0,2024,RB,197,Isaiah Spiller,,
807,Tyrion Davis-Price,RB198,,,714.0,,,714.0,2024,RB,198,Tyrion Davis-Price,,
808,Danny Gray PHI (5),WR264,,,715.0,,,715.0,2024,WR,264,Danny Gray,PHI,5
809,Jack Plummer CAR (11),QB115,,,718.0,,,718.0,2024,QB,115,Jack Plummer,CAR,11
810,Ricky Person Jr.,RB199,,,719.0,,,719.0,2024,RB,199,Ricky Person Jr.,,
811,Thomas Yassmin,TE137,,,720.0,,,720.0,2024,TE,137,Thomas Yassmin,,
812,Kyric McGowan,WR265,,,721.0,,,721.0,2024,WR,265,Kyric McGowan,,
813,Phillip Brooks,WR266,,,723.0,,,723.0,2024,WR,266,Phillip Brooks,,
814,George Holani SEA (10),RB200,,,724.0,,,724.0,2024,RB,200,George Holani,SEA,10
815,Aaron Shampklin,RB201,,,726.0,,,726.0,2024,RB,201,Aaron Shampklin,,
816,David Martin-Robinson TEN (5),TE138,,,727.0,,,727.0,2024,TE,138,David Martin-Robinson,TEN,5
817,Jacob Warren,TE139,,,728.0,,,728.0,2024,TE,139,Jacob Warren,,
818,Julius Chestnut TEN (5),RB202,,,729.0,,,729.0,2024,RB,202,Julius Chestnut,TEN,5
819,Thomas Odukoya TEN (5),TE140,,,730.0,,,730.0,2024,TE,140,Thomas Odukoya,TEN,5
820,Terique Owens SF (9),WR267,,,731.0,,,731.0,2024,WR,267,Terique Owens,SF,9
821,Johnny Johnson III HOU (14),WR268,,,732.0,,,732.0,2024,WR,268,Johnny Johnson III,HOU,14
822,Trey Knox,TE141,,,733.0,,,733.0,2024,TE,141,Trey Knox,,
823,Austin Jones,RB203,,,734.0,,,734.0,2024,RB,203,Austin Jones,,
824,Carter Bradley LV (10),QB116,,,735.0,,,735.0,2024,QB,116,Carter Bradley,LV,10
825,Sincere McCormick LV (10) O,RB204,,,737.0,,,737.0,2024,RB,204,Sincere McCormick,LV,10
826,Tanner Conner MIA (6),TE142,,,738.0,,,738.0,2024,TE,142,Tanner Conner,MIA,6
827,Braylon Sanders,WR269,,,739.0,,,739.0,2024,WR,269,Braylon Sanders,,
828,Jashaun Corbin,RB205,,,740.0,,,740.0,2024,RB,205,Jashaun Corbin,,
829,Kedon Slovis HOU (14),QB117,,,741.0,,,741.0,2024,QB,117,Kedon Slovis,HOU,14
830,Chris Pierce Jr.,TE143,,,742.0,,,742.0,2024,TE,143,Chris Pierce Jr.,,
831,Tay Martin,WR270,,,743.0,,,743.0,2024,WR,270,Tay Martin,,
832,Deven Thompkins,WR271,,,744.0,,,744.0,2024,WR,271,Deven Thompkins,,
833,Daylen Baldwin,WR272,,,747.0,,,747.0,2024,WR,272,Daylen Baldwin,,
834,Maurice Alexander CHI (7),WR273,,,748.0,,,748.0,2024,WR,273,Maurice Alexander,CHI,7
835,Josh Ali,WR274,,,749.0,,,749.0,2024,WR,274,Josh Ali,,
836,Justin Shorter LV (10),WR275,,,750.0,,,750.0,2024,WR,275,Justin Shorter,LV,10
837,Lew Nichols III PHI (5),RB206,,,753.0,,,753.0,2024,RB,206,Lew Nichols III,PHI,5
838,Xavier Smith LAR (6),WR276,,,757.0,,,757.0,2024,WR,276,Xavier Smith,LAR,6
839,Clayton Tune ARI (11),QB118,,,762.0,,,762.0,2024,QB,118,Clayton Tune,ARI,11
840,Brayden Willis SF (9),TE144,,,764.0,,,764.0,2024,TE,144,Brayden Willis,SF,9
841,Travis Vokolek ARI (11),TE145,,,765.0,,,765.0,2024,TE,145,Travis Vokolek,ARI,11
842,Thyrick Pitts,WR277,,,766.0,,,766.0,2024,WR,277,Thyrick Pitts,,
843,Isaiah Davis NYJ (12),RB207,,,767.0,,,767.0,2024,RB,207,Isaiah Davis,NYJ,12
844,Jason Brownlee KC (6),WR278,,,768.0,,,768.0,2024,WR,278,Jason Brownlee,KC,6
845,Nikko Remigio KC (6),WR279,,,770.0,,,770.0,2024,WR,279,Nikko Remigio,KC,6
846,Carlos Washington Jr. ATL (12),RB208,,,771.0,,,771.0,2024,RB,208,Carlos Washington Jr.,ATL,12
847,Jordan Mims,RB209,,,772.0,,,772.0,2024,RB,209,Jordan Mims,,
848,Shedrick Jackson LV (10),WR280,,,773.0,,,773.0,2024,WR,280,Shedrick Jackson,LV,10
849,Nate Adkins DEN (14),TE146,,,776.0,,,776.0,2024,TE,146,Nate Adkins,DEN,14
850,Adrian Martinez NYJ (12),QB119,,,777.0,,,777.0,2024,QB,119,Adrian Martinez,NYJ,12
851,Jared Wayne HOU (14),WR281,,,778.0,,,778.0,2024,WR,281,Jared Wayne,HOU,14
852,Elijah Cooks PHI (5),WR282,,,779.0,,,779.0,2024,WR,282,Elijah Cooks,PHI,5
853,Isaiah Winstead,WR283,,,782.0,,,782.0,2024,WR,283,Isaiah Winstead,,
854,Tre'Shaun Harrison,WR284,,,783.0,,,783.0,2024,WR,284,Tre'Shaun Harrison,,
855,Elijah Dotson ATL (12),RB210,,,784.0,,,784.0,2024,RB,210,Elijah Dotson,ATL,12
856,Rakim Jarrett TB (11),WR285,,,785.0,,,785.0,2024,WR,285,Rakim Jarrett,TB,11
857,Kazmeir Allen WAS (14),WR286,,,786.0,,,786.0,2024,WR,286,Kazmeir Allen,WAS,14
858,Jordan Murray CHI (7),TE147,,,788.0,,,788.0,2024,TE,147,Jordan Murray,CHI,7
859,Joel Wilson CHI (7),TE148,,,789.0,,,789.0,2024,TE,148,Joel Wilson,CHI,7
860,Casey Washington ATL (12),WR287,,,790.0,,,790.0,2024,WR,287,Casey Washington,ATL,12
861,Erick All Jr. CIN (12) O,TE149,,,791.0,,,791.0,2024,TE,149,Erick All Jr.,CIN,12
862,Tanner McLachlan CIN (12),TE150,,,792.0,,,792.0,2024,TE,150,Tanner McLachlan,CIN,12
863,Jawhar Jordan HOU (14),RB211,,,795.0,,,795.0,2024,RB,211,Jawhar Jordan,HOU,14
864,Keilan Robinson JAC (12),RB212,,,796.0,,,796.0,2024,RB,212,Keilan Robinson,JAC,12
865,Jordan Matthews,TE151,,,798.0,,,798.0,2024,TE,151,Jordan Matthews,,
866,Laquon Treadwell IND (14),WR288,,,801.0,,,801.0,2024,WR,288,Laquon Treadwell,IND,14
867,Nick Vannett,TE152,,,802.0,,,802.0,2024,TE,152,Nick Vannett,,
868,Nate Sudfeld,QB120,,,803.0,,,803.0,2024,QB,120,Nate Sudfeld,,
869,Dwayne Washington,RB213,,,804.0,,,804.0,2024,RB,213,Dwayne Washington,,
870,Jeremy McNichols WAS (14),RB214,,,805.0,,,805.0,2024,RB,214,Jeremy McNichols,WAS,14
871,John Kelly Jr.,RB215,,,806.0,,,806.0,2024,RB,215,John Kelly Jr.,,
872,Anthony Miller BAL (14),WR289,,,807.0,,,807.0,2024,WR,289,Anthony Miller,BAL,14
873,Jordan Thomas,TE153,,,811.0,,,811.0,2024,TE,153,Jordan Thomas,,
874,Nick Bawden,RB216,,,812.0,,,812.0,2024,RB,216,Nick Bawden,,
875,Deontay Burnett,WR290,,,813.0,,,813.0,2024,WR,290,Deontay Burnett,,
876,Deon Cain,WR291,,,814.0,,,814.0,2024,WR,291,Deon Cain,,
877,Ross Dwelley SF (9),TE154,,,815.0,,,815.0,2024,TE,154,Ross Dwelley,SF,9
878,Cam Sims,WR292,,,816.0,,,816.0,2024,WR,292,Cam Sims,,
879,Luis Perez,QB121,,,817.0,,,817.0,2024,QB,121,Luis Perez,,
880,Alex McGough,QB122,,,818.0,,,818.0,2024,QB,122,Alex McGough,,
881,Tim Boyle TEN (5),QB123,,,819.0,,,819.0,2024,QB,123,Tim Boyle,TEN,5
882,Keith Kirkwood BAL (14),WR293,,,820.0,,,820.0,2024,WR,293,Keith Kirkwood,BAL,14
883,Kevin Rader,TE155,,,821.0,,,821.0,2024,TE,155,Kevin Rader,,
884,Devon Garrison,TE156,,,822.0,,,822.0,2024,TE,156,Devon Garrison,,
885,Patrick Laird,RB217,,,823.0,,,823.0,2024,RB,217,Patrick Laird,,
886,Alex Bachman LV (10),WR294,,,824.0,,,824.0,2024,WR,294,Alex Bachman,LV,10
887,Tom Kennedy DET (5),WR295,,,825.0,,,825.0,2024,WR,295,Tom Kennedy,DET,5
888,Marcus Simms,WR296,,,826.0,,,826.0,2024,WR,296,Marcus Simms,,
889,James Proche II TEN (5),WR297,,,827.0,,,827.0,2024,WR,297,James Proche II,TEN,5
890,Jake Luton,QB124,,,828.0,,,828.0,2024,QB,124,Jake Luton,,
891,Andre Baccellia ARI (11),WR298,,,829.0,,,829.0,2024,WR,298,Andre Baccellia,ARI,11
892,Cody White SEA (10),WR299,,,830.0,,,830.0,2024,WR,299,Cody White,SEA,10
893,Dan Chisena CAR (11),WR300,,,831.0,,,831.0,2024,WR,300,Dan Chisena,CAR,11
894,Tony Jones Jr.,RB218,,,833.0,,,833.0,2024,RB,218,Tony Jones Jr.,,
895,Austin Mack,WR301,,,834.0,,,834.0,2024,WR,301,Austin Mack,,
896,Jalen Reagor LAC (5) O,WR302,,,835.0,,,835.0,2024,WR,302,Jalen Reagor,LAC,5
897,Noah Togiai,TE157,,,836.0,,,836.0,2024,TE,157,Noah Togiai,,
898,Tommy Hudson,TE158,,,837.0,,,837.0,2024,TE,158,Tommy Hudson,,
899,Mason Kinsey TEN (5),WR303,,,838.0,,,838.0,2024,WR,303,Mason Kinsey,TEN,5
900,Tarik Black MIA (6),WR304,,,840.0,,,840.0,2024,WR,304,Tarik Black,MIA,6
901,Michael Strachan WAS (14),WR305,,,841.0,,,841.0,2024,WR,305,Michael Strachan,WAS,14
902,Ben Mason,RB219,,,842.0,,,842.0,2024,RB,219,Ben Mason,,
903,Shi Smith,WR306,,,843.0,,,843.0,2024,WR,306,Shi Smith,,
904,Demetric Felton Jr. WAS (14),RB220,,,844.0,,,844.0,2024,RB,220,Demetric Felton Jr.,WAS,14
905,Seth Williams,WR307,,,846.0,,,846.0,2024,WR,307,Seth Williams,,
906,Racey McMath,WR308,,,847.0,,,847.0,2024,WR,308,Racey McMath,,
907,Jalen Camp,WR309,,,848.0,,,848.0,2024,WR,309,Jalen Camp,,
908,Gerrid Doaks,RB221,,,849.0,,,849.0,2024,RB,221,Gerrid Doaks,,
909,Kellen Mond,QB125,,,850.0,,,850.0,2024,QB,125,Kellen Mond,,
910,Gary Brightwell CIN (12),RB222,,,851.0,,,851.0,2024,RB,222,Gary Brightwell,CIN,12
911,Hunter Kampmoyer,TE159,,,852.0,,,852.0,2024,TE,159,Hunter Kampmoyer,,
912,Jaelon Darden,WR310,,,853.0,,,853.0,2024,WR,310,Jaelon Darden,,
913,Stone Smartt NYJ (12),TE160,,,855.0,,,855.0,2024,TE,160,Stone Smartt,NYJ,12
914,Grant DuBose,WR311,,,856.0,,,856.0,2024,WR,311,Grant DuBose,,
915,Colton Dowell TEN (5),WR312,,,857.0,,,857.0,2024,WR,312,Colton Dowell,TEN,5
916,Evan Hull PIT (9),RB223,,,858.0,,,858.0,2024,RB,223,Evan Hull,PIT,9
917,Dresser Winn,QB126,,,859.0,,,859.0,2024,QB,126,Dresser Winn,,
918,Jake Haener NO (12),QB127,,,860.0,,,860.0,2024,QB,127,Jake Haener,NO,12
919,Sean Ryan,WR313,,,862.0,,,862.0,2024,WR,313,Sean Ryan,,
920,Zavier Scott MIN (6),WR314,,,863.0,,,863.0,2024,WR,314,Zavier Scott,MIN,6
921,T.J. Luther,WR315,,,865.0,,,865.0,2024,WR,315,T.J. Luther,,
922,Joseph Ngata,WR316,,,866.0,,,866.0,2024,WR,316,Joseph Ngata,,
923,Ty Scott,WR317,,,867.0,,,867.0,2024,WR,317,Ty Scott,,
924,Jalen Wayne,WR318,,,868.0,,,868.0,2024,WR,318,Jalen Wayne,,
925,Jalen Cropper DAL (7),WR319,,,870.0,,,870.0,2024,WR,319,Jalen Cropper,DAL,7
926,David Durden,WR320,,,871.0,,,871.0,2024,WR,320,David Durden,,
927,Mohamed Ibrahim,RB224,,,873.0,,,873.0,2024,RB,224,Mohamed Ibrahim,,
928,Jaray Jenkins,WR321,,,875.0,,,875.0,2024,WR,321,Jaray Jenkins,,
929,Daniel Arias,WR322,,,876.0,,,876.0,2024,WR,322,Daniel Arias,,
930,Blake Whiteheart CLE (10),TE161,,,877.0,,,877.0,2024,TE,161,Blake Whiteheart,CLE,10
931,Daewood Davis,WR323,,,878.0,,,878.0,2024,WR,323,Daewood Davis,,
932,Thayer Thomas MIN (6),WR324,,,880.0,,,880.0,2024,WR,324,Thayer Thomas,MIN,6
933,Malik Knowles,WR325,,,881.0,,,881.0,2024,WR,325,Malik Knowles,,
934,Cephus Johnson III,WR326,,,882.0,,,882.0,2024,WR,326,Cephus Johnson III,,
935,Shaquan Davis,WR327,,,883.0,,,883.0,2024,WR,327,Shaquan Davis,,
936,Matt Landers,WR328,,,884.0,,,884.0,2024,WR,328,Matt Landers,,
937,Griffin Hebert,TE162,,,885.0,,,885.0,2024,TE,162,Griffin Hebert,,
938,Tyrell Shavers BUF (12),WR329,,,886.0,,,886.0,2024,WR,329,Tyrell Shavers,BUF,12
939,Bryan Thompson,WR330,,,887.0,,,887.0,2024,WR,330,Bryan Thompson,,
940,Kearis Jackson,WR331,,,889.0,,,889.0,2024,WR,331,Kearis Jackson,,
941,Jacob Copeland,WR332,,,890.0,,,890.0,2024,WR,332,Jacob Copeland,,
942,Izaiah Gathings,TE163,,,891.0,,,891.0,2024,TE,163,Izaiah Gathings,,
943,Tanner Taula TB (11),TE164,,,893.0,,,893.0,2024,TE,164,Tanner Taula,TB,11
944,Ryan Miller TB (11),WR333,,,894.0,,,894.0,2024,WR,333,Ryan Miller,TB,11
945,Mitchell Tinsley CIN (12),WR334,,,895.0,,,895.0,2024,WR,334,Mitchell Tinsley,CIN,12
946,La'Michael Pettway,TE165,,,896.0,,,896.0,2024,TE,165,La'Michael Pettway,,
947,Anthony Gould IND (14),WR335,,,899.0,,,899.0,2024,WR,335,Anthony Gould,IND,14
948,Patrick Murtagh,TE166,,,900.0,,,900.0,2024,TE,166,Patrick Murtagh,,
