"","game_id","pfr_game_id","season","week","game_type","team","opponent","pfr_player_name","pfr_player_id","passing_drops","passing_drop_pct","receiving_drop","receiving_drop_pct","passing_bad_throws","passing_bad_throw_pct","times_sacked","times_blitzed","times_hurried","times_hit","times_pressured","times_pressured_pct","def_times_blitzed","def_times_hurried","def_times_hitqb"
"1","2018_01_ATL_PHI","201809060phi",2018,1,"REG","PHI","ATL","Nick Foles","FoleNi00",4,0.118,NA,NA,6,0.176,2,7,5,2,9,0.25,NA,NA,NA
"2","2018_01_ATL_PHI","201809060phi",2018,1,"REG","PHI","ATL","Nelson Agholor","AghoNe00",0,0,NA,NA,0,0,0,0,0,0,0,0,NA,NA,NA
"3","2018_01_ATL_PHI","201809060phi",2018,1,"REG","ATL","PHI","Matt Ryan","RyanMa00",2,0.05,NA,NA,10,0.25,4,12,3,6,13,0.265,NA,NA,NA
"4","2018_01_BUF_BAL","201809090rav",2018,1,"REG","BAL","BUF","Joe Flacco","FlacJo00",2,0.059,NA,NA,3,0.088,1,3,8,1,10,0.286,NA,NA,NA
"5","2018_01_BUF_BAL","201809090rav",2018,1,"REG","BAL","BUF","Lamar Jackson","JackLa00",0,0,NA,NA,1,0.333,1,1,2,0,3,0.5,NA,NA,NA
"6","2018_01_BUF_BAL","201809090rav",2018,1,"REG","BUF","BAL","Nathan Peterman","PeteNa00",2,0.111,NA,NA,5,0.278,3,8,3,2,8,0.364,NA,NA,NA
"7","2018_01_BUF_BAL","201809090rav",2018,1,"REG","BUF","BAL","Josh Allen","AlleJo02",1,0.071,NA,NA,3,0.214,3,7,6,1,10,0.5,NA,NA,NA
"8","2018_01_PIT_CLE","201809090cle",2018,1,"REG","CLE","PIT","Tyrod Taylor","TaylTy00",3,0.081,NA,NA,11,0.297,7,15,11,4,22,0.407,NA,NA,NA
"9","2018_01_PIT_CLE","201809090cle",2018,1,"REG","PIT","CLE","Ben Roethlisberger","RoetBe00",3,0.073,NA,NA,9,0.22,4,20,7,1,12,0.261,NA,NA,NA
"10","2018_01_CIN_IND","201809090clt",2018,1,"REG","IND","CIN","Andrew Luck","LuckAn00",1,0.019,NA,NA,6,0.115,2,12,3,7,12,0.214,NA,NA,NA
"11","2018_01_CIN_IND","201809090clt",2018,1,"REG","CIN","IND","Andy Dalton","DaltAn00",1,0.036,NA,NA,4,0.143,2,6,6,1,9,0.281,NA,NA,NA
"12","2018_01_TEN_MIA","201809090mia",2018,1,"REG","MIA","TEN","Ryan Tannehill","TannRy00",1,0.036,NA,NA,5,0.179,1,10,0,1,2,0.069,NA,NA,NA
"13","2018_01_TEN_MIA","201809090mia",2018,1,"REG","TEN","MIA","Blaine Gabbert","GabbBl00",3,0.136,NA,NA,6,0.273,0,3,2,0,2,0.091,NA,NA,NA
"14","2018_01_TEN_MIA","201809090mia",2018,1,"REG","TEN","MIA","Marcus Mariota","MariMa01",0,0,NA,NA,5,0.313,0,4,2,1,3,0.176,NA,NA,NA
"15","2018_01_SF_MIN","201809090min",2018,1,"REG","MIN","SF","Kirk Cousins","CousKi00",3,0.091,NA,NA,5,0.152,3,9,7,1,11,0.256,NA,NA,NA
"16","2018_01_SF_MIN","201809090min",2018,1,"REG","SF","MIN","Jimmy Garoppolo","GaroJi00",1,0.031,NA,NA,7,0.219,3,8,7,1,11,0.289,NA,NA,NA
"17","2018_01_HOU_NE","201809090nwe",2018,1,"REG","NE","HOU","Tom Brady","BradTo00",0,0,NA,NA,6,0.154,2,10,4,3,9,0.22,NA,NA,NA
"18","2018_01_HOU_NE","201809090nwe",2018,1,"REG","HOU","NE","Deshaun Watson","WatsDe00",4,0.121,NA,NA,8,0.242,3,9,4,8,15,0.357,NA,NA,NA
"19","2018_01_TB_NO","201809090nor",2018,1,"REG","NO","TB","Drew Brees","BreeDr00",1,0.023,NA,NA,3,0.07,1,11,3,1,5,0.109,NA,NA,NA
"20","2018_01_TB_NO","201809090nor",2018,1,"REG","TB","NO","Ryan Fitzpatrick","FitzRy00",1,0.036,NA,NA,3,0.107,0,10,1,3,4,0.118,NA,NA,NA
"21","2018_01_JAX_NYG","201809090nyg",2018,1,"REG","NYG","JAX","Eli Manning","MannEl00",4,0.111,NA,NA,4,0.111,2,4,13,4,19,0.475,NA,NA,NA
"22","2018_01_JAX_NYG","201809090nyg",2018,1,"REG","JAX","NYG","Blake Bortles","BortBl00",2,0.063,NA,NA,5,0.156,1,15,6,1,8,0.229,NA,NA,NA
"23","2018_01_KC_LAC","201809090sdg",2018,1,"REG","LAC","KC","Philip Rivers","RivePh00",5,0.102,NA,NA,8,0.163,1,9,6,5,12,0.231,NA,NA,NA
"24","2018_01_KC_LAC","201809090sdg",2018,1,"REG","KC","LAC","Patrick Mahomes","MahoPa00",1,0.04,NA,NA,5,0.2,1,5,4,6,11,0.379,NA,NA,NA
"25","2018_01_WAS_ARI","201809090crd",2018,1,"REG","ARI","WAS","Sam Bradford","BradSa00",4,0.121,NA,NA,5,0.152,2,7,5,2,9,0.243,NA,NA,NA
"26","2018_01_WAS_ARI","201809090crd",2018,1,"REG","WAS","ARI","Alex Smith","SmitAl03",1,0.037,NA,NA,5,0.185,3,17,7,7,17,0.472,NA,NA,NA
"27","2018_01_DAL_CAR","201809090car",2018,1,"REG","CAR","DAL","Cam Newton","NewtCa00",0,0,NA,NA,4,0.16,3,5,5,1,9,0.3,NA,NA,NA
"28","2018_01_DAL_CAR","201809090car",2018,1,"REG","DAL","CAR","Dak Prescott","PresDa01",0,0,NA,NA,9,0.321,6,12,7,3,16,0.41,NA,NA,NA
"29","2018_01_SEA_DEN","201809090den",2018,1,"REG","DEN","SEA","Case Keenum","KeenCa00",3,0.077,NA,NA,5,0.128,1,6,5,4,10,0.25,NA,NA,NA
"30","2018_01_SEA_DEN","201809090den",2018,1,"REG","SEA","DEN","Russell Wilson","WilsRu00",2,0.061,NA,NA,7,0.212,6,9,6,4,16,0.4,NA,NA,NA
"31","2018_01_CHI_GB","201809090gnb",2018,1,"REG","GB","CHI","Aaron Rodgers","RodgAa00",0,0,NA,NA,4,0.16,2,3,3,2,7,0.212,NA,NA,NA
"32","2018_01_CHI_GB","201809090gnb",2018,1,"REG","GB","CHI","DeShone Kizer","KizeDe00",0,0,NA,NA,2,0.333,2,1,2,1,5,0.556,NA,NA,NA
"33","2018_01_CHI_GB","201809090gnb",2018,1,"REG","CHI","GB","Mitchell Trubisky","TrubMi00",2,0.061,NA,NA,6,0.182,4,6,6,1,11,0.256,NA,NA,NA
"34","2018_01_NYJ_DET","201809100det",2018,1,"REG","DET","NYJ","Matthew Stafford","StafMa00",3,0.068,NA,NA,5,0.114,0,7,10,4,14,0.298,NA,NA,NA
"35","2018_01_NYJ_DET","201809100det",2018,1,"REG","DET","NYJ","Matt Cassel","CassMa00",0,0,NA,NA,2,0.333,0,2,1,0,1,0.167,NA,NA,NA
"36","2018_01_NYJ_DET","201809100det",2018,1,"REG","NYJ","DET","Sam Darnold","DarnSa00",1,0.05,NA,NA,2,0.1,2,4,8,0,10,0.435,NA,NA,NA
"37","2018_01_LA_OAK","201809100rai",2018,1,"REG","OAK","LA","Derek Carr","CarrDe02",1,0.027,NA,NA,4,0.108,1,7,8,0,9,0.214,NA,NA,NA
"38","2018_01_LA_OAK","201809100rai",2018,1,"REG","LA","OAK","Jared Goff","GoffJa00",2,0.063,NA,NA,7,0.219,1,6,2,1,4,0.118,NA,NA,NA
"39","2018_02_BAL_CIN","201809130cin",2018,2,"REG","CIN","BAL","Andy Dalton","DaltAn00",4,0.098,NA,NA,6,0.146,0,11,3,4,7,0.167,NA,NA,NA
"40","2018_02_BAL_CIN","201809130cin",2018,2,"REG","BAL","CIN","Joe Flacco","FlacJo00",3,0.057,NA,NA,8,0.151,4,18,7,6,17,0.283,NA,NA,NA
"41","2018_02_CAR_ATL","201809160atl",2018,2,"REG","ATL","CAR","Matt Ryan","RyanMa00",2,0.071,NA,NA,3,0.107,0,7,0,2,2,0.065,NA,NA,NA
"42","2018_02_CAR_ATL","201809160atl",2018,2,"REG","CAR","ATL","Cam Newton","NewtCa00",5,0.114,NA,NA,3,0.068,2,6,3,2,7,0.14,NA,NA,NA
"43","2018_02_LAC_BUF","201809160buf",2018,2,"REG","BUF","LAC","Josh Allen","AlleJo02",4,0.121,NA,NA,6,0.182,5,13,8,2,15,0.366,NA,NA,NA
"44","2018_02_LAC_BUF","201809160buf",2018,2,"REG","LAC","BUF","Philip Rivers","RivePh00",0,0,NA,NA,3,0.111,2,7,3,3,8,0.267,NA,NA,NA
"45","2018_02_MIN_GB","201809160gnb",2018,2,"REG","GB","MIN","Aaron Rodgers","RodgAa00",2,0.054,NA,NA,3,0.081,4,11,4,4,12,0.25,NA,NA,NA
"46","2018_02_MIN_GB","201809160gnb",2018,2,"REG","MIN","GB","Kirk Cousins","CousKi00",4,0.085,NA,NA,3,0.064,2,9,6,2,10,0.192,NA,NA,NA
"47","2018_02_CLE_NO","201809160nor",2018,2,"REG","NO","CLE","Drew Brees","BreeDr00",0,0,NA,NA,5,0.143,3,20,4,1,8,0.211,NA,NA,NA
"48","2018_02_CLE_NO","201809160nor",2018,2,"REG","CLE","NO","Tyrod Taylor","TaylTy00",2,0.067,NA,NA,4,0.133,3,9,6,2,11,0.306,NA,NA,NA
"49","2018_02_MIA_NYJ","201809160nyj",2018,2,"REG","NYJ","MIA","Sam Darnold","DarnSa00",3,0.073,NA,NA,8,0.195,3,9,6,0,9,0.2,NA,NA,NA
"50","2018_02_MIA_NYJ","201809160nyj",2018,2,"REG","MIA","NYJ","Ryan Tannehill","TannRy00",1,0.045,NA,NA,4,0.182,4,9,2,2,8,0.296,NA,NA,NA
"51","2018_02_KC_PIT","201809160pit",2018,2,"REG","PIT","KC","Ben Roethlisberger","RoetBe00",0,0,NA,NA,18,0.3,1,9,8,2,11,0.175,NA,NA,NA
"52","2018_02_KC_PIT","201809160pit",2018,2,"REG","KC","PIT","Patrick Mahomes","MahoPa00",0,0,NA,NA,4,0.143,1,9,1,4,6,0.194,NA,NA,NA
"53","2018_02_PHI_TB","201809160tam",2018,2,"REG","TB","PHI","Ryan Fitzpatrick","FitzRy00",1,0.032,NA,NA,2,0.065,2,7,2,6,10,0.286,NA,NA,NA
"54","2018_02_PHI_TB","201809160tam",2018,2,"REG","PHI","TB","Nick Foles","FoleNi00",1,0.022,NA,NA,4,0.089,3,8,5,9,17,0.327,NA,NA,NA
"55","2018_02_HOU_TEN","201809160oti",2018,2,"REG","TEN","HOU","Blaine Gabbert","GabbBl00",1,0.053,NA,NA,3,0.158,1,13,2,1,4,0.19,NA,NA,NA
"56","2018_02_HOU_TEN","201809160oti",2018,2,"REG","TEN","HOU","Kevin Byard","ByarKe01",0,0,NA,NA,0,0,0,0,0,0,0,0,NA,NA,NA
"57","2018_02_HOU_TEN","201809160oti",2018,2,"REG","TEN","HOU","Derrick Henry","HenrDe00",0,0,NA,NA,0,0,0,0,0,0,0,0,NA,NA,NA
"58","2018_02_HOU_TEN","201809160oti",2018,2,"REG","HOU","TEN","Deshaun Watson","WatsDe00",0,0,NA,NA,3,0.103,4,11,10,6,20,0.5,NA,NA,NA
"59","2018_02_IND_WAS","201809160was",2018,2,"REG","WAS","IND","Alex Smith","SmitAl03",1,0.023,NA,NA,3,0.07,3,3,5,1,9,0.176,NA,NA,NA
"60","2018_02_IND_WAS","201809160was",2018,2,"REG","IND","WAS","Andrew Luck","LuckAn00",0,0,NA,NA,6,0.194,1,18,8,6,15,0.455,NA,NA,NA
"61","2018_02_ARI_LA","201809160ram",2018,2,"REG","LA","ARI","Jared Goff","GoffJa00",0,0,NA,NA,2,0.069,2,13,5,3,10,0.294,NA,NA,NA
"62","2018_02_ARI_LA","201809160ram",2018,2,"REG","ARI","LA","Sam Bradford","BradSa00",0,0,NA,NA,5,0.192,1,6,3,4,8,0.286,NA,NA,NA
"63","2018_02_DET_SF","201809160sfo",2018,2,"REG","SF","DET","Jimmy Garoppolo","GaroJi00",2,0.08,NA,NA,3,0.12,6,8,2,2,10,0.303,NA,NA,NA
"64","2018_02_DET_SF","201809160sfo",2018,2,"REG","DET","SF","Matthew Stafford","StafMa00",3,0.058,NA,NA,11,0.212,2,6,8,3,13,0.232,NA,NA,NA
"65","2018_02_OAK_DEN","201809160den",2018,2,"REG","DEN","OAK","Case Keenum","KeenCa00",3,0.088,NA,NA,5,0.147,1,11,5,2,8,0.216,NA,NA,NA
"66","2018_02_OAK_DEN","201809160den",2018,2,"REG","OAK","DEN","Derek Carr","CarrDe02",1,0.031,NA,NA,1,0.031,1,9,2,0,3,0.091,NA,NA,NA
"67","2018_02_NE_JAX","201809160jax",2018,2,"REG","JAX","NE","Blake Bortles","BortBl00",2,0.048,NA,NA,8,0.19,0,18,2,4,6,0.12,NA,NA,NA
"68","2018_02_NE_JAX","201809160jax",2018,2,"REG","NE","JAX","Tom Brady","BradTo00",1,0.03,NA,NA,8,0.242,2,10,0,3,5,0.132,NA,NA,NA
"69","2018_02_NYG_DAL","201809160dal",2018,2,"REG","DAL","NYG","Dak Prescott","PresDa01",1,0.045,NA,NA,3,0.136,0,10,2,3,5,0.2,NA,NA,NA
"70","2018_02_NYG_DAL","201809160dal",2018,2,"REG","NYG","DAL","Eli Manning","MannEl00",1,0.023,NA,NA,7,0.163,6,12,1,2,9,0.176,NA,NA,NA
"71","2018_02_SEA_CHI","201809170chi",2018,2,"REG","CHI","SEA","Mitchell Trubisky","TrubMi00",0,0,NA,NA,4,0.118,2,9,6,0,8,0.205,NA,NA,NA
"72","2018_02_SEA_CHI","201809170chi",2018,2,"REG","SEA","CHI","Russell Wilson","WilsRu00",1,0.03,NA,NA,6,0.182,6,5,12,2,20,0.444,NA,NA,NA
"73","2018_03_NYJ_CLE","201809200cle",2018,3,"REG","CLE","NYJ","Baker Mayfield","MayfBa00",3,0.136,NA,NA,0,0,1,13,3,2,6,0.25,NA,NA,NA
"74","2018_03_NYJ_CLE","201809200cle",2018,3,"REG","CLE","NYJ","Tyrod Taylor","TaylTy00",0,0,NA,NA,4,0.364,3,13,4,3,10,0.556,NA,NA,NA
"75","2018_03_NYJ_CLE","201809200cle",2018,3,"REG","NYJ","CLE","Sam Darnold","DarnSa00",0,0,NA,NA,8,0.286,2,10,6,3,11,0.333,NA,NA,NA
"76","2018_03_NO_ATL","201809230atl",2018,3,"REG","ATL","NO","Matt Ryan","RyanMa00",0,0,NA,NA,5,0.152,3,10,7,3,13,0.317,NA,NA,NA
"77","2018_03_NO_ATL","201809230atl",2018,3,"REG","NO","ATL","Drew Brees","BreeDr00",2,0.043,NA,NA,5,0.106,1,8,7,1,9,0.176,NA,NA,NA
"78","2018_03_DEN_BAL","201809230rav",2018,3,"REG","BAL","DEN","Joe Flacco","FlacJo00",3,0.079,NA,NA,6,0.158,2,15,3,1,6,0.143,NA,NA,NA
"79","2018_03_DEN_BAL","201809230rav",2018,3,"REG","DEN","BAL","Case Keenum","KeenCa00",1,0.031,NA,NA,6,0.188,3,14,6,2,11,0.297,NA,NA,NA
"80","2018_03_CIN_CAR","201809230car",2018,3,"REG","CAR","CIN","Cam Newton","NewtCa00",2,0.087,NA,NA,4,0.174,1,5,1,1,3,0.111,NA,NA,NA
"81","2018_03_CIN_CAR","201809230car",2018,3,"REG","CIN","CAR","Andy Dalton","DaltAn00",0,0,NA,NA,4,0.095,2,13,7,2,11,0.229,NA,NA,NA
"82","2018_03_NYG_HOU","201809230htx",2018,3,"REG","HOU","NYG","Deshaun Watson","WatsDe00",0,0,NA,NA,9,0.237,3,5,5,8,16,0.333,NA,NA,NA
"83","2018_03_NYG_HOU","201809230htx",2018,3,"REG","NYG","HOU","Eli Manning","MannEl00",0,0,NA,NA,2,0.069,4,12,1,2,7,0.212,NA,NA,NA
"84","2018_03_TEN_JAX","201809230jax",2018,3,"REG","JAX","TEN","Blake Bortles","BortBl00",3,0.091,NA,NA,5,0.152,3,8,7,2,12,0.293,NA,NA,NA
"85","2018_03_TEN_JAX","201809230jax",2018,3,"REG","TEN","JAX","Marcus Mariota","MariMa01",2,0.118,NA,NA,2,0.118,1,8,3,1,5,0.208,NA,NA,NA
"86","2018_03_TEN_JAX","201809230jax",2018,3,"REG","TEN","JAX","Blaine Gabbert","GabbBl00",0,0,NA,NA,2,0.667,2,2,0,0,2,0.4,NA,NA,NA
"87","2018_03_SF_KC","201809230kan",2018,3,"REG","KC","SF","Patrick Mahomes","MahoPa00",1,0.026,NA,NA,9,0.237,2,7,10,6,18,0.439,NA,NA,NA
"88","2018_03_SF_KC","201809230kan",2018,3,"REG","SF","KC","Jimmy Garoppolo","GaroJi00",2,0.067,NA,NA,6,0.2,4,5,7,1,12,0.333,NA,NA,NA
"89","2018_03_OAK_MIA","201809230mia",2018,3,"REG","MIA","OAK","Ryan Tannehill","TannRy00",2,0.087,NA,NA,1,0.043,1,7,0,2,3,0.115,NA,NA,NA
"90","2018_03_OAK_MIA","201809230mia",2018,3,"REG","MIA","OAK","Albert Wilson","WilsAl02",0,0,NA,NA,0,0,0,0,0,0,0,0,NA,NA,NA
"91","2018_03_OAK_MIA","201809230mia",2018,3,"REG","OAK","MIA","Derek Carr","CarrDe02",4,0.105,NA,NA,6,0.158,3,9,6,3,12,0.286,NA,NA,NA
"92","2018_03_BUF_MIN","201809230min",2018,3,"REG","MIN","BUF","Kirk Cousins","CousKi00",2,0.036,NA,NA,6,0.109,4,9,8,2,14,0.233,NA,NA,NA
"93","2018_03_BUF_MIN","201809230min",2018,3,"REG","BUF","MIN","Josh Allen","AlleJo02",3,0.136,NA,NA,1,0.045,3,8,3,2,8,0.276,NA,NA,NA
"94","2018_03_IND_PHI","201809230phi",2018,3,"REG","PHI","IND","Carson Wentz","WentCa00",2,0.054,NA,NA,4,0.108,5,9,6,1,12,0.273,NA,NA,NA
"95","2018_03_IND_PHI","201809230phi",2018,3,"REG","IND","PHI","Andrew Luck","LuckAn00",1,0.025,NA,NA,7,0.175,2,4,7,3,12,0.279,NA,NA,NA
"96","2018_03_IND_PHI","201809230phi",2018,3,"REG","IND","PHI","Jacoby Brissett","BrisJa00",0,0,NA,NA,0,0,0,0,0,1,1,1,NA,NA,NA
"97","2018_03_GB_WAS","201809230was",2018,3,"REG","WAS","GB","Alex Smith","SmitAl03",0,0,NA,NA,6,0.3,0,5,4,1,5,0.208,NA,NA,NA
"98","2018_03_GB_WAS","201809230was",2018,3,"REG","GB","WAS","Aaron Rodgers","RodgAa00",4,0.098,NA,NA,9,0.22,4,8,6,2,12,0.24,NA,NA,NA
"99","2018_03_GB_WAS","201809230was",2018,3,"REG","GB","WAS","JK Scott","ScotJK00",0,0,NA,NA,0,0,0,0,0,0,0,0,NA,NA,NA
"100","2018_03_LAC_LA","201809230ram",2018,3,"REG","LA","LAC","Jared Goff","GoffJa00",1,0.029,NA,NA,3,0.086,1,4,0,2,3,0.079,NA,NA,NA
"101","2018_03_LAC_LA","201809230ram",2018,3,"REG","LAC","LA","Philip Rivers","RivePh00",2,0.069,NA,NA,6,0.207,1,8,8,3,12,0.387,NA,NA,NA
"102","2018_03_CHI_ARI","201809230crd",2018,3,"REG","ARI","CHI","Sam Bradford","BradSa00",1,0.053,NA,NA,1,0.053,3,4,0,3,6,0.273,NA,NA,NA
"103","2018_03_CHI_ARI","201809230crd",2018,3,"REG","ARI","CHI","Josh Rosen","RoseJo01",0,0,NA,NA,1,0.167,1,2,1,2,4,0.444,NA,NA,NA
"104","2018_03_CHI_ARI","201809230crd",2018,3,"REG","CHI","ARI","Mitchell Trubisky","TrubMi00",0,0,NA,NA,6,0.171,3,13,0,2,5,0.125,NA,NA,NA
"105","2018_03_DAL_SEA","201809230sea",2018,3,"REG","SEA","DAL","Russell Wilson","WilsRu00",2,0.083,NA,NA,3,0.125,2,8,4,4,10,0.357,NA,NA,NA
"106","2018_03_DAL_SEA","201809230sea",2018,3,"REG","DAL","SEA","Dak Prescott","PresDa01",3,0.088,NA,NA,9,0.265,5,13,7,4,16,0.4,NA,NA,NA
"107","2018_03_NE_DET","201809230det",2018,3,"REG","DET","NE","Matthew Stafford","StafMa00",0,0,NA,NA,7,0.2,1,10,3,0,4,0.105,NA,NA,NA
"108","2018_03_NE_DET","201809230det",2018,3,"REG","NE","DET","Tom Brady","BradTo00",2,0.077,NA,NA,9,0.346,2,0,1,4,7,0.25,NA,NA,NA
"109","2018_03_PIT_TB","201809240tam",2018,3,"REG","TB","PIT","Ryan Fitzpatrick","FitzRy00",1,0.02,NA,NA,11,0.224,3,18,9,9,21,0.368,NA,NA,NA
"110","2018_03_PIT_TB","201809240tam",2018,3,"REG","PIT","TB","Ben Roethlisberger","RoetBe00",1,0.027,NA,NA,4,0.108,3,12,4,3,10,0.244,NA,NA,NA
"111","2018_04_MIN_LA","201809270ram",2018,4,"REG","LA","MIN","Jared Goff","GoffJa00",0,0,NA,NA,2,0.069,1,11,5,1,7,0.2,NA,NA,NA
"112","2018_04_MIN_LA","201809270ram",2018,4,"REG","LA","MIN","Johnny Hekker","HekkJo00",0,0,NA,NA,0,0,0,0,0,0,0,0,NA,NA,NA
"113","2018_04_MIN_LA","201809270ram",2018,4,"REG","MIN","LA","Kirk Cousins","CousKi00",2,0.043,NA,NA,3,0.064,4,18,10,4,18,0.321,NA,NA,NA
"114","2018_04_CIN_ATL","201809300atl",2018,4,"REG","ATL","CIN","Matt Ryan","RyanMa00",1,0.026,NA,NA,6,0.158,3,11,6,5,14,0.326,NA,NA,NA
"115","2018_04_CIN_ATL","201809300atl",2018,4,"REG","CIN","ATL","Andy Dalton","DaltAn00",2,0.049,NA,NA,5,0.122,3,10,11,1,15,0.326,NA,NA,NA
"116","2018_04_TB_CHI","201809300chi",2018,4,"REG","CHI","TB","Mitchell Trubisky","TrubMi00",0,0,NA,NA,3,0.125,1,5,0,1,2,0.071,NA,NA,NA
"117","2018_04_TB_CHI","201809300chi",2018,4,"REG","TB","CHI","Jameis Winston","WinsJa00",0,0,NA,NA,2,0.1,2,4,1,0,3,0.13,NA,NA,NA
"118","2018_04_TB_CHI","201809300chi",2018,4,"REG","TB","CHI","Ryan Fitzpatrick","FitzRy00",2,0.111,NA,NA,3,0.167,2,2,0,1,3,0.15,NA,NA,NA
"119","2018_04_DET_DAL","201809300dal",2018,4,"REG","DAL","DET","Dak Prescott","PresDa01",0,0,NA,NA,3,0.115,3,6,6,2,11,0.355,NA,NA,NA
"120","2018_04_DET_DAL","201809300dal",2018,4,"REG","DET","DAL","Matthew Stafford","StafMa00",1,0.034,NA,NA,3,0.103,3,5,7,1,11,0.324,NA,NA,NA
"121","2018_04_BUF_GB","201809300gnb",2018,4,"REG","GB","BUF","Aaron Rodgers","RodgAa00",5,0.125,NA,NA,8,0.2,2,8,2,2,6,0.13,NA,NA,NA
"122","2018_04_BUF_GB","201809300gnb",2018,4,"REG","BUF","GB","Josh Allen","AlleJo02",0,0,NA,NA,12,0.364,7,15,6,3,16,0.372,NA,NA,NA
"123","2018_04_HOU_IND","201809300clt",2018,4,"REG","IND","HOU","Andrew Luck","LuckAn00",5,0.081,NA,NA,11,0.177,4,16,2,8,14,0.206,NA,NA,NA
"124","2018_04_HOU_IND","201809300clt",2018,4,"REG","HOU","IND","Deshaun Watson","WatsDe00",4,0.1,NA,NA,7,0.175,7,9,6,3,16,0.308,NA,NA,NA
"125","2018_04_NYJ_JAX","201809300jax",2018,4,"REG","JAX","NYJ","Blake Bortles","BortBl00",0,0,NA,NA,3,0.083,2,16,0,2,4,0.095,NA,NA,NA
"126","2018_04_NYJ_JAX","201809300jax",2018,4,"REG","NYJ","JAX","Sam Darnold","DarnSa00",0,0,NA,NA,8,0.267,3,8,6,1,10,0.256,NA,NA,NA
"127","2018_04_MIA_NE","201809300nwe",2018,4,"REG","NE","MIA","Tom Brady","BradTo00",1,0.03,NA,NA,4,0.121,0,4,2,6,8,0.229,NA,NA,NA
"128","2018_04_MIA_NE","201809300nwe",2018,4,"REG","MIA","NE","Ryan Tannehill","TannRy00",0,0,NA,NA,5,0.25,2,3,5,2,9,0.409,NA,NA,NA
"129","2018_04_MIA_NE","201809300nwe",2018,4,"REG","MIA","NE","Brock Osweiler","OsweBr00",0,0,NA,NA,1,0.2,0,1,1,1,2,0.333,NA,NA,NA
"130","2018_04_PHI_TEN","201809300oti",2018,4,"REG","TEN","PHI","Marcus Mariota","MariMa01",3,0.071,NA,NA,6,0.143,3,13,3,3,9,0.184,NA,NA,NA
"131","2018_04_PHI_TEN","201809300oti",2018,4,"REG","PHI","TEN","Carson Wentz","WentCa00",4,0.08,NA,NA,11,0.22,4,19,0,6,10,0.179,NA,NA,NA
"132","2018_04_SEA_ARI","201809300crd",2018,4,"REG","ARI","SEA","Josh Rosen","RoseJo01",3,0.12,NA,NA,4,0.16,1,6,1,6,8,0.267,NA,NA,NA
"133","2018_04_SEA_ARI","201809300crd",2018,4,"REG","SEA","ARI","Russell Wilson","WilsRu00",1,0.043,NA,NA,3,0.13,2,11,6,1,9,0.3,NA,NA,NA
"134","2018_04_CLE_OAK","201809300rai",2018,4,"REG","OAK","CLE","Derek Carr","CarrDe02",8,0.143,NA,NA,8,0.143,3,24,11,5,19,0.311,NA,NA,NA
"135","2018_04_CLE_OAK","201809300rai",2018,4,"REG","CLE","OAK","Baker Mayfield","MayfBa00",5,0.128,NA,NA,6,0.154,2,7,5,2,9,0.2,NA,NA,NA
"136","2018_04_SF_LAC","201809300sdg",2018,4,"REG","LAC","SF","Philip Rivers","RivePh00",1,0.028,NA,NA,7,0.194,1,7,0,1,2,0.05,NA,NA,NA
"137","2018_04_SF_LAC","201809300sdg",2018,4,"REG","SF","LAC","C.J. Beathard","BeatC.00",2,0.057,NA,NA,4,0.114,1,8,0,6,7,0.167,NA,NA,NA
"138","2018_04_NO_NYG","201809300nyg",2018,4,"REG","NYG","NO","Eli Manning","MannEl00",0,0,NA,NA,8,0.2,3,12,5,2,10,0.222,NA,NA,NA
"139","2018_04_NO_NYG","201809300nyg",2018,4,"REG","NO","NYG","Drew Brees","BreeDr00",2,0.069,NA,NA,5,0.172,1,13,6,1,8,0.242,NA,NA,NA
"140","2018_04_NO_NYG","201809300nyg",2018,4,"REG","NO","NYG","Taysom Hill","HillTa00",1,0.5,NA,NA,0,0,0,0,0,0,0,0,NA,NA,NA
"141","2018_04_BAL_PIT","201809300pit",2018,4,"REG","PIT","BAL","Ben Roethlisberger","RoetBe00",0,0,NA,NA,10,0.217,1,13,2,1,4,0.083,NA,NA,NA
"142","2018_04_BAL_PIT","201809300pit",2018,4,"REG","BAL","PIT","Joe Flacco","FlacJo00",2,0.049,NA,NA,10,0.244,2,10,1,0,3,0.068,NA,NA,NA
"143","2018_04_KC_DEN","201810010den",2018,4,"REG","DEN","KC","Case Keenum","KeenCa00",3,0.091,NA,NA,7,0.212,4,8,7,5,16,0.432,NA,NA,NA
"144","2018_04_KC_DEN","201810010den",2018,4,"REG","KC","DEN","Patrick Mahomes","MahoPa00",2,0.047,NA,NA,8,0.186,1,10,16,5,22,0.468,NA,NA,NA
"145","2018_05_IND_NE","201810040nwe",2018,5,"REG","NE","IND","Tom Brady","BradTo00",4,0.095,NA,NA,4,0.095,0,6,5,3,8,0.182,NA,NA,NA
"146","2018_05_IND_NE","201810040nwe",2018,5,"REG","IND","NE","Andrew Luck","LuckAn00",6,0.102,NA,NA,9,0.153,1,16,3,2,6,0.1,NA,NA,NA
"147","2018_05_TEN_BUF","201810070buf",2018,5,"REG","BUF","TEN","Josh Allen","AlleJo02",0,0,NA,NA,6,0.333,1,9,0,0,1,0.045,NA,NA,NA
"148","2018_05_TEN_BUF","201810070buf",2018,5,"REG","BUF","TEN","Corey Bojorquez","BojoCo00",0,0,NA,NA,0,0,0,0,0,0,0,0,NA,NA,NA
"149","2018_05_TEN_BUF","201810070buf",2018,5,"REG","TEN","BUF","Marcus Mariota","MariMa01",1,0.04,NA,NA,6,0.24,2,12,4,3,9,0.3,NA,NA,NA
"150","2018_05_NYG_CAR","201810070car",2018,5,"REG","CAR","NYG","Cam Newton","NewtCa00",2,0.061,NA,NA,6,0.182,1,12,2,1,4,0.105,NA,NA,NA
"151","2018_05_NYG_CAR","201810070car",2018,5,"REG","NYG","CAR","Eli Manning","MannEl00",2,0.056,NA,NA,5,0.139,1,9,6,2,9,0.243,NA,NA,NA
"152","2018_05_NYG_CAR","201810070car",2018,5,"REG","NYG","CAR","Odell Beckham Jr.","BeckOd00",0,0,NA,NA,0,0,0,1,0,0,0,0,NA,NA,NA
"153","2018_05_MIA_CIN","201810070cin",2018,5,"REG","CIN","MIA","Andy Dalton","DaltAn00",1,0.034,NA,NA,4,0.138,2,13,8,1,11,0.324,NA,NA,NA
"154","2018_05_MIA_CIN","201810070cin",2018,5,"REG","MIA","CIN","Ryan Tannehill","TannRy00",1,0.031,NA,NA,3,0.094,3,9,7,4,14,0.368,NA,NA,NA
"155","2018_05_BAL_CLE","201810070cle",2018,5,"REG","CLE","BAL","Baker Mayfield","MayfBa00",1,0.024,NA,NA,10,0.238,5,26,11,3,19,0.38,NA,NA,NA
"156","2018_05_BAL_CLE","201810070cle",2018,5,"REG","BAL","CLE","Joe Flacco","FlacJo00",4,0.071,NA,NA,13,0.232,2,12,12,5,19,0.322,NA,NA,NA
"157","2018_05_BAL_CLE","201810070cle",2018,5,"REG","BAL","CLE","Lamar Jackson","JackLa00",0,0,NA,NA,0,0,0,0,1,0,1,1,NA,NA,NA
"158","2018_05_GB_DET","201810070det",2018,5,"REG","DET","GB","Matthew Stafford","StafMa00",1,0.038,NA,NA,8,0.308,3,14,4,1,8,0.276,NA,NA,NA
"159","2018_05_GB_DET","201810070det",2018,5,"REG","GB","DET","Aaron Rodgers","RodgAa00",2,0.04,NA,NA,14,0.28,4,5,4,3,11,0.19,NA,NA,NA
"160","2018_05_JAX_KC","201810070kan",2018,5,"REG","KC","JAX","Patrick Mahomes","MahoPa00",2,0.056,NA,NA,9,0.25,1,7,9,4,14,0.341,NA,NA,NA
"161","2018_05_JAX_KC","201810070kan",2018,5,"REG","JAX","KC","Blake Bortles","BortBl00",3,0.05,NA,NA,17,0.283,5,14,3,6,14,0.206,NA,NA,NA
"162","2018_05_DEN_NYJ","201810070nyj",2018,5,"REG","NYJ","DEN","Sam Darnold","DarnSa00",2,0.091,NA,NA,3,0.136,1,10,0,1,2,0.087,NA,NA,NA
"163","2018_05_DEN_NYJ","201810070nyj",2018,5,"REG","DEN","NYJ","Case Keenum","KeenCa00",2,0.043,NA,NA,5,0.106,4,16,2,3,9,0.164,NA,NA,NA
"164","2018_05_ATL_PIT","201810070pit",2018,5,"REG","PIT","ATL","Ben Roethlisberger","RoetBe00",1,0.034,NA,NA,5,0.172,0,8,1,2,3,0.097,NA,NA,NA
"165","2018_05_ATL_PIT","201810070pit",2018,5,"REG","ATL","PIT","Matt Ryan","RyanMa00",1,0.028,NA,NA,9,0.25,6,18,4,2,12,0.267,NA,NA,NA
"166","2018_05_ATL_PIT","201810070pit",2018,5,"REG","ATL","PIT","Matt Schaub","SchaMa00",1,0.143,NA,NA,1,0.143,0,0,0,0,0,0,NA,NA,NA
"167","2018_05_OAK_LAC","201810070sdg",2018,5,"REG","LAC","OAK","Philip Rivers","RivePh00",0,0,NA,NA,1,0.038,1,5,0,1,2,0.071,NA,NA,NA
"168","2018_05_OAK_LAC","201810070sdg",2018,5,"REG","OAK","LAC","Derek Carr","CarrDe02",0,0,NA,NA,2,0.067,3,8,3,2,8,0.216,NA,NA,NA
"169","2018_05_MIN_PHI","201810070phi",2018,5,"REG","PHI","MIN","Carson Wentz","WentCa00",1,0.031,NA,NA,5,0.156,3,10,2,0,5,0.119,NA,NA,NA
"170","2018_05_MIN_PHI","201810070phi",2018,5,"REG","MIN","PHI","Kirk Cousins","CousKi00",0,0,NA,NA,3,0.081,1,8,6,5,12,0.308,NA,NA,NA
"171","2018_05_LA_SEA","201810070sea",2018,5,"REG","SEA","LA","Russell Wilson","WilsRu00",0,0,NA,NA,1,0.053,2,4,6,1,9,0.391,NA,NA,NA
"172","2018_05_LA_SEA","201810070sea",2018,5,"REG","LA","SEA","Jared Goff","GoffJa00",1,0.031,NA,NA,5,0.156,1,8,4,2,7,0.2,NA,NA,NA
"173","2018_05_ARI_SF","201810070sfo",2018,5,"REG","SF","ARI","C.J. Beathard","BeatC.00",4,0.078,NA,NA,7,0.137,4,22,0,4,8,0.136,NA,NA,NA
"174","2018_05_ARI_SF","201810070sfo",2018,5,"REG","ARI","SF","Josh Rosen","RoseJo01",3,0.136,NA,NA,8,0.364,1,7,4,3,8,0.308,NA,NA,NA
"175","2018_05_DAL_HOU","201810070htx",2018,5,"REG","HOU","DAL","Deshaun Watson","WatsDe00",1,0.023,NA,NA,5,0.116,1,16,2,9,12,0.235,NA,NA,NA
"176","2018_05_DAL_HOU","201810070htx",2018,5,"REG","DAL","HOU","Dak Prescott","PresDa01",3,0.103,NA,NA,4,0.138,2,17,6,3,11,0.333,NA,NA,NA
"177","2018_05_WAS_NO","201810080nor",2018,5,"REG","NO","WAS","Drew Brees","BreeDr00",0,0,NA,NA,1,0.036,2,8,2,1,5,0.156,NA,NA,NA
"178","2018_05_WAS_NO","201810080nor",2018,5,"REG","WAS","NO","Alex Smith","SmitAl03",2,0.053,NA,NA,9,0.237,3,9,11,1,15,0.357,NA,NA,NA
"179","2018_06_PHI_NYG","201810110nyg",2018,6,"REG","NYG","PHI","Eli Manning","MannEl00",1,0.023,NA,NA,7,0.163,4,1,3,6,13,0.277,NA,NA,NA
"180","2018_06_PHI_NYG","201810110nyg",2018,6,"REG","PHI","NYG","Carson Wentz","WentCa00",1,0.028,NA,NA,2,0.056,1,10,1,4,6,0.154,NA,NA,NA
"181","2018_06_TB_ATL","201810140atl",2018,6,"REG","ATL","TB","Matt Ryan","RyanMa00",3,0.075,NA,NA,5,0.125,1,17,2,3,6,0.14,NA,NA,NA
"182","2018_06_TB_ATL","201810140atl",2018,6,"REG","TB","ATL","Jameis Winston","WinsJa00",1,0.026,NA,NA,6,0.154,2,6,2,2,6,0.13,NA,NA,NA
"183","2018_06_PIT_CIN","201810140cin",2018,6,"REG","CIN","PIT","Andy Dalton","DaltAn00",4,0.098,NA,NA,5,0.122,3,13,5,1,9,0.2,NA,NA,NA
"184","2018_06_PIT_CIN","201810140cin",2018,6,"REG","PIT","CIN","Ben Roethlisberger","RoetBe00",1,0.022,NA,NA,6,0.133,0,13,8,1,9,0.196,NA,NA,NA
"185","2018_06_LAC_CLE","201810140cle",2018,6,"REG","CLE","LAC","Baker Mayfield","MayfBa00",7,0.163,NA,NA,10,0.233,5,12,9,2,16,0.308,NA,NA,NA
"186","2018_06_LAC_CLE","201810140cle",2018,6,"REG","LAC","CLE","Philip Rivers","RivePh00",1,0.053,NA,NA,4,0.211,1,9,3,3,7,0.333,NA,NA,NA
"187","2018_06_LAC_CLE","201810140cle",2018,6,"REG","LAC","CLE","Geno Smith","SmitGe00",0,0,NA,NA,0,0,0,0,0,0,0,0,NA,NA,NA
"188","2018_06_BUF_HOU","201810140htx",2018,6,"REG","HOU","BUF","Deshaun Watson","WatsDe00",2,0.08,NA,NA,4,0.16,7,9,5,5,17,0.515,NA,NA,NA
"189","2018_06_BUF_HOU","201810140htx",2018,6,"REG","HOU","BUF","DeAndre Hopkins","HopkDe00",0,0,NA,NA,1,1,0,0,0,0,0,0,NA,NA,NA
"190","2018_06_BUF_HOU","201810140htx",2018,6,"REG","BUF","HOU","Josh Allen","AlleJo02",0,0,NA,NA,3,0.176,2,6,3,2,7,0.304,NA,NA,NA
"191","2018_06_BUF_HOU","201810140htx",2018,6,"REG","BUF","HOU","Nathan Peterman","PeteNa00",0,0,NA,NA,3,0.273,0,7,2,0,2,0.154,NA,NA,NA
"192","2018_06_CHI_MIA","201810140mia",2018,6,"REG","MIA","CHI","Brock Osweiler","OsweBr00",3,0.075,NA,NA,7,0.175,0,11,6,4,10,0.222,NA,NA,NA
"193","2018_06_CHI_MIA","201810140mia",2018,6,"REG","CHI","MIA","Mitchell Trubisky","TrubMi00",0,0,NA,NA,6,0.2,2,5,8,1,11,0.306,NA,NA,NA
"194","2018_06_ARI_MIN","201810140min",2018,6,"REG","MIN","ARI","Kirk Cousins","CousKi00",1,0.031,NA,NA,1,0.031,4,10,6,1,11,0.282,NA,NA,NA
"195","2018_06_ARI_MIN","201810140min",2018,6,"REG","ARI","MIN","Josh Rosen","RoseJo01",1,0.032,NA,NA,4,0.129,4,11,3,2,9,0.257,NA,NA,NA
"196","2018_06_IND_NYJ","201810140nyj",2018,6,"REG","NYJ","IND","Sam Darnold","DarnSa00",0,0,NA,NA,2,0.071,2,2,1,0,3,0.088,NA,NA,NA
"197","2018_06_IND_NYJ","201810140nyj",2018,6,"REG","IND","NYJ","Andrew Luck","LuckAn00",6,0.143,NA,NA,6,0.143,0,9,1,4,5,0.111,NA,NA,NA
"198","2018_06_SEA_OAK","201810140rai",2018,6,"REG","OAK","SEA","Derek Carr","CarrDe02",3,0.1,NA,NA,3,0.1,6,1,1,5,12,0.3,NA,NA,NA
"199","2018_06_SEA_OAK","201810140rai",2018,6,"REG","SEA","OAK","Russell Wilson","WilsRu00",1,0.045,NA,NA,1,0.045,1,1,0,2,3,0.115,NA,NA,NA
"200","2018_06_CAR_WAS","201810140was",2018,6,"REG","WAS","CAR","Alex Smith","SmitAl03",1,0.03,NA,NA,5,0.152,3,9,7,1,11,0.262,NA,NA,NA
"201","2018_06_CAR_WAS","201810140was",2018,6,"REG","CAR","WAS","Cam Newton","NewtCa00",1,0.027,NA,NA,8,0.216,1,11,4,1,6,0.14,NA,NA,NA
"202","2018_06_LA_DEN","201810140den",2018,6,"REG","DEN","LA","Case Keenum","KeenCa00",2,0.054,NA,NA,7,0.189,2,8,5,3,10,0.227,NA,NA,NA
"203","2018_06_LA_DEN","201810140den",2018,6,"REG","LA","DEN","Jared Goff","GoffJa00",1,0.036,NA,NA,9,0.321,5,9,1,0,6,0.171,NA,NA,NA
"204","2018_06_JAX_DAL","201810140dal",2018,6,"REG","DAL","JAX","Dak Prescott","PresDa01",0,0,NA,NA,4,0.16,3,4,2,1,6,0.162,NA,NA,NA
"205","2018_06_JAX_DAL","201810140dal",2018,6,"REG","JAX","DAL","Blake Bortles","BortBl00",2,0.08,NA,NA,4,0.16,3,6,2,3,8,0.258,NA,NA,NA
"206","2018_06_BAL_TEN","201810140oti",2018,6,"REG","TEN","BAL","Marcus Mariota","MariMa01",0,0,NA,NA,4,0.286,11,13,11,0,22,0.786,NA,NA,NA
"207","2018_06_BAL_TEN","201810140oti",2018,6,"REG","BAL","TEN","Joe Flacco","FlacJo00",1,0.028,NA,NA,5,0.139,0,11,4,1,5,0.132,NA,NA,NA
"208","2018_06_KC_NE","201810140nwe",2018,6,"REG","NE","KC","Tom Brady","BradTo00",2,0.057,NA,NA,9,0.257,2,2,1,0,3,0.079,NA,NA,NA
"209","2018_06_KC_NE","201810140nwe",2018,6,"REG","KC","NE","Patrick Mahomes","MahoPa00",1,0.028,NA,NA,10,0.278,0,8,10,2,12,0.324,NA,NA,NA
"210","2018_06_SF_GB","201810150gnb",2018,6,"REG","GB","SF","Aaron Rodgers","RodgAa00",1,0.026,NA,NA,11,0.289,3,14,13,4,20,0.385,NA,NA,NA
"211","2018_06_SF_GB","201810150gnb",2018,6,"REG","SF","GB","C.J. Beathard","BeatC.00",1,0.043,NA,NA,2,0.087,2,11,3,2,7,0.25,NA,NA,NA
"212","2018_07_DEN_ARI","201810180crd",2018,7,"REG","ARI","DEN","Josh Rosen","RoseJo01",1,0.026,NA,NA,7,0.179,6,14,0,6,12,0.261,NA,NA,NA
"213","2018_07_DEN_ARI","201810180crd",2018,7,"REG","DEN","ARI","Case Keenum","KeenCa00",2,0.1,NA,NA,3,0.15,2,13,5,2,9,0.375,NA,NA,NA
"214","2018_07_DEN_ARI","201810180crd",2018,7,"REG","DEN","ARI","Emmanuel Sanders","SandEm00",0,0,NA,NA,0,0,0,0,0,0,0,0,NA,NA,NA
"215","2018_07_NE_CHI","201810210chi",2018,7,"REG","CHI","NE","Mitchell Trubisky","TrubMi00",2,0.042,NA,NA,13,0.271,2,16,2,3,7,0.121,NA,NA,NA
"216","2018_07_NE_CHI","201810210chi",2018,7,"REG","NE","CHI","Tom Brady","BradTo00",2,0.057,NA,NA,6,0.171,1,3,1,1,3,0.079,NA,NA,NA
"217","2018_07_BUF_IND","201810210clt",2018,7,"REG","IND","BUF","Andrew Luck","LuckAn00",1,0.043,NA,NA,4,0.174,0,6,2,1,3,0.125,NA,NA,NA
"218","2018_07_BUF_IND","201810210clt",2018,7,"REG","BUF","IND","Derek Anderson","AndeDe00",1,0.032,NA,NA,4,0.129,2,2,1,2,5,0.152,NA,NA,NA
"219","2018_07_HOU_JAX","201810210jax",2018,7,"REG","JAX","HOU","Cody Kessler","KessCo00",3,0.107,NA,NA,4,0.143,4,11,3,1,8,0.222,NA,NA,NA
"220","2018_07_HOU_JAX","201810210jax",2018,7,"REG","JAX","HOU","Blake Bortles","BortBl00",2,0.182,NA,NA,3,0.273,0,5,0,4,4,0.235,NA,NA,NA
"221","2018_07_HOU_JAX","201810210jax",2018,7,"REG","HOU","JAX","Deshaun Watson","WatsDe00",0,0,NA,NA,10,0.417,1,6,4,2,7,0.25,NA,NA,NA
"222","2018_07_DET_MIA","201810210mia",2018,7,"REG","MIA","DET","Brock Osweiler","OsweBr00",2,0.067,NA,NA,4,0.133,4,2,10,1,15,0.417,NA,NA,NA
"223","2018_07_DET_MIA","201810210mia",2018,7,"REG","DET","MIA","Matthew Stafford","StafMa00",1,0.045,NA,NA,1,0.045,1,7,2,2,5,0.208,NA,NA,NA
"224","2018_07_MIN_NYJ","201810210nyj",2018,7,"REG","NYJ","MIN","Sam Darnold","DarnSa00",4,0.1,NA,NA,12,0.3,3,11,7,0,10,0.213,NA,NA,NA
"225","2018_07_MIN_NYJ","201810210nyj",2018,7,"REG","MIN","NYJ","Kirk Cousins","CousKi00",2,0.054,NA,NA,4,0.108,1,15,6,5,12,0.293,NA,NA,NA
"226","2018_07_CAR_PHI","201810210phi",2018,7,"REG","PHI","CAR","Carson Wentz","WentCa00",0,0,NA,NA,4,0.108,4,16,3,3,10,0.244,NA,NA,NA
"227","2018_07_CAR_PHI","201810210phi",2018,7,"REG","CAR","PHI","Cam Newton","NewtCa00",2,0.054,NA,NA,5,0.135,2,5,4,4,10,0.227,NA,NA,NA
"228","2018_07_CLE_TB","201810210tam",2018,7,"REG","TB","CLE","Jameis Winston","WinsJa00",3,0.058,NA,NA,11,0.212,4,13,3,5,12,0.19,NA,NA,NA
"229","2018_07_CLE_TB","201810210tam",2018,7,"REG","CLE","TB","Baker Mayfield","MayfBa00",0,0,NA,NA,7,0.206,5,11,6,0,11,0.262,NA,NA,NA
"230","2018_07_NO_BAL","201810210rav",2018,7,"REG","BAL","NO","Joe Flacco","FlacJo00",2,0.056,NA,NA,5,0.139,1,8,6,1,8,0.2,NA,NA,NA
"231","2018_07_NO_BAL","201810210rav",2018,7,"REG","BAL","NO","Lamar Jackson","JackLa00",0,0,NA,NA,0,0,0,0,0,0,0,0,NA,NA,NA
"232","2018_07_NO_BAL","201810210rav",2018,7,"REG","NO","BAL","Drew Brees","BreeDr00",2,0.071,NA,NA,3,0.107,1,15,2,2,5,0.161,NA,NA,NA
"233","2018_07_LA_SF","201810210sfo",2018,7,"REG","SF","LA","C.J. Beathard","BeatC.00",1,0.037,NA,NA,6,0.222,7,7,2,2,11,0.314,NA,NA,NA
"234","2018_07_LA_SF","201810210sfo",2018,7,"REG","LA","SF","Jared Goff","GoffJa00",2,0.083,NA,NA,3,0.125,1,10,2,1,4,0.154,NA,NA,NA
"235","2018_07_DAL_WAS","201810210was",2018,7,"REG","WAS","DAL","Alex Smith","SmitAl03",3,0.13,NA,NA,5,0.217,1,6,3,2,6,0.207,NA,NA,NA
"236","2018_07_DAL_WAS","201810210was",2018,7,"REG","DAL","WAS","Dak Prescott","PresDa01",3,0.086,NA,NA,6,0.171,4,15,4,5,13,0.295,NA,NA,NA
"237","2018_07_CIN_KC","201810210kan",2018,7,"REG","KC","CIN","Patrick Mahomes","MahoPa00",2,0.054,NA,NA,4,0.108,2,3,6,4,12,0.279,NA,NA,NA
"238","2018_07_CIN_KC","201810210kan",2018,7,"REG","CIN","KC","Andy Dalton","DaltAn00",1,0.036,NA,NA,7,0.25,2,3,3,1,6,0.194,NA,NA,NA
"239","2018_07_CIN_KC","201810210kan",2018,7,"REG","CIN","KC","Jeff Driskel","DrisJe00",0,0,NA,NA,0,0,0,0,0,0,0,0,NA,NA,NA
"240","2018_07_TEN_LAC","201810210sdg",2018,7,"REG","LAC","TEN","Philip Rivers","RivePh00",1,0.04,NA,NA,3,0.12,2,12,2,1,5,0.179,NA,NA,NA
"241","2018_07_TEN_LAC","201810210sdg",2018,7,"REG","TEN","LAC","Marcus Mariota","MariMa01",3,0.094,NA,NA,2,0.063,2,3,1,1,4,0.105,NA,NA,NA
"242","2018_07_NYG_ATL","201810220atl",2018,7,"REG","ATL","NYG","Matt Ryan","RyanMa00",2,0.054,NA,NA,3,0.081,3,14,7,2,12,0.286,NA,NA,NA
"243","2018_07_NYG_ATL","201810220atl",2018,7,"REG","NYG","ATL","Eli Manning","MannEl00",3,0.079,NA,NA,6,0.158,4,12,5,3,12,0.279,NA,NA,NA
"244","2018_08_MIA_HOU","201810250htx",2018,8,"REG","HOU","MIA","Deshaun Watson","WatsDe00",0,0,NA,NA,3,0.15,0,7,4,0,4,0.19,NA,NA,NA
"245","2018_08_MIA_HOU","201810250htx",2018,8,"REG","MIA","HOU","Brock Osweiler","OsweBr00",0,0,NA,NA,6,0.182,2,6,7,0,9,0.231,NA,NA,NA
"246","2018_08_MIA_HOU","201810250htx",2018,8,"REG","MIA","HOU","Danny Amendola","AmenDa00",0,0,NA,NA,0,0,0,0,0,0,0,0,NA,NA,NA
"247","2018_08_BAL_CAR","201810280car",2018,8,"REG","CAR","BAL","Cam Newton","NewtCa00",1,0.038,NA,NA,3,0.115,0,10,2,3,5,0.147,NA,NA,NA
"248","2018_08_BAL_CAR","201810280car",2018,8,"REG","CAR","BAL","Taylor Heinicke","HeinTa00",0,0,NA,NA,0,0,0,1,0,0,0,0,NA,NA,NA
"249","2018_08_BAL_CAR","201810280car",2018,8,"REG","BAL","CAR","Joe Flacco","FlacJo00",3,0.077,NA,NA,10,0.256,2,17,3,4,9,0.214,NA,NA,NA
"250","2018_08_BAL_CAR","201810280car",2018,8,"REG","BAL","CAR","Lamar Jackson","JackLa00",0,0,NA,NA,1,0.2,0,0,0,0,0,0,NA,NA,NA
"251","2018_08_NYJ_CHI","201810280chi",2018,8,"REG","CHI","NYJ","Mitchell Trubisky","TrubMi00",1,0.034,NA,NA,10,0.345,2,14,2,3,7,0.206,NA,NA,NA
"252","2018_08_NYJ_CHI","201810280chi",2018,8,"REG","NYJ","CHI","Sam Darnold","DarnSa00",3,0.12,NA,NA,4,0.16,1,9,5,1,7,0.219,NA,NA,NA
"253","2018_08_TB_CIN","201810280cin",2018,8,"REG","CIN","TB","Andy Dalton","DaltAn00",2,0.063,NA,NA,6,0.188,2,3,2,0,4,0.105,NA,NA,NA
"254","2018_08_TB_CIN","201810280cin",2018,8,"REG","TB","CIN","Jameis Winston","WinsJa00",1,0.029,NA,NA,9,0.257,5,6,5,1,11,0.256,NA,NA,NA
"255","2018_08_TB_CIN","201810280cin",2018,8,"REG","TB","CIN","Ryan Fitzpatrick","FitzRy00",0,0,NA,NA,1,0.071,1,4,1,0,2,0.118,NA,NA,NA
"256","2018_08_SEA_DET","201810280det",2018,8,"REG","DET","SEA","Matthew Stafford","StafMa00",2,0.051,NA,NA,5,0.128,3,4,5,2,10,0.227,NA,NA,NA
"257","2018_08_SEA_DET","201810280det",2018,8,"REG","SEA","DET","Russell Wilson","WilsRu00",0,0,NA,NA,3,0.176,2,9,2,1,5,0.263,NA,NA,NA
"258","2018_08_DEN_KC","201810280kan",2018,8,"REG","KC","DEN","Patrick Mahomes","MahoPa00",1,0.032,NA,NA,3,0.097,2,15,4,3,9,0.243,NA,NA,NA
"259","2018_08_DEN_KC","201810280kan",2018,8,"REG","DEN","KC","Case Keenum","KeenCa00",1,0.03,NA,NA,8,0.242,5,9,4,4,13,0.325,NA,NA,NA
"260","2018_08_WAS_NYG","201810280nyg",2018,8,"REG","NYG","WAS","Eli Manning","MannEl00",3,0.065,NA,NA,5,0.109,7,6,2,1,10,0.185,NA,NA,NA
"261","2018_08_WAS_NYG","201810280nyg",2018,8,"REG","WAS","NYG","Alex Smith","SmitAl03",2,0.065,NA,NA,5,0.161,0,9,1,4,5,0.152,NA,NA,NA
"262","2018_08_CLE_PIT","201810280pit",2018,8,"REG","PIT","CLE","Ben Roethlisberger","RoetBe00",2,0.057,NA,NA,6,0.171,1,11,3,0,4,0.108,NA,NA,NA
"263","2018_08_CLE_PIT","201810280pit",2018,8,"REG","CLE","PIT","Baker Mayfield","MayfBa00",1,0.03,NA,NA,7,0.212,2,21,8,5,15,0.385,NA,NA,NA
"264","2018_08_IND_OAK","201810280rai",2018,8,"REG","OAK","IND","Derek Carr","CarrDe02",1,0.036,NA,NA,5,0.179,0,3,2,1,3,0.107,NA,NA,NA
"265","2018_08_IND_OAK","201810280rai",2018,8,"REG","IND","OAK","Andrew Luck","LuckAn00",2,0.065,NA,NA,3,0.097,0,5,3,1,4,0.129,NA,NA,NA
"266","2018_08_SF_ARI","201810280crd",2018,8,"REG","ARI","SF","Josh Rosen","RoseJo01",1,0.029,NA,NA,8,0.229,3,9,3,2,8,0.178,NA,NA,NA
"267","2018_08_SF_ARI","201810280crd",2018,8,"REG","SF","ARI","C.J. Beathard","BeatC.00",2,0.071,NA,NA,8,0.286,4,14,5,4,13,0.382,NA,NA,NA
"268","2018_08_GB_LA","201810280ram",2018,8,"REG","LA","GB","Jared Goff","GoffJa00",1,0.032,NA,NA,4,0.129,5,15,12,3,20,0.465,NA,NA,NA
"269","2018_08_GB_LA","201810280ram",2018,8,"REG","LA","GB","Johnny Hekker","HekkJo00",0,0,NA,NA,0,0,0,0,0,0,0,0,NA,NA,NA
"270","2018_08_GB_LA","201810280ram",2018,8,"REG","GB","LA","Aaron Rodgers","RodgAa00",0,0,NA,NA,8,0.286,3,10,6,5,14,0.412,NA,NA,NA
"271","2018_08_NO_MIN","201810280min",2018,8,"REG","MIN","NO","Kirk Cousins","CousKi00",0,0,NA,NA,2,0.05,4,9,1,2,7,0.156,NA,NA,NA
"272","2018_08_NO_MIN","201810280min",2018,8,"REG","NO","MIN","Drew Brees","BreeDr00",1,0.045,NA,NA,1,0.045,0,3,2,0,2,0.087,NA,NA,NA
"273","2018_08_NO_MIN","201810280min",2018,8,"REG","NO","MIN","Taysom Hill","HillTa00",0,0,NA,NA,0,0,0,0,0,1,1,1,NA,NA,NA
"274","2018_08_PHI_JAX","201810280jax",2018,8,"REG","JAX","PHI","Blake Bortles","BortBl00",4,0.098,NA,NA,6,0.146,4,13,2,2,8,0.157,NA,NA,NA
"275","2018_08_PHI_JAX","201810280jax",2018,8,"REG","PHI","JAX","Carson Wentz","WentCa00",0,0,NA,NA,5,0.167,4,6,6,2,12,0.324,NA,NA,NA
"276","2018_08_NE_BUF","201810290buf",2018,8,"REG","BUF","NE","Derek Anderson","AndeDe00",2,0.053,NA,NA,8,0.211,3,16,13,3,19,0.452,NA,NA,NA
"277","2018_08_NE_BUF","201810290buf",2018,8,"REG","BUF","NE","Nathan Peterman","PeteNa00",0,0,NA,NA,0,0,0,0,0,0,0,0,NA,NA,NA
"278","2018_08_NE_BUF","201810290buf",2018,8,"REG","NE","BUF","Tom Brady","BradTo00",1,0.024,NA,NA,8,0.195,2,1,13,2,17,0.354,NA,NA,NA
"279","2018_09_OAK_SF","201811010sfo",2018,9,"REG","SF","OAK","Nick Mullens","MullNi00",1,0.045,NA,NA,3,0.136,0,7,0,1,1,0.045,NA,NA,NA
"280","2018_09_OAK_SF","201811010sfo",2018,9,"REG","OAK","SF","Derek Carr","CarrDe02",1,0.05,NA,NA,2,0.1,7,7,5,1,13,0.433,NA,NA,NA
"281","2018_09_OAK_SF","201811010sfo",2018,9,"REG","OAK","SF","A.J. McCarron","McCaA.00",0,0,NA,NA,0,0,1,0,1,1,3,0.75,NA,NA,NA
"282","2018_09_PIT_BAL","201811040rav",2018,9,"REG","BAL","PIT","Joe Flacco","FlacJo00",2,0.059,NA,NA,5,0.147,2,22,3,3,8,0.205,NA,NA,NA
"283","2018_09_PIT_BAL","201811040rav",2018,9,"REG","BAL","PIT","Lamar Jackson","JackLa00",0,0,NA,NA,0,0,0,0,1,0,1,1,NA,NA,NA
"284","2018_09_PIT_BAL","201811040rav",2018,9,"REG","PIT","BAL","Ben Roethlisberger","RoetBe00",6,0.13,NA,NA,8,0.174,1,17,5,5,11,0.224,NA,NA,NA
"285","2018_09_PIT_BAL","201811040rav",2018,9,"REG","PIT","BAL","Joshua Dobbs","DobbJo00",0,0,NA,NA,0,0,0,0,0,0,0,0,NA,NA,NA
"286","2018_09_CHI_BUF","201811040buf",2018,9,"REG","BUF","CHI","Nathan Peterman","PeteNa00",1,0.021,NA,NA,7,0.149,4,17,7,5,16,0.271,NA,NA,NA
"287","2018_09_CHI_BUF","201811040buf",2018,9,"REG","CHI","BUF","Mitchell Trubisky","TrubMi00",0,0,NA,NA,5,0.25,1,6,5,3,9,0.429,NA,NA,NA
"288","2018_09_TB_CAR","201811040car",2018,9,"REG","CAR","TB","Cam Newton","NewtCa00",1,0.042,NA,NA,3,0.125,2,7,0,2,4,0.143,NA,NA,NA
"289","2018_09_TB_CAR","201811040car",2018,9,"REG","TB","CAR","Ryan Fitzpatrick","FitzRy00",0,0,NA,NA,8,0.205,3,24,5,3,11,0.234,NA,NA,NA
"290","2018_09_TB_CAR","201811040car",2018,9,"REG","TB","CAR","Bryan Anger","AngeBr00",0,0,NA,NA,0,0,0,0,0,0,0,0,NA,NA,NA
"291","2018_09_KC_CLE","201811040cle",2018,9,"REG","CLE","KC","Baker Mayfield","MayfBa00",2,0.048,NA,NA,10,0.238,2,13,6,0,8,0.182,NA,NA,NA
"292","2018_09_KC_CLE","201811040cle",2018,9,"REG","CLE","KC","Tyrod Taylor","TaylTy00",0,0,NA,NA,0,0,0,0,0,0,0,0,NA,NA,NA
"293","2018_09_KC_CLE","201811040cle",2018,9,"REG","KC","CLE","Patrick Mahomes","MahoPa00",4,0.129,NA,NA,3,0.097,2,5,3,5,10,0.286,NA,NA,NA
"294","2018_09_NYJ_MIA","201811040mia",2018,9,"REG","MIA","NYJ","Brock Osweiler","OsweBr00",0,0,NA,NA,3,0.136,4,6,4,3,11,0.379,NA,NA,NA
"295","2018_09_NYJ_MIA","201811040mia",2018,9,"REG","NYJ","MIA","Sam Darnold","DarnSa00",2,0.056,NA,NA,7,0.194,4,7,7,2,13,0.302,NA,NA,NA
"296","2018_09_DET_MIN","201811040min",2018,9,"REG","MIN","DET","Kirk Cousins","CousKi00",1,0.045,NA,NA,2,0.091,1,1,1,0,2,0.087,NA,NA,NA
"297","2018_09_DET_MIN","201811040min",2018,9,"REG","DET","MIN","Matthew Stafford","StafMa00",3,0.091,NA,NA,5,0.152,10,6,3,3,16,0.333,NA,NA,NA
"298","2018_09_ATL_WAS","201811040was",2018,9,"REG","WAS","ATL","Alex Smith","SmitAl03",1,0.023,NA,NA,6,0.136,3,11,7,3,13,0.26,NA,NA,NA
"299","2018_09_ATL_WAS","201811040was",2018,9,"REG","ATL","WAS","Matt Ryan","RyanMa00",2,0.054,NA,NA,3,0.081,2,17,2,2,6,0.15,NA,NA,NA
"300","2018_09_HOU_DEN","201811040den",2018,9,"REG","DEN","HOU","Case Keenum","KeenCa00",2,0.053,NA,NA,4,0.105,2,16,3,5,10,0.227,NA,NA,NA
"301","2018_09_HOU_DEN","201811040den",2018,9,"REG","HOU","DEN","Deshaun Watson","WatsDe00",0,0,NA,NA,3,0.136,4,11,2,0,6,0.176,NA,NA,NA
"302","2018_09_LAC_SEA","201811040sea",2018,9,"REG","SEA","LAC","Russell Wilson","WilsRu00",1,0.027,NA,NA,8,0.216,4,6,3,3,10,0.213,NA,NA,NA
"303","2018_09_LAC_SEA","201811040sea",2018,9,"REG","LAC","SEA","Philip Rivers","RivePh00",1,0.038,NA,NA,3,0.115,2,3,1,3,6,0.214,NA,NA,NA
"304","2018_09_LA_NO","201811040nor",2018,9,"REG","NO","LA","Drew Brees","BreeDr00",1,0.028,NA,NA,7,0.194,0,12,4,4,8,0.211,NA,NA,NA
"305","2018_09_LA_NO","201811040nor",2018,9,"REG","LA","NO","Jared Goff","GoffJa00",0,0,NA,NA,6,0.15,0,7,8,4,12,0.279,NA,NA,NA
"306","2018_09_GB_NE","201811040nwe",2018,9,"REG","NE","GB","Tom Brady","BradTo00",1,0.029,NA,NA,9,0.265,2,6,1,1,4,0.108,NA,NA,NA
"307","2018_09_GB_NE","201811040nwe",2018,9,"REG","NE","GB","Julian Edelman","EdelJu00",0,0,NA,NA,0,0,0,0,0,0,0,0,NA,NA,NA
"308","2018_09_GB_NE","201811040nwe",2018,9,"REG","GB","NE","Aaron Rodgers","RodgAa00",1,0.026,NA,NA,8,0.211,1,10,5,4,10,0.213,NA,NA,NA
"309","2018_09_TEN_DAL","201811050dal",2018,9,"REG","DAL","TEN","Dak Prescott","PresDa01",1,0.033,NA,NA,6,0.2,5,6,8,2,15,0.395,NA,NA,NA
"310","2018_09_TEN_DAL","201811050dal",2018,9,"REG","DAL","TEN","Cole Beasley","BeasCo00",0,0,NA,NA,1,1,0,1,1,0,1,1,NA,NA,NA
"311","2018_09_TEN_DAL","201811050dal",2018,9,"REG","TEN","DAL","Marcus Mariota","MariMa01",2,0.074,NA,NA,3,0.111,4,4,12,1,17,0.486,NA,NA,NA
"312","2018_10_CAR_PIT","201811080pit",2018,10,"REG","PIT","CAR","Ben Roethlisberger","RoetBe00",0,0,NA,NA,1,0.04,1,8,2,0,3,0.107,NA,NA,NA
"313","2018_10_CAR_PIT","201811080pit",2018,10,"REG","PIT","CAR","Joshua Dobbs","DobbJo00",0,0,NA,NA,1,0.5,0,1,1,0,1,0.5,NA,NA,NA
"314","2018_10_CAR_PIT","201811080pit",2018,10,"REG","CAR","PIT","Cam Newton","NewtCa00",1,0.036,NA,NA,3,0.107,5,20,5,0,10,0.294,NA,NA,NA
"315","2018_10_DET_CHI","201811110chi",2018,10,"REG","CHI","DET","Mitchell Trubisky","TrubMi00",1,0.033,NA,NA,5,0.167,1,9,2,1,4,0.121,NA,NA,NA
"316","2018_10_DET_CHI","201811110chi",2018,10,"REG","DET","CHI","Matthew Stafford","StafMa00",2,0.048,NA,NA,8,0.19,6,13,0,2,8,0.16,NA,NA,NA
"317","2018_10_NO_CIN","201811110cin",2018,10,"REG","CIN","NO","Andy Dalton","DaltAn00",0,0,NA,NA,4,0.211,4,10,4,2,10,0.4,NA,NA,NA
"318","2018_10_NO_CIN","201811110cin",2018,10,"REG","CIN","NO","Jeff Driskel","DrisJe00",0,0,NA,NA,1,0.333,0,2,0,0,0,0,NA,NA,NA
"319","2018_10_NO_CIN","201811110cin",2018,10,"REG","NO","CIN","Drew Brees","BreeDr00",1,0.04,NA,NA,2,0.08,0,4,3,1,4,0.16,NA,NA,NA
"320","2018_10_NO_CIN","201811110cin",2018,10,"REG","NO","CIN","Teddy Bridgewater","BridTe00",0,0,NA,NA,0,0,0,0,0,0,0,0,NA,NA,NA
"321","2018_10_NO_CIN","201811110cin",2018,10,"REG","NO","CIN","Taysom Hill","HillTa00",1,1,NA,NA,0,0,0,0,0,0,0,0,NA,NA,NA
"322","2018_10_ATL_CLE","201811110cle",2018,10,"REG","CLE","ATL","Baker Mayfield","MayfBa00",0,0,NA,NA,3,0.15,0,7,1,0,1,0.045,NA,NA,NA
"323","2018_10_ATL_CLE","201811110cle",2018,10,"REG","CLE","ATL","Dontrell Hilliard","HillDo00",0,0,NA,NA,1,1,0,0,0,0,0,0,NA,NA,NA
"324","2018_10_ATL_CLE","201811110cle",2018,10,"REG","ATL","CLE","Matt Ryan","RyanMa00",4,0.08,NA,NA,6,0.12,2,14,5,1,8,0.143,NA,NA,NA
"325","2018_10_JAX_IND","201811110clt",2018,10,"REG","IND","JAX","Andrew Luck","LuckAn00",2,0.069,NA,NA,5,0.172,0,2,1,1,2,0.069,NA,NA,NA
"326","2018_10_JAX_IND","201811110clt",2018,10,"REG","JAX","IND","Blake Bortles","BortBl00",3,0.079,NA,NA,3,0.079,0,2,2,1,3,0.075,NA,NA,NA
"327","2018_10_JAX_IND","201811110clt",2018,10,"REG","JAX","IND","Logan Cooke","CookLo00",0,0,NA,NA,0,0,0,0,0,0,0,0,NA,NA,NA
"328","2018_10_ARI_KC","201811110kan",2018,10,"REG","KC","ARI","Patrick Mahomes","MahoPa00",0,0,NA,NA,4,0.148,5,10,1,1,7,0.2,NA,NA,NA
"329","2018_10_ARI_KC","201811110kan",2018,10,"REG","ARI","KC","Josh Rosen","RoseJo01",0,0,NA,NA,8,0.222,5,4,4,8,17,0.386,NA,NA,NA
"330","2018_10_BUF_NYJ","201811110nyj",2018,10,"REG","NYJ","BUF","Josh McCown","McCoJo01",2,0.059,NA,NA,10,0.294,3,7,4,4,11,0.289,NA,NA,NA
"331","2018_10_BUF_NYJ","201811110nyj",2018,10,"REG","BUF","NYJ","Matt Barkley","BarkMa00",0,0,NA,NA,4,0.16,1,8,2,3,6,0.231,NA,NA,NA
"332","2018_10_BUF_NYJ","201811110nyj",2018,10,"REG","BUF","NYJ","Logan Thomas","ThomLo00",0,0,NA,NA,0,0,0,0,0,0,0,0,NA,NA,NA
"333","2018_10_WAS_TB","201811110tam",2018,10,"REG","TB","WAS","Ryan Fitzpatrick","FitzRy00",3,0.073,NA,NA,3,0.073,2,6,1,2,5,0.104,NA,NA,NA
"334","2018_10_WAS_TB","201811110tam",2018,10,"REG","WAS","TB","Alex Smith","SmitAl03",3,0.115,NA,NA,3,0.115,3,6,0,2,5,0.161,NA,NA,NA
"335","2018_10_NE_TEN","201811110oti",2018,10,"REG","TEN","NE","Marcus Mariota","MariMa01",0,0,NA,NA,7,0.304,2,10,2,0,4,0.148,NA,NA,NA
"336","2018_10_NE_TEN","201811110oti",2018,10,"REG","TEN","NE","Darius Jennings","JennDa00",0,0,NA,NA,0,0,0,1,0,0,0,0,NA,NA,NA
"337","2018_10_NE_TEN","201811110oti",2018,10,"REG","NE","TEN","Tom Brady","BradTo00",1,0.029,NA,NA,7,0.206,3,12,3,2,8,0.182,NA,NA,NA
"338","2018_10_NE_TEN","201811110oti",2018,10,"REG","NE","TEN","Julian Edelman","EdelJu00",0,0,NA,NA,0,0,0,0,0,0,0,0,NA,NA,NA
"339","2018_10_NE_TEN","201811110oti",2018,10,"REG","NE","TEN","Brian Hoyer","HoyeBr00",0,0,NA,NA,0,0,0,0,0,0,0,0,NA,NA,NA
"340","2018_10_LAC_OAK","201811110rai",2018,10,"REG","OAK","LAC","Derek Carr","CarrDe02",3,0.088,NA,NA,5,0.147,4,7,5,2,11,0.262,NA,NA,NA
"341","2018_10_LAC_OAK","201811110rai",2018,10,"REG","LAC","OAK","Philip Rivers","RivePh00",1,0.038,NA,NA,3,0.115,1,7,3,4,8,0.286,NA,NA,NA
"342","2018_10_MIA_GB","201811110gnb",2018,10,"REG","GB","MIA","Aaron Rodgers","RodgAa00",2,0.077,NA,NA,3,0.115,2,9,2,1,5,0.152,NA,NA,NA
"343","2018_10_MIA_GB","201811110gnb",2018,10,"REG","MIA","GB","Brock Osweiler","OsweBr00",0,0,NA,NA,8,0.222,6,14,3,2,11,0.256,NA,NA,NA
"344","2018_10_SEA_LA","201811110ram",2018,10,"REG","LA","SEA","Jared Goff","GoffJa00",1,0.028,NA,NA,6,0.167,2,9,2,2,6,0.143,NA,NA,NA
"345","2018_10_SEA_LA","201811110ram",2018,10,"REG","SEA","LA","Russell Wilson","WilsRu00",1,0.042,NA,NA,4,0.167,4,6,4,3,11,0.297,NA,NA,NA
"346","2018_10_DAL_PHI","201811110phi",2018,10,"REG","PHI","DAL","Carson Wentz","WentCa00",1,0.023,NA,NA,2,0.047,2,10,6,4,12,0.255,NA,NA,NA
"347","2018_10_DAL_PHI","201811110phi",2018,10,"REG","DAL","PHI","Dak Prescott","PresDa01",1,0.029,NA,NA,5,0.147,4,8,5,5,14,0.333,NA,NA,NA
"348","2018_10_NYG_SF","201811120sfo",2018,10,"REG","SF","NYG","Nick Mullens","MullNi00",1,0.028,NA,NA,6,0.167,0,7,7,3,10,0.256,NA,NA,NA
"349","2018_10_NYG_SF","201811120sfo",2018,10,"REG","NYG","SF","Eli Manning","MannEl00",2,0.065,NA,NA,4,0.129,1,3,8,1,10,0.313,NA,NA,NA
"350","2018_11_GB_SEA","201811150sea",2018,11,"REG","SEA","GB","Russell Wilson","WilsRu00",2,0.069,NA,NA,3,0.103,3,15,1,0,4,0.118,NA,NA,NA
"351","2018_11_GB_SEA","201811150sea",2018,11,"REG","GB","SEA","Aaron Rodgers","RodgAa00",2,0.071,NA,NA,4,0.143,5,7,4,0,9,0.25,NA,NA,NA
"352","2018_11_DAL_ATL","201811180atl",2018,11,"REG","ATL","DAL","Matt Ryan","RyanMa00",3,0.094,NA,NA,1,0.031,3,9,4,4,11,0.297,NA,NA,NA
"353","2018_11_DAL_ATL","201811180atl",2018,11,"REG","DAL","ATL","Dak Prescott","PresDa01",2,0.063,NA,NA,4,0.125,2,5,1,3,6,0.176,NA,NA,NA
"354","2018_11_CIN_BAL","201811180rav",2018,11,"REG","BAL","CIN","Lamar Jackson","JackLa00",0,0,NA,NA,2,0.111,3,1,10,2,15,0.6,NA,NA,NA
"355","2018_11_CIN_BAL","201811180rav",2018,11,"REG","CIN","BAL","Andy Dalton","DaltAn00",3,0.086,NA,NA,6,0.171,1,14,5,2,8,0.205,NA,NA,NA
"356","2018_11_CIN_BAL","201811180rav",2018,11,"REG","CIN","BAL","Tyler Boyd","BoydTy00",0,0,NA,NA,1,1,0,1,0,1,1,1,NA,NA,NA
"357","2018_11_CAR_DET","201811180det",2018,11,"REG","DET","CAR","Matthew Stafford","StafMa00",3,0.088,NA,NA,7,0.206,1,18,2,1,4,0.103,NA,NA,NA
"358","2018_11_CAR_DET","201811180det",2018,11,"REG","CAR","DET","Cam Newton","NewtCa00",4,0.111,NA,NA,4,0.111,3,6,1,1,5,0.122,NA,NA,NA
"359","2018_11_CAR_DET","201811180det",2018,11,"REG","CAR","DET","Taylor Heinicke","HeinTa00",0,0,NA,NA,0,0,0,0,1,0,1,1,NA,NA,NA
"360","2018_11_TEN_IND","201811180clt",2018,11,"REG","IND","TEN","Andrew Luck","LuckAn00",1,0.034,NA,NA,2,0.069,0,5,4,0,4,0.138,NA,NA,NA
"361","2018_11_TEN_IND","201811180clt",2018,11,"REG","IND","TEN","Jacoby Brissett","BrisJa00",0,0,NA,NA,1,0.5,0,1,1,0,1,0.5,NA,NA,NA
"362","2018_11_TEN_IND","201811180clt",2018,11,"REG","IND","TEN","Eric Ebron","EbroEr00",0,0,NA,NA,1,1,0,0,0,0,0,0,NA,NA,NA
"363","2018_11_TEN_IND","201811180clt",2018,11,"REG","TEN","IND","Blaine Gabbert","GabbBl00",0,0,NA,NA,5,0.313,1,4,0,1,2,0.118,NA,NA,NA
"364","2018_11_TEN_IND","201811180clt",2018,11,"REG","TEN","IND","Marcus Mariota","MariMa01",0,0,NA,NA,1,0.077,4,3,3,1,8,0.4,NA,NA,NA
"365","2018_11_PIT_JAX","201811180jax",2018,11,"REG","JAX","PIT","Blake Bortles","BortBl00",1,0.056,NA,NA,5,0.278,6,12,1,1,8,0.308,NA,NA,NA
"366","2018_11_PIT_JAX","201811180jax",2018,11,"REG","PIT","JAX","Ben Roethlisberger","RoetBe00",4,0.089,NA,NA,8,0.178,2,1,2,4,8,0.163,NA,NA,NA
"367","2018_11_TB_NYG","201811180nyg",2018,11,"REG","NYG","TB","Eli Manning","MannEl00",0,0,NA,NA,1,0.056,4,4,2,1,7,0.318,NA,NA,NA
"368","2018_11_TB_NYG","201811180nyg",2018,11,"REG","TB","NYG","Ryan Fitzpatrick","FitzRy00",0,0,NA,NA,5,0.25,1,5,5,3,9,0.36,NA,NA,NA
"369","2018_11_TB_NYG","201811180nyg",2018,11,"REG","TB","NYG","Jameis Winston","WinsJa00",0,0,NA,NA,1,0.063,0,1,1,1,2,0.1,NA,NA,NA
"370","2018_11_HOU_WAS","201811180was",2018,11,"REG","WAS","HOU","Alex Smith","SmitAl03",1,0.037,NA,NA,9,0.333,3,7,6,1,10,0.303,NA,NA,NA
"371","2018_11_HOU_WAS","201811180was",2018,11,"REG","WAS","HOU","Colt McCoy","McCoCo00",0,0,NA,NA,2,0.2,2,1,1,0,3,0.176,NA,NA,NA
"372","2018_11_HOU_WAS","201811180was",2018,11,"REG","HOU","WAS","Deshaun Watson","WatsDe00",2,0.083,NA,NA,5,0.208,3,9,4,1,8,0.276,NA,NA,NA
"373","2018_11_OAK_ARI","201811180crd",2018,11,"REG","ARI","OAK","Josh Rosen","RoseJo01",5,0.263,NA,NA,2,0.105,1,3,5,0,6,0.286,NA,NA,NA
"374","2018_11_OAK_ARI","201811180crd",2018,11,"REG","OAK","ARI","Derek Carr","CarrDe02",3,0.107,NA,NA,3,0.107,4,13,4,3,11,0.314,NA,NA,NA
"375","2018_11_DEN_LAC","201811180sdg",2018,11,"REG","LAC","DEN","Philip Rivers","RivePh00",2,0.048,NA,NA,5,0.119,3,18,1,3,7,0.152,NA,NA,NA
"376","2018_11_DEN_LAC","201811180sdg",2018,11,"REG","DEN","LAC","Case Keenum","KeenCa00",3,0.107,NA,NA,3,0.107,0,4,0,3,3,0.094,NA,NA,NA
"377","2018_11_DEN_LAC","201811180sdg",2018,11,"REG","DEN","LAC","Colby Wadman","WadmCo00",0,0,NA,NA,0,0,0,0,0,0,0,0,NA,NA,NA
"378","2018_11_PHI_NO","201811180nor",2018,11,"REG","NO","PHI","Drew Brees","BreeDr00",2,0.067,NA,NA,6,0.2,0,10,1,1,2,0.067,NA,NA,NA
"379","2018_11_PHI_NO","201811180nor",2018,11,"REG","NO","PHI","Taysom Hill","HillTa00",0,0,NA,NA,1,0.5,0,0,0,0,0,0,NA,NA,NA
"380","2018_11_PHI_NO","201811180nor",2018,11,"REG","PHI","NO","Carson Wentz","WentCa00",0,0,NA,NA,9,0.273,3,9,4,2,9,0.25,NA,NA,NA
"381","2018_11_MIN_CHI","201811180chi",2018,11,"REG","CHI","MIN","Mitchell Trubisky","TrubMi00",1,0.033,NA,NA,3,0.1,1,11,8,1,10,0.27,NA,NA,NA
"382","2018_11_MIN_CHI","201811180chi",2018,11,"REG","MIN","CHI","Kirk Cousins","CousKi00",0,0,NA,NA,10,0.222,2,4,11,4,17,0.347,NA,NA,NA
"383","2018_11_KC_LA","201811190ram",2018,11,"REG","LA","KC","Jared Goff","GoffJa00",1,0.022,NA,NA,9,0.196,5,17,13,3,21,0.375,NA,NA,NA
"384","2018_11_KC_LA","201811190ram",2018,11,"REG","KC","LA","Patrick Mahomes","MahoPa00",2,0.043,NA,NA,6,0.13,3,5,18,1,22,0.407,NA,NA,NA
"385","2018_12_CHI_DET","201811220det",2018,12,"REG","DET","CHI","Matthew Stafford","StafMa00",2,0.054,NA,NA,4,0.108,2,18,4,2,8,0.2,NA,NA,NA
"386","2018_12_CHI_DET","201811220det",2018,12,"REG","CHI","DET","Chase Daniel","DaniCh00",1,0.027,NA,NA,8,0.216,4,7,1,3,8,0.19,NA,NA,NA
"387","2018_12_CHI_DET","201811220det",2018,12,"REG","CHI","DET","Anthony Miller","MillAn02",0,0,NA,NA,0,0,0,1,0,1,1,1,NA,NA,NA
"388","2018_12_WAS_DAL","201811220dal",2018,12,"REG","DAL","WAS","Dak Prescott","PresDa01",0,0,NA,NA,5,0.161,4,16,5,2,11,0.297,NA,NA,NA
"389","2018_12_WAS_DAL","201811220dal",2018,12,"REG","WAS","DAL","Colt McCoy","McCoCo00",0,0,NA,NA,5,0.132,3,4,6,1,10,0.222,NA,NA,NA
"390","2018_12_ATL_NO","201811220nor",2018,12,"REG","NO","ATL","Drew Brees","BreeDr00",1,0.045,NA,NA,3,0.136,1,1,0,0,1,0.043,NA,NA,NA
"391","2018_12_ATL_NO","201811220nor",2018,12,"REG","ATL","NO","Matt Ryan","RyanMa00",1,0.022,NA,NA,6,0.13,6,14,1,8,15,0.273,NA,NA,NA
"392","2018_12_OAK_BAL","201811250rav",2018,12,"REG","BAL","OAK","Lamar Jackson","JackLa00",1,0.04,NA,NA,4,0.16,1,7,3,0,4,0.148,NA,NA,NA
"393","2018_12_OAK_BAL","201811250rav",2018,12,"REG","OAK","BAL","Derek Carr","CarrDe02",3,0.091,NA,NA,9,0.273,3,13,7,3,13,0.351,NA,NA,NA
"394","2018_12_JAX_BUF","201811250buf",2018,12,"REG","BUF","JAX","Josh Allen","AlleJo02",1,0.059,NA,NA,5,0.294,0,5,5,6,11,0.423,NA,NA,NA
"395","2018_12_JAX_BUF","201811250buf",2018,12,"REG","JAX","BUF","Blake Bortles","BortBl00",1,0.045,NA,NA,6,0.273,3,6,2,3,8,0.258,NA,NA,NA
"396","2018_12_SEA_CAR","201811250car",2018,12,"REG","CAR","SEA","Cam Newton","NewtCa00",1,0.034,NA,NA,1,0.034,0,7,1,0,1,0.032,NA,NA,NA
"397","2018_12_SEA_CAR","201811250car",2018,12,"REG","SEA","CAR","Russell Wilson","WilsRu00",1,0.036,NA,NA,3,0.107,2,20,5,0,7,0.212,NA,NA,NA
"398","2018_12_CLE_CIN","201811250cin",2018,12,"REG","CIN","CLE","Jeff Driskel","DrisJe00",3,0.107,NA,NA,5,0.179,1,6,1,1,3,0.094,NA,NA,NA
"399","2018_12_CLE_CIN","201811250cin",2018,12,"REG","CIN","CLE","Andy Dalton","DaltAn00",0,0,NA,NA,4,0.235,0,4,0,0,0,0,NA,NA,NA
"400","2018_12_CLE_CIN","201811250cin",2018,12,"REG","CLE","CIN","Baker Mayfield","MayfBa00",1,0.04,NA,NA,3,0.12,0,5,3,1,4,0.148,NA,NA,NA
"401","2018_12_NE_NYJ","201811250nyj",2018,12,"REG","NYJ","NE","Josh McCown","McCoJo01",1,0.024,NA,NA,10,0.244,2,24,3,10,15,0.3,NA,NA,NA
"402","2018_12_NE_NYJ","201811250nyj",2018,12,"REG","NE","NYJ","Tom Brady","BradTo00",1,0.032,NA,NA,7,0.226,0,7,1,4,5,0.161,NA,NA,NA
"403","2018_12_NYG_PHI","201811250phi",2018,12,"REG","PHI","NYG","Carson Wentz","WentCa00",3,0.107,NA,NA,2,0.071,3,9,3,3,9,0.29,NA,NA,NA
"404","2018_12_NYG_PHI","201811250phi",2018,12,"REG","NYG","PHI","Eli Manning","MannEl00",2,0.054,NA,NA,8,0.216,2,2,4,2,8,0.205,NA,NA,NA
"405","2018_12_SF_TB","201811250tam",2018,12,"REG","TB","SF","Jameis Winston","WinsJa00",1,0.026,NA,NA,5,0.132,1,8,8,4,13,0.302,NA,NA,NA
"406","2018_12_SF_TB","201811250tam",2018,12,"REG","SF","TB","Nick Mullens","MullNi00",0,0,NA,NA,7,0.226,4,10,2,4,10,0.278,NA,NA,NA
"407","2018_12_ARI_LAC","201811250sdg",2018,12,"REG","LAC","ARI","Philip Rivers","RivePh00",0,0,NA,NA,1,0.034,4,9,0,1,5,0.147,NA,NA,NA
"408","2018_12_ARI_LAC","201811250sdg",2018,12,"REG","LAC","ARI","Geno Smith","SmitGe00",0,0,NA,NA,0,0,0,1,2,2,4,1,NA,NA,NA
"409","2018_12_ARI_LAC","201811250sdg",2018,12,"REG","ARI","LAC","Josh Rosen","RoseJo01",2,0.118,NA,NA,0,0,2,2,2,0,4,0.19,NA,NA,NA
"410","2018_12_PIT_DEN","201811250den",2018,12,"REG","DEN","PIT","Case Keenum","KeenCa00",2,0.074,NA,NA,6,0.222,2,21,4,2,8,0.267,NA,NA,NA
"411","2018_12_PIT_DEN","201811250den",2018,12,"REG","PIT","DEN","Ben Roethlisberger","RoetBe00",3,0.054,NA,NA,9,0.161,2,12,2,2,6,0.1,NA,NA,NA
"412","2018_12_PIT_DEN","201811250den",2018,12,"REG","PIT","DEN","Chris Boswell","BoswCh00",0,0,NA,NA,0,0,0,0,0,0,0,0,NA,NA,NA
"413","2018_12_PIT_DEN","201811250den",2018,12,"REG","PIT","DEN","Antonio Brown","BrowAn04",0,0,NA,NA,1,1,0,0,0,1,1,1,NA,NA,NA
"414","2018_12_MIA_IND","201811250clt",2018,12,"REG","IND","MIA","Andrew Luck","LuckAn00",2,0.054,NA,NA,1,0.027,1,11,5,1,7,0.179,NA,NA,NA
"415","2018_12_MIA_IND","201811250clt",2018,12,"REG","IND","MIA","Jacoby Brissett","BrisJa00",0,0,NA,NA,0,0,0,1,0,0,0,0,NA,NA,NA
"416","2018_12_MIA_IND","201811250clt",2018,12,"REG","MIA","IND","Ryan Tannehill","TannRy00",1,0.043,NA,NA,2,0.087,1,8,5,3,9,0.333,NA,NA,NA
"417","2018_12_GB_MIN","201811250min",2018,12,"REG","MIN","GB","Kirk Cousins","CousKi00",1,0.027,NA,NA,5,0.135,2,7,1,2,5,0.116,NA,NA,NA
"418","2018_12_GB_MIN","201811250min",2018,12,"REG","GB","MIN","Aaron Rodgers","RodgAa00",0,0,NA,NA,5,0.208,4,3,6,1,11,0.344,NA,NA,NA
"419","2018_12_TEN_HOU","201811260htx",2018,12,"REG","HOU","TEN","Deshaun Watson","WatsDe00",2,0.087,NA,NA,2,0.087,4,10,3,0,7,0.206,NA,NA,NA
"420","2018_12_TEN_HOU","201811260htx",2018,12,"REG","TEN","HOU","Marcus Mariota","MariMa01",0,0,NA,NA,1,0.043,6,6,8,1,15,0.441,NA,NA,NA
"421","2018_13_NO_DAL","201811290dal",2018,13,"REG","DAL","NO","Dak Prescott","PresDa01",0,0,NA,NA,4,0.143,7,10,4,1,12,0.324,NA,NA,NA
"422","2018_13_NO_DAL","201811290dal",2018,13,"REG","NO","DAL","Drew Brees","BreeDr00",2,0.071,NA,NA,2,0.071,2,3,2,4,8,0.267,NA,NA,NA
"423","2018_13_BAL_ATL","201812020atl",2018,13,"REG","ATL","BAL","Matt Ryan","RyanMa00",2,0.077,NA,NA,5,0.192,3,17,2,0,5,0.167,NA,NA,NA
"424","2018_13_BAL_ATL","201812020atl",2018,13,"REG","ATL","BAL","Mohamed Sanu","SanuMo00",0,0,NA,NA,1,1,0,1,0,0,0,0,NA,NA,NA
"425","2018_13_BAL_ATL","201812020atl",2018,13,"REG","BAL","ATL","Lamar Jackson","JackLa00",3,0.15,NA,NA,5,0.25,2,4,5,0,7,0.28,NA,NA,NA
"426","2018_13_BAL_ATL","201812020atl",2018,13,"REG","BAL","ATL","Robert Griffin III","GrifRo01",0,0,NA,NA,1,0.333,0,2,1,0,1,0.25,NA,NA,NA
"427","2018_13_BAL_ATL","201812020atl",2018,13,"REG","BAL","ATL","Sam Koch","KochSa20",0,0,NA,NA,0,0,0,0,0,0,0,0,NA,NA,NA
"428","2018_13_DEN_CIN","201812020cin",2018,13,"REG","CIN","DEN","Jeff Driskel","DrisJe00",3,0.083,NA,NA,5,0.139,4,11,2,5,11,0.268,NA,NA,NA
"429","2018_13_DEN_CIN","201812020cin",2018,13,"REG","DEN","CIN","Case Keenum","KeenCa00",0,0,NA,NA,5,0.263,2,3,4,2,8,0.333,NA,NA,NA
"430","2018_13_LA_DET","201812020det",2018,13,"REG","DET","LA","Matthew Stafford","StafMa00",2,0.061,NA,NA,9,0.273,4,8,2,6,12,0.324,NA,NA,NA
"431","2018_13_LA_DET","201812020det",2018,13,"REG","DET","LA","Bruce Ellington","ElliBr00",0,0,NA,NA,0,0,0,0,0,0,0,0,NA,NA,NA
"432","2018_13_LA_DET","201812020det",2018,13,"REG","LA","DET","Jared Goff","GoffJa00",0,0,NA,NA,11,0.344,2,4,3,2,7,0.2,NA,NA,NA
"433","2018_13_ARI_GB","201812020gnb",2018,13,"REG","GB","ARI","Aaron Rodgers","RodgAa00",5,0.106,NA,NA,9,0.191,1,23,12,3,16,0.296,NA,NA,NA
"434","2018_13_ARI_GB","201812020gnb",2018,13,"REG","ARI","GB","Josh Rosen","RoseJo01",0,0,NA,NA,6,0.273,2,13,8,1,11,0.379,NA,NA,NA
"435","2018_13_CLE_HOU","201812020htx",2018,13,"REG","HOU","CLE","Deshaun Watson","WatsDe00",1,0.034,NA,NA,4,0.138,4,17,4,3,11,0.275,NA,NA,NA
"436","2018_13_CLE_HOU","201812020htx",2018,13,"REG","CLE","HOU","Baker Mayfield","MayfBa00",2,0.05,NA,NA,4,0.1,0,2,13,1,14,0.326,NA,NA,NA
"437","2018_13_IND_JAX","201812020jax",2018,13,"REG","JAX","IND","Cody Kessler","KessCo00",1,0.045,NA,NA,2,0.091,3,3,1,4,8,0.25,NA,NA,NA
"438","2018_13_IND_JAX","201812020jax",2018,13,"REG","IND","JAX","Andrew Luck","LuckAn00",1,0.021,NA,NA,9,0.188,3,11,4,6,13,0.228,NA,NA,NA
"439","2018_13_BUF_MIA","201812020mia",2018,13,"REG","MIA","BUF","Ryan Tannehill","TannRy00",1,0.042,NA,NA,4,0.167,3,7,0,6,9,0.333,NA,NA,NA
"440","2018_13_BUF_MIA","201812020mia",2018,13,"REG","BUF","MIA","Josh Allen","AlleJo02",2,0.069,NA,NA,5,0.172,2,10,7,5,14,0.333,NA,NA,NA
"441","2018_13_CHI_NYG","201812020nyg",2018,13,"REG","NYG","CHI","Eli Manning","MannEl00",1,0.029,NA,NA,5,0.147,3,5,3,3,9,0.237,NA,NA,NA
"442","2018_13_CHI_NYG","201812020nyg",2018,13,"REG","NYG","CHI","Odell Beckham Jr.","BeckOd00",0,0,NA,NA,0,0,0,1,0,0,0,0,NA,NA,NA
"443","2018_13_CHI_NYG","201812020nyg",2018,13,"REG","CHI","NYG","Chase Daniel","DaniCh00",1,0.026,NA,NA,4,0.103,5,13,4,2,11,0.244,NA,NA,NA
"444","2018_13_CHI_NYG","201812020nyg",2018,13,"REG","CHI","NYG","Tarik Cohen","CoheTa00",0,0,NA,NA,0,0,0,0,0,0,0,0,NA,NA,NA
"445","2018_13_CAR_TB","201812020tam",2018,13,"REG","TB","CAR","Jameis Winston","WinsJa00",3,0.1,NA,NA,2,0.067,4,15,6,1,11,0.282,NA,NA,NA
"446","2018_13_CAR_TB","201812020tam",2018,13,"REG","CAR","TB","Cam Newton","NewtCa00",0,0,NA,NA,4,0.1,4,12,5,4,13,0.277,NA,NA,NA
"447","2018_13_CAR_TB","201812020tam",2018,13,"REG","CAR","TB","Taylor Heinicke","HeinTa00",0,0,NA,NA,0,0,0,0,0,1,1,1,NA,NA,NA
"448","2018_13_KC_OAK","201812020rai",2018,13,"REG","OAK","KC","Derek Carr","CarrDe02",1,0.028,NA,NA,5,0.139,3,9,4,1,8,0.195,NA,NA,NA
"449","2018_13_KC_OAK","201812020rai",2018,13,"REG","KC","OAK","Patrick Mahomes","MahoPa00",2,0.054,NA,NA,9,0.243,0,6,7,4,11,0.268,NA,NA,NA
"450","2018_13_NYJ_TEN","201812020oti",2018,13,"REG","TEN","NYJ","Marcus Mariota","MariMa01",2,0.063,NA,NA,7,0.219,3,11,2,0,5,0.122,NA,NA,NA
"451","2018_13_NYJ_TEN","201812020oti",2018,13,"REG","NYJ","TEN","Josh McCown","McCoJo01",4,0.133,NA,NA,4,0.133,2,16,1,0,3,0.091,NA,NA,NA
"452","2018_13_MIN_NE","201812020nwe",2018,13,"REG","NE","MIN","Tom Brady","BradTo00",1,0.032,NA,NA,4,0.129,0,6,2,1,3,0.091,NA,NA,NA
"453","2018_13_MIN_NE","201812020nwe",2018,13,"REG","MIN","NE","Kirk Cousins","CousKi00",2,0.045,NA,NA,7,0.159,2,14,2,4,8,0.174,NA,NA,NA
"454","2018_13_SF_SEA","201812020sea",2018,13,"REG","SEA","SF","Russell Wilson","WilsRu00",1,0.067,NA,NA,2,0.133,3,3,2,4,9,0.391,NA,NA,NA
"455","2018_13_SF_SEA","201812020sea",2018,13,"REG","SF","SEA","Nick Mullens","MullNi00",3,0.075,NA,NA,3,0.075,3,10,6,11,20,0.385,NA,NA,NA
"456","2018_13_LAC_PIT","201812020pit",2018,13,"REG","PIT","LAC","Ben Roethlisberger","RoetBe00",2,0.044,NA,NA,8,0.178,1,2,5,1,7,0.152,NA,NA,NA
"457","2018_13_LAC_PIT","201812020pit",2018,13,"REG","LAC","PIT","Philip Rivers","RivePh00",3,0.083,NA,NA,3,0.083,2,17,5,7,14,0.368,NA,NA,NA
"458","2018_13_WAS_PHI","201812030phi",2018,13,"REG","PHI","WAS","Carson Wentz","WentCa00",0,0,NA,NA,8,0.211,0,19,8,2,10,0.256,NA,NA,NA
"459","2018_13_WAS_PHI","201812030phi",2018,13,"REG","WAS","PHI","Mark Sanchez","SancMa00",1,0.048,NA,NA,5,0.238,2,3,7,3,12,0.5,NA,NA,NA
"460","2018_13_WAS_PHI","201812030phi",2018,13,"REG","WAS","PHI","Colt McCoy","McCoCo00",0,0,NA,NA,0,0,1,1,1,2,4,0.8,NA,NA,NA
"461","2018_14_JAX_TEN","201812060oti",2018,14,"REG","TEN","JAX","Marcus Mariota","MariMa01",1,0.042,NA,NA,5,0.208,1,5,2,0,3,0.115,NA,NA,NA
"462","2018_14_JAX_TEN","201812060oti",2018,14,"REG","JAX","TEN","Cody Kessler","KessCo00",3,0.073,NA,NA,7,0.171,4,16,15,3,22,0.449,NA,NA,NA
"463","2018_14_NYJ_BUF","201812090buf",2018,14,"REG","BUF","NYJ","Josh Allen","AlleJo02",3,0.088,NA,NA,13,0.382,3,14,7,6,16,0.356,NA,NA,NA
"464","2018_14_NYJ_BUF","201812090buf",2018,14,"REG","BUF","NYJ","Zay Jones","JoneZa00",0,0,NA,NA,1,1,0,0,0,1,1,1,NA,NA,NA
"465","2018_14_NYJ_BUF","201812090buf",2018,14,"REG","NYJ","BUF","Sam Darnold","DarnSa00",0,0,NA,NA,5,0.217,0,6,4,0,4,0.167,NA,NA,NA
"466","2018_14_NYJ_BUF","201812090buf",2018,14,"REG","NYJ","BUF","Josh McCown","McCoJo01",0,0,NA,NA,0,0,0,0,0,0,0,0,NA,NA,NA
"467","2018_14_CAR_CLE","201812090cle",2018,14,"REG","CLE","CAR","Baker Mayfield","MayfBa00",3,0.136,NA,NA,1,0.045,1,7,5,0,6,0.25,NA,NA,NA
"468","2018_14_CAR_CLE","201812090cle",2018,14,"REG","CLE","CAR","Jarvis Landry","LandJa00",0,0,NA,NA,0,0,0,0,0,0,0,0,NA,NA,NA
"469","2018_14_CAR_CLE","201812090cle",2018,14,"REG","CAR","CLE","Cam Newton","NewtCa00",1,0.024,NA,NA,10,0.238,1,17,8,2,11,0.244,NA,NA,NA
"470","2018_14_CAR_CLE","201812090cle",2018,14,"REG","CAR","CLE","Taylor Heinicke","HeinTa00",0,0,NA,NA,0,0,0,1,0,1,1,1,NA,NA,NA
"471","2018_14_ATL_GB","201812090gnb",2018,14,"REG","GB","ATL","Aaron Rodgers","RodgAa00",0,0,NA,NA,4,0.138,4,14,5,1,10,0.256,NA,NA,NA
"472","2018_14_ATL_GB","201812090gnb",2018,14,"REG","ATL","GB","Matt Ryan","RyanMa00",4,0.095,NA,NA,6,0.143,2,15,4,3,9,0.205,NA,NA,NA
"473","2018_14_IND_HOU","201812090htx",2018,14,"REG","HOU","IND","Deshaun Watson","WatsDe00",0,0,NA,NA,7,0.184,5,11,4,3,12,0.261,NA,NA,NA
"474","2018_14_IND_HOU","201812090htx",2018,14,"REG","IND","HOU","Andrew Luck","LuckAn00",3,0.075,NA,NA,3,0.075,2,11,0,3,5,0.111,NA,NA,NA
"475","2018_14_BAL_KC","201812090kan",2018,14,"REG","KC","BAL","Patrick Mahomes","MahoPa00",4,0.089,NA,NA,4,0.089,3,23,13,12,28,0.5,NA,NA,NA
"476","2018_14_BAL_KC","201812090kan",2018,14,"REG","BAL","KC","Lamar Jackson","JackLa00",1,0.042,NA,NA,7,0.292,2,9,5,1,8,0.286,NA,NA,NA
"477","2018_14_BAL_KC","201812090kan",2018,14,"REG","BAL","KC","Robert Griffin III","GrifRo01",0,0,NA,NA,1,0.5,0,2,0,0,0,0,NA,NA,NA
"478","2018_14_NE_MIA","201812090mia",2018,14,"REG","MIA","NE","Ryan Tannehill","TannRy00",2,0.105,NA,NA,2,0.105,4,11,3,4,11,0.478,NA,NA,NA
"479","2018_14_NE_MIA","201812090mia",2018,14,"REG","NE","MIA","Tom Brady","BradTo00",2,0.049,NA,NA,7,0.171,2,12,3,1,6,0.133,NA,NA,NA
"480","2018_14_NO_TB","201812090tam",2018,14,"REG","TB","NO","Jameis Winston","WinsJa00",3,0.081,NA,NA,9,0.243,4,10,7,6,17,0.362,NA,NA,NA
"481","2018_14_NO_TB","201812090tam",2018,14,"REG","NO","TB","Drew Brees","BreeDr00",2,0.065,NA,NA,4,0.129,1,6,0,3,4,0.125,NA,NA,NA
"482","2018_14_NYG_WAS","201812090was",2018,14,"REG","WAS","NYG","Josh Johnson","JohnJo05",1,0.067,NA,NA,1,0.067,0,6,4,1,5,0.238,NA,NA,NA
"483","2018_14_NYG_WAS","201812090was",2018,14,"REG","WAS","NYG","Mark Sanchez","SancMa00",5,0.357,NA,NA,0,0,5,5,3,1,9,0.474,NA,NA,NA
"484","2018_14_NYG_WAS","201812090was",2018,14,"REG","NYG","WAS","Eli Manning","MannEl00",0,0,NA,NA,3,0.143,2,7,0,1,3,0.125,NA,NA,NA
"485","2018_14_NYG_WAS","201812090was",2018,14,"REG","NYG","WAS","Kyle Lauletta","LaulKy00",0,0,NA,NA,2,0.4,0,2,0,3,3,0.6,NA,NA,NA
"486","2018_14_CIN_LAC","201812090sdg",2018,14,"REG","LAC","CIN","Philip Rivers","RivePh00",2,0.069,NA,NA,2,0.069,2,4,2,0,4,0.125,NA,NA,NA
"487","2018_14_CIN_LAC","201812090sdg",2018,14,"REG","CIN","LAC","Jeff Driskel","DrisJe00",0,0,NA,NA,4,0.16,3,7,1,1,5,0.161,NA,NA,NA
"488","2018_14_DEN_SF","201812090sfo",2018,14,"REG","SF","DEN","Nick Mullens","MullNi00",4,0.125,NA,NA,3,0.094,3,15,3,6,12,0.333,NA,NA,NA
"489","2018_14_DEN_SF","201812090sfo",2018,14,"REG","DEN","SF","Case Keenum","KeenCa00",2,0.053,NA,NA,11,0.289,2,10,7,8,17,0.362,NA,NA,NA
"490","2018_14_DET_ARI","201812090crd",2018,14,"REG","ARI","DET","Josh Rosen","RoseJo01",1,0.024,NA,NA,9,0.22,3,7,0,3,6,0.13,NA,NA,NA
"491","2018_14_DET_ARI","201812090crd",2018,14,"REG","DET","ARI","Matthew Stafford","StafMa00",1,0.045,NA,NA,5,0.227,1,9,0,1,2,0.08,NA,NA,NA
"492","2018_14_PHI_DAL","201812090dal",2018,14,"REG","DAL","PHI","Dak Prescott","PresDa01",2,0.038,NA,NA,6,0.113,3,7,8,6,17,0.298,NA,NA,NA
"493","2018_14_PHI_DAL","201812090dal",2018,14,"REG","PHI","DAL","Carson Wentz","WentCa00",3,0.094,NA,NA,5,0.156,2,7,5,4,11,0.306,NA,NA,NA
"494","2018_14_PIT_OAK","201812090rai",2018,14,"REG","OAK","PIT","Derek Carr","CarrDe02",2,0.063,NA,NA,2,0.063,4,14,4,1,9,0.237,NA,NA,NA
"495","2018_14_PIT_OAK","201812090rai",2018,14,"REG","PIT","OAK","Ben Roethlisberger","RoetBe00",0,0,NA,NA,2,0.069,1,6,1,1,3,0.1,NA,NA,NA
"496","2018_14_PIT_OAK","201812090rai",2018,14,"REG","PIT","OAK","Joshua Dobbs","DobbJo00",0,0,NA,NA,1,0.111,0,1,0,1,1,0.091,NA,NA,NA
"497","2018_14_LA_CHI","201812090chi",2018,14,"REG","CHI","LA","Mitchell Trubisky","TrubMi00",0,0,NA,NA,9,0.321,1,7,4,0,5,0.147,NA,NA,NA
"498","2018_14_LA_CHI","201812090chi",2018,14,"REG","LA","CHI","Jared Goff","GoffJa00",2,0.05,NA,NA,9,0.225,3,9,4,0,7,0.149,NA,NA,NA
"499","2018_14_LA_CHI","201812090chi",2018,14,"REG","LA","CHI","Johnny Hekker","HekkJo00",0,0,NA,NA,0,0,0,0,0,0,0,0,NA,NA,NA
"500","2018_14_MIN_SEA","201812100sea",2018,14,"REG","SEA","MIN","Russell Wilson","WilsRu00",1,0.059,NA,NA,6,0.353,2,7,10,0,12,0.5,NA,NA,NA
"501","2018_14_MIN_SEA","201812100sea",2018,14,"REG","MIN","SEA","Kirk Cousins","CousKi00",3,0.097,NA,NA,4,0.129,2,3,14,4,20,0.571,NA,NA,NA
"502","2018_15_LAC_KC","201812130kan",2018,15,"REG","KC","LAC","Patrick Mahomes","MahoPa00",2,0.061,NA,NA,4,0.121,2,3,7,1,10,0.27,NA,NA,NA
"503","2018_15_LAC_KC","201812130kan",2018,15,"REG","LAC","KC","Philip Rivers","RivePh00",1,0.026,NA,NA,4,0.105,5,6,8,6,19,0.442,NA,NA,NA
"504","2018_15_HOU_NYJ","201812150nyj",2018,15,"REG","NYJ","HOU","Sam Darnold","DarnSa00",1,0.029,NA,NA,5,0.143,3,5,9,3,15,0.333,NA,NA,NA
"505","2018_15_HOU_NYJ","201812150nyj",2018,15,"REG","HOU","NYJ","Deshaun Watson","WatsDe00",0,0,NA,NA,3,0.115,6,15,7,3,16,0.457,NA,NA,NA
"506","2018_15_CLE_DEN","201812150den",2018,15,"REG","DEN","CLE","Case Keenum","KeenCa00",2,0.047,NA,NA,7,0.163,2,21,4,4,10,0.196,NA,NA,NA
"507","2018_15_CLE_DEN","201812150den",2018,15,"REG","CLE","DEN","Baker Mayfield","MayfBa00",3,0.1,NA,NA,4,0.133,2,13,3,1,6,0.176,NA,NA,NA
"508","2018_15_ARI_ATL","201812160atl",2018,15,"REG","ATL","ARI","Matt Ryan","RyanMa00",7,0.194,NA,NA,4,0.111,2,12,2,1,5,0.128,NA,NA,NA
"509","2018_15_ARI_ATL","201812160atl",2018,15,"REG","ARI","ATL","Josh Rosen","RoseJo01",2,0.095,NA,NA,1,0.048,6,12,4,1,11,0.379,NA,NA,NA
"510","2018_15_ARI_ATL","201812160atl",2018,15,"REG","ARI","ATL","Mike Glennon","GlenMi00",0,0,NA,NA,4,0.286,1,3,1,0,2,0.133,NA,NA,NA
"511","2018_15_TB_BAL","201812160rav",2018,15,"REG","BAL","TB","Lamar Jackson","JackLa00",2,0.095,NA,NA,2,0.095,2,10,1,3,6,0.207,NA,NA,NA
"512","2018_15_TB_BAL","201812160rav",2018,15,"REG","TB","BAL","Jameis Winston","WinsJa00",3,0.12,NA,NA,4,0.16,1,5,3,2,6,0.231,NA,NA,NA
"513","2018_15_DET_BUF","201812160buf",2018,15,"REG","BUF","DET","Josh Allen","AlleJo02",0,0,NA,NA,6,0.261,1,9,6,1,8,0.286,NA,NA,NA
"514","2018_15_DET_BUF","201812160buf",2018,15,"REG","DET","BUF","Matthew Stafford","StafMa00",0,0,NA,NA,3,0.107,0,16,3,4,7,0.241,NA,NA,NA
"515","2018_15_GB_CHI","201812160chi",2018,15,"REG","CHI","GB","Mitchell Trubisky","TrubMi00",2,0.074,NA,NA,3,0.111,1,6,5,0,6,0.194,NA,NA,NA
"516","2018_15_GB_CHI","201812160chi",2018,15,"REG","GB","CHI","Aaron Rodgers","RodgAa00",1,0.025,NA,NA,6,0.15,5,10,11,2,18,0.36,NA,NA,NA
"517","2018_15_OAK_CIN","201812160cin",2018,15,"REG","CIN","OAK","Jeff Driskel","DrisJe00",2,0.061,NA,NA,14,0.424,1,8,2,3,6,0.162,NA,NA,NA
"518","2018_15_OAK_CIN","201812160cin",2018,15,"REG","OAK","CIN","Derek Carr","CarrDe02",1,0.03,NA,NA,6,0.182,5,5,1,1,7,0.163,NA,NA,NA
"519","2018_15_DAL_IND","201812160clt",2018,15,"REG","IND","DAL","Andrew Luck","LuckAn00",2,0.077,NA,NA,4,0.154,0,6,2,3,5,0.167,NA,NA,NA
"520","2018_15_DAL_IND","201812160clt",2018,15,"REG","DAL","IND","Dak Prescott","PresDa01",2,0.053,NA,NA,8,0.211,3,18,3,2,8,0.19,NA,NA,NA
"521","2018_15_WAS_JAX","201812160jax",2018,15,"REG","JAX","WAS","Cody Kessler","KessCo00",0,0,NA,NA,3,0.214,6,5,5,1,12,0.414,NA,NA,NA
"522","2018_15_WAS_JAX","201812160jax",2018,15,"REG","WAS","JAX","Josh Johnson","JohnJo05",3,0.13,NA,NA,3,0.13,3,14,1,4,8,0.242,NA,NA,NA
"523","2018_15_MIA_MIN","201812160min",2018,15,"REG","MIN","MIA","Kirk Cousins","CousKi00",1,0.05,NA,NA,2,0.1,2,9,1,2,5,0.208,NA,NA,NA
"524","2018_15_MIA_MIN","201812160min",2018,15,"REG","MIA","MIN","Ryan Tannehill","TannRy00",1,0.043,NA,NA,6,0.261,9,16,3,2,14,0.412,NA,NA,NA
"525","2018_15_TEN_NYG","201812160nyg",2018,15,"REG","NYG","TEN","Eli Manning","MannEl00",3,0.068,NA,NA,15,0.341,3,12,5,5,13,0.277,NA,NA,NA
"526","2018_15_TEN_NYG","201812160nyg",2018,15,"REG","TEN","NYG","Marcus Mariota","MariMa01",1,0.053,NA,NA,4,0.211,1,11,4,1,6,0.286,NA,NA,NA
"527","2018_15_TEN_NYG","201812160nyg",2018,15,"REG","TEN","NYG","Derrick Henry","HenrDe00",0,0,NA,NA,0,0,0,0,0,0,0,0,NA,NA,NA
"528","2018_15_SEA_SF","201812160sfo",2018,15,"REG","SF","SEA","Nick Mullens","MullNi00",2,0.071,NA,NA,4,0.143,3,6,2,5,10,0.313,NA,NA,NA
"529","2018_15_SEA_SF","201812160sfo",2018,15,"REG","SEA","SF","Russell Wilson","WilsRu00",0,0,NA,NA,3,0.107,3,11,7,1,11,0.314,NA,NA,NA
"530","2018_15_NE_PIT","201812160pit",2018,15,"REG","PIT","NE","Ben Roethlisberger","RoetBe00",0,0,NA,NA,7,0.212,2,7,4,5,11,0.306,NA,NA,NA
"531","2018_15_NE_PIT","201812160pit",2018,15,"REG","NE","PIT","Tom Brady","BradTo00",3,0.083,NA,NA,4,0.111,1,8,4,6,11,0.297,NA,NA,NA
"532","2018_15_PHI_LA","201812160ram",2018,15,"REG","LA","PHI","Jared Goff","GoffJa00",1,0.02,NA,NA,10,0.2,2,8,2,6,10,0.175,NA,NA,NA
"533","2018_15_PHI_LA","201812160ram",2018,15,"REG","LA","PHI","Johnny Hekker","HekkJo00",0,0,NA,NA,0,0,0,0,0,0,0,0,NA,NA,NA
"534","2018_15_PHI_LA","201812160ram",2018,15,"REG","PHI","LA","Nick Foles","FoleNi00",2,0.067,NA,NA,1,0.033,0,4,2,2,4,0.125,NA,NA,NA
"535","2018_15_NO_CAR","201812170car",2018,15,"REG","CAR","NO","Cam Newton","NewtCa00",3,0.107,NA,NA,4,0.143,4,12,8,0,12,0.343,NA,NA,NA
"536","2018_15_NO_CAR","201812170car",2018,15,"REG","CAR","NO","Christian McCaffrey","McCaCh01",0,0,NA,NA,0,0,0,1,0,0,0,0,NA,NA,NA
"537","2018_15_NO_CAR","201812170car",2018,15,"REG","NO","CAR","Drew Brees","BreeDr00",3,0.088,NA,NA,0,0,2,8,6,1,9,0.243,NA,NA,NA
"538","2018_16_WAS_TEN","201812220oti",2018,16,"REG","TEN","WAS","Marcus Mariota","MariMa01",0,0,NA,NA,0,0,2,5,2,1,5,0.313,NA,NA,NA
"539","2018_16_WAS_TEN","201812220oti",2018,16,"REG","TEN","WAS","Blaine Gabbert","GabbBl00",0,0,NA,NA,3,0.3,1,1,3,0,4,0.333,NA,NA,NA
"540","2018_16_WAS_TEN","201812220oti",2018,16,"REG","TEN","WAS","Derrick Henry","HenrDe00",0,0,NA,NA,1,1,0,0,1,0,1,1,NA,NA,NA
"541","2018_16_WAS_TEN","201812220oti",2018,16,"REG","WAS","TEN","Josh Johnson","JohnJo05",1,0.045,NA,NA,4,0.182,2,11,7,1,10,0.385,NA,NA,NA
"542","2018_16_BAL_LAC","201812220sdg",2018,16,"REG","LAC","BAL","Philip Rivers","RivePh00",1,0.029,NA,NA,6,0.176,4,18,2,3,9,0.214,NA,NA,NA
"543","2018_16_BAL_LAC","201812220sdg",2018,16,"REG","BAL","LAC","Lamar Jackson","JackLa00",0,0,NA,NA,5,0.227,3,5,2,1,6,0.214,NA,NA,NA
"544","2018_16_ATL_CAR","201812230car",2018,16,"REG","CAR","ATL","Taylor Heinicke","HeinTa00",0,0,NA,NA,14,0.286,2,15,4,6,12,0.211,NA,NA,NA
"545","2018_16_ATL_CAR","201812230car",2018,16,"REG","CAR","ATL","Kyle Allen","AlleKy00",0,0,NA,NA,0,0,0,1,0,0,0,0,NA,NA,NA
"546","2018_16_ATL_CAR","201812230car",2018,16,"REG","ATL","CAR","Matt Ryan","RyanMa00",2,0.077,NA,NA,4,0.154,1,6,1,2,4,0.148,NA,NA,NA
"547","2018_16_CIN_CLE","201812230cle",2018,16,"REG","CLE","CIN","Baker Mayfield","MayfBa00",2,0.054,NA,NA,6,0.162,0,9,3,0,3,0.075,NA,NA,NA
"548","2018_16_CIN_CLE","201812230cle",2018,16,"REG","CLE","CIN","Jarvis Landry","LandJa00",0,0,NA,NA,0,0,0,0,0,0,0,0,NA,NA,NA
"549","2018_16_CIN_CLE","201812230cle",2018,16,"REG","CIN","CLE","Jeff Driskel","DrisJe00",1,0.053,NA,NA,4,0.211,3,13,3,2,8,0.32,NA,NA,NA
"550","2018_16_TB_DAL","201812230dal",2018,16,"REG","DAL","TB","Dak Prescott","PresDa01",2,0.08,NA,NA,2,0.08,1,9,2,1,4,0.154,NA,NA,NA
"551","2018_16_TB_DAL","201812230dal",2018,16,"REG","TB","DAL","Jameis Winston","WinsJa00",1,0.021,NA,NA,6,0.128,3,9,5,4,12,0.222,NA,NA,NA
"552","2018_16_MIN_DET","201812230det",2018,16,"REG","DET","MIN","Matthew Stafford","StafMa00",3,0.094,NA,NA,9,0.281,2,12,0,0,2,0.059,NA,NA,NA
"553","2018_16_MIN_DET","201812230det",2018,16,"REG","DET","MIN","Matt Cassel","CassMa00",1,0.1,NA,NA,3,0.3,1,1,0,0,1,0.077,NA,NA,NA
"554","2018_16_MIN_DET","201812230det",2018,16,"REG","MIN","DET","Kirk Cousins","CousKi00",1,0.036,NA,NA,6,0.214,2,11,1,0,3,0.1,NA,NA,NA
"555","2018_16_NYG_IND","201812230clt",2018,16,"REG","IND","NYG","Andrew Luck","LuckAn00",3,0.067,NA,NA,8,0.178,1,13,4,4,9,0.184,NA,NA,NA
"556","2018_16_NYG_IND","201812230clt",2018,16,"REG","NYG","IND","Eli Manning","MannEl00",0,0,NA,NA,4,0.129,0,11,4,3,7,0.212,NA,NA,NA
"557","2018_16_JAX_MIA","201812230mia",2018,16,"REG","MIA","JAX","Ryan Tannehill","TannRy00",1,0.048,NA,NA,3,0.143,3,6,2,4,9,0.333,NA,NA,NA
"558","2018_16_JAX_MIA","201812230mia",2018,16,"REG","JAX","MIA","Cody Kessler","KessCo00",2,0.125,NA,NA,2,0.125,5,7,3,4,12,0.545,NA,NA,NA
"559","2018_16_JAX_MIA","201812230mia",2018,16,"REG","JAX","MIA","Blake Bortles","BortBl00",0,0,NA,NA,0,0,1,3,0,0,1,0.143,NA,NA,NA
"560","2018_16_JAX_MIA","201812230mia",2018,16,"REG","JAX","MIA","Dede Westbrook","WestDe00",0,0,NA,NA,1,1,0,1,0,1,1,1,NA,NA,NA
"561","2018_16_BUF_NE","201812230nwe",2018,16,"REG","NE","BUF","Tom Brady","BradTo00",2,0.087,NA,NA,7,0.304,1,12,5,0,6,0.24,NA,NA,NA
"562","2018_16_BUF_NE","201812230nwe",2018,16,"REG","NE","BUF","Brian Hoyer","HoyeBr00",0,0,NA,NA,1,1,0,0,0,0,0,0,NA,NA,NA
"563","2018_16_BUF_NE","201812230nwe",2018,16,"REG","BUF","NE","Josh Allen","AlleJo02",4,0.103,NA,NA,12,0.308,0,15,2,0,2,0.047,NA,NA,NA
"564","2018_16_GB_NYJ","201812230nyj",2018,16,"REG","NYJ","GB","Sam Darnold","DarnSa00",1,0.03,NA,NA,5,0.152,2,11,5,0,7,0.184,NA,NA,NA
"565","2018_16_GB_NYJ","201812230nyj",2018,16,"REG","GB","NYJ","Aaron Rodgers","RodgAa00",2,0.038,NA,NA,9,0.173,4,17,6,4,14,0.226,NA,NA,NA
"566","2018_16_HOU_PHI","201812230phi",2018,16,"REG","PHI","HOU","Nick Foles","FoleNi00",1,0.021,NA,NA,6,0.125,1,7,6,3,10,0.2,NA,NA,NA
"567","2018_16_HOU_PHI","201812230phi",2018,16,"REG","PHI","HOU","Nate Sudfeld","SudfNa00",0,0,NA,NA,1,1,0,0,0,0,0,0,NA,NA,NA
"568","2018_16_HOU_PHI","201812230phi",2018,16,"REG","HOU","PHI","Deshaun Watson","WatsDe00",0,0,NA,NA,6,0.162,4,5,5,4,13,0.26,NA,NA,NA
"569","2018_16_LA_ARI","201812230crd",2018,16,"REG","ARI","LA","Josh Rosen","RoseJo01",1,0.043,NA,NA,5,0.217,4,3,1,4,9,0.29,NA,NA,NA
"570","2018_16_LA_ARI","201812230crd",2018,16,"REG","ARI","LA","Mike Glennon","GlenMi00",0,0,NA,NA,1,0.143,0,1,0,0,0,0,NA,NA,NA
"571","2018_16_LA_ARI","201812230crd",2018,16,"REG","ARI","LA","Larry Fitzgerald","FitzLa00",0,0,NA,NA,0,0,0,0,0,0,0,0,NA,NA,NA
"572","2018_16_LA_ARI","201812230crd",2018,16,"REG","LA","ARI","Jared Goff","GoffJa00",0,0,NA,NA,1,0.043,2,16,1,2,5,0.192,NA,NA,NA
"573","2018_16_CHI_SF","201812230sfo",2018,16,"REG","SF","CHI","Nick Mullens","MullNi00",1,0.027,NA,NA,5,0.135,1,12,10,5,16,0.41,NA,NA,NA
"574","2018_16_CHI_SF","201812230sfo",2018,16,"REG","CHI","SF","Mitchell Trubisky","TrubMi00",1,0.034,NA,NA,1,0.034,3,5,8,1,12,0.375,NA,NA,NA
"575","2018_16_PIT_NO","201812230nor",2018,16,"REG","NO","PIT","Drew Brees","BreeDr00",2,0.053,NA,NA,2,0.053,2,15,1,3,6,0.146,NA,NA,NA
"576","2018_16_PIT_NO","201812230nor",2018,16,"REG","NO","PIT","Taysom Hill","HillTa00",0,0,NA,NA,0,0,0,1,0,0,0,0,NA,NA,NA
"577","2018_16_PIT_NO","201812230nor",2018,16,"REG","PIT","NO","Ben Roethlisberger","RoetBe00",0,0,NA,NA,14,0.292,3,17,1,3,7,0.13,NA,NA,NA
"578","2018_16_KC_SEA","201812230sea",2018,16,"REG","SEA","KC","Russell Wilson","WilsRu00",1,0.037,NA,NA,7,0.259,3,14,9,5,17,0.472,NA,NA,NA
"579","2018_16_KC_SEA","201812230sea",2018,16,"REG","KC","SEA","Patrick Mahomes","MahoPa00",1,0.026,NA,NA,10,0.263,1,6,8,9,18,0.409,NA,NA,NA
"580","2018_16_DEN_OAK","201812240rai",2018,16,"REG","OAK","DEN","Derek Carr","CarrDe02",1,0.038,NA,NA,2,0.077,1,4,3,0,4,0.148,NA,NA,NA
"581","2018_16_DEN_OAK","201812240rai",2018,16,"REG","DEN","OAK","Case Keenum","KeenCa00",2,0.056,NA,NA,8,0.222,1,8,10,1,12,0.3,NA,NA,NA
"582","2018_17_MIA_BUF","201812300buf",2018,17,"REG","BUF","MIA","Josh Allen","AlleJo02",0,0,NA,NA,6,0.25,1,15,1,5,7,0.219,NA,NA,NA
"583","2018_17_MIA_BUF","201812300buf",2018,17,"REG","MIA","BUF","Ryan Tannehill","TannRy00",0,0,NA,NA,6,0.207,4,11,3,2,9,0.25,NA,NA,NA
"584","2018_17_MIA_BUF","201812300buf",2018,17,"REG","MIA","BUF","Kenny Stills","StilKe00",0,0,NA,NA,0,0,0,0,0,0,0,0,NA,NA,NA
"585","2018_17_DET_GB","201812300gnb",2018,17,"REG","GB","DET","DeShone Kizer","KizeDe00",4,0.125,NA,NA,8,0.25,2,4,3,3,8,0.195,NA,NA,NA
"586","2018_17_DET_GB","201812300gnb",2018,17,"REG","GB","DET","Aaron Rodgers","RodgAa00",0,0,NA,NA,1,0.25,1,1,1,0,2,0.333,NA,NA,NA
"587","2018_17_DET_GB","201812300gnb",2018,17,"REG","DET","GB","Matthew Stafford","StafMa00",2,0.065,NA,NA,4,0.129,1,12,3,2,6,0.182,NA,NA,NA
"588","2018_17_DET_GB","201812300gnb",2018,17,"REG","DET","GB","Matt Prater","PratMa20",0,0,NA,NA,0,0,0,0,0,0,0,0,NA,NA,NA
"589","2018_17_JAX_HOU","201812300htx",2018,17,"REG","HOU","JAX","Deshaun Watson","WatsDe00",1,0.029,NA,NA,5,0.143,6,13,8,4,18,0.429,NA,NA,NA
"590","2018_17_JAX_HOU","201812300htx",2018,17,"REG","JAX","HOU","Blake Bortles","BortBl00",1,0.036,NA,NA,5,0.179,3,10,3,2,8,0.229,NA,NA,NA
"591","2018_17_NYJ_NE","201812300nwe",2018,17,"REG","NE","NYJ","Tom Brady","BradTo00",1,0.031,NA,NA,4,0.125,1,9,2,2,5,0.147,NA,NA,NA
"592","2018_17_NYJ_NE","201812300nwe",2018,17,"REG","NYJ","NE","Sam Darnold","DarnSa00",2,0.071,NA,NA,6,0.214,4,15,5,1,10,0.303,NA,NA,NA
"593","2018_17_CAR_NO","201812300nor",2018,17,"REG","NO","CAR","Teddy Bridgewater","BridTe00",0,0,NA,NA,2,0.095,2,6,5,0,7,0.259,NA,NA,NA
"594","2018_17_CAR_NO","201812300nor",2018,17,"REG","CAR","NO","Kyle Allen","AlleKy00",0,0,NA,NA,9,0.346,0,10,3,5,8,0.267,NA,NA,NA
"595","2018_17_CAR_NO","201812300nor",2018,17,"REG","CAR","NO","Garrett Gilbert","GilbGa01",0,0,NA,NA,0,0,1,3,1,1,3,0.75,NA,NA,NA
"596","2018_17_DAL_NYG","201812300nyg",2018,17,"REG","NYG","DAL","Eli Manning","MannEl00",2,0.051,NA,NA,10,0.256,1,10,2,3,6,0.143,NA,NA,NA
"597","2018_17_DAL_NYG","201812300nyg",2018,17,"REG","DAL","NYG","Dak Prescott","PresDa01",2,0.047,NA,NA,11,0.256,4,12,3,6,13,0.265,NA,NA,NA
"598","2018_17_ATL_TB","201812300tam",2018,17,"REG","TB","ATL","Jameis Winston","WinsJa00",2,0.061,NA,NA,5,0.152,1,7,2,3,6,0.162,NA,NA,NA
"599","2018_17_ATL_TB","201812300tam",2018,17,"REG","ATL","TB","Matt Ryan","RyanMa00",0,0,NA,NA,3,0.071,1,8,3,4,8,0.174,NA,NA,NA
"600","2018_17_ATL_TB","201812300tam",2018,17,"REG","ATL","TB","Mohamed Sanu","SanuMo00",0,0,NA,NA,0,0,0,0,0,0,0,0,NA,NA,NA
"601","2018_17_CLE_BAL","201812300rav",2018,17,"REG","BAL","CLE","Lamar Jackson","JackLa00",0,0,NA,NA,7,0.304,2,14,3,2,7,0.25,NA,NA,NA
"602","2018_17_CLE_BAL","201812300rav",2018,17,"REG","CLE","BAL","Baker Mayfield","MayfBa00",1,0.024,NA,NA,10,0.244,0,23,8,1,9,0.214,NA,NA,NA
"603","2018_17_LAC_DEN","201812300den",2018,17,"REG","DEN","LAC","Case Keenum","KeenCa00",4,0.089,NA,NA,5,0.111,1,12,6,1,8,0.16,NA,NA,NA
"604","2018_17_LAC_DEN","201812300den",2018,17,"REG","LAC","DEN","Philip Rivers","RivePh00",2,0.083,NA,NA,5,0.208,0,12,1,2,3,0.125,NA,NA,NA
"605","2018_17_OAK_KC","201812300kan",2018,17,"REG","KC","OAK","Patrick Mahomes","MahoPa00",3,0.125,NA,NA,3,0.125,0,5,4,0,4,0.16,NA,NA,NA
"606","2018_17_OAK_KC","201812300kan",2018,17,"REG","KC","OAK","Chad Henne","HennCh01",1,0.333,NA,NA,0,0,0,2,0,0,0,0,NA,NA,NA
"607","2018_17_OAK_KC","201812300kan",2018,17,"REG","OAK","KC","Derek Carr","CarrDe02",0,0,NA,NA,3,0.094,3,8,3,0,6,0.167,NA,NA,NA
"608","2018_17_SF_LA","201812300ram",2018,17,"REG","LA","SF","Jared Goff","GoffJa00",0,0,NA,NA,6,0.261,0,5,2,2,4,0.154,NA,NA,NA
"609","2018_17_SF_LA","201812300ram",2018,17,"REG","LA","SF","Sean Mannion","MannSe00",1,0.333,NA,NA,0,0,0,1,0,0,0,0,NA,NA,NA
"610","2018_17_SF_LA","201812300ram",2018,17,"REG","SF","LA","Nick Mullens","MullNi00",0,0,NA,NA,3,0.097,3,12,2,6,11,0.306,NA,NA,NA
"611","2018_17_CHI_MIN","201812300min",2018,17,"REG","MIN","CHI","Kirk Cousins","CousKi00",2,0.065,NA,NA,5,0.161,4,7,16,1,21,0.553,NA,NA,NA
"612","2018_17_CHI_MIN","201812300min",2018,17,"REG","CHI","MIN","Mitchell Trubisky","TrubMi00",1,0.038,NA,NA,4,0.154,0,8,3,1,4,0.143,NA,NA,NA
"613","2018_17_CIN_PIT","201812300pit",2018,17,"REG","PIT","CIN","Ben Roethlisberger","RoetBe00",1,0.022,NA,NA,7,0.156,1,8,3,6,10,0.213,NA,NA,NA
"614","2018_17_CIN_PIT","201812300pit",2018,17,"REG","CIN","PIT","Jeff Driskel","DrisJe00",3,0.13,NA,NA,4,0.174,4,10,0,4,8,0.276,NA,NA,NA
"615","2018_17_ARI_SEA","201812300sea",2018,17,"REG","SEA","ARI","Russell Wilson","WilsRu00",3,0.158,NA,NA,1,0.053,6,16,5,0,11,0.393,NA,NA,NA
"616","2018_17_ARI_SEA","201812300sea",2018,17,"REG","ARI","SEA","Josh Rosen","RoseJo01",1,0.03,NA,NA,13,0.394,6,13,3,0,9,0.225,NA,NA,NA
"617","2018_17_PHI_WAS","201812300was",2018,17,"REG","WAS","PHI","Josh Johnson","JohnJo05",3,0.12,NA,NA,4,0.16,4,5,6,0,10,0.303,NA,NA,NA
"618","2018_17_PHI_WAS","201812300was",2018,17,"REG","WAS","PHI","Tress Way","WayxTr00",0,0,NA,NA,0,0,0,0,0,0,0,0,NA,NA,NA
"619","2018_17_PHI_WAS","201812300was",2018,17,"REG","PHI","WAS","Nick Foles","FoleNi00",0,0,NA,NA,3,0.091,3,12,0,0,3,0.083,NA,NA,NA
"620","2018_17_PHI_WAS","201812300was",2018,17,"REG","PHI","WAS","Nate Sudfeld","SudfNa00",0,0,NA,NA,0,0,0,1,1,0,1,1,NA,NA,NA
"621","2018_17_IND_TEN","201812300oti",2018,17,"REG","TEN","IND","Blaine Gabbert","GabbBl00",0,0,NA,NA,5,0.172,0,5,2,0,2,0.069,NA,NA,NA
"622","2018_17_IND_TEN","201812300oti",2018,17,"REG","IND","TEN","Andrew Luck","LuckAn00",1,0.029,NA,NA,4,0.114,1,9,1,1,3,0.075,NA,NA,NA
"623","2018_18_IND_HOU","201901050htx",2018,18,"WC","HOU","IND","Deshaun Watson","WatsDe00",2,0.043,NA,NA,10,0.213,3,19,10,0,13,0.228,NA,NA,NA
"624","2018_18_IND_HOU","201901050htx",2018,18,"WC","IND","HOU","Andrew Luck","LuckAn00",1,0.033,NA,NA,4,0.133,0,10,3,0,3,0.081,NA,NA,NA
"625","2018_18_SEA_DAL","201901050dal",2018,18,"WC","DAL","SEA","Dak Prescott","PresDa01",1,0.032,NA,NA,6,0.194,1,7,4,3,8,0.235,NA,NA,NA
"626","2018_18_SEA_DAL","201901050dal",2018,18,"WC","SEA","DAL","Russell Wilson","WilsRu00",1,0.038,NA,NA,6,0.231,1,4,1,2,4,0.138,NA,NA,NA
"627","2018_18_LAC_BAL","201901060rav",2018,18,"WC","BAL","LAC","Lamar Jackson","JackLa00",0,0,NA,NA,7,0.269,7,3,4,3,14,0.35,NA,NA,NA
"628","2018_18_LAC_BAL","201901060rav",2018,18,"WC","LAC","BAL","Philip Rivers","RivePh00",1,0.034,NA,NA,4,0.138,1,14,3,7,11,0.314,NA,NA,NA
"629","2018_18_PHI_CHI","201901060chi",2018,18,"WC","CHI","PHI","Mitchell Trubisky","TrubMi00",1,0.024,NA,NA,4,0.098,2,3,2,3,7,0.149,NA,NA,NA
"630","2018_18_PHI_CHI","201901060chi",2018,18,"WC","PHI","CHI","Nick Foles","FoleNi00",0,0,NA,NA,5,0.128,1,10,2,4,7,0.171,NA,NA,NA
"631","2018_19_IND_KC","201901120kan",2018,19,"DIV","KC","IND","Patrick Mahomes","MahoPa00",3,0.075,NA,NA,7,0.175,4,10,2,2,8,0.17,NA,NA,NA
"632","2018_19_IND_KC","201901120kan",2018,19,"DIV","IND","KC","Andrew Luck","LuckAn00",2,0.057,NA,NA,3,0.086,3,5,0,2,5,0.122,NA,NA,NA
"633","2018_19_DAL_LA","201901120ram",2018,19,"DIV","LA","DAL","Jared Goff","GoffJa00",1,0.037,NA,NA,8,0.296,0,9,2,0,2,0.069,NA,NA,NA
"634","2018_19_DAL_LA","201901120ram",2018,19,"DIV","DAL","LA","Dak Prescott","PresDa01",3,0.094,NA,NA,6,0.188,1,7,2,0,3,0.088,NA,NA,NA
"635","2018_19_LAC_NE","201901130nwe",2018,19,"DIV","NE","LAC","Tom Brady","BradTo00",2,0.045,NA,NA,7,0.159,0,5,1,2,3,0.068,NA,NA,NA
"636","2018_19_LAC_NE","201901130nwe",2018,19,"DIV","LAC","NE","Philip Rivers","RivePh00",2,0.043,NA,NA,12,0.255,2,10,6,4,12,0.226,NA,NA,NA
"637","2018_19_PHI_NO","201901130nor",2018,19,"DIV","NO","PHI","Drew Brees","BreeDr00",0,0,NA,NA,7,0.189,2,4,3,2,7,0.175,NA,NA,NA
"638","2018_19_PHI_NO","201901130nor",2018,19,"DIV","PHI","NO","Nick Foles","FoleNi00",1,0.032,NA,NA,8,0.258,0,8,4,4,8,0.258,NA,NA,NA
"639","2018_20_LA_NO","201901200nor",2018,20,"CON","NO","LA","Drew Brees","BreeDr00",2,0.053,NA,NA,7,0.184,2,6,3,4,9,0.214,NA,NA,NA
"640","2018_20_LA_NO","201901200nor",2018,20,"CON","NO","LA","Taysom Hill","HillTa00",1,1,NA,NA,0,0,0,1,1,0,1,1,NA,NA,NA
"641","2018_20_LA_NO","201901200nor",2018,20,"CON","LA","NO","Jared Goff","GoffJa00",5,0.135,NA,NA,6,0.162,1,16,4,5,10,0.233,NA,NA,NA
"642","2018_20_LA_NO","201901200nor",2018,20,"CON","LA","NO","Johnny Hekker","HekkJo00",0,0,NA,NA,0,0,0,0,0,0,0,0,NA,NA,NA
"643","2018_20_NE_KC","201901200kan",2018,20,"CON","KC","NE","Patrick Mahomes","MahoPa00",2,0.069,NA,NA,9,0.31,4,11,5,5,14,0.389,NA,NA,NA
"644","2018_20_NE_KC","201901200kan",2018,20,"CON","NE","KC","Tom Brady","BradTo00",3,0.067,NA,NA,8,0.178,0,11,0,1,1,0.022,NA,NA,NA
"645","2018_21_NE_LA","201902030ram",2018,21,"SB","LA","NE","Jared Goff","GoffJa00",1,0.029,NA,NA,8,0.229,4,16,5,7,16,0.381,NA,NA,NA
"646","2018_21_NE_LA","201902030ram",2018,21,"SB","NE","LA","Tom Brady","BradTo00",3,0.086,NA,NA,6,0.171,1,8,2,4,7,0.194,NA,NA,NA
"647","2019_01_GB_CHI","201909050chi",2019,1,"REG","CHI","GB","Mitchell Trubisky","TrubMi00",2,0.045,NA,NA,8,0.182,5,17,7,5,17,0.327,NA,NA,NA
"648","2019_01_GB_CHI","201909050chi",2019,1,"REG","GB","CHI","Aaron Rodgers","RodgAa00",0,0,NA,NA,5,0.179,5,8,6,2,13,0.361,NA,NA,NA
"649","2019_01_LA_CAR","201909080car",2019,1,"REG","CAR","LA","Cam Newton","NewtCa00",1,0.027,NA,NA,9,0.243,3,9,6,2,11,0.262,NA,NA,NA
"650","2019_01_LA_CAR","201909080car",2019,1,"REG","LA","CAR","Jared Goff","GoffJa00",3,0.079,NA,NA,8,0.211,1,7,2,5,8,0.195,NA,NA,NA
"651","2019_01_TEN_CLE","201909080cle",2019,1,"REG","CLE","TEN","Baker Mayfield","MayfBa00",4,0.105,NA,NA,5,0.132,5,9,4,0,9,0.209,NA,NA,NA
"652","2019_01_TEN_CLE","201909080cle",2019,1,"REG","TEN","CLE","Marcus Mariota","MariMa01",2,0.083,NA,NA,6,0.25,4,13,3,3,10,0.333,NA,NA,NA
"653","2019_01_KC_JAX","201909080jax",2019,1,"REG","JAX","KC","Gardner Minshew II","MinsGa00",1,0.04,NA,NA,1,0.04,1,5,1,0,2,0.074,NA,NA,NA
"654","2019_01_KC_JAX","201909080jax",2019,1,"REG","JAX","KC","Nick Foles","FoleNi00",0,0,NA,NA,2,0.25,0,1,1,1,2,0.25,NA,NA,NA
"655","2019_01_KC_JAX","201909080jax",2019,1,"REG","KC","JAX","Patrick Mahomes","MahoPa00",2,0.061,NA,NA,5,0.152,0,6,1,4,5,0.152,NA,NA,NA
"656","2019_01_KC_JAX","201909080jax",2019,1,"REG","KC","JAX","Matt Moore","MoorMa01",0,0,NA,NA,1,1,0,0,0,0,0,0,NA,NA,NA
"657","2019_01_BAL_MIA","201909080mia",2019,1,"REG","MIA","BAL","Ryan Fitzpatrick","FitzRy00",1,0.034,NA,NA,10,0.345,2,12,6,7,15,0.469,NA,NA,NA
"658","2019_01_BAL_MIA","201909080mia",2019,1,"REG","MIA","BAL","Josh Rosen","RoseJo01",0,0,NA,NA,0,0,1,3,0,1,2,0.5,NA,NA,NA
"659","2019_01_BAL_MIA","201909080mia",2019,1,"REG","BAL","MIA","Lamar Jackson","JackLa00",1,0.053,NA,NA,1,0.053,1,9,3,0,4,0.19,NA,NA,NA
"660","2019_01_BAL_MIA","201909080mia",2019,1,"REG","BAL","MIA","Robert Griffin III","GrifRo01",0,0,NA,NA,0,0,0,4,0,0,0,0,NA,NA,NA
"661","2019_01_ATL_MIN","201909080min",2019,1,"REG","MIN","ATL","Kirk Cousins","CousKi00",0,0,NA,NA,1,0.111,1,8,2,2,5,0.455,NA,NA,NA
"662","2019_01_ATL_MIN","201909080min",2019,1,"REG","ATL","MIN","Matt Ryan","RyanMa00",0,0,NA,NA,6,0.133,4,10,7,3,14,0.269,NA,NA,NA
"663","2019_01_BUF_NYJ","201909080nyj",2019,1,"REG","NYJ","BUF","Sam Darnold","DarnSa00",1,0.024,NA,NA,5,0.122,4,15,3,4,11,0.244,NA,NA,NA
"664","2019_01_BUF_NYJ","201909080nyj",2019,1,"REG","BUF","NYJ","Josh Allen","AlleJo02",4,0.114,NA,NA,3,0.086,1,15,4,8,13,0.295,NA,NA,NA
"665","2019_01_WAS_PHI","201909080phi",2019,1,"REG","PHI","WAS","Carson Wentz","WentCa00",2,0.053,NA,NA,6,0.158,1,12,2,3,6,0.15,NA,NA,NA
"666","2019_01_WAS_PHI","201909080phi",2019,1,"REG","WAS","PHI","Case Keenum","KeenCa00",2,0.047,NA,NA,5,0.116,1,8,8,7,16,0.356,NA,NA,NA
"667","2019_01_IND_LAC","201909080sdg",2019,1,"REG","LAC","IND","Philip Rivers","RivePh00",1,0.029,NA,NA,5,0.147,4,12,4,4,12,0.308,NA,NA,NA
"668","2019_01_IND_LAC","201909080sdg",2019,1,"REG","IND","LAC","Jacoby Brissett","BrisJa00",3,0.111,NA,NA,1,0.037,2,2,0,3,5,0.167,NA,NA,NA
"669","2019_01_CIN_SEA","201909080sea",2019,1,"REG","SEA","CIN","Russell Wilson","WilsRu00",2,0.105,NA,NA,3,0.158,4,6,2,4,10,0.417,NA,NA,NA
"670","2019_01_CIN_SEA","201909080sea",2019,1,"REG","CIN","SEA","Andy Dalton","DaltAn00",3,0.061,NA,NA,5,0.102,5,16,6,1,12,0.214,NA,NA,NA
"671","2019_01_DET_ARI","201909080crd",2019,1,"REG","ARI","DET","Kyler Murray","MurrKy00",1,0.02,NA,NA,11,0.216,5,5,7,2,14,0.237,NA,NA,NA
"672","2019_01_DET_ARI","201909080crd",2019,1,"REG","DET","ARI","Matthew Stafford","StafMa00",1,0.024,NA,NA,10,0.238,3,18,3,8,14,0.28,NA,NA,NA
"673","2019_01_NYG_DAL","201909080dal",2019,1,"REG","DAL","NYG","Dak Prescott","PresDa01",3,0.094,NA,NA,2,0.063,0,13,1,2,3,0.094,NA,NA,NA
"674","2019_01_NYG_DAL","201909080dal",2019,1,"REG","NYG","DAL","Eli Manning","MannEl00",0,0,NA,NA,9,0.205,1,11,4,3,8,0.174,NA,NA,NA
"675","2019_01_NYG_DAL","201909080dal",2019,1,"REG","NYG","DAL","Daniel Jones","JoneDa05",0,0,NA,NA,1,0.25,0,0,0,2,2,0.4,NA,NA,NA
"676","2019_01_SF_TB","201909080tam",2019,1,"REG","TB","SF","Jameis Winston","WinsJa00",2,0.059,NA,NA,3,0.088,3,4,7,4,14,0.333,NA,NA,NA
"677","2019_01_SF_TB","201909080tam",2019,1,"REG","SF","TB","Jimmy Garoppolo","GaroJi00",0,0,NA,NA,7,0.259,1,12,3,0,4,0.143,NA,NA,NA
"678","2019_01_PIT_NE","201909080nwe",2019,1,"REG","NE","PIT","Tom Brady","BradTo00",1,0.029,NA,NA,10,0.286,1,9,9,4,14,0.378,NA,NA,NA
"679","2019_01_PIT_NE","201909080nwe",2019,1,"REG","NE","PIT","Julian Edelman","EdelJu00",0,0,NA,NA,0,0,0,0,0,0,0,0,NA,NA,NA
"680","2019_01_PIT_NE","201909080nwe",2019,1,"REG","PIT","NE","Ben Roethlisberger","RoetBe00",6,0.128,NA,NA,8,0.17,1,13,13,2,16,0.327,NA,NA,NA
"681","2019_01_HOU_NO","201909090nor",2019,1,"REG","NO","HOU","Drew Brees","BreeDr00",1,0.026,NA,NA,5,0.128,1,8,5,3,9,0.205,NA,NA,NA
"682","2019_01_HOU_NO","201909090nor",2019,1,"REG","HOU","NO","Deshaun Watson","WatsDe00",2,0.069,NA,NA,5,0.172,6,14,5,4,15,0.395,NA,NA,NA
"683","2019_01_DEN_OAK","201909090rai",2019,1,"REG","OAK","DEN","Derek Carr","CarrDe02",0,0,NA,NA,1,0.038,0,5,1,0,1,0.037,NA,NA,NA
"684","2019_01_DEN_OAK","201909090rai",2019,1,"REG","DEN","OAK","Joe Flacco","FlacJo00",1,0.033,NA,NA,4,0.133,3,3,1,1,5,0.147,NA,NA,NA
"685","2019_02_TB_CAR","201909120car",2019,2,"REG","CAR","TB","Cam Newton","NewtCa00",2,0.041,NA,NA,17,0.347,3,34,6,3,12,0.222,NA,NA,NA
"686","2019_02_TB_CAR","201909120car",2019,2,"REG","TB","CAR","Jameis Winston","WinsJa00",0,0,NA,NA,8,0.32,3,9,4,5,12,0.414,NA,NA,NA
"687","2019_02_ARI_BAL","201909150rav",2019,2,"REG","BAL","ARI","Lamar Jackson","JackLa00",1,0.028,NA,NA,6,0.167,2,14,3,0,5,0.111,NA,NA,NA
"688","2019_02_ARI_BAL","201909150rav",2019,2,"REG","ARI","BAL","Kyler Murray","MurrKy00",1,0.027,NA,NA,9,0.243,3,21,3,5,11,0.25,NA,NA,NA
"689","2019_02_SF_CIN","201909150cin",2019,2,"REG","CIN","SF","Andy Dalton","DaltAn00",2,0.048,NA,NA,7,0.167,4,4,5,2,11,0.239,NA,NA,NA
"690","2019_02_SF_CIN","201909150cin",2019,2,"REG","SF","CIN","Jimmy Garoppolo","GaroJi00",1,0.04,NA,NA,6,0.24,0,7,0,2,2,0.074,NA,NA,NA
"691","2019_02_SF_CIN","201909150cin",2019,2,"REG","SF","CIN","Dante Pettis","PettDa00",0,0,NA,NA,0,0,0,0,0,0,0,0,NA,NA,NA
"692","2019_02_LAC_DET","201909150det",2019,2,"REG","DET","LAC","Matthew Stafford","StafMa00",1,0.036,NA,NA,5,0.179,0,7,2,1,3,0.094,NA,NA,NA
"693","2019_02_LAC_DET","201909150det",2019,2,"REG","LAC","DET","Philip Rivers","RivePh00",4,0.114,NA,NA,4,0.114,1,5,4,2,7,0.184,NA,NA,NA
"694","2019_02_MIN_GB","201909150gnb",2019,2,"REG","GB","MIN","Aaron Rodgers","RodgAa00",0,0,NA,NA,5,0.167,2,12,4,7,13,0.361,NA,NA,NA
"695","2019_02_MIN_GB","201909150gnb",2019,2,"REG","MIN","GB","Kirk Cousins","CousKi00",1,0.038,NA,NA,6,0.231,1,7,8,4,13,0.371,NA,NA,NA
"696","2019_02_JAX_HOU","201909150htx",2019,2,"REG","HOU","JAX","Deshaun Watson","WatsDe00",1,0.036,NA,NA,7,0.25,4,16,4,4,12,0.353,NA,NA,NA
"697","2019_02_JAX_HOU","201909150htx",2019,2,"REG","JAX","HOU","Gardner Minshew II","MinsGa00",1,0.031,NA,NA,5,0.156,4,20,7,3,14,0.326,NA,NA,NA
"698","2019_02_NE_MIA","201909150mia",2019,2,"REG","MIA","NE","Ryan Fitzpatrick","FitzRy00",2,0.095,NA,NA,1,0.048,4,9,1,1,6,0.231,NA,NA,NA
"699","2019_02_NE_MIA","201909150mia",2019,2,"REG","MIA","NE","Josh Rosen","RoseJo01",3,0.167,NA,NA,6,0.333,3,4,1,3,7,0.333,NA,NA,NA
"700","2019_02_NE_MIA","201909150mia",2019,2,"REG","NE","MIA","Tom Brady","BradTo00",0,0,NA,NA,5,0.179,2,8,0,1,3,0.1,NA,NA,NA
"701","2019_02_BUF_NYG","201909150nyg",2019,2,"REG","NYG","BUF","Eli Manning","MannEl00",2,0.048,NA,NA,8,0.19,1,15,5,2,8,0.174,NA,NA,NA
"702","2019_02_BUF_NYG","201909150nyg",2019,2,"REG","BUF","NYG","Josh Allen","AlleJo02",3,0.115,NA,NA,3,0.115,3,14,4,1,8,0.222,NA,NA,NA
"703","2019_02_SEA_PIT","201909150pit",2019,2,"REG","PIT","SEA","Mason Rudolph","RudoMa00",1,0.053,NA,NA,6,0.316,0,6,1,1,2,0.1,NA,NA,NA
"704","2019_02_SEA_PIT","201909150pit",2019,2,"REG","PIT","SEA","Ben Roethlisberger","RoetBe00",1,0.067,NA,NA,4,0.267,1,4,1,0,2,0.125,NA,NA,NA
"705","2019_02_SEA_PIT","201909150pit",2019,2,"REG","SEA","PIT","Russell Wilson","WilsRu00",0,0,NA,NA,3,0.086,4,25,2,2,8,0.195,NA,NA,NA
"706","2019_02_IND_TEN","201909150oti",2019,2,"REG","TEN","IND","Marcus Mariota","MariMa01",2,0.077,NA,NA,4,0.154,4,4,1,1,6,0.171,NA,NA,NA
"707","2019_02_IND_TEN","201909150oti",2019,2,"REG","IND","TEN","Jacoby Brissett","BrisJa00",0,0,NA,NA,3,0.12,3,6,4,2,9,0.257,NA,NA,NA
"708","2019_02_DAL_WAS","201909150was",2019,2,"REG","WAS","DAL","Case Keenum","KeenCa00",1,0.027,NA,NA,7,0.189,1,4,5,2,8,0.211,NA,NA,NA
"709","2019_02_DAL_WAS","201909150was",2019,2,"REG","DAL","WAS","Dak Prescott","PresDa01",1,0.033,NA,NA,1,0.033,1,5,2,1,4,0.125,NA,NA,NA
"710","2019_02_KC_OAK","201909150rai",2019,2,"REG","OAK","KC","Derek Carr","CarrDe02",2,0.054,NA,NA,7,0.189,3,10,2,2,7,0.163,NA,NA,NA
"711","2019_02_KC_OAK","201909150rai",2019,2,"REG","KC","OAK","Patrick Mahomes","MahoPa00",1,0.023,NA,NA,10,0.233,2,7,3,0,5,0.109,NA,NA,NA
"712","2019_02_CHI_DEN","201909150den",2019,2,"REG","DEN","CHI","Joe Flacco","FlacJo00",1,0.02,NA,NA,9,0.184,2,11,20,4,26,0.5,NA,NA,NA
"713","2019_02_CHI_DEN","201909150den",2019,2,"REG","CHI","DEN","Mitchell Trubisky","TrubMi00",2,0.074,NA,NA,4,0.148,0,11,10,1,11,0.407,NA,NA,NA
"714","2019_02_NO_LA","201909150ram",2019,2,"REG","LA","NO","Jared Goff","GoffJa00",2,0.071,NA,NA,6,0.214,3,5,4,1,8,0.258,NA,NA,NA
"715","2019_02_NO_LA","201909150ram",2019,2,"REG","NO","LA","Teddy Bridgewater","BridTe00",2,0.074,NA,NA,3,0.111,2,3,5,1,8,0.235,NA,NA,NA
"716","2019_02_NO_LA","201909150ram",2019,2,"REG","NO","LA","Drew Brees","BreeDr00",0,0,NA,NA,1,0.2,0,0,1,0,1,0.2,NA,NA,NA
"717","2019_02_PHI_ATL","201909150atl",2019,2,"REG","ATL","PHI","Matt Ryan","RyanMa00",2,0.047,NA,NA,5,0.116,1,13,5,5,11,0.244,NA,NA,NA
"718","2019_02_PHI_ATL","201909150atl",2019,2,"REG","PHI","ATL","Carson Wentz","WentCa00",3,0.071,NA,NA,9,0.214,3,5,8,4,15,0.326,NA,NA,NA
"719","2019_02_PHI_ATL","201909150atl",2019,2,"REG","PHI","ATL","Josh McCown","McCoJo01",1,0.2,NA,NA,0,0,0,0,0,0,0,0,NA,NA,NA
"720","2019_02_CLE_NYJ","201909160nyj",2019,2,"REG","NYJ","CLE","Luke Falk","FalkLu00",1,0.04,NA,NA,3,0.12,2,7,3,2,7,0.259,NA,NA,NA
"721","2019_02_CLE_NYJ","201909160nyj",2019,2,"REG","NYJ","CLE","Trevor Siemian","SiemTr00",0,0,NA,NA,2,0.4,2,4,1,1,4,0.5,NA,NA,NA
"722","2019_02_CLE_NYJ","201909160nyj",2019,2,"REG","CLE","NYJ","Baker Mayfield","MayfBa00",2,0.063,NA,NA,5,0.156,3,12,7,2,12,0.316,NA,NA,NA
"723","2019_03_TEN_JAX","201909190jax",2019,3,"REG","JAX","TEN","Gardner Minshew II","MinsGa00",2,0.067,NA,NA,5,0.167,0,7,3,1,4,0.121,NA,NA,NA
"724","2019_03_TEN_JAX","201909190jax",2019,3,"REG","TEN","JAX","Marcus Mariota","MariMa01",2,0.053,NA,NA,8,0.211,9,19,8,4,21,0.396,NA,NA,NA
"725","2019_03_CIN_BUF","201909220buf",2019,3,"REG","BUF","CIN","Josh Allen","AlleJo02",2,0.061,NA,NA,6,0.182,1,16,4,7,12,0.293,NA,NA,NA
"726","2019_03_CIN_BUF","201909220buf",2019,3,"REG","CIN","BUF","Andy Dalton","DaltAn00",1,0.029,NA,NA,11,0.324,2,12,4,1,7,0.184,NA,NA,NA
"727","2019_03_MIA_DAL","201909220dal",2019,3,"REG","DAL","MIA","Dak Prescott","PresDa01",2,0.065,NA,NA,6,0.194,1,6,2,3,6,0.176,NA,NA,NA
"728","2019_03_MIA_DAL","201909220dal",2019,3,"REG","MIA","DAL","Josh Rosen","RoseJo01",2,0.053,NA,NA,9,0.237,3,10,6,6,15,0.333,NA,NA,NA
"729","2019_03_MIA_DAL","201909220dal",2019,3,"REG","MIA","DAL","Ryan Fitzpatrick","FitzRy00",0,0,NA,NA,0,0,0,0,1,1,2,1,NA,NA,NA
"730","2019_03_DEN_GB","201909220gnb",2019,3,"REG","GB","DEN","Aaron Rodgers","RodgAa00",2,0.074,NA,NA,6,0.222,0,10,6,1,7,0.241,NA,NA,NA
"731","2019_03_DEN_GB","201909220gnb",2019,3,"REG","DEN","GB","Joe Flacco","FlacJo00",1,0.036,NA,NA,5,0.179,6,6,1,1,8,0.222,NA,NA,NA
"732","2019_03_ATL_IND","201909220clt",2019,3,"REG","IND","ATL","Jacoby Brissett","BrisJa00",1,0.028,NA,NA,4,0.111,1,13,5,3,9,0.231,NA,NA,NA
"733","2019_03_ATL_IND","201909220clt",2019,3,"REG","ATL","IND","Matt Ryan","RyanMa00",1,0.03,NA,NA,2,0.061,0,5,1,4,5,0.147,NA,NA,NA
"734","2019_03_BAL_KC","201909220kan",2019,3,"REG","KC","BAL","Patrick Mahomes","MahoPa00",1,0.029,NA,NA,6,0.171,1,17,0,7,8,0.205,NA,NA,NA
"735","2019_03_BAL_KC","201909220kan",2019,3,"REG","BAL","KC","Lamar Jackson","JackLa00",0,0,NA,NA,16,0.372,3,11,3,2,8,0.16,NA,NA,NA
"736","2019_03_OAK_MIN","201909220min",2019,3,"REG","MIN","OAK","Kirk Cousins","CousKi00",2,0.1,NA,NA,1,0.05,0,9,1,2,3,0.13,NA,NA,NA
"737","2019_03_OAK_MIN","201909220min",2019,3,"REG","OAK","MIN","Derek Carr","CarrDe02",2,0.061,NA,NA,4,0.121,4,5,2,0,6,0.158,NA,NA,NA
"738","2019_03_NYJ_NE","201909220nwe",2019,3,"REG","NE","NYJ","Tom Brady","BradTo00",2,0.049,NA,NA,8,0.195,0,15,3,0,3,0.071,NA,NA,NA
"739","2019_03_NYJ_NE","201909220nwe",2019,3,"REG","NE","NYJ","Jarrett Stidham","StidJa00",0,0,NA,NA,1,0.333,1,2,0,0,1,0.25,NA,NA,NA
"740","2019_03_NYJ_NE","201909220nwe",2019,3,"REG","NYJ","NE","Luke Falk","FalkLu00",0,0,NA,NA,6,0.286,5,7,5,0,10,0.37,NA,NA,NA
"741","2019_03_DET_PHI","201909220phi",2019,3,"REG","PHI","DET","Carson Wentz","WentCa00",4,0.111,NA,NA,5,0.139,3,5,5,3,11,0.262,NA,NA,NA
"742","2019_03_DET_PHI","201909220phi",2019,3,"REG","DET","PHI","Matthew Stafford","StafMa00",2,0.065,NA,NA,6,0.194,0,10,4,4,8,0.242,NA,NA,NA
"743","2019_03_CAR_ARI","201909220crd",2019,3,"REG","ARI","CAR","Kyler Murray","MurrKy00",3,0.071,NA,NA,7,0.167,8,12,6,0,14,0.259,NA,NA,NA
"744","2019_03_CAR_ARI","201909220crd",2019,3,"REG","CAR","ARI","Kyle Allen","AlleKy00",1,0.04,NA,NA,3,0.12,2,11,3,0,5,0.172,NA,NA,NA
"745","2019_03_NYG_TB","201909220tam",2019,3,"REG","TB","NYG","Jameis Winston","WinsJa00",0,0,NA,NA,10,0.278,4,17,8,6,18,0.419,NA,NA,NA
"746","2019_03_NYG_TB","201909220tam",2019,3,"REG","NYG","TB","Daniel Jones","JoneDa05",2,0.056,NA,NA,8,0.222,5,14,13,8,26,0.591,NA,NA,NA
"747","2019_03_HOU_LAC","201909220sdg",2019,3,"REG","LAC","HOU","Philip Rivers","RivePh00",1,0.022,NA,NA,10,0.217,5,20,2,6,13,0.245,NA,NA,NA
"748","2019_03_HOU_LAC","201909220sdg",2019,3,"REG","HOU","LAC","Deshaun Watson","WatsDe00",2,0.061,NA,NA,3,0.091,2,7,5,4,11,0.275,NA,NA,NA
"749","2019_03_NO_SEA","201909220sea",2019,3,"REG","SEA","NO","Russell Wilson","WilsRu00",0,0,NA,NA,12,0.261,0,7,11,3,14,0.259,NA,NA,NA
"750","2019_03_NO_SEA","201909220sea",2019,3,"REG","NO","SEA","Teddy Bridgewater","BridTe00",1,0.037,NA,NA,5,0.185,0,4,3,2,5,0.172,NA,NA,NA
"751","2019_03_PIT_SF","201909220sfo",2019,3,"REG","SF","PIT","Jimmy Garoppolo","GaroJi00",4,0.125,NA,NA,2,0.063,1,23,2,7,10,0.303,NA,NA,NA
"752","2019_03_PIT_SF","201909220sfo",2019,3,"REG","PIT","SF","Mason Rudolph","RudoMa00",2,0.077,NA,NA,8,0.308,2,7,6,3,11,0.333,NA,NA,NA
"753","2019_03_LA_CLE","201909220cle",2019,3,"REG","CLE","LA","Baker Mayfield","MayfBa00",0,0,NA,NA,8,0.242,3,7,10,0,13,0.333,NA,NA,NA
"754","2019_03_LA_CLE","201909220cle",2019,3,"REG","LA","CLE","Jared Goff","GoffJa00",2,0.054,NA,NA,7,0.189,2,8,3,1,6,0.146,NA,NA,NA
"755","2019_03_CHI_WAS","201909230was",2019,3,"REG","WAS","CHI","Case Keenum","KeenCa00",2,0.048,NA,NA,8,0.19,4,15,7,5,16,0.333,NA,NA,NA
"756","2019_03_CHI_WAS","201909230was",2019,3,"REG","CHI","WAS","Mitchell Trubisky","TrubMi00",3,0.097,NA,NA,3,0.097,3,13,3,1,7,0.206,NA,NA,NA
"757","2019_04_PHI_GB","201909260gnb",2019,4,"REG","GB","PHI","Aaron Rodgers","RodgAa00",0,0,NA,NA,8,0.167,1,8,7,1,9,0.153,NA,NA,NA
"758","2019_04_PHI_GB","201909260gnb",2019,4,"REG","PHI","GB","Carson Wentz","WentCa00",0,0,NA,NA,9,0.333,0,16,3,2,5,0.172,NA,NA,NA
"759","2019_04_TEN_ATL","201909290atl",2019,4,"REG","ATL","TEN","Matt Ryan","RyanMa00",3,0.06,NA,NA,7,0.14,5,11,8,2,15,0.25,NA,NA,NA
"760","2019_04_TEN_ATL","201909290atl",2019,4,"REG","TEN","ATL","Marcus Mariota","MariMa01",1,0.043,NA,NA,4,0.174,0,8,7,0,7,0.25,NA,NA,NA
"761","2019_04_CLE_BAL","201909290rav",2019,4,"REG","BAL","CLE","Lamar Jackson","JackLa00",2,0.061,NA,NA,5,0.152,4,13,4,1,9,0.231,NA,NA,NA
"762","2019_04_CLE_BAL","201909290rav",2019,4,"REG","CLE","BAL","Baker Mayfield","MayfBa00",1,0.033,NA,NA,4,0.133,1,13,1,0,2,0.063,NA,NA,NA
"763","2019_04_CLE_BAL","201909290rav",2019,4,"REG","CLE","BAL","Odell Beckham Jr.","BeckOd00",0,0,NA,NA,0,0,0,0,0,0,0,0,NA,NA,NA
"764","2019_04_NE_BUF","201909290buf",2019,4,"REG","BUF","NE","Josh Allen","AlleJo02",0,0,NA,NA,8,0.32,4,12,4,0,8,0.235,NA,NA,NA
"765","2019_04_NE_BUF","201909290buf",2019,4,"REG","BUF","NE","Matt Barkley","BarkMa00",1,0.063,NA,NA,4,0.25,1,10,1,0,2,0.118,NA,NA,NA
"766","2019_04_NE_BUF","201909290buf",2019,4,"REG","NE","BUF","Tom Brady","BradTo00",2,0.061,NA,NA,8,0.242,0,10,5,1,6,0.154,NA,NA,NA
"767","2019_04_KC_DET","201909290det",2019,4,"REG","DET","KC","Matthew Stafford","StafMa00",1,0.029,NA,NA,7,0.206,4,11,2,2,8,0.2,NA,NA,NA
"768","2019_04_KC_DET","201909290det",2019,4,"REG","KC","DET","Patrick Mahomes","MahoPa00",0,0,NA,NA,10,0.27,0,6,4,3,7,0.149,NA,NA,NA
"769","2019_04_CAR_HOU","201909290htx",2019,4,"REG","HOU","CAR","Deshaun Watson","WatsDe00",0,0,NA,NA,7,0.226,6,10,3,2,11,0.268,NA,NA,NA
"770","2019_04_CAR_HOU","201909290htx",2019,4,"REG","HOU","CAR","DeAndre Hopkins","HopkDe00",0,0,NA,NA,0,0,0,0,0,0,0,0,NA,NA,NA
"771","2019_04_CAR_HOU","201909290htx",2019,4,"REG","CAR","HOU","Kyle Allen","AlleKy00",0,0,NA,NA,4,0.121,3,14,2,2,7,0.189,NA,NA,NA
"772","2019_04_OAK_IND","201909290clt",2019,4,"REG","IND","OAK","Jacoby Brissett","BrisJa00",5,0.109,NA,NA,8,0.174,0,7,0,3,3,0.06,NA,NA,NA
"773","2019_04_OAK_IND","201909290clt",2019,4,"REG","OAK","IND","Derek Carr","CarrDe02",3,0.107,NA,NA,2,0.071,1,10,1,1,3,0.094,NA,NA,NA
"774","2019_04_LAC_MIA","201909290mia",2019,4,"REG","MIA","LAC","Josh Rosen","RoseJo01",2,0.083,NA,NA,5,0.208,4,8,5,2,11,0.393,NA,NA,NA
"775","2019_04_LAC_MIA","201909290mia",2019,4,"REG","LAC","MIA","Philip Rivers","RivePh00",1,0.033,NA,NA,2,0.067,1,7,1,2,4,0.129,NA,NA,NA
"776","2019_04_LAC_MIA","201909290mia",2019,4,"REG","LAC","MIA","Tyrod Taylor","TaylTy00",0,0,NA,NA,0,0,0,1,0,0,0,0,NA,NA,NA
"777","2019_04_WAS_NYG","201909290nyg",2019,4,"REG","NYG","WAS","Daniel Jones","JoneDa05",1,0.032,NA,NA,5,0.161,0,10,8,4,12,0.353,NA,NA,NA
"778","2019_04_WAS_NYG","201909290nyg",2019,4,"REG","WAS","NYG","Dwayne Haskins","HaskDw00",1,0.063,NA,NA,1,0.063,2,2,1,2,5,0.238,NA,NA,NA
"779","2019_04_WAS_NYG","201909290nyg",2019,4,"REG","WAS","NYG","Case Keenum","KeenCa00",0,0,NA,NA,3,0.3,1,3,2,1,4,0.333,NA,NA,NA
"780","2019_04_SEA_ARI","201909290crd",2019,4,"REG","ARI","SEA","Kyler Murray","MurrKy00",2,0.067,NA,NA,4,0.133,4,6,3,1,8,0.211,NA,NA,NA
"781","2019_04_SEA_ARI","201909290crd",2019,4,"REG","SEA","ARI","Russell Wilson","WilsRu00",0,0,NA,NA,3,0.111,4,14,3,2,9,0.265,NA,NA,NA
"782","2019_04_TB_LA","201909290ram",2019,4,"REG","LA","TB","Jared Goff","GoffJa00",2,0.029,NA,NA,12,0.176,2,36,10,8,20,0.286,NA,NA,NA
"783","2019_04_TB_LA","201909290ram",2019,4,"REG","TB","LA","Jameis Winston","WinsJa00",0,0,NA,NA,7,0.175,2,17,4,4,10,0.233,NA,NA,NA
"784","2019_04_MIN_CHI","201909290chi",2019,4,"REG","CHI","MIN","Chase Daniel","DaniCh00",1,0.033,NA,NA,4,0.133,1,7,3,3,7,0.226,NA,NA,NA
"785","2019_04_MIN_CHI","201909290chi",2019,4,"REG","CHI","MIN","Mitchell Trubisky","TrubMi00",1,0.333,NA,NA,0,0,0,0,0,0,0,0,NA,NA,NA
"786","2019_04_MIN_CHI","201909290chi",2019,4,"REG","MIN","CHI","Kirk Cousins","CousKi00",2,0.057,NA,NA,5,0.143,6,7,6,0,12,0.286,NA,NA,NA
"787","2019_04_JAX_DEN","201909290den",2019,4,"REG","DEN","JAX","Joe Flacco","FlacJo00",3,0.086,NA,NA,7,0.2,0,16,5,3,8,0.211,NA,NA,NA
"788","2019_04_JAX_DEN","201909290den",2019,4,"REG","JAX","DEN","Gardner Minshew II","MinsGa00",3,0.094,NA,NA,7,0.219,5,12,9,7,21,0.553,NA,NA,NA
"789","2019_04_DAL_NO","201909290nor",2019,4,"REG","NO","DAL","Teddy Bridgewater","BridTe00",3,0.1,NA,NA,3,0.1,5,3,4,1,10,0.27,NA,NA,NA
"790","2019_04_DAL_NO","201909290nor",2019,4,"REG","DAL","NO","Dak Prescott","PresDa01",1,0.032,NA,NA,4,0.129,1,5,5,5,11,0.314,NA,NA,NA
"791","2019_04_CIN_PIT","201909300pit",2019,4,"REG","PIT","CIN","Mason Rudolph","RudoMa00",0,0,NA,NA,2,0.077,0,10,2,0,2,0.071,NA,NA,NA
"792","2019_04_CIN_PIT","201909300pit",2019,4,"REG","PIT","CIN","Jaylen Samuels","SamuJa00",0,0,NA,NA,0,0,0,2,0,0,0,0,NA,NA,NA
"793","2019_04_CIN_PIT","201909300pit",2019,4,"REG","CIN","PIT","Andy Dalton","DaltAn00",2,0.056,NA,NA,8,0.222,8,13,3,2,13,0.283,NA,NA,NA
"794","2019_05_LA_SEA","201910030sea",2019,5,"REG","SEA","LA","Russell Wilson","WilsRu00",0,0,NA,NA,4,0.182,1,6,8,3,12,0.414,NA,NA,NA
"795","2019_05_LA_SEA","201910030sea",2019,5,"REG","LA","SEA","Jared Goff","GoffJa00",2,0.041,NA,NA,11,0.224,0,23,2,5,7,0.14,NA,NA,NA
"796","2019_05_JAX_CAR","201910060car",2019,5,"REG","CAR","JAX","Kyle Allen","AlleKy00",2,0.071,NA,NA,5,0.179,3,14,1,2,6,0.176,NA,NA,NA
"797","2019_05_JAX_CAR","201910060car",2019,5,"REG","CAR","JAX","Christian McCaffrey","McCaCh01",0,0,NA,NA,0,0,0,1,1,0,1,1,NA,NA,NA
"798","2019_05_JAX_CAR","201910060car",2019,5,"REG","JAX","CAR","Gardner Minshew II","MinsGa00",0,0,NA,NA,6,0.146,2,5,4,1,7,0.137,NA,NA,NA
"799","2019_05_ARI_CIN","201910060cin",2019,5,"REG","CIN","ARI","Andy Dalton","DaltAn00",2,0.054,NA,NA,5,0.135,1,21,3,2,6,0.15,NA,NA,NA
"800","2019_05_ARI_CIN","201910060cin",2019,5,"REG","ARI","CIN","Kyler Murray","MurrKy00",1,0.032,NA,NA,6,0.194,1,14,0,2,3,0.083,NA,NA,NA
"801","2019_05_ATL_HOU","201910060htx",2019,5,"REG","HOU","ATL","Deshaun Watson","WatsDe00",2,0.063,NA,NA,1,0.031,0,9,1,1,2,0.057,NA,NA,NA
"802","2019_05_ATL_HOU","201910060htx",2019,5,"REG","ATL","HOU","Matt Ryan","RyanMa00",1,0.023,NA,NA,7,0.163,2,20,5,0,7,0.143,NA,NA,NA
"803","2019_05_TB_NO","201910060nor",2019,5,"REG","NO","TB","Teddy Bridgewater","BridTe00",2,0.063,NA,NA,2,0.063,0,13,3,2,5,0.132,NA,NA,NA
"804","2019_05_TB_NO","201910060nor",2019,5,"REG","NO","TB","Taysom Hill","HillTa00",0,0,NA,NA,0,0,0,0,0,0,0,0,NA,NA,NA
"805","2019_05_TB_NO","201910060nor",2019,5,"REG","NO","TB","Alvin Kamara","KamaAl00",0,0,NA,NA,0,0,0,1,0,0,0,0,NA,NA,NA
"806","2019_05_TB_NO","201910060nor",2019,5,"REG","TB","NO","Jameis Winston","WinsJa00",2,0.077,NA,NA,4,0.154,6,5,4,3,13,0.361,NA,NA,NA
"807","2019_05_MIN_NYG","201910060nyg",2019,5,"REG","NYG","MIN","Daniel Jones","JoneDa05",0,0,NA,NA,4,0.111,4,16,3,4,11,0.256,NA,NA,NA
"808","2019_05_MIN_NYG","201910060nyg",2019,5,"REG","MIN","NYG","Kirk Cousins","CousKi00",0,0,NA,NA,1,0.04,3,6,6,0,9,0.29,NA,NA,NA
"809","2019_05_CHI_OAK","201910060rai",2019,5,"REG","OAK","CHI","Derek Carr","CarrDe02",2,0.067,NA,NA,2,0.067,0,8,6,1,7,0.212,NA,NA,NA
"810","2019_05_CHI_OAK","201910060rai",2019,5,"REG","CHI","OAK","Chase Daniel","DaniCh00",2,0.067,NA,NA,4,0.133,4,5,3,2,9,0.257,NA,NA,NA
"811","2019_05_NYJ_PHI","201910060phi",2019,5,"REG","PHI","NYJ","Carson Wentz","WentCa00",2,0.074,NA,NA,6,0.222,1,17,1,3,5,0.161,NA,NA,NA
"812","2019_05_NYJ_PHI","201910060phi",2019,5,"REG","NYJ","PHI","Luke Falk","FalkLu00",3,0.12,NA,NA,2,0.08,9,19,4,7,20,0.571,NA,NA,NA
"813","2019_05_BAL_PIT","201910060pit",2019,5,"REG","PIT","BAL","Mason Rudolph","RudoMa00",0,0,NA,NA,5,0.263,1,8,2,1,4,0.19,NA,NA,NA
"814","2019_05_BAL_PIT","201910060pit",2019,5,"REG","PIT","BAL","Devlin Hodges","HodgDe00",1,0.111,NA,NA,1,0.111,0,5,0,0,0,0,NA,NA,NA
"815","2019_05_BAL_PIT","201910060pit",2019,5,"REG","PIT","BAL","Jaylen Samuels","SamuJa00",0,0,NA,NA,1,0.5,0,1,0,1,1,0.5,NA,NA,NA
"816","2019_05_BAL_PIT","201910060pit",2019,5,"REG","BAL","PIT","Lamar Jackson","JackLa00",1,0.036,NA,NA,3,0.107,5,9,1,1,7,0.184,NA,NA,NA
"817","2019_05_BUF_TEN","201910060oti",2019,5,"REG","TEN","BUF","Marcus Mariota","MariMa01",2,0.095,NA,NA,2,0.095,5,9,1,3,9,0.31,NA,NA,NA
"818","2019_05_BUF_TEN","201910060oti",2019,5,"REG","BUF","TEN","Josh Allen","AlleJo02",1,0.034,NA,NA,3,0.103,4,9,4,1,9,0.225,NA,NA,NA
"819","2019_05_NE_WAS","201910060was",2019,5,"REG","WAS","NE","Colt McCoy","McCoCo00",0,0,NA,NA,6,0.222,6,7,3,2,11,0.314,NA,NA,NA
"820","2019_05_NE_WAS","201910060was",2019,5,"REG","NE","WAS","Tom Brady","BradTo00",2,0.051,NA,NA,6,0.154,4,15,5,4,13,0.283,NA,NA,NA
"821","2019_05_NE_WAS","201910060was",2019,5,"REG","NE","WAS","Jarrett Stidham","StidJa00",0,0,NA,NA,1,1,0,0,0,0,0,0,NA,NA,NA
"822","2019_05_DEN_LAC","201910060sdg",2019,5,"REG","LAC","DEN","Philip Rivers","RivePh00",1,0.022,NA,NA,8,0.174,0,5,5,1,6,0.125,NA,NA,NA
"823","2019_05_DEN_LAC","201910060sdg",2019,5,"REG","DEN","LAC","Joe Flacco","FlacJo00",0,0,NA,NA,2,0.105,3,3,3,2,8,0.32,NA,NA,NA
"824","2019_05_GB_DAL","201910060dal",2019,5,"REG","DAL","GB","Dak Prescott","PresDa01",4,0.093,NA,NA,7,0.163,3,4,2,5,10,0.196,NA,NA,NA
"825","2019_05_GB_DAL","201910060dal",2019,5,"REG","GB","DAL","Aaron Rodgers","RodgAa00",1,0.032,NA,NA,5,0.161,2,9,6,3,11,0.297,NA,NA,NA
"826","2019_05_IND_KC","201910060kan",2019,5,"REG","KC","IND","Patrick Mahomes","MahoPa00",4,0.108,NA,NA,9,0.243,4,16,6,3,13,0.289,NA,NA,NA
"827","2019_05_IND_KC","201910060kan",2019,5,"REG","IND","KC","Jacoby Brissett","BrisJa00",0,0,NA,NA,5,0.2,0,8,4,3,7,0.226,NA,NA,NA
"828","2019_05_CLE_SF","201910070sfo",2019,5,"REG","SF","CLE","Jimmy Garoppolo","GaroJi00",1,0.036,NA,NA,3,0.107,2,13,0,2,4,0.129,NA,NA,NA
"829","2019_05_CLE_SF","201910070sfo",2019,5,"REG","CLE","SF","Baker Mayfield","MayfBa00",3,0.15,NA,NA,4,0.2,4,5,4,3,11,0.423,NA,NA,NA
"830","2019_05_CLE_SF","201910070sfo",2019,5,"REG","CLE","SF","Odell Beckham Jr.","BeckOd00",0,0,NA,NA,0,0,0,0,0,0,0,0,NA,NA,NA
"831","2019_05_CLE_SF","201910070sfo",2019,5,"REG","CLE","SF","Garrett Gilbert","GilbGa01",0,0,NA,NA,0,0,0,0,0,0,0,0,NA,NA,NA
"832","2019_06_NYG_NE","201910100nwe",2019,6,"REG","NE","NYG","Tom Brady","BradTo00",1,0.024,NA,NA,6,0.146,3,7,2,2,7,0.159,NA,NA,NA
"833","2019_06_NYG_NE","201910100nwe",2019,6,"REG","NYG","NE","Daniel Jones","JoneDa05",0,0,NA,NA,9,0.29,1,13,3,7,11,0.333,NA,NA,NA
"834","2019_06_CAR_TB","201910130tam",2019,6,"REG","TB","CAR","Jameis Winston","WinsJa00",6,0.115,NA,NA,10,0.192,7,21,12,3,22,0.355,NA,NA,NA
"835","2019_06_CAR_TB","201910130tam",2019,6,"REG","CAR","TB","Kyle Allen","AlleKy00",3,0.097,NA,NA,6,0.194,2,15,2,1,5,0.147,NA,NA,NA
"836","2019_06_CIN_BAL","201910130rav",2019,6,"REG","BAL","CIN","Lamar Jackson","JackLa00",0,0,NA,NA,6,0.2,1,16,1,0,2,0.054,NA,NA,NA
"837","2019_06_CIN_BAL","201910130rav",2019,6,"REG","CIN","BAL","Andy Dalton","DaltAn00",2,0.054,NA,NA,8,0.216,2,31,2,3,7,0.167,NA,NA,NA
"838","2019_06_SEA_CLE","201910130cle",2019,6,"REG","CLE","SEA","Baker Mayfield","MayfBa00",5,0.135,NA,NA,5,0.135,0,12,2,1,3,0.075,NA,NA,NA
"839","2019_06_SEA_CLE","201910130cle",2019,6,"REG","SEA","CLE","Russell Wilson","WilsRu00",2,0.063,NA,NA,7,0.219,3,21,4,2,9,0.22,NA,NA,NA
"840","2019_06_NO_JAX","201910130jax",2019,6,"REG","JAX","NO","Gardner Minshew II","MinsGa00",0,0,NA,NA,7,0.259,2,13,7,1,10,0.313,NA,NA,NA
"841","2019_06_NO_JAX","201910130jax",2019,6,"REG","NO","JAX","Teddy Bridgewater","BridTe00",5,0.147,NA,NA,5,0.147,3,5,5,1,9,0.231,NA,NA,NA
"842","2019_06_HOU_KC","201910130kan",2019,6,"REG","KC","HOU","Patrick Mahomes","MahoPa00",4,0.114,NA,NA,8,0.229,1,10,5,1,7,0.194,NA,NA,NA
"843","2019_06_HOU_KC","201910130kan",2019,6,"REG","HOU","KC","Deshaun Watson","WatsDe00",4,0.095,NA,NA,7,0.167,0,14,2,2,4,0.087,NA,NA,NA
"844","2019_06_WAS_MIA","201910130mia",2019,6,"REG","MIA","WAS","Josh Rosen","RoseJo01",1,0.04,NA,NA,4,0.16,5,3,4,3,12,0.4,NA,NA,NA
"845","2019_06_WAS_MIA","201910130mia",2019,6,"REG","MIA","WAS","Ryan Fitzpatrick","FitzRy00",0,0,NA,NA,4,0.235,0,2,7,0,7,0.368,NA,NA,NA
"846","2019_06_WAS_MIA","201910130mia",2019,6,"REG","WAS","MIA","Case Keenum","KeenCa00",2,0.087,NA,NA,5,0.217,0,8,6,3,9,0.346,NA,NA,NA
"847","2019_06_PHI_MIN","201910130min",2019,6,"REG","MIN","PHI","Kirk Cousins","CousKi00",2,0.071,NA,NA,3,0.107,1,11,0,0,1,0.032,NA,NA,NA
"848","2019_06_PHI_MIN","201910130min",2019,6,"REG","PHI","MIN","Carson Wentz","WentCa00",1,0.025,NA,NA,8,0.2,2,12,4,1,7,0.163,NA,NA,NA
"849","2019_06_PHI_MIN","201910130min",2019,6,"REG","PHI","MIN","Jake Elliott","ElliJa03",0,0,NA,NA,0,0,0,0,0,0,0,0,NA,NA,NA
"850","2019_06_ATL_ARI","201910130crd",2019,6,"REG","ARI","ATL","Kyler Murray","MurrKy00",1,0.03,NA,NA,4,0.121,0,7,2,0,2,0.049,NA,NA,NA
"851","2019_06_ATL_ARI","201910130crd",2019,6,"REG","ATL","ARI","Matt Ryan","RyanMa00",0,0,NA,NA,2,0.059,2,18,1,4,7,0.175,NA,NA,NA
"852","2019_06_SF_LA","201910130ram",2019,6,"REG","LA","SF","Jared Goff","GoffJa00",1,0.042,NA,NA,8,0.333,4,7,6,0,10,0.357,NA,NA,NA
"853","2019_06_SF_LA","201910130ram",2019,6,"REG","SF","LA","Jimmy Garoppolo","GaroJi00",2,0.063,NA,NA,4,0.125,2,11,4,1,7,0.2,NA,NA,NA
"854","2019_06_TEN_DEN","201910130den",2019,6,"REG","DEN","TEN","Joe Flacco","FlacJo00",2,0.077,NA,NA,4,0.154,1,11,4,1,6,0.2,NA,NA,NA
"855","2019_06_TEN_DEN","201910130den",2019,6,"REG","TEN","DEN","Marcus Mariota","MariMa01",1,0.063,NA,NA,7,0.438,3,4,3,1,7,0.318,NA,NA,NA
"856","2019_06_TEN_DEN","201910130den",2019,6,"REG","TEN","DEN","Ryan Tannehill","TannRy00",0,0,NA,NA,1,0.063,4,6,3,1,8,0.381,NA,NA,NA
"857","2019_06_DAL_NYJ","201910130nyj",2019,6,"REG","NYJ","DAL","Sam Darnold","DarnSa00",1,0.032,NA,NA,5,0.161,2,11,5,0,7,0.2,NA,NA,NA
"858","2019_06_DAL_NYJ","201910130nyj",2019,6,"REG","DAL","NYJ","Dak Prescott","PresDa01",5,0.125,NA,NA,4,0.1,1,17,2,7,10,0.238,NA,NA,NA
"859","2019_06_PIT_LAC","201910130sdg",2019,6,"REG","LAC","PIT","Philip Rivers","RivePh00",2,0.048,NA,NA,6,0.143,1,3,8,4,13,0.289,NA,NA,NA
"860","2019_06_PIT_LAC","201910130sdg",2019,6,"REG","PIT","LAC","Devlin Hodges","HodgDe00",0,0,NA,NA,5,0.25,0,4,2,0,2,0.095,NA,NA,NA
"861","2019_06_DET_GB","201910140gnb",2019,6,"REG","GB","DET","Aaron Rodgers","RodgAa00",3,0.079,NA,NA,8,0.211,1,4,3,2,6,0.146,NA,NA,NA
"862","2019_06_DET_GB","201910140gnb",2019,6,"REG","DET","GB","Matthew Stafford","StafMa00",3,0.094,NA,NA,6,0.188,3,15,2,0,5,0.139,NA,NA,NA
"863","2019_07_KC_DEN","201910170den",2019,7,"REG","DEN","KC","Joe Flacco","FlacJo00",3,0.091,NA,NA,6,0.182,8,16,4,1,13,0.31,NA,NA,NA
"864","2019_07_KC_DEN","201910170den",2019,7,"REG","KC","DEN","Matt Moore","MoorMa01",1,0.053,NA,NA,4,0.211,1,7,2,2,5,0.25,NA,NA,NA
"865","2019_07_KC_DEN","201910170den",2019,7,"REG","KC","DEN","Patrick Mahomes","MahoPa00",0,0,NA,NA,0,0,0,4,1,0,1,0.091,NA,NA,NA
"866","2019_07_LA_ATL","201910200atl",2019,7,"REG","ATL","LA","Matt Ryan","RyanMa00",2,0.074,NA,NA,8,0.296,5,11,5,5,15,0.455,NA,NA,NA
"867","2019_07_LA_ATL","201910200atl",2019,7,"REG","ATL","LA","Matt Schaub","SchaMa00",0,0,NA,NA,0,0,0,0,0,1,1,0.167,NA,NA,NA
"868","2019_07_LA_ATL","201910200atl",2019,7,"REG","LA","ATL","Jared Goff","GoffJa00",1,0.027,NA,NA,11,0.297,0,14,0,3,3,0.081,NA,NA,NA
"869","2019_07_LA_ATL","201910200atl",2019,7,"REG","LA","ATL","Johnny Hekker","HekkJo00",0,0,NA,NA,0,0,0,0,0,0,0,0,NA,NA,NA
"870","2019_07_MIA_BUF","201910200buf",2019,7,"REG","BUF","MIA","Josh Allen","AlleJo02",2,0.08,NA,NA,6,0.24,2,12,1,2,5,0.167,NA,NA,NA
"871","2019_07_MIA_BUF","201910200buf",2019,7,"REG","MIA","BUF","Ryan Fitzpatrick","FitzRy00",2,0.059,NA,NA,7,0.206,0,11,2,5,7,0.184,NA,NA,NA
"872","2019_07_JAX_CIN","201910200cin",2019,7,"REG","CIN","JAX","Andy Dalton","DaltAn00",3,0.07,NA,NA,8,0.186,2,9,1,6,9,0.191,NA,NA,NA
"873","2019_07_JAX_CIN","201910200cin",2019,7,"REG","JAX","CIN","Gardner Minshew II","MinsGa00",3,0.107,NA,NA,4,0.143,2,13,3,0,5,0.125,NA,NA,NA
"874","2019_07_MIN_DET","201910200det",2019,7,"REG","DET","MIN","Matthew Stafford","StafMa00",1,0.022,NA,NA,8,0.178,2,12,2,2,6,0.128,NA,NA,NA
"875","2019_07_MIN_DET","201910200det",2019,7,"REG","MIN","DET","Kirk Cousins","CousKi00",2,0.061,NA,NA,7,0.212,0,8,1,3,4,0.118,NA,NA,NA
"876","2019_07_OAK_GB","201910200gnb",2019,7,"REG","GB","OAK","Aaron Rodgers","RodgAa00",1,0.034,NA,NA,3,0.103,1,10,4,2,7,0.206,NA,NA,NA
"877","2019_07_OAK_GB","201910200gnb",2019,7,"REG","OAK","GB","Derek Carr","CarrDe02",0,0,NA,NA,4,0.143,0,8,2,0,2,0.069,NA,NA,NA
"878","2019_07_OAK_GB","201910200gnb",2019,7,"REG","OAK","GB","Mike Glennon","GlenMi00",0,0,NA,NA,1,0.333,0,0,0,0,0,0,NA,NA,NA
"879","2019_07_HOU_IND","201910200clt",2019,7,"REG","IND","HOU","Jacoby Brissett","BrisJa00",2,0.056,NA,NA,6,0.167,1,21,4,6,11,0.262,NA,NA,NA
"880","2019_07_HOU_IND","201910200clt",2019,7,"REG","IND","HOU","Zach Pascal","PascZa00",0,0,NA,NA,1,1,0,0,0,0,0,0,NA,NA,NA
"881","2019_07_HOU_IND","201910200clt",2019,7,"REG","HOU","IND","Deshaun Watson","WatsDe00",2,0.061,NA,NA,6,0.182,3,7,2,3,8,0.2,NA,NA,NA
"882","2019_07_ARI_NYG","201910200nyg",2019,7,"REG","NYG","ARI","Daniel Jones","JoneDa05",5,0.143,NA,NA,4,0.114,8,14,6,5,19,0.404,NA,NA,NA
"883","2019_07_ARI_NYG","201910200nyg",2019,7,"REG","ARI","NYG","Kyler Murray","MurrKy00",2,0.095,NA,NA,2,0.095,2,7,2,0,4,0.148,NA,NA,NA
"884","2019_07_SF_WAS","201910200was",2019,7,"REG","WAS","SF","Case Keenum","KeenCa00",2,0.167,NA,NA,1,0.083,3,4,0,0,3,0.2,NA,NA,NA
"885","2019_07_SF_WAS","201910200was",2019,7,"REG","SF","WAS","Jimmy Garoppolo","GaroJi00",0,0,NA,NA,3,0.15,2,7,1,0,3,0.12,NA,NA,NA
"886","2019_07_LAC_TEN","201910200oti",2019,7,"REG","TEN","LAC","Ryan Tannehill","TannRy00",0,0,NA,NA,2,0.071,2,7,4,3,9,0.281,NA,NA,NA
"887","2019_07_LAC_TEN","201910200oti",2019,7,"REG","TEN","LAC","Brett Kern","KernBr20",0,0,NA,NA,0,0,0,0,0,0,0,0,NA,NA,NA
"888","2019_07_LAC_TEN","201910200oti",2019,7,"REG","LAC","TEN","Philip Rivers","RivePh00",1,0.027,NA,NA,7,0.189,1,10,2,4,7,0.179,NA,NA,NA
"889","2019_07_NO_CHI","201910200chi",2019,7,"REG","CHI","NO","Mitchell Trubisky","TrubMi00",2,0.038,NA,NA,12,0.231,2,18,3,5,10,0.179,NA,NA,NA
"890","2019_07_NO_CHI","201910200chi",2019,7,"REG","NO","CHI","Teddy Bridgewater","BridTe00",4,0.111,NA,NA,4,0.111,1,18,3,2,6,0.146,NA,NA,NA
"891","2019_07_BAL_SEA","201910200sea",2019,7,"REG","SEA","BAL","Russell Wilson","WilsRu00",3,0.079,NA,NA,13,0.342,1,17,6,7,14,0.318,NA,NA,NA
"892","2019_07_BAL_SEA","201910200sea",2019,7,"REG","BAL","SEA","Lamar Jackson","JackLa00",3,0.15,NA,NA,3,0.15,1,4,4,0,5,0.192,NA,NA,NA
"893","2019_07_PHI_DAL","201910200dal",2019,7,"REG","DAL","PHI","Dak Prescott","PresDa01",2,0.08,NA,NA,0,0,3,7,0,1,4,0.129,NA,NA,NA
"894","2019_07_PHI_DAL","201910200dal",2019,7,"REG","PHI","DAL","Carson Wentz","WentCa00",1,0.04,NA,NA,3,0.12,3,7,5,1,9,0.29,NA,NA,NA
"895","2019_07_NE_NYJ","201910210nyj",2019,7,"REG","NYJ","NE","Sam Darnold","DarnSa00",2,0.065,NA,NA,15,0.484,1,16,7,1,9,0.273,NA,NA,NA
"896","2019_07_NE_NYJ","201910210nyj",2019,7,"REG","NE","NYJ","Tom Brady","BradTo00",3,0.071,NA,NA,5,0.119,0,23,5,3,8,0.178,NA,NA,NA
"897","2019_08_WAS_MIN","201910240min",2019,8,"REG","MIN","WAS","Kirk Cousins","CousKi00",1,0.042,NA,NA,0,0,3,8,5,1,9,0.3,NA,NA,NA
"898","2019_08_WAS_MIN","201910240min",2019,8,"REG","WAS","MIN","Case Keenum","KeenCa00",0,0,NA,NA,1,0.063,2,8,2,1,5,0.278,NA,NA,NA
"899","2019_08_WAS_MIN","201910240min",2019,8,"REG","WAS","MIN","Dwayne Haskins","HaskDw00",0,0,NA,NA,1,0.2,2,2,1,0,3,0.429,NA,NA,NA
"900","2019_08_SEA_ATL","201910270atl",2019,8,"REG","ATL","SEA","Matt Schaub","SchaMa00",0,0,NA,NA,7,0.143,2,16,1,5,8,0.148,NA,NA,NA
"901","2019_08_SEA_ATL","201910270atl",2019,8,"REG","SEA","ATL","Russell Wilson","WilsRu00",2,0.1,NA,NA,2,0.1,2,7,0,2,4,0.167,NA,NA,NA
"902","2019_08_PHI_BUF","201910270buf",2019,8,"REG","BUF","PHI","Josh Allen","AlleJo02",2,0.065,NA,NA,11,0.355,4,11,3,5,12,0.279,NA,NA,NA
"903","2019_08_PHI_BUF","201910270buf",2019,8,"REG","PHI","BUF","Carson Wentz","WentCa00",0,0,NA,NA,3,0.125,3,9,2,2,7,0.233,NA,NA,NA
"904","2019_08_LAC_CHI","201910270chi",2019,8,"REG","CHI","LAC","Mitchell Trubisky","TrubMi00",0,0,NA,NA,5,0.147,4,3,1,1,6,0.146,NA,NA,NA
"905","2019_08_LAC_CHI","201910270chi",2019,8,"REG","LAC","CHI","Philip Rivers","RivePh00",4,0.138,NA,NA,2,0.069,1,4,0,5,6,0.2,NA,NA,NA
"906","2019_08_NYG_DET","201910270det",2019,8,"REG","DET","NYG","Matthew Stafford","StafMa00",1,0.032,NA,NA,5,0.161,4,7,3,1,8,0.222,NA,NA,NA
"907","2019_08_NYG_DET","201910270det",2019,8,"REG","NYG","DET","Daniel Jones","JoneDa05",2,0.05,NA,NA,3,0.075,3,5,3,3,9,0.2,NA,NA,NA
"908","2019_08_DEN_IND","201910270clt",2019,8,"REG","IND","DEN","Jacoby Brissett","BrisJa00",0,0,NA,NA,4,0.167,4,10,3,3,10,0.294,NA,NA,NA
"909","2019_08_DEN_IND","201910270clt",2019,8,"REG","DEN","IND","Joe Flacco","FlacJo00",4,0.133,NA,NA,4,0.133,3,10,3,1,7,0.194,NA,NA,NA
"910","2019_08_NYJ_JAX","201910270jax",2019,8,"REG","JAX","NYJ","Gardner Minshew II","MinsGa00",3,0.091,NA,NA,4,0.121,2,16,5,3,10,0.25,NA,NA,NA
"911","2019_08_NYJ_JAX","201910270jax",2019,8,"REG","NYJ","JAX","Sam Darnold","DarnSa00",1,0.034,NA,NA,4,0.138,8,13,4,4,16,0.421,NA,NA,NA
"912","2019_08_CIN_LA","201910270ram",2019,8,"REG","LA","CIN","Jared Goff","GoffJa00",2,0.065,NA,NA,8,0.258,0,8,1,3,4,0.129,NA,NA,NA
"913","2019_08_CIN_LA","201910270ram",2019,8,"REG","CIN","LA","Andy Dalton","DaltAn00",1,0.021,NA,NA,10,0.208,5,18,4,0,9,0.155,NA,NA,NA
"914","2019_08_ARI_NO","201910270nor",2019,8,"REG","NO","ARI","Drew Brees","BreeDr00",1,0.023,NA,NA,7,0.163,0,18,6,4,10,0.233,NA,NA,NA
"915","2019_08_ARI_NO","201910270nor",2019,8,"REG","ARI","NO","Kyler Murray","MurrKy00",1,0.032,NA,NA,9,0.29,3,10,8,0,11,0.306,NA,NA,NA
"916","2019_08_ARI_NO","201910270nor",2019,8,"REG","ARI","NO","Brett Hundley","HundBr00",0,0,NA,NA,1,1,1,1,0,0,1,0.5,NA,NA,NA
"917","2019_08_TB_TEN","201910270oti",2019,8,"REG","TEN","TB","Ryan Tannehill","TannRy00",0,0,NA,NA,4,0.121,3,19,1,3,7,0.194,NA,NA,NA
"918","2019_08_TB_TEN","201910270oti",2019,8,"REG","TB","TEN","Jameis Winston","WinsJa00",3,0.079,NA,NA,9,0.237,3,21,2,1,6,0.115,NA,NA,NA
"919","2019_08_CAR_SF","201910270sfo",2019,8,"REG","SF","CAR","Jimmy Garoppolo","GaroJi00",0,0,NA,NA,2,0.091,3,7,2,1,6,0.24,NA,NA,NA
"920","2019_08_CAR_SF","201910270sfo",2019,8,"REG","CAR","SF","Kyle Allen","AlleKy00",3,0.081,NA,NA,10,0.27,7,4,5,2,14,0.318,NA,NA,NA
"921","2019_08_OAK_HOU","201910270htx",2019,8,"REG","HOU","OAK","Deshaun Watson","WatsDe00",3,0.079,NA,NA,3,0.079,3,6,3,1,7,0.152,NA,NA,NA
"922","2019_08_OAK_HOU","201910270htx",2019,8,"REG","OAK","HOU","Derek Carr","CarrDe02",2,0.067,NA,NA,3,0.1,0,4,3,0,3,0.1,NA,NA,NA
"923","2019_08_CLE_NE","201910270nwe",2019,8,"REG","NE","CLE","Tom Brady","BradTo00",3,0.094,NA,NA,7,0.219,3,13,6,1,10,0.256,NA,NA,NA
"924","2019_08_CLE_NE","201910270nwe",2019,8,"REG","CLE","NE","Baker Mayfield","MayfBa00",1,0.033,NA,NA,7,0.233,5,15,2,0,7,0.189,NA,NA,NA
"925","2019_08_GB_KC","201910270kan",2019,8,"REG","KC","GB","Matt Moore","MoorMa01",2,0.057,NA,NA,5,0.143,2,7,3,5,10,0.256,NA,NA,NA
"926","2019_08_GB_KC","201910270kan",2019,8,"REG","GB","KC","Aaron Rodgers","RodgAa00",0,0,NA,NA,7,0.226,5,17,0,7,12,0.293,NA,NA,NA
"927","2019_08_MIA_PIT","201910280pit",2019,8,"REG","PIT","MIA","Mason Rudolph","RudoMa00",1,0.029,NA,NA,7,0.2,2,22,2,5,9,0.237,NA,NA,NA
"928","2019_08_MIA_PIT","201910280pit",2019,8,"REG","MIA","PIT","Ryan Fitzpatrick","FitzRy00",3,0.091,NA,NA,7,0.212,4,14,6,6,16,0.39,NA,NA,NA
"929","2019_09_SF_ARI","201910310crd",2019,9,"REG","ARI","SF","Kyler Murray","MurrKy00",1,0.043,NA,NA,3,0.13,3,6,3,0,6,0.214,NA,NA,NA
"930","2019_09_SF_ARI","201910310crd",2019,9,"REG","SF","ARI","Jimmy Garoppolo","GaroJi00",1,0.027,NA,NA,4,0.108,1,16,3,3,7,0.179,NA,NA,NA
"931","2019_09_HOU_JAX","201911030jax",2019,9,"REG","JAX","HOU","Gardner Minshew II","MinsGa00",3,0.068,NA,NA,8,0.182,3,16,6,2,11,0.204,NA,NA,NA
"932","2019_09_HOU_JAX","201911030jax",2019,9,"REG","HOU","JAX","Deshaun Watson","WatsDe00",1,0.036,NA,NA,3,0.107,1,8,2,6,9,0.281,NA,NA,NA
"933","2019_09_WAS_BUF","201911030buf",2019,9,"REG","BUF","WAS","Josh Allen","AlleJo02",2,0.1,NA,NA,3,0.15,2,6,4,0,6,0.261,NA,NA,NA
"934","2019_09_WAS_BUF","201911030buf",2019,9,"REG","WAS","BUF","Dwayne Haskins","HaskDw00",0,0,NA,NA,5,0.227,4,7,3,0,7,0.241,NA,NA,NA
"935","2019_09_TEN_CAR","201911030car",2019,9,"REG","CAR","TEN","Kyle Allen","AlleKy00",2,0.067,NA,NA,4,0.133,3,9,6,3,12,0.343,NA,NA,NA
"936","2019_09_TEN_CAR","201911030car",2019,9,"REG","TEN","CAR","Ryan Tannehill","TannRy00",2,0.054,NA,NA,6,0.162,4,8,3,3,10,0.217,NA,NA,NA
"937","2019_09_MIN_KC","201911030kan",2019,9,"REG","KC","MIN","Matt Moore","MoorMa01",0,0,NA,NA,5,0.147,5,7,1,4,10,0.25,NA,NA,NA
"938","2019_09_MIN_KC","201911030kan",2019,9,"REG","MIN","KC","Kirk Cousins","CousKi00",1,0.029,NA,NA,13,0.371,1,7,1,3,5,0.125,NA,NA,NA
"939","2019_09_NYJ_MIA","201911030mia",2019,9,"REG","MIA","NYJ","Ryan Fitzpatrick","FitzRy00",3,0.083,NA,NA,4,0.111,4,15,3,2,9,0.214,NA,NA,NA
"940","2019_09_NYJ_MIA","201911030mia",2019,9,"REG","NYJ","MIA","Sam Darnold","DarnSa00",2,0.056,NA,NA,5,0.139,3,11,3,6,12,0.286,NA,NA,NA
"941","2019_09_CHI_PHI","201911030phi",2019,9,"REG","PHI","CHI","Carson Wentz","WentCa00",5,0.128,NA,NA,3,0.077,4,12,2,1,7,0.156,NA,NA,NA
"942","2019_09_CHI_PHI","201911030phi",2019,9,"REG","CHI","PHI","Mitchell Trubisky","TrubMi00",4,0.19,NA,NA,5,0.238,3,6,2,1,6,0.24,NA,NA,NA
"943","2019_09_IND_PIT","201911030pit",2019,9,"REG","PIT","IND","Mason Rudolph","RudoMa00",1,0.03,NA,NA,5,0.152,1,6,8,2,11,0.297,NA,NA,NA
"944","2019_09_IND_PIT","201911030pit",2019,9,"REG","IND","PIT","Brian Hoyer","HoyeBr00",2,0.08,NA,NA,2,0.08,4,15,4,3,11,0.355,NA,NA,NA
"945","2019_09_IND_PIT","201911030pit",2019,9,"REG","IND","PIT","Jacoby Brissett","BrisJa00",0,0,NA,NA,1,0.2,1,0,2,0,3,0.429,NA,NA,NA
"946","2019_09_DET_OAK","201911030rai",2019,9,"REG","OAK","DET","Derek Carr","CarrDe02",2,0.074,NA,NA,3,0.111,1,3,6,1,8,0.25,NA,NA,NA
"947","2019_09_DET_OAK","201911030rai",2019,9,"REG","DET","OAK","Matthew Stafford","StafMa00",0,0,NA,NA,12,0.293,2,7,6,1,9,0.2,NA,NA,NA
"948","2019_09_TB_SEA","201911030sea",2019,9,"REG","SEA","TB","Russell Wilson","WilsRu00",1,0.023,NA,NA,7,0.163,3,35,1,6,10,0.213,NA,NA,NA
"949","2019_09_TB_SEA","201911030sea",2019,9,"REG","TB","SEA","Jameis Winston","WinsJa00",1,0.023,NA,NA,10,0.233,2,20,2,1,5,0.106,NA,NA,NA
"950","2019_09_CLE_DEN","201911030den",2019,9,"REG","DEN","CLE","Brandon Allen","AlleBr00",1,0.056,NA,NA,3,0.167,3,8,2,2,7,0.28,NA,NA,NA
"951","2019_09_CLE_DEN","201911030den",2019,9,"REG","CLE","DEN","Baker Mayfield","MayfBa00",3,0.077,NA,NA,5,0.128,2,11,4,2,8,0.174,NA,NA,NA
"952","2019_09_GB_LAC","201911030sdg",2019,9,"REG","LAC","GB","Philip Rivers","RivePh00",1,0.038,NA,NA,4,0.154,2,6,3,2,7,0.226,NA,NA,NA
"953","2019_09_GB_LAC","201911030sdg",2019,9,"REG","GB","LAC","Aaron Rodgers","RodgAa00",1,0.029,NA,NA,9,0.265,3,1,6,1,10,0.256,NA,NA,NA
"954","2019_09_NE_BAL","201911030rav",2019,9,"REG","BAL","NE","Lamar Jackson","JackLa00",0,0,NA,NA,4,0.174,1,10,1,0,2,0.077,NA,NA,NA
"955","2019_09_NE_BAL","201911030rav",2019,9,"REG","NE","BAL","Tom Brady","BradTo00",1,0.024,NA,NA,7,0.171,2,22,1,0,3,0.063,NA,NA,NA
"956","2019_09_DAL_NYG","201911040nyg",2019,9,"REG","NYG","DAL","Daniel Jones","JoneDa05",2,0.05,NA,NA,9,0.225,5,10,4,6,15,0.3,NA,NA,NA
"957","2019_09_DAL_NYG","201911040nyg",2019,9,"REG","DAL","NYG","Dak Prescott","PresDa01",1,0.03,NA,NA,6,0.182,0,11,4,5,9,0.25,NA,NA,NA
"958","2019_10_LAC_OAK","201911070rai",2019,10,"REG","OAK","LAC","Derek Carr","CarrDe02",0,0,NA,NA,7,0.233,3,5,6,2,11,0.314,NA,NA,NA
"959","2019_10_LAC_OAK","201911070rai",2019,10,"REG","LAC","OAK","Philip Rivers","RivePh00",0,0,NA,NA,9,0.29,5,4,0,2,7,0.194,NA,NA,NA
"960","2019_10_DET_CHI","201911100chi",2019,10,"REG","CHI","DET","Mitchell Trubisky","TrubMi00",1,0.043,NA,NA,2,0.087,5,5,2,2,9,0.31,NA,NA,NA
"961","2019_10_DET_CHI","201911100chi",2019,10,"REG","DET","CHI","Jeff Driskel","DrisJe00",3,0.07,NA,NA,9,0.209,2,8,7,4,13,0.25,NA,NA,NA
"962","2019_10_BAL_CIN","201911100cin",2019,10,"REG","CIN","BAL","Ryan Finley","FinlRy00",0,0,NA,NA,8,0.276,2,20,3,1,6,0.171,NA,NA,NA
"963","2019_10_BAL_CIN","201911100cin",2019,10,"REG","BAL","CIN","Lamar Jackson","JackLa00",0,0,NA,NA,0,0,0,7,1,1,2,0.111,NA,NA,NA
"964","2019_10_BAL_CIN","201911100cin",2019,10,"REG","BAL","CIN","Robert Griffin III","GrifRo01",0,0,NA,NA,0,0,1,2,0,0,1,0.167,NA,NA,NA
"965","2019_10_BUF_CLE","201911100cle",2019,10,"REG","CLE","BUF","Baker Mayfield","MayfBa00",2,0.053,NA,NA,4,0.105,2,19,2,2,6,0.146,NA,NA,NA
"966","2019_10_BUF_CLE","201911100cle",2019,10,"REG","BUF","CLE","Josh Allen","AlleJo02",2,0.05,NA,NA,11,0.275,1,18,5,4,10,0.233,NA,NA,NA
"967","2019_10_ATL_NO","201911100nor",2019,10,"REG","NO","ATL","Drew Brees","BreeDr00",1,0.023,NA,NA,7,0.163,6,10,2,4,12,0.235,NA,NA,NA
"968","2019_10_ATL_NO","201911100nor",2019,10,"REG","NO","ATL","Taysom Hill","HillTa00",0,0,NA,NA,0,0,0,0,0,0,0,0,NA,NA,NA
"969","2019_10_ATL_NO","201911100nor",2019,10,"REG","ATL","NO","Matt Ryan","RyanMa00",0,0,NA,NA,4,0.125,1,12,1,4,6,0.158,NA,NA,NA
"970","2019_10_NYG_NYJ","201911100nyj",2019,10,"REG","NYJ","NYG","Sam Darnold","DarnSa00",0,0,NA,NA,4,0.148,2,14,2,6,10,0.303,NA,NA,NA
"971","2019_10_NYG_NYJ","201911100nyj",2019,10,"REG","NYG","NYJ","Daniel Jones","JoneDa05",0,0,NA,NA,7,0.184,6,13,2,3,11,0.229,NA,NA,NA
"972","2019_10_ARI_TB","201911100tam",2019,10,"REG","TB","ARI","Jameis Winston","WinsJa00",0,0,NA,NA,10,0.222,4,19,0,5,9,0.164,NA,NA,NA
"973","2019_10_ARI_TB","201911100tam",2019,10,"REG","ARI","TB","Kyler Murray","MurrKy00",2,0.048,NA,NA,8,0.19,2,11,0,3,5,0.109,NA,NA,NA
"974","2019_10_ARI_TB","201911100tam",2019,10,"REG","ARI","TB","Andy Lee","LeexAn20",0,0,NA,NA,0,0,0,0,0,0,0,0,NA,NA,NA
"975","2019_10_KC_TEN","201911100oti",2019,10,"REG","TEN","KC","Ryan Tannehill","TannRy00",0,0,NA,NA,3,0.158,4,6,2,3,9,0.36,NA,NA,NA
"976","2019_10_KC_TEN","201911100oti",2019,10,"REG","KC","TEN","Patrick Mahomes","MahoPa00",3,0.061,NA,NA,5,0.102,2,11,7,2,11,0.212,NA,NA,NA
"977","2019_10_KC_TEN","201911100oti",2019,10,"REG","KC","TEN","Dustin Colquitt","ColqDu20",0,0,NA,NA,0,0,0,0,0,0,0,0,NA,NA,NA
"978","2019_10_MIA_IND","201911100clt",2019,10,"REG","IND","MIA","Brian Hoyer","HoyeBr00",1,0.026,NA,NA,12,0.308,1,15,3,4,8,0.195,NA,NA,NA
"979","2019_10_MIA_IND","201911100clt",2019,10,"REG","MIA","IND","Ryan Fitzpatrick","FitzRy00",1,0.03,NA,NA,5,0.152,3,8,4,3,10,0.256,NA,NA,NA
"980","2019_10_CAR_GB","201911100gnb",2019,10,"REG","GB","CAR","Aaron Rodgers","RodgAa00",0,0,NA,NA,6,0.222,2,10,3,1,6,0.188,NA,NA,NA
"981","2019_10_CAR_GB","201911100gnb",2019,10,"REG","CAR","GB","Kyle Allen","AlleKy00",0,0,NA,NA,6,0.158,3,7,4,6,13,0.271,NA,NA,NA
"982","2019_10_LA_PIT","201911100pit",2019,10,"REG","PIT","LA","Mason Rudolph","RudoMa00",5,0.143,NA,NA,6,0.171,3,13,9,6,18,0.439,NA,NA,NA
"983","2019_10_LA_PIT","201911100pit",2019,10,"REG","LA","PIT","Jared Goff","GoffJa00",3,0.073,NA,NA,5,0.122,4,13,6,4,14,0.311,NA,NA,NA
"984","2019_10_LA_PIT","201911100pit",2019,10,"REG","LA","PIT","Johnny Hekker","HekkJo00",0,0,NA,NA,0,0,0,0,0,0,0,0,NA,NA,NA
"985","2019_10_MIN_DAL","201911100dal",2019,10,"REG","DAL","MIN","Dak Prescott","PresDa01",1,0.022,NA,NA,8,0.178,1,16,4,4,9,0.191,NA,NA,NA
"986","2019_10_MIN_DAL","201911100dal",2019,10,"REG","DAL","MIN","Randall Cobb","CobbRa00",0,0,NA,NA,0,0,0,0,1,0,1,1,NA,NA,NA
"987","2019_10_MIN_DAL","201911100dal",2019,10,"REG","MIN","DAL","Kirk Cousins","CousKi00",0,0,NA,NA,5,0.161,1,10,1,4,6,0.176,NA,NA,NA
"988","2019_10_SEA_SF","201911110sfo",2019,10,"REG","SF","SEA","Jimmy Garoppolo","GaroJi00",6,0.136,NA,NA,8,0.182,5,13,9,4,18,0.353,NA,NA,NA
"989","2019_10_SEA_SF","201911110sfo",2019,10,"REG","SEA","SF","Russell Wilson","WilsRu00",1,0.03,NA,NA,2,0.061,5,12,5,3,13,0.295,NA,NA,NA
"990","2019_11_PIT_CLE","201911140cle",2019,11,"REG","CLE","PIT","Baker Mayfield","MayfBa00",2,0.067,NA,NA,8,0.267,1,18,5,2,8,0.242,NA,NA,NA
"991","2019_11_PIT_CLE","201911140cle",2019,11,"REG","PIT","CLE","Mason Rudolph","RudoMa00",2,0.048,NA,NA,9,0.214,4,24,5,7,16,0.327,NA,NA,NA
"992","2019_11_HOU_BAL","201911170rav",2019,11,"REG","BAL","HOU","Lamar Jackson","JackLa00",0,0,NA,NA,7,0.292,0,5,1,1,2,0.071,NA,NA,NA
"993","2019_11_HOU_BAL","201911170rav",2019,11,"REG","BAL","HOU","Robert Griffin III","GrifRo01",0,0,NA,NA,0,0,0,1,0,0,0,0,NA,NA,NA
"994","2019_11_HOU_BAL","201911170rav",2019,11,"REG","BAL","HOU","Sam Koch","KochSa20",0,0,NA,NA,0,0,0,0,0,0,0,0,NA,NA,NA
"995","2019_11_HOU_BAL","201911170rav",2019,11,"REG","HOU","BAL","Deshaun Watson","WatsDe00",0,0,NA,NA,9,0.321,6,18,3,3,12,0.324,NA,NA,NA
"996","2019_11_HOU_BAL","201911170rav",2019,11,"REG","HOU","BAL","A.J. McCarron","McCaA.00",0,0,NA,NA,0,0,1,1,0,0,1,0.5,NA,NA,NA
"997","2019_11_ATL_CAR","201911170car",2019,11,"REG","CAR","ATL","Kyle Allen","AlleKy00",3,0.064,NA,NA,9,0.191,5,7,7,4,16,0.286,NA,NA,NA
"998","2019_11_ATL_CAR","201911170car",2019,11,"REG","ATL","CAR","Matt Ryan","RyanMa00",3,0.1,NA,NA,3,0.1,3,7,2,4,9,0.265,NA,NA,NA
"999","2019_11_ATL_CAR","201911170car",2019,11,"REG","ATL","CAR","Kenjon Barner","BarnKe00",0,0,NA,NA,0,0,0,1,0,0,0,0,NA,NA,NA
"1000","2019_11_DAL_DET","201911170det",2019,11,"REG","DET","DAL","Jeff Driskel","DrisJe00",0,0,NA,NA,5,0.208,3,8,8,4,15,0.455,NA,NA,NA
"1001","2019_11_DAL_DET","201911170det",2019,11,"REG","DAL","DET","Dak Prescott","PresDa01",2,0.044,NA,NA,11,0.244,1,15,4,5,10,0.204,NA,NA,NA
"1002","2019_11_JAX_IND","201911170clt",2019,11,"REG","IND","JAX","Jacoby Brissett","BrisJa00",1,0.048,NA,NA,2,0.095,3,8,5,4,12,0.414,NA,NA,NA
"1003","2019_11_JAX_IND","201911170clt",2019,11,"REG","JAX","IND","Nick Foles","FoleNi00",0,0,NA,NA,4,0.085,2,8,2,2,6,0.122,NA,NA,NA
"1004","2019_11_BUF_MIA","201911170mia",2019,11,"REG","MIA","BUF","Ryan Fitzpatrick","FitzRy00",4,0.091,NA,NA,4,0.091,7,18,4,6,17,0.327,NA,NA,NA
"1005","2019_11_BUF_MIA","201911170mia",2019,11,"REG","BUF","MIA","Josh Allen","AlleJo02",3,0.097,NA,NA,5,0.161,0,11,1,2,3,0.083,NA,NA,NA
"1006","2019_11_DEN_MIN","201911170min",2019,11,"REG","MIN","DEN","Kirk Cousins","CousKi00",2,0.057,NA,NA,2,0.057,5,7,1,0,6,0.15,NA,NA,NA
"1007","2019_11_DEN_MIN","201911170min",2019,11,"REG","DEN","MIN","Brandon Allen","AlleBr00",1,0.03,NA,NA,9,0.273,2,12,2,0,4,0.095,NA,NA,NA
"1008","2019_11_DEN_MIN","201911170min",2019,11,"REG","DEN","MIN","Courtland Sutton","SuttCo00",0,0,NA,NA,0,0,0,1,0,0,0,0,NA,NA,NA
"1009","2019_11_NO_TB","201911170tam",2019,11,"REG","TB","NO","Jameis Winston","WinsJa00",2,0.04,NA,NA,10,0.2,2,24,6,6,14,0.259,NA,NA,NA
"1010","2019_11_NO_TB","201911170tam",2019,11,"REG","NO","TB","Drew Brees","BreeDr00",1,0.029,NA,NA,3,0.088,0,14,3,2,5,0.143,NA,NA,NA
"1011","2019_11_NYJ_WAS","201911170was",2019,11,"REG","WAS","NYJ","Dwayne Haskins","HaskDw00",6,0.188,NA,NA,4,0.125,6,17,7,3,16,0.381,NA,NA,NA
"1012","2019_11_NYJ_WAS","201911170was",2019,11,"REG","NYJ","WAS","Sam Darnold","DarnSa00",1,0.037,NA,NA,4,0.148,2,10,9,2,13,0.406,NA,NA,NA
"1013","2019_11_NYJ_WAS","201911170was",2019,11,"REG","NYJ","WAS","Bilal Powell","PoweBi00",0,0,NA,NA,1,1,0,0,0,0,0,0,NA,NA,NA
"1014","2019_11_ARI_SF","201911170sfo",2019,11,"REG","SF","ARI","Jimmy Garoppolo","GaroJi00",2,0.045,NA,NA,5,0.114,2,25,4,4,10,0.208,NA,NA,NA
"1015","2019_11_ARI_SF","201911170sfo",2019,11,"REG","ARI","SF","Kyler Murray","MurrKy00",1,0.03,NA,NA,4,0.121,4,8,9,1,14,0.378,NA,NA,NA
"1016","2019_11_CIN_OAK","201911170rai",2019,11,"REG","OAK","CIN","Derek Carr","CarrDe02",0,0,NA,NA,2,0.071,3,9,9,2,14,0.412,NA,NA,NA
"1017","2019_11_CIN_OAK","201911170rai",2019,11,"REG","CIN","OAK","Ryan Finley","FinlRy00",3,0.1,NA,NA,5,0.167,5,8,14,1,20,0.526,NA,NA,NA
"1018","2019_11_NE_PHI","201911170phi",2019,11,"REG","PHI","NE","Carson Wentz","WentCa00",2,0.051,NA,NA,9,0.231,5,16,3,7,15,0.313,NA,NA,NA
"1019","2019_11_NE_PHI","201911170phi",2019,11,"REG","NE","PHI","Tom Brady","BradTo00",4,0.091,NA,NA,9,0.205,1,15,0,4,5,0.104,NA,NA,NA
"1020","2019_11_NE_PHI","201911170phi",2019,11,"REG","NE","PHI","Julian Edelman","EdelJu00",0,0,NA,NA,0,0,0,0,0,1,1,1,NA,NA,NA
"1021","2019_11_CHI_LA","201911170ram",2019,11,"REG","LA","CHI","Jared Goff","GoffJa00",1,0.059,NA,NA,3,0.176,0,3,0,1,1,0.053,NA,NA,NA
"1022","2019_11_CHI_LA","201911170ram",2019,11,"REG","CHI","LA","Mitchell Trubisky","TrubMi00",1,0.024,NA,NA,8,0.195,1,9,8,1,10,0.222,NA,NA,NA
"1023","2019_11_CHI_LA","201911170ram",2019,11,"REG","CHI","LA","Chase Daniel","DaniCh00",1,0.25,NA,NA,1,0.25,2,0,2,0,4,0.667,NA,NA,NA
"1024","2019_11_KC_LAC","201911180sdg",2019,11,"REG","LAC","KC","Philip Rivers","RivePh00",5,0.104,NA,NA,7,0.146,2,10,7,5,14,0.259,NA,NA,NA
"1025","2019_11_KC_LAC","201911180sdg",2019,11,"REG","KC","LAC","Patrick Mahomes","MahoPa00",0,0,NA,NA,7,0.226,1,1,7,4,12,0.324,NA,NA,NA
"1026","2019_12_IND_HOU","201911210htx",2019,12,"REG","HOU","IND","Deshaun Watson","WatsDe00",0,0,NA,NA,7,0.25,1,8,4,3,8,0.258,NA,NA,NA
"1027","2019_12_IND_HOU","201911210htx",2019,12,"REG","IND","HOU","Jacoby Brissett","BrisJa00",1,0.042,NA,NA,4,0.167,1,5,0,3,4,0.138,NA,NA,NA
"1028","2019_12_TB_ATL","201911240atl",2019,12,"REG","ATL","TB","Matt Ryan","RyanMa00",0,0,NA,NA,7,0.163,6,11,2,4,12,0.226,NA,NA,NA
"1029","2019_12_TB_ATL","201911240atl",2019,12,"REG","ATL","TB","Matt Schaub","SchaMa00",0,0,NA,NA,3,0.333,0,1,1,0,1,0.111,NA,NA,NA
"1030","2019_12_TB_ATL","201911240atl",2019,12,"REG","TB","ATL","Jameis Winston","WinsJa00",2,0.077,NA,NA,3,0.115,0,7,4,1,5,0.156,NA,NA,NA
"1031","2019_12_DEN_BUF","201911240buf",2019,12,"REG","BUF","DEN","Josh Allen","AlleJo02",2,0.091,NA,NA,3,0.136,1,11,1,2,4,0.138,NA,NA,NA
"1032","2019_12_DEN_BUF","201911240buf",2019,12,"REG","DEN","BUF","Brandon Allen","AlleBr00",1,0.042,NA,NA,6,0.25,4,10,1,2,7,0.226,NA,NA,NA
"1033","2019_12_NYG_CHI","201911240chi",2019,12,"REG","CHI","NYG","Mitchell Trubisky","TrubMi00",2,0.049,NA,NA,10,0.244,2,6,4,4,10,0.217,NA,NA,NA
"1034","2019_12_NYG_CHI","201911240chi",2019,12,"REG","NYG","CHI","Daniel Jones","JoneDa05",1,0.029,NA,NA,8,0.235,1,7,7,7,15,0.385,NA,NA,NA
"1035","2019_12_PIT_CIN","201911240cin",2019,12,"REG","CIN","PIT","Ryan Finley","FinlRy00",1,0.04,NA,NA,6,0.24,4,12,2,5,11,0.355,NA,NA,NA
"1036","2019_12_PIT_CIN","201911240cin",2019,12,"REG","PIT","CIN","Mason Rudolph","RudoMa00",0,0,NA,NA,4,0.286,1,5,0,3,4,0.211,NA,NA,NA
"1037","2019_12_PIT_CIN","201911240cin",2019,12,"REG","PIT","CIN","Devlin Hodges","HodgDe00",0,0,NA,NA,2,0.25,2,3,0,1,3,0.214,NA,NA,NA
"1038","2019_12_MIA_CLE","201911240cle",2019,12,"REG","CLE","MIA","Baker Mayfield","MayfBa00",1,0.03,NA,NA,6,0.182,1,14,4,1,6,0.171,NA,NA,NA
"1039","2019_12_MIA_CLE","201911240cle",2019,12,"REG","MIA","CLE","Ryan Fitzpatrick","FitzRy00",1,0.026,NA,NA,9,0.237,4,21,3,2,9,0.188,NA,NA,NA
"1040","2019_12_CAR_NO","201911240nor",2019,12,"REG","NO","CAR","Drew Brees","BreeDr00",0,0,NA,NA,3,0.079,2,10,0,2,4,0.098,NA,NA,NA
"1041","2019_12_CAR_NO","201911240nor",2019,12,"REG","CAR","NO","Kyle Allen","AlleKy00",3,0.094,NA,NA,4,0.125,4,17,8,0,12,0.293,NA,NA,NA
"1042","2019_12_OAK_NYJ","201911240nyj",2019,12,"REG","NYJ","OAK","Sam Darnold","DarnSa00",1,0.037,NA,NA,4,0.148,1,8,6,0,7,0.219,NA,NA,NA
"1043","2019_12_OAK_NYJ","201911240nyj",2019,12,"REG","OAK","NYJ","Derek Carr","CarrDe02",3,0.115,NA,NA,3,0.115,1,8,5,1,7,0.241,NA,NA,NA
"1044","2019_12_OAK_NYJ","201911240nyj",2019,12,"REG","OAK","NYJ","Mike Glennon","GlenMi00",0,0,NA,NA,2,0.286,0,4,0,2,2,0.286,NA,NA,NA
"1045","2019_12_SEA_PHI","201911240phi",2019,12,"REG","PHI","SEA","Carson Wentz","WentCa00",0,0,NA,NA,8,0.178,3,15,6,5,14,0.275,NA,NA,NA
"1046","2019_12_SEA_PHI","201911240phi",2019,12,"REG","SEA","PHI","Russell Wilson","WilsRu00",2,0.087,NA,NA,5,0.217,6,20,2,2,10,0.313,NA,NA,NA
"1047","2019_12_DET_WAS","201911240was",2019,12,"REG","WAS","DET","Dwayne Haskins","HaskDw00",1,0.034,NA,NA,9,0.31,3,12,0,3,6,0.176,NA,NA,NA
"1048","2019_12_DET_WAS","201911240was",2019,12,"REG","WAS","DET","Steven Sims","SimsSt00",0,0,NA,NA,0,0,0,0,0,0,0,0,NA,NA,NA
"1049","2019_12_DET_WAS","201911240was",2019,12,"REG","DET","WAS","Jeff Driskel","DrisJe00",0,0,NA,NA,9,0.29,6,10,3,7,16,0.372,NA,NA,NA
"1050","2019_12_JAX_TEN","201911240oti",2019,12,"REG","TEN","JAX","Ryan Tannehill","TannRy00",0,0,NA,NA,1,0.059,1,8,2,1,4,0.2,NA,NA,NA
"1051","2019_12_JAX_TEN","201911240oti",2019,12,"REG","JAX","TEN","Nick Foles","FoleNi00",3,0.067,NA,NA,6,0.133,3,11,3,1,7,0.132,NA,NA,NA
"1052","2019_12_DAL_NE","201911240nwe",2019,12,"REG","NE","DAL","Tom Brady","BradTo00",5,0.147,NA,NA,9,0.265,2,9,1,5,8,0.205,NA,NA,NA
"1053","2019_12_DAL_NE","201911240nwe",2019,12,"REG","DAL","NE","Dak Prescott","PresDa01",2,0.063,NA,NA,7,0.219,0,10,2,6,8,0.235,NA,NA,NA
"1054","2019_12_GB_SF","201911240sfo",2019,12,"REG","SF","GB","Jimmy Garoppolo","GaroJi00",1,0.053,NA,NA,3,0.158,3,6,0,2,5,0.208,NA,NA,NA
"1055","2019_12_GB_SF","201911240sfo",2019,12,"REG","GB","SF","Aaron Rodgers","RodgAa00",3,0.094,NA,NA,7,0.219,5,13,1,2,8,0.195,NA,NA,NA
"1056","2019_12_GB_SF","201911240sfo",2019,12,"REG","GB","SF","Tim Boyle","BoylTi00",0,0,NA,NA,1,0.25,0,0,0,1,1,0.25,NA,NA,NA
"1057","2019_12_BAL_LA","201911250ram",2019,12,"REG","LA","BAL","Jared Goff","GoffJa00",1,0.028,NA,NA,8,0.222,2,23,1,5,8,0.205,NA,NA,NA
"1058","2019_12_BAL_LA","201911250ram",2019,12,"REG","BAL","LA","Lamar Jackson","JackLa00",1,0.053,NA,NA,1,0.053,2,10,1,3,6,0.24,NA,NA,NA
"1059","2019_12_BAL_LA","201911250ram",2019,12,"REG","BAL","LA","Robert Griffin III","GrifRo01",0,0,NA,NA,0,0,1,2,0,1,2,0.5,NA,NA,NA
"1060","2019_13_CHI_DET","201911280det",2019,13,"REG","DET","CHI","David Blough","BlouDa00",1,0.028,NA,NA,6,0.167,2,13,6,1,9,0.22,NA,NA,NA
"1061","2019_13_CHI_DET","201911280det",2019,13,"REG","CHI","DET","Mitchell Trubisky","TrubMi00",1,0.026,NA,NA,4,0.105,1,8,2,2,5,0.119,NA,NA,NA
"1062","2019_13_BUF_DAL","201911280dal",2019,13,"REG","DAL","BUF","Dak Prescott","PresDa01",2,0.041,NA,NA,3,0.061,4,14,5,1,10,0.179,NA,NA,NA
"1063","2019_13_BUF_DAL","201911280dal",2019,13,"REG","BUF","DAL","Josh Allen","AlleJo02",0,0,NA,NA,3,0.125,4,9,2,1,7,0.226,NA,NA,NA
"1064","2019_13_BUF_DAL","201911280dal",2019,13,"REG","BUF","DAL","John Brown","BrowJo02",0,0,NA,NA,0,0,0,0,0,0,0,0,NA,NA,NA
"1065","2019_13_NO_ATL","201911280atl",2019,13,"REG","ATL","NO","Matt Ryan","RyanMa00",0,0,NA,NA,9,0.191,9,30,4,4,17,0.274,NA,NA,NA
"1066","2019_13_NO_ATL","201911280atl",2019,13,"REG","NO","ATL","Drew Brees","BreeDr00",3,0.107,NA,NA,3,0.107,0,14,1,0,1,0.033,NA,NA,NA
"1067","2019_13_NO_ATL","201911280atl",2019,13,"REG","NO","ATL","Taysom Hill","HillTa00",0,0,NA,NA,1,1,0,0,1,0,1,1,NA,NA,NA
"1068","2019_13_SF_BAL","201912010rav",2019,13,"REG","BAL","SF","Lamar Jackson","JackLa00",0,0,NA,NA,6,0.261,1,4,2,1,4,0.167,NA,NA,NA
"1069","2019_13_SF_BAL","201912010rav",2019,13,"REG","SF","BAL","Jimmy Garoppolo","GaroJi00",1,0.048,NA,NA,3,0.143,2,20,4,1,7,0.28,NA,NA,NA
"1070","2019_13_WAS_CAR","201912010car",2019,13,"REG","CAR","WAS","Kyle Allen","AlleKy00",6,0.14,NA,NA,7,0.163,7,11,6,3,16,0.286,NA,NA,NA
"1071","2019_13_WAS_CAR","201912010car",2019,13,"REG","WAS","CAR","Dwayne Haskins","HaskDw00",4,0.167,NA,NA,6,0.25,5,15,3,4,12,0.375,NA,NA,NA
"1072","2019_13_NYJ_CIN","201912010cin",2019,13,"REG","CIN","NYJ","Andy Dalton","DaltAn00",2,0.056,NA,NA,8,0.222,1,12,2,1,4,0.103,NA,NA,NA
"1073","2019_13_NYJ_CIN","201912010cin",2019,13,"REG","NYJ","CIN","Sam Darnold","DarnSa00",7,0.156,NA,NA,8,0.178,4,12,6,4,14,0.259,NA,NA,NA
"1074","2019_13_TEN_IND","201912010clt",2019,13,"REG","IND","TEN","Jacoby Brissett","BrisJa00",3,0.079,NA,NA,9,0.237,3,10,10,6,19,0.442,NA,NA,NA
"1075","2019_13_TEN_IND","201912010clt",2019,13,"REG","TEN","IND","Ryan Tannehill","TannRy00",2,0.095,NA,NA,1,0.048,6,8,4,0,10,0.345,NA,NA,NA
"1076","2019_13_TB_JAX","201912010jax",2019,13,"REG","JAX","TB","Gardner Minshew II","MinsGa00",0,0,NA,NA,7,0.269,2,9,0,4,6,0.2,NA,NA,NA
"1077","2019_13_TB_JAX","201912010jax",2019,13,"REG","JAX","TB","Nick Foles","FoleNi00",1,0.083,NA,NA,1,0.083,3,7,1,1,5,0.294,NA,NA,NA
"1078","2019_13_TB_JAX","201912010jax",2019,13,"REG","TB","JAX","Jameis Winston","WinsJa00",1,0.03,NA,NA,8,0.242,4,18,3,4,11,0.289,NA,NA,NA
"1079","2019_13_PHI_MIA","201912010mia",2019,13,"REG","MIA","PHI","Ryan Fitzpatrick","FitzRy00",0,0,NA,NA,6,0.158,3,12,0,7,10,0.233,NA,NA,NA
"1080","2019_13_PHI_MIA","201912010mia",2019,13,"REG","MIA","PHI","Matt Haack","HaacMa00",0,0,NA,NA,0,0,0,0,0,0,0,0,NA,NA,NA
"1081","2019_13_PHI_MIA","201912010mia",2019,13,"REG","PHI","MIA","Carson Wentz","WentCa00",1,0.022,NA,NA,12,0.267,2,7,0,4,6,0.125,NA,NA,NA
"1082","2019_13_GB_NYG","201912010nyg",2019,13,"REG","NYG","GB","Daniel Jones","JoneDa05",1,0.029,NA,NA,10,0.286,0,7,1,6,7,0.184,NA,NA,NA
"1083","2019_13_GB_NYG","201912010nyg",2019,13,"REG","GB","NYG","Aaron Rodgers","RodgAa00",2,0.061,NA,NA,9,0.273,0,14,2,2,4,0.111,NA,NA,NA
"1084","2019_13_CLE_PIT","201912010pit",2019,13,"REG","PIT","CLE","Devlin Hodges","HodgDe00",1,0.056,NA,NA,2,0.111,1,8,2,3,6,0.261,NA,NA,NA
"1085","2019_13_CLE_PIT","201912010pit",2019,13,"REG","CLE","PIT","Baker Mayfield","MayfBa00",1,0.031,NA,NA,9,0.281,5,15,7,2,14,0.378,NA,NA,NA
"1086","2019_13_CLE_PIT","201912010pit",2019,13,"REG","CLE","PIT","Garrett Gilbert","GilbGa01",1,1,NA,NA,0,0,0,1,0,0,0,0,NA,NA,NA
"1087","2019_13_LA_ARI","201912010crd",2019,13,"REG","ARI","LA","Kyler Murray","MurrKy00",0,0,NA,NA,8,0.242,6,12,5,0,11,0.262,NA,NA,NA
"1088","2019_13_LA_ARI","201912010crd",2019,13,"REG","LA","ARI","Jared Goff","GoffJa00",2,0.05,NA,NA,5,0.125,1,13,1,2,4,0.091,NA,NA,NA
"1089","2019_13_LA_ARI","201912010crd",2019,13,"REG","LA","ARI","Blake Bortles","BortBl00",0,0,NA,NA,0,0,0,1,0,0,0,0,NA,NA,NA
"1090","2019_13_LAC_DEN","201912010den",2019,13,"REG","DEN","LAC","Drew Lock","LockDr00",1,0.038,NA,NA,5,0.192,0,7,4,0,4,0.129,NA,NA,NA
"1091","2019_13_LAC_DEN","201912010den",2019,13,"REG","LAC","DEN","Philip Rivers","RivePh00",0,0,NA,NA,5,0.185,3,7,1,2,6,0.188,NA,NA,NA
"1092","2019_13_OAK_KC","201912010kan",2019,13,"REG","KC","OAK","Patrick Mahomes","MahoPa00",3,0.111,NA,NA,8,0.296,1,5,12,1,14,0.438,NA,NA,NA
"1093","2019_13_OAK_KC","201912010kan",2019,13,"REG","OAK","KC","Derek Carr","CarrDe02",0,0,NA,NA,3,0.111,2,8,11,0,13,0.382,NA,NA,NA
"1094","2019_13_NE_HOU","201912010htx",2019,13,"REG","HOU","NE","Deshaun Watson","WatsDe00",0,0,NA,NA,3,0.13,3,17,3,0,6,0.207,NA,NA,NA
"1095","2019_13_NE_HOU","201912010htx",2019,13,"REG","HOU","NE","DeAndre Hopkins","HopkDe00",0,0,NA,NA,0,0,0,1,0,0,0,0,NA,NA,NA
"1096","2019_13_NE_HOU","201912010htx",2019,13,"REG","NE","HOU","Tom Brady","BradTo00",2,0.048,NA,NA,8,0.19,3,12,5,0,8,0.157,NA,NA,NA
"1097","2019_13_MIN_SEA","201912020sea",2019,13,"REG","SEA","MIN","Russell Wilson","WilsRu00",0,0,NA,NA,7,0.226,2,8,3,2,7,0.194,NA,NA,NA
"1098","2019_13_MIN_SEA","201912020sea",2019,13,"REG","MIN","SEA","Kirk Cousins","CousKi00",3,0.083,NA,NA,7,0.194,0,8,5,6,11,0.289,NA,NA,NA
"1099","2019_14_DAL_CHI","201912050chi",2019,14,"REG","CHI","DAL","Mitchell Trubisky","TrubMi00",0,0,NA,NA,4,0.129,2,11,2,0,4,0.108,NA,NA,NA
"1100","2019_14_DAL_CHI","201912050chi",2019,14,"REG","DAL","CHI","Dak Prescott","PresDa01",1,0.022,NA,NA,11,0.239,2,11,4,6,12,0.235,NA,NA,NA
"1101","2019_14_CAR_ATL","201912080atl",2019,14,"REG","ATL","CAR","Matt Ryan","RyanMa00",1,0.032,NA,NA,6,0.194,1,19,2,6,9,0.25,NA,NA,NA
"1102","2019_14_CAR_ATL","201912080atl",2019,14,"REG","CAR","ATL","Kyle Allen","AlleKy00",1,0.025,NA,NA,7,0.175,5,5,0,2,7,0.14,NA,NA,NA
"1103","2019_14_BAL_BUF","201912080buf",2019,14,"REG","BUF","BAL","Josh Allen","AlleJo02",3,0.081,NA,NA,10,0.27,6,31,3,5,14,0.304,NA,NA,NA
"1104","2019_14_BAL_BUF","201912080buf",2019,14,"REG","BAL","BUF","Lamar Jackson","JackLa00",3,0.13,NA,NA,2,0.087,1,7,1,5,7,0.269,NA,NA,NA
"1105","2019_14_CIN_CLE","201912080cle",2019,14,"REG","CLE","CIN","Baker Mayfield","MayfBa00",0,0,NA,NA,5,0.217,1,16,4,3,8,0.296,NA,NA,NA
"1106","2019_14_CIN_CLE","201912080cle",2019,14,"REG","CIN","CLE","Andy Dalton","DaltAn00",1,0.03,NA,NA,7,0.212,2,12,1,3,6,0.146,NA,NA,NA
"1107","2019_14_CIN_CLE","201912080cle",2019,14,"REG","CIN","CLE","Alex Erickson","EricAl01",0,0,NA,NA,0,0,0,0,0,0,0,0,NA,NA,NA
"1108","2019_14_WAS_GB","201912080gnb",2019,14,"REG","GB","WAS","Aaron Rodgers","RodgAa00",2,0.074,NA,NA,5,0.185,4,11,4,4,12,0.353,NA,NA,NA
"1109","2019_14_WAS_GB","201912080gnb",2019,14,"REG","WAS","GB","Dwayne Haskins","HaskDw00",0,0,NA,NA,7,0.269,4,7,4,3,11,0.355,NA,NA,NA
"1110","2019_14_DEN_HOU","201912080htx",2019,14,"REG","HOU","DEN","Deshaun Watson","WatsDe00",3,0.064,NA,NA,9,0.191,3,13,7,3,13,0.22,NA,NA,NA
"1111","2019_14_DEN_HOU","201912080htx",2019,14,"REG","DEN","HOU","Drew Lock","LockDr00",0,0,NA,NA,3,0.111,1,10,1,7,9,0.3,NA,NA,NA
"1112","2019_14_DET_MIN","201912080min",2019,14,"REG","MIN","DET","Kirk Cousins","CousKi00",0,0,NA,NA,5,0.167,1,6,4,2,7,0.226,NA,NA,NA
"1113","2019_14_DET_MIN","201912080min",2019,14,"REG","DET","MIN","David Blough","BlouDa00",2,0.053,NA,NA,9,0.237,5,10,4,3,12,0.267,NA,NA,NA
"1114","2019_14_SF_NO","201912080nor",2019,14,"REG","NO","SF","Drew Brees","BreeDr00",2,0.051,NA,NA,2,0.051,0,14,1,0,1,0.025,NA,NA,NA
"1115","2019_14_SF_NO","201912080nor",2019,14,"REG","NO","SF","Taysom Hill","HillTa00",0,0,NA,NA,0,0,0,0,0,0,0,0,NA,NA,NA
"1116","2019_14_SF_NO","201912080nor",2019,14,"REG","SF","NO","Jimmy Garoppolo","GaroJi00",4,0.118,NA,NA,2,0.059,3,17,0,2,5,0.128,NA,NA,NA
"1117","2019_14_SF_NO","201912080nor",2019,14,"REG","SF","NO","Emmanuel Sanders","SandEm00",0,0,NA,NA,0,0,0,0,0,0,0,0,NA,NA,NA
"1118","2019_14_MIA_NYJ","201912080nyj",2019,14,"REG","NYJ","MIA","Sam Darnold","DarnSa00",3,0.086,NA,NA,7,0.2,1,17,6,2,9,0.243,NA,NA,NA
"1119","2019_14_MIA_NYJ","201912080nyj",2019,14,"REG","MIA","NYJ","Ryan Fitzpatrick","FitzRy00",0,0,NA,NA,9,0.265,2,15,4,8,14,0.311,NA,NA,NA
"1120","2019_14_IND_TB","201912080tam",2019,14,"REG","TB","IND","Jameis Winston","WinsJa00",0,0,NA,NA,7,0.163,1,15,3,5,9,0.188,NA,NA,NA
"1121","2019_14_IND_TB","201912080tam",2019,14,"REG","TB","IND","Ryan Griffin","GrifRy01",0,0,NA,NA,1,0.333,0,2,1,0,1,0.25,NA,NA,NA
"1122","2019_14_IND_TB","201912080tam",2019,14,"REG","IND","TB","Jacoby Brissett","BrisJa00",4,0.114,NA,NA,8,0.229,1,17,3,6,10,0.25,NA,NA,NA
"1123","2019_14_LAC_JAX","201912080jax",2019,14,"REG","JAX","LAC","Gardner Minshew II","MinsGa00",1,0.028,NA,NA,8,0.222,2,9,3,2,7,0.156,NA,NA,NA
"1124","2019_14_LAC_JAX","201912080jax",2019,14,"REG","JAX","LAC","Logan Cooke","CookLo00",0,0,NA,NA,0,0,0,0,0,0,0,0,NA,NA,NA
"1125","2019_14_LAC_JAX","201912080jax",2019,14,"REG","LAC","JAX","Philip Rivers","RivePh00",1,0.048,NA,NA,2,0.095,1,4,0,6,7,0.304,NA,NA,NA
"1126","2019_14_LAC_JAX","201912080jax",2019,14,"REG","LAC","JAX","Tyrod Taylor","TaylTy00",1,0.2,NA,NA,1,0.2,0,0,0,0,0,0,NA,NA,NA
"1127","2019_14_PIT_ARI","201912080crd",2019,14,"REG","ARI","PIT","Kyler Murray","MurrKy00",1,0.036,NA,NA,4,0.143,5,9,4,2,11,0.289,NA,NA,NA
"1128","2019_14_PIT_ARI","201912080crd",2019,14,"REG","PIT","ARI","Devlin Hodges","HodgDe00",0,0,NA,NA,1,0.056,3,10,2,1,6,0.231,NA,NA,NA
"1129","2019_14_KC_NE","201912080nwe",2019,14,"REG","NE","KC","Tom Brady","BradTo00",3,0.091,NA,NA,9,0.273,3,17,6,3,12,0.3,NA,NA,NA
"1130","2019_14_KC_NE","201912080nwe",2019,14,"REG","NE","KC","James White","WhitJa02",0,0,NA,NA,0,0,0,0,0,0,0,0,NA,NA,NA
"1131","2019_14_KC_NE","201912080nwe",2019,14,"REG","KC","NE","Patrick Mahomes","MahoPa00",2,0.053,NA,NA,8,0.211,1,6,2,5,8,0.182,NA,NA,NA
"1132","2019_14_TEN_OAK","201912080rai",2019,14,"REG","OAK","TEN","Derek Carr","CarrDe02",0,0,NA,NA,5,0.167,2,7,5,1,8,0.211,NA,NA,NA
"1133","2019_14_TEN_OAK","201912080rai",2019,14,"REG","TEN","OAK","Ryan Tannehill","TannRy00",0,0,NA,NA,3,0.111,0,7,0,3,3,0.103,NA,NA,NA
"1134","2019_14_SEA_LA","201912080ram",2019,14,"REG","LA","SEA","Jared Goff","GoffJa00",1,0.033,NA,NA,6,0.2,0,8,3,4,7,0.219,NA,NA,NA
"1135","2019_14_SEA_LA","201912080ram",2019,14,"REG","LA","SEA","Cooper Kupp","KuppCo00",0,0,NA,NA,1,1,0,1,0,0,0,0,NA,NA,NA
"1136","2019_14_SEA_LA","201912080ram",2019,14,"REG","SEA","LA","Russell Wilson","WilsRu00",1,0.03,NA,NA,5,0.152,5,18,5,5,15,0.333,NA,NA,NA
"1137","2019_14_NYG_PHI","201912090phi",2019,14,"REG","PHI","NYG","Carson Wentz","WentCa00",3,0.061,NA,NA,7,0.143,3,18,6,7,16,0.296,NA,NA,NA
"1138","2019_14_NYG_PHI","201912090phi",2019,14,"REG","NYG","PHI","Eli Manning","MannEl00",1,0.034,NA,NA,6,0.207,2,5,0,3,5,0.156,NA,NA,NA
"1139","2019_15_NYJ_BAL","201912120rav",2019,15,"REG","BAL","NYJ","Lamar Jackson","JackLa00",1,0.048,NA,NA,3,0.143,1,6,1,2,4,0.154,NA,NA,NA
"1140","2019_15_NYJ_BAL","201912120rav",2019,15,"REG","BAL","NYJ","Robert Griffin III","GrifRo01",0,0,NA,NA,1,1,0,1,0,0,0,0,NA,NA,NA
"1141","2019_15_NYJ_BAL","201912120rav",2019,15,"REG","NYJ","BAL","Sam Darnold","DarnSa00",1,0.034,NA,NA,5,0.172,1,17,6,5,12,0.353,NA,NA,NA
"1142","2019_15_SEA_CAR","201912150car",2019,15,"REG","CAR","SEA","Kyle Allen","AlleKy00",2,0.053,NA,NA,6,0.158,1,6,4,2,7,0.152,NA,NA,NA
"1143","2019_15_SEA_CAR","201912150car",2019,15,"REG","CAR","SEA","Christian McCaffrey","McCaCh01",0,0,NA,NA,1,1,0,0,0,0,0,0,NA,NA,NA
"1144","2019_15_SEA_CAR","201912150car",2019,15,"REG","SEA","CAR","Russell Wilson","WilsRu00",0,0,NA,NA,4,0.167,2,2,5,4,11,0.379,NA,NA,NA
"1145","2019_15_SEA_CAR","201912150car",2019,15,"REG","SEA","CAR","Josh Gordon","GordJo02",0,0,NA,NA,0,0,0,0,0,1,1,1,NA,NA,NA
"1146","2019_15_NE_CIN","201912150cin",2019,15,"REG","CIN","NE","Andy Dalton","DaltAn00",2,0.069,NA,NA,2,0.069,0,18,1,2,3,0.097,NA,NA,NA
"1147","2019_15_NE_CIN","201912150cin",2019,15,"REG","NE","CIN","Tom Brady","BradTo00",2,0.071,NA,NA,9,0.321,2,6,0,4,6,0.194,NA,NA,NA
"1148","2019_15_TB_DET","201912150det",2019,15,"REG","DET","TB","David Blough","BlouDa00",2,0.047,NA,NA,11,0.256,2,24,4,4,10,0.208,NA,NA,NA
"1149","2019_15_TB_DET","201912150det",2019,15,"REG","TB","DET","Jameis Winston","WinsJa00",0,0,NA,NA,12,0.293,2,14,1,4,7,0.159,NA,NA,NA
"1150","2019_15_CHI_GB","201912150gnb",2019,15,"REG","GB","CHI","Aaron Rodgers","RodgAa00",6,0.2,NA,NA,5,0.167,1,7,3,3,7,0.194,NA,NA,NA
"1151","2019_15_CHI_GB","201912150gnb",2019,15,"REG","CHI","GB","Mitchell Trubisky","TrubMi00",3,0.058,NA,NA,14,0.269,3,8,3,2,8,0.136,NA,NA,NA
"1152","2019_15_DEN_KC","201912150kan",2019,15,"REG","KC","DEN","Patrick Mahomes","MahoPa00",0,0,NA,NA,2,0.059,3,8,4,2,9,0.231,NA,NA,NA
"1153","2019_15_DEN_KC","201912150kan",2019,15,"REG","DEN","KC","Drew Lock","LockDr00",5,0.125,NA,NA,12,0.3,2,21,1,7,10,0.238,NA,NA,NA
"1154","2019_15_MIA_NYG","201912150nyg",2019,15,"REG","NYG","MIA","Eli Manning","MannEl00",1,0.036,NA,NA,5,0.179,1,6,1,0,2,0.069,NA,NA,NA
"1155","2019_15_MIA_NYG","201912150nyg",2019,15,"REG","NYG","MIA","Alex Tanney","TannAl00",0,0,NA,NA,0,0,0,1,0,0,0,0,NA,NA,NA
"1156","2019_15_MIA_NYG","201912150nyg",2019,15,"REG","MIA","NYG","Ryan Fitzpatrick","FitzRy00",7,0.171,NA,NA,3,0.073,3,15,3,6,12,0.25,NA,NA,NA
"1157","2019_15_HOU_TEN","201912150oti",2019,15,"REG","TEN","HOU","Ryan Tannehill","TannRy00",1,0.029,NA,NA,8,0.229,2,18,1,4,7,0.179,NA,NA,NA
"1158","2019_15_HOU_TEN","201912150oti",2019,15,"REG","TEN","HOU","Brett Kern","KernBr20",0,0,NA,NA,0,0,0,0,0,0,0,0,NA,NA,NA
"1159","2019_15_HOU_TEN","201912150oti",2019,15,"REG","HOU","TEN","Deshaun Watson","WatsDe00",0,0,NA,NA,4,0.154,1,1,0,0,1,0.031,NA,NA,NA
"1160","2019_15_PHI_WAS","201912150was",2019,15,"REG","WAS","PHI","Dwayne Haskins","HaskDw00",2,0.074,NA,NA,3,0.111,1,5,13,0,14,0.452,NA,NA,NA
"1161","2019_15_PHI_WAS","201912150was",2019,15,"REG","PHI","WAS","Carson Wentz","WentCa00",1,0.025,NA,NA,5,0.125,2,10,16,4,22,0.468,NA,NA,NA
"1162","2019_15_CLE_ARI","201912150crd",2019,15,"REG","ARI","CLE","Kyler Murray","MurrKy00",0,0,NA,NA,3,0.13,0,11,5,0,5,0.185,NA,NA,NA
"1163","2019_15_CLE_ARI","201912150crd",2019,15,"REG","CLE","ARI","Baker Mayfield","MayfBa00",2,0.048,NA,NA,7,0.167,1,15,3,1,5,0.109,NA,NA,NA
"1164","2019_15_MIN_LAC","201912150sdg",2019,15,"REG","LAC","MIN","Philip Rivers","RivePh00",0,0,NA,NA,5,0.132,3,6,1,2,6,0.143,NA,NA,NA
"1165","2019_15_MIN_LAC","201912150sdg",2019,15,"REG","MIN","LAC","Kirk Cousins","CousKi00",0,0,NA,NA,1,0.042,0,1,4,1,5,0.2,NA,NA,NA
"1166","2019_15_JAX_OAK","201912150rai",2019,15,"REG","OAK","JAX","Derek Carr","CarrDe02",4,0.121,NA,NA,3,0.091,4,10,5,1,10,0.25,NA,NA,NA
"1167","2019_15_JAX_OAK","201912150rai",2019,15,"REG","JAX","OAK","Gardner Minshew II","MinsGa00",1,0.036,NA,NA,6,0.214,2,8,2,3,7,0.2,NA,NA,NA
"1168","2019_15_LA_DAL","201912150dal",2019,15,"REG","DAL","LA","Dak Prescott","PresDa01",2,0.091,NA,NA,3,0.136,0,9,2,1,3,0.12,NA,NA,NA
"1169","2019_15_LA_DAL","201912150dal",2019,15,"REG","LA","DAL","Jared Goff","GoffJa00",4,0.08,NA,NA,8,0.16,2,14,2,4,8,0.151,NA,NA,NA
"1170","2019_15_LA_DAL","201912150dal",2019,15,"REG","LA","DAL","Johnny Hekker","HekkJo00",0,0,NA,NA,0,0,0,0,0,0,0,0,NA,NA,NA
"1171","2019_15_ATL_SF","201912150sfo",2019,15,"REG","SF","ATL","Jimmy Garoppolo","GaroJi00",2,0.061,NA,NA,6,0.182,1,10,5,2,8,0.222,NA,NA,NA
"1172","2019_15_ATL_SF","201912150sfo",2019,15,"REG","ATL","SF","Matt Ryan","RyanMa00",2,0.051,NA,NA,4,0.103,2,5,2,5,9,0.2,NA,NA,NA
"1173","2019_15_BUF_PIT","201912150pit",2019,15,"REG","PIT","BUF","Devlin Hodges","HodgDe00",2,0.056,NA,NA,10,0.278,4,12,9,3,16,0.381,NA,NA,NA
"1174","2019_15_BUF_PIT","201912150pit",2019,15,"REG","BUF","PIT","Josh Allen","AlleJo02",4,0.167,NA,NA,4,0.167,1,12,3,3,7,0.233,NA,NA,NA
"1175","2019_15_IND_NO","201912160nor",2019,15,"REG","NO","IND","Drew Brees","BreeDr00",0,0,NA,NA,1,0.033,0,9,1,2,3,0.1,NA,NA,NA
"1176","2019_15_IND_NO","201912160nor",2019,15,"REG","IND","NO","Jacoby Brissett","BrisJa00",0,0,NA,NA,10,0.303,1,17,5,6,12,0.333,NA,NA,NA
"1177","2019_16_HOU_TB","201912210tam",2019,16,"REG","TB","HOU","Jameis Winston","WinsJa00",3,0.064,NA,NA,9,0.191,3,21,2,2,7,0.132,NA,NA,NA
"1178","2019_16_HOU_TB","201912210tam",2019,16,"REG","HOU","TB","Deshaun Watson","WatsDe00",1,0.031,NA,NA,6,0.188,5,19,4,3,12,0.286,NA,NA,NA
"1179","2019_16_BUF_NE","201912210nwe",2019,16,"REG","NE","BUF","Tom Brady","BradTo00",1,0.032,NA,NA,4,0.129,0,11,7,4,11,0.324,NA,NA,NA
"1180","2019_16_BUF_NE","201912210nwe",2019,16,"REG","BUF","NE","Josh Allen","AlleJo02",1,0.038,NA,NA,7,0.269,4,11,2,2,8,0.258,NA,NA,NA
"1181","2019_16_LA_SF","201912210sfo",2019,16,"REG","SF","LA","Jimmy Garoppolo","GaroJi00",2,0.074,NA,NA,4,0.148,6,12,2,1,9,0.265,NA,NA,NA
"1182","2019_16_LA_SF","201912210sfo",2019,16,"REG","LA","SF","Jared Goff","GoffJa00",0,0,NA,NA,8,0.205,0,14,10,2,12,0.24,NA,NA,NA
"1183","2019_16_JAX_ATL","201912220atl",2019,16,"REG","ATL","JAX","Matt Ryan","RyanMa00",2,0.047,NA,NA,4,0.093,1,9,2,4,7,0.149,NA,NA,NA
"1184","2019_16_JAX_ATL","201912220atl",2019,16,"REG","JAX","ATL","Gardner Minshew II","MinsGa00",0,0,NA,NA,12,0.4,3,9,3,1,7,0.175,NA,NA,NA
"1185","2019_16_JAX_ATL","201912220atl",2019,16,"REG","JAX","ATL","Logan Cooke","CookLo00",0,0,NA,NA,0,0,0,0,0,0,0,0,NA,NA,NA
"1186","2019_16_BAL_CLE","201912220cle",2019,16,"REG","CLE","BAL","Baker Mayfield","MayfBa00",2,0.063,NA,NA,4,0.125,0,22,1,3,4,0.118,NA,NA,NA
"1187","2019_16_BAL_CLE","201912220cle",2019,16,"REG","BAL","CLE","Lamar Jackson","JackLa00",1,0.033,NA,NA,5,0.167,0,13,4,4,8,0.235,NA,NA,NA
"1188","2019_16_CAR_IND","201912220clt",2019,16,"REG","IND","CAR","Jacoby Brissett","BrisJa00",2,0.083,NA,NA,7,0.292,3,9,8,3,14,0.438,NA,NA,NA
"1189","2019_16_CAR_IND","201912220clt",2019,16,"REG","CAR","IND","Will Grier","GrieWi00",1,0.024,NA,NA,7,0.171,5,5,10,2,17,0.327,NA,NA,NA
"1190","2019_16_CAR_IND","201912220clt",2019,16,"REG","CAR","IND","Michael Palardy","PalaMi00",0,0,NA,NA,0,0,0,0,0,0,0,0,NA,NA,NA
"1191","2019_16_CIN_MIA","201912220mia",2019,16,"REG","MIA","CIN","Ryan Fitzpatrick","FitzRy00",2,0.039,NA,NA,10,0.196,2,19,3,10,15,0.273,NA,NA,NA
"1192","2019_16_CIN_MIA","201912220mia",2019,16,"REG","CIN","MIA","Andy Dalton","DaltAn00",3,0.057,NA,NA,10,0.189,4,16,3,1,8,0.133,NA,NA,NA
"1193","2019_16_PIT_NYJ","201912220nyj",2019,16,"REG","NYJ","PIT","Sam Darnold","DarnSa00",3,0.12,NA,NA,3,0.12,2,13,3,5,10,0.345,NA,NA,NA
"1194","2019_16_PIT_NYJ","201912220nyj",2019,16,"REG","PIT","NYJ","Mason Rudolph","RudoMa00",4,0.2,NA,NA,2,0.1,1,12,1,2,4,0.182,NA,NA,NA
"1195","2019_16_PIT_NYJ","201912220nyj",2019,16,"REG","PIT","NYJ","Devlin Hodges","HodgDe00",1,0.063,NA,NA,0,0,3,13,0,1,4,0.2,NA,NA,NA
"1196","2019_16_NO_TEN","201912220oti",2019,16,"REG","TEN","NO","Ryan Tannehill","TannRy00",4,0.16,NA,NA,1,0.04,5,10,4,1,10,0.303,NA,NA,NA
"1197","2019_16_NO_TEN","201912220oti",2019,16,"REG","NO","TEN","Drew Brees","BreeDr00",1,0.027,NA,NA,5,0.135,3,9,2,0,5,0.122,NA,NA,NA
"1198","2019_16_NO_TEN","201912220oti",2019,16,"REG","NO","TEN","Taysom Hill","HillTa00",0,0,NA,NA,0,0,0,0,0,0,0,0,NA,NA,NA
"1199","2019_16_NYG_WAS","201912220was",2019,16,"REG","WAS","NYG","Case Keenum","KeenCa00",0,0,NA,NA,4,0.19,1,5,2,5,8,0.333,NA,NA,NA
"1200","2019_16_NYG_WAS","201912220was",2019,16,"REG","WAS","NYG","Dwayne Haskins","HaskDw00",0,0,NA,NA,2,0.133,2,8,0,2,4,0.235,NA,NA,NA
"1201","2019_16_NYG_WAS","201912220was",2019,16,"REG","WAS","NYG","Kelvin Harmon","HarmKe00",0,0,NA,NA,0,0,0,0,1,0,1,1,NA,NA,NA
"1202","2019_16_NYG_WAS","201912220was",2019,16,"REG","NYG","WAS","Daniel Jones","JoneDa05",2,0.05,NA,NA,5,0.125,1,8,1,5,7,0.152,NA,NA,NA
"1203","2019_16_DET_DEN","201912220den",2019,16,"REG","DEN","DET","Drew Lock","LockDr00",2,0.061,NA,NA,2,0.061,0,3,4,1,5,0.143,NA,NA,NA
"1204","2019_16_DET_DEN","201912220den",2019,16,"REG","DEN","DET","Andrew Beck","BeckAn01",0,0,NA,NA,0,0,0,1,0,0,0,0,NA,NA,NA
"1205","2019_16_DET_DEN","201912220den",2019,16,"REG","DET","DEN","David Blough","BlouDa00",1,0.043,NA,NA,7,0.304,4,7,2,2,8,0.286,NA,NA,NA
"1206","2019_16_OAK_LAC","201912220sdg",2019,16,"REG","LAC","OAK","Philip Rivers","RivePh00",3,0.081,NA,NA,2,0.054,1,1,1,2,4,0.1,NA,NA,NA
"1207","2019_16_OAK_LAC","201912220sdg",2019,16,"REG","OAK","LAC","Derek Carr","CarrDe02",2,0.069,NA,NA,1,0.034,3,2,0,3,6,0.176,NA,NA,NA
"1208","2019_16_DAL_PHI","201912220phi",2019,16,"REG","PHI","DAL","Carson Wentz","WentCa00",1,0.025,NA,NA,4,0.1,1,8,1,3,5,0.114,NA,NA,NA
"1209","2019_16_DAL_PHI","201912220phi",2019,16,"REG","DAL","PHI","Dak Prescott","PresDa01",4,0.091,NA,NA,10,0.227,2,5,1,2,5,0.106,NA,NA,NA
"1210","2019_16_ARI_SEA","201912220sea",2019,16,"REG","SEA","ARI","Russell Wilson","WilsRu00",1,0.034,NA,NA,7,0.241,5,11,5,3,13,0.351,NA,NA,NA
"1211","2019_16_ARI_SEA","201912220sea",2019,16,"REG","ARI","SEA","Kyler Murray","MurrKy00",0,0,NA,NA,4,0.222,1,3,3,0,4,0.182,NA,NA,NA
"1212","2019_16_ARI_SEA","201912220sea",2019,16,"REG","ARI","SEA","Brett Hundley","HundBr00",1,0.111,NA,NA,0,0,1,3,0,0,1,0.083,NA,NA,NA
"1213","2019_16_KC_CHI","201912220chi",2019,16,"REG","CHI","KC","Mitchell Trubisky","TrubMi00",6,0.182,NA,NA,7,0.212,3,16,2,4,9,0.237,NA,NA,NA
"1214","2019_16_KC_CHI","201912220chi",2019,16,"REG","KC","CHI","Patrick Mahomes","MahoPa00",2,0.067,NA,NA,5,0.167,1,9,1,0,2,0.056,NA,NA,NA
"1215","2019_16_GB_MIN","201912230min",2019,16,"REG","MIN","GB","Kirk Cousins","CousKi00",1,0.034,NA,NA,8,0.276,5,4,3,1,9,0.25,NA,NA,NA
"1216","2019_16_GB_MIN","201912230min",2019,16,"REG","MIN","GB","Stefon Diggs","DiggSt00",0,0,NA,NA,1,1,0,0,0,0,0,0,NA,NA,NA
"1217","2019_16_GB_MIN","201912230min",2019,16,"REG","GB","MIN","Aaron Rodgers","RodgAa00",1,0.026,NA,NA,7,0.184,3,7,1,2,6,0.14,NA,NA,NA
"1218","2019_17_NYJ_BUF","201912290buf",2019,17,"REG","BUF","NYJ","Matt Barkley","BarkMa00",4,0.118,NA,NA,5,0.147,1,14,1,1,3,0.083,NA,NA,NA
"1219","2019_17_NYJ_BUF","201912290buf",2019,17,"REG","BUF","NYJ","Josh Allen","AlleJo02",0,0,NA,NA,2,0.4,0,3,0,0,0,0,NA,NA,NA
"1220","2019_17_NYJ_BUF","201912290buf",2019,17,"REG","NYJ","BUF","Sam Darnold","DarnSa00",2,0.061,NA,NA,5,0.152,2,9,3,0,5,0.132,NA,NA,NA
"1221","2019_17_NO_CAR","201912290car",2019,17,"REG","CAR","NO","Kyle Allen","AlleKy00",2,0.049,NA,NA,6,0.146,1,11,3,1,5,0.114,NA,NA,NA
"1222","2019_17_NO_CAR","201912290car",2019,17,"REG","CAR","NO","Will Grier","GrieWi00",1,0.125,NA,NA,4,0.5,1,4,2,0,3,0.273,NA,NA,NA
"1223","2019_17_NO_CAR","201912290car",2019,17,"REG","NO","CAR","Drew Brees","BreeDr00",2,0.071,NA,NA,2,0.071,0,9,4,0,4,0.133,NA,NA,NA
"1224","2019_17_NO_CAR","201912290car",2019,17,"REG","NO","CAR","Teddy Bridgewater","BridTe00",0,0,NA,NA,0,0,1,0,0,1,2,1,NA,NA,NA
"1225","2019_17_CLE_CIN","201912290cin",2019,17,"REG","CIN","CLE","Andy Dalton","DaltAn00",3,0.111,NA,NA,3,0.111,1,6,1,0,2,0.065,NA,NA,NA
"1226","2019_17_CLE_CIN","201912290cin",2019,17,"REG","CLE","CIN","Baker Mayfield","MayfBa00",1,0.042,NA,NA,7,0.292,6,8,5,2,13,0.351,NA,NA,NA
"1227","2019_17_GB_DET","201912290det",2019,17,"REG","DET","GB","David Blough","BlouDa00",2,0.071,NA,NA,10,0.357,1,9,2,2,5,0.156,NA,NA,NA
"1228","2019_17_GB_DET","201912290det",2019,17,"REG","DET","GB","Danny Amendola","AmenDa00",0,0,NA,NA,0,0,0,1,0,0,0,0,NA,NA,NA
"1229","2019_17_GB_DET","201912290det",2019,17,"REG","GB","DET","Aaron Rodgers","RodgAa00",2,0.037,NA,NA,19,0.352,1,13,1,5,7,0.123,NA,NA,NA
"1230","2019_17_LAC_KC","201912290kan",2019,17,"REG","KC","LAC","Patrick Mahomes","MahoPa00",3,0.12,NA,NA,3,0.12,0,2,1,2,3,0.111,NA,NA,NA
"1231","2019_17_LAC_KC","201912290kan",2019,17,"REG","LAC","KC","Philip Rivers","RivePh00",0,0,NA,NA,10,0.222,3,10,1,5,9,0.18,NA,NA,NA
"1232","2019_17_CHI_MIN","201912290min",2019,17,"REG","MIN","CHI","Sean Mannion","MannSe00",3,0.143,NA,NA,3,0.143,0,3,8,3,11,0.524,NA,NA,NA
"1233","2019_17_CHI_MIN","201912290min",2019,17,"REG","CHI","MIN","Mitchell Trubisky","TrubMi00",0,0,NA,NA,7,0.2,4,9,7,3,14,0.333,NA,NA,NA
"1234","2019_17_MIA_NE","201912290nwe",2019,17,"REG","NE","MIA","Tom Brady","BradTo00",2,0.069,NA,NA,8,0.276,1,6,0,1,2,0.067,NA,NA,NA
"1235","2019_17_MIA_NE","201912290nwe",2019,17,"REG","MIA","NE","Ryan Fitzpatrick","FitzRy00",2,0.049,NA,NA,8,0.195,2,21,1,2,5,0.106,NA,NA,NA
"1236","2019_17_MIA_NE","201912290nwe",2019,17,"REG","MIA","NE","Albert Wilson","WilsAl02",0,0,NA,NA,1,0.5,0,2,0,0,0,0,NA,NA,NA
"1237","2019_17_MIA_NE","201912290nwe",2019,17,"REG","MIA","NE","Matt Haack","HaacMa00",0,0,NA,NA,0,0,0,0,0,0,0,0,NA,NA,NA
"1238","2019_17_ATL_TB","201912290tam",2019,17,"REG","TB","ATL","Jameis Winston","WinsJa00",1,0.043,NA,NA,4,0.174,1,9,2,0,3,0.115,NA,NA,NA
"1239","2019_17_ATL_TB","201912290tam",2019,17,"REG","ATL","TB","Matt Ryan","RyanMa00",0,0,NA,NA,12,0.25,6,18,7,8,21,0.368,NA,NA,NA
"1240","2019_17_PIT_BAL","201912290rav",2019,17,"REG","BAL","PIT","Robert Griffin III","GrifRo01",0,0,NA,NA,5,0.25,3,14,0,3,6,0.24,NA,NA,NA
"1241","2019_17_PIT_BAL","201912290rav",2019,17,"REG","PIT","BAL","Devlin Hodges","HodgDe00",4,0.2,NA,NA,7,0.35,2,18,0,4,6,0.222,NA,NA,NA
"1242","2019_17_WAS_DAL","201912290dal",2019,17,"REG","DAL","WAS","Dak Prescott","PresDa01",3,0.091,NA,NA,3,0.091,3,7,0,3,6,0.162,NA,NA,NA
"1243","2019_17_WAS_DAL","201912290dal",2019,17,"REG","WAS","DAL","Case Keenum","KeenCa00",3,0.088,NA,NA,7,0.206,2,10,3,3,8,0.205,NA,NA,NA
"1244","2019_17_OAK_DEN","201912290den",2019,17,"REG","DEN","OAK","Drew Lock","LockDr00",1,0.038,NA,NA,5,0.192,2,6,6,3,11,0.324,NA,NA,NA
"1245","2019_17_OAK_DEN","201912290den",2019,17,"REG","OAK","DEN","Derek Carr","CarrDe02",3,0.073,NA,NA,3,0.073,2,5,4,2,8,0.167,NA,NA,NA
"1246","2019_17_TEN_HOU","201912290htx",2019,17,"REG","HOU","TEN","A.J. McCarron","McCaA.00",0,0,NA,NA,7,0.226,4,14,8,2,14,0.311,NA,NA,NA
"1247","2019_17_TEN_HOU","201912290htx",2019,17,"REG","TEN","HOU","Ryan Tannehill","TannRy00",0,0,NA,NA,5,0.25,0,7,1,2,3,0.136,NA,NA,NA
"1248","2019_17_TEN_HOU","201912290htx",2019,17,"REG","TEN","HOU","Marcus Mariota","MariMa01",0,0,NA,NA,0,0,0,0,0,0,0,0,NA,NA,NA
"1249","2019_17_IND_JAX","201912290jax",2019,17,"REG","JAX","IND","Gardner Minshew II","MinsGa00",6,0.154,NA,NA,4,0.103,3,5,2,1,6,0.136,NA,NA,NA
"1250","2019_17_IND_JAX","201912290jax",2019,17,"REG","IND","JAX","Jacoby Brissett","BrisJa00",2,0.083,NA,NA,6,0.25,3,2,3,3,9,0.3,NA,NA,NA
"1251","2019_17_ARI_LA","201912290ram",2019,17,"REG","LA","ARI","Jared Goff","GoffJa00",0,0,NA,NA,9,0.2,1,23,1,0,2,0.043,NA,NA,NA
"1252","2019_17_ARI_LA","201912290ram",2019,17,"REG","ARI","LA","Kyler Murray","MurrKy00",0,0,NA,NA,6,0.158,1,9,3,0,4,0.093,NA,NA,NA
"1253","2019_17_ARI_LA","201912290ram",2019,17,"REG","ARI","LA","Brett Hundley","HundBr00",0,0,NA,NA,0,0,0,0,0,0,0,0,NA,NA,NA
"1254","2019_17_PHI_NYG","201912290nyg",2019,17,"REG","NYG","PHI","Daniel Jones","JoneDa05",1,0.021,NA,NA,7,0.149,4,14,5,6,15,0.288,NA,NA,NA
"1255","2019_17_PHI_NYG","201912290nyg",2019,17,"REG","PHI","NYG","Carson Wentz","WentCa00",2,0.05,NA,NA,9,0.225,1,15,3,3,7,0.163,NA,NA,NA
"1256","2019_17_SF_SEA","201912290sea",2019,17,"REG","SEA","SF","Russell Wilson","WilsRu00",2,0.053,NA,NA,7,0.184,1,12,9,7,17,0.354,NA,NA,NA
"1257","2019_17_SF_SEA","201912290sea",2019,17,"REG","SF","SEA","Jimmy Garoppolo","GaroJi00",1,0.045,NA,NA,2,0.091,2,2,2,0,4,0.167,NA,NA,NA
"1258","2019_18_BUF_HOU","202001040htx",2019,18,"WC","HOU","BUF","Deshaun Watson","WatsDe00",1,0.04,NA,NA,2,0.08,7,12,2,5,14,0.359,NA,NA,NA
"1259","2019_18_BUF_HOU","202001040htx",2019,18,"WC","BUF","HOU","Josh Allen","AlleJo02",4,0.095,NA,NA,9,0.214,3,19,2,8,13,0.26,NA,NA,NA
"1260","2019_18_BUF_HOU","202001040htx",2019,18,"WC","BUF","HOU","Corey Bojorquez","BojoCo00",0,0,NA,NA,0,0,0,0,0,0,0,0,NA,NA,NA
"1261","2019_18_BUF_HOU","202001040htx",2019,18,"WC","BUF","HOU","John Brown","BrowJo02",0,0,NA,NA,0,0,0,0,0,0,0,0,NA,NA,NA
"1262","2019_18_TEN_NE","202001040nwe",2019,18,"WC","NE","TEN","Tom Brady","BradTo00",3,0.083,NA,NA,7,0.194,0,2,1,4,5,0.135,NA,NA,NA
"1263","2019_18_TEN_NE","202001040nwe",2019,18,"WC","TEN","NE","Ryan Tannehill","TannRy00",0,0,NA,NA,3,0.214,1,6,1,3,5,0.294,NA,NA,NA
"1264","2019_18_TEN_NE","202001040nwe",2019,18,"WC","TEN","NE","Marcus Mariota","MariMa01",0,0,NA,NA,0,0,0,0,0,1,1,1,NA,NA,NA
"1265","2019_18_MIN_NO","202001050nor",2019,18,"WC","NO","MIN","Drew Brees","BreeDr00",0,0,NA,NA,3,0.091,3,10,2,2,7,0.189,NA,NA,NA
"1266","2019_18_MIN_NO","202001050nor",2019,18,"WC","NO","MIN","Taysom Hill","HillTa00",0,0,NA,NA,0,0,0,0,0,0,0,0,NA,NA,NA
"1267","2019_18_MIN_NO","202001050nor",2019,18,"WC","MIN","NO","Kirk Cousins","CousKi00",1,0.032,NA,NA,5,0.161,2,8,2,1,5,0.152,NA,NA,NA
"1268","2019_18_SEA_PHI","202001050phi",2019,18,"WC","PHI","SEA","Josh McCown","McCoJo01",1,0.045,NA,NA,2,0.091,6,9,1,1,8,0.25,NA,NA,NA
"1269","2019_18_SEA_PHI","202001050phi",2019,18,"WC","PHI","SEA","Carson Wentz","WentCa00",0,0,NA,NA,1,0.333,1,1,1,1,3,0.6,NA,NA,NA
"1270","2019_18_SEA_PHI","202001050phi",2019,18,"WC","SEA","PHI","Russell Wilson","WilsRu00",0,0,NA,NA,9,0.31,1,18,1,10,12,0.343,NA,NA,NA
"1271","2019_19_MIN_SF","202001110sfo",2019,19,"DIV","SF","MIN","Jimmy Garoppolo","GaroJi00",2,0.111,NA,NA,1,0.056,2,6,0,2,4,0.19,NA,NA,NA
"1272","2019_19_MIN_SF","202001110sfo",2019,19,"DIV","MIN","SF","Kirk Cousins","CousKi00",1,0.034,NA,NA,3,0.103,6,6,4,3,13,0.371,NA,NA,NA
"1273","2019_19_TEN_BAL","202001110rav",2019,19,"DIV","BAL","TEN","Lamar Jackson","JackLa00",7,0.13,NA,NA,9,0.167,4,10,2,3,9,0.127,NA,NA,NA
"1274","2019_19_TEN_BAL","202001110rav",2019,19,"DIV","TEN","BAL","Ryan Tannehill","TannRy00",0,0,NA,NA,3,0.214,1,13,0,3,4,0.25,NA,NA,NA
"1275","2019_19_TEN_BAL","202001110rav",2019,19,"DIV","TEN","BAL","Derrick Henry","HenrDe00",0,0,NA,NA,0,0,0,0,0,0,0,0,NA,NA,NA
"1276","2019_19_HOU_KC","202001120kan",2019,19,"DIV","KC","HOU","Patrick Mahomes","MahoPa00",5,0.143,NA,NA,4,0.114,0,8,5,3,8,0.205,NA,NA,NA
"1277","2019_19_HOU_KC","202001120kan",2019,19,"DIV","HOU","KC","Deshaun Watson","WatsDe00",4,0.08,NA,NA,10,0.2,4,11,9,3,16,0.271,NA,NA,NA
"1278","2019_19_SEA_GB","202001120gnb",2019,19,"DIV","GB","SEA","Aaron Rodgers","RodgAa00",2,0.091,NA,NA,2,0.091,2,12,2,3,7,0.233,NA,NA,NA
"1279","2019_19_SEA_GB","202001120gnb",2019,19,"DIV","SEA","GB","Russell Wilson","WilsRu00",2,0.069,NA,NA,4,0.138,5,8,2,5,12,0.279,NA,NA,NA
"1280","2019_20_TEN_KC","202001190kan",2019,20,"CON","KC","TEN","Patrick Mahomes","MahoPa00",5,0.156,NA,NA,4,0.125,2,7,10,4,16,0.372,NA,NA,NA
"1281","2019_20_TEN_KC","202001190kan",2019,20,"CON","TEN","KC","Ryan Tannehill","TannRy00",0,0,NA,NA,4,0.133,3,12,2,0,5,0.139,NA,NA,NA
"1282","2019_20_TEN_KC","202001190kan",2019,20,"CON","TEN","KC","Brett Kern","KernBr20",0,0,NA,NA,0,0,0,0,0,0,0,0,NA,NA,NA
"1283","2019_20_GB_SF","202001190sfo",2019,20,"CON","SF","GB","Jimmy Garoppolo","GaroJi00",0,0,NA,NA,0,0,1,3,1,0,2,0.222,NA,NA,NA
"1284","2019_20_GB_SF","202001190sfo",2019,20,"CON","GB","SF","Aaron Rodgers","RodgAa00",0,0,NA,NA,5,0.132,3,3,3,0,6,0.143,NA,NA,NA
"1285","2019_21_SF_KC","202002020kan",2019,21,"SB","KC","SF","Patrick Mahomes","MahoPa00",1,0.026,NA,NA,8,0.205,4,11,4,4,12,0.24,NA,NA,NA
"1286","2019_21_SF_KC","202002020kan",2019,21,"SB","SF","KC","Jimmy Garoppolo","GaroJi00",0,0,NA,NA,6,0.194,1,16,1,5,7,0.212,NA,NA,NA
"1287","2020_01_HOU_KC","202009100kan",2020,1,"REG","KC","HOU","Patrick Mahomes","MahoPa00",1,0.031,NA,NA,5,0.156,1,13,1,2,4,0.121,NA,NA,NA
"1288","2020_01_HOU_KC","202009100kan",2020,1,"REG","HOU","KC","Deshaun Watson","WatsDe00",4,0.129,NA,NA,5,0.161,4,13,8,3,15,0.375,NA,NA,NA
"1289","2020_01_SEA_ATL","202009130atl",2020,1,"REG","ATL","SEA","Matt Ryan","RyanMa00",4,0.075,NA,NA,5,0.094,2,19,4,6,12,0.214,NA,NA,NA
"1290","2020_01_SEA_ATL","202009130atl",2020,1,"REG","SEA","ATL","Russell Wilson","WilsRu00",1,0.029,NA,NA,2,0.057,3,13,4,6,13,0.333,NA,NA,NA
"1291","2020_01_CLE_BAL","202009130rav",2020,1,"REG","BAL","CLE","Lamar Jackson","JackLa00",0,0,NA,NA,3,0.125,2,9,7,2,11,0.379,NA,NA,NA
"1292","2020_01_CLE_BAL","202009130rav",2020,1,"REG","BAL","CLE","Robert Griffin III","GrifRo01",0,0,NA,NA,0,0,0,1,0,0,0,0,NA,NA,NA
"1293","2020_01_CLE_BAL","202009130rav",2020,1,"REG","CLE","BAL","Baker Mayfield","MayfBa00",1,0.029,NA,NA,6,0.171,2,21,4,4,10,0.238,NA,NA,NA
"1294","2020_01_NYJ_BUF","202009130buf",2020,1,"REG","BUF","NYJ","Josh Allen","AlleJo02",2,0.044,NA,NA,4,0.089,3,18,4,2,9,0.173,NA,NA,NA
"1295","2020_01_NYJ_BUF","202009130buf",2020,1,"REG","NYJ","BUF","Sam Darnold","DarnSa00",2,0.061,NA,NA,7,0.212,3,20,3,2,8,0.205,NA,NA,NA
"1296","2020_01_LV_CAR","202009130car",2020,1,"REG","CAR","LV","Teddy Bridgewater","BridTe00",2,0.059,NA,NA,6,0.176,1,6,3,2,6,0.154,NA,NA,NA
"1297","2020_01_LV_CAR","202009130car",2020,1,"REG","LV","CAR","Derek Carr","CarrDe02",0,0,NA,NA,3,0.107,0,7,3,0,3,0.1,NA,NA,NA
"1298","2020_01_CHI_DET","202009130det",2020,1,"REG","DET","CHI","Matthew Stafford","StafMa00",5,0.122,NA,NA,8,0.195,1,8,0,5,6,0.128,NA,NA,NA
"1299","2020_01_CHI_DET","202009130det",2020,1,"REG","CHI","DET","Mitchell Trubisky","TrubMi00",0,0,NA,NA,12,0.333,1,8,5,4,10,0.256,NA,NA,NA
"1300","2020_01_IND_JAX","202009130jax",2020,1,"REG","JAX","IND","Gardner Minshew II","MinsGa00",0,0,NA,NA,0,0,4,3,4,0,8,0.286,NA,NA,NA
"1301","2020_01_IND_JAX","202009130jax",2020,1,"REG","IND","JAX","Philip Rivers","RivePh00",0,0,NA,NA,5,0.109,0,6,0,5,5,0.106,NA,NA,NA
"1302","2020_01_GB_MIN","202009130min",2020,1,"REG","MIN","GB","Kirk Cousins","CousKi00",2,0.08,NA,NA,3,0.12,2,3,2,2,6,0.194,NA,NA,NA
"1303","2020_01_GB_MIN","202009130min",2020,1,"REG","GB","MIN","Aaron Rodgers","RodgAa00",2,0.049,NA,NA,6,0.146,0,19,4,2,6,0.136,NA,NA,NA
"1304","2020_01_MIA_NE","202009130nwe",2020,1,"REG","NE","MIA","Cam Newton","NewtCa00",0,0,NA,NA,1,0.053,2,9,3,1,6,0.273,NA,NA,NA
"1305","2020_01_MIA_NE","202009130nwe",2020,1,"REG","MIA","NE","Ryan Fitzpatrick","FitzRy00",0,0,NA,NA,4,0.133,1,11,3,4,8,0.235,NA,NA,NA
"1306","2020_01_PHI_WAS","202009130was",2020,1,"REG","WAS","PHI","Dwayne Haskins","HaskDw00",0,0,NA,NA,10,0.333,3,7,1,5,9,0.25,NA,NA,NA
"1307","2020_01_PHI_WAS","202009130was",2020,1,"REG","PHI","WAS","Carson Wentz","WentCa00",3,0.071,NA,NA,13,0.31,8,17,1,5,14,0.28,NA,NA,NA
"1308","2020_01_LAC_CIN","202009130cin",2020,1,"REG","CIN","LAC","Joe Burrow","BurrJo01",2,0.057,NA,NA,7,0.2,3,8,5,3,11,0.256,NA,NA,NA
"1309","2020_01_LAC_CIN","202009130cin",2020,1,"REG","LAC","CIN","Tyrod Taylor","TaylTy00",1,0.036,NA,NA,6,0.214,2,9,5,2,9,0.265,NA,NA,NA
"1310","2020_01_TB_NO","202009130nor",2020,1,"REG","NO","TB","Drew Brees","BreeDr00",2,0.069,NA,NA,7,0.241,1,13,4,2,7,0.219,NA,NA,NA
"1311","2020_01_TB_NO","202009130nor",2020,1,"REG","NO","TB","Taysom Hill","HillTa00",0,0,NA,NA,0,0,0,1,0,0,0,0,NA,NA,NA
"1312","2020_01_TB_NO","202009130nor",2020,1,"REG","TB","NO","Tom Brady","BradTo00",0,0,NA,NA,8,0.235,3,7,2,4,9,0.225,NA,NA,NA
"1313","2020_01_ARI_SF","202009130sfo",2020,1,"REG","SF","ARI","Jimmy Garoppolo","GaroJi00",2,0.061,NA,NA,11,0.333,3,10,1,3,7,0.189,NA,NA,NA
"1314","2020_01_ARI_SF","202009130sfo",2020,1,"REG","ARI","SF","Kyler Murray","MurrKy00",0,0,NA,NA,7,0.189,2,12,4,1,7,0.14,NA,NA,NA
"1315","2020_01_DAL_LA","202009130ram",2020,1,"REG","LA","DAL","Jared Goff","GoffJa00",3,0.107,NA,NA,2,0.071,1,10,1,2,4,0.118,NA,NA,NA
"1316","2020_01_DAL_LA","202009130ram",2020,1,"REG","DAL","LA","Dak Prescott","PresDa01",2,0.054,NA,NA,6,0.162,3,8,4,4,11,0.244,NA,NA,NA
"1317","2020_01_PIT_NYG","202009140nyg",2020,1,"REG","NYG","PIT","Daniel Jones","JoneDa05",4,0.103,NA,NA,5,0.128,3,26,9,5,17,0.362,NA,NA,NA
"1318","2020_01_PIT_NYG","202009140nyg",2020,1,"REG","PIT","NYG","Ben Roethlisberger","RoetBe00",3,0.097,NA,NA,4,0.129,2,7,4,3,9,0.257,NA,NA,NA
"1319","2020_01_TEN_DEN","202009140den",2020,1,"REG","DEN","TEN","Drew Lock","LockDr00",3,0.094,NA,NA,5,0.156,0,13,1,5,6,0.171,NA,NA,NA
"1320","2020_01_TEN_DEN","202009140den",2020,1,"REG","TEN","DEN","Ryan Tannehill","TannRy00",3,0.075,NA,NA,4,0.1,1,5,4,6,11,0.244,NA,NA,NA
"1321","2020_02_CIN_CLE","202009170cle",2020,2,"REG","CLE","CIN","Baker Mayfield","MayfBa00",0,0,NA,NA,4,0.19,0,14,3,0,3,0.125,NA,NA,NA
"1322","2020_02_CIN_CLE","202009170cle",2020,2,"REG","CIN","CLE","Joe Burrow","BurrJo01",3,0.051,NA,NA,12,0.203,3,16,6,5,14,0.206,NA,NA,NA
"1323","2020_02_NYG_CHI","202009200chi",2020,2,"REG","CHI","NYG","Mitchell Trubisky","TrubMi00",1,0.036,NA,NA,4,0.143,4,8,1,1,6,0.182,NA,NA,NA
"1324","2020_02_NYG_CHI","202009200chi",2020,2,"REG","NYG","CHI","Daniel Jones","JoneDa05",2,0.056,NA,NA,4,0.111,4,14,1,1,6,0.128,NA,NA,NA
"1325","2020_02_ATL_DAL","202009200dal",2020,2,"REG","DAL","ATL","Dak Prescott","PresDa01",1,0.022,NA,NA,7,0.152,1,10,5,4,10,0.204,NA,NA,NA
"1326","2020_02_ATL_DAL","202009200dal",2020,2,"REG","DAL","ATL","Andy Dalton","DaltAn00",0,0,NA,NA,0,0,0,1,1,0,1,1,NA,NA,NA
"1327","2020_02_ATL_DAL","202009200dal",2020,2,"REG","DAL","ATL","Chris Jones","JoneCh02",0,0,NA,NA,0,0,0,0,0,0,0,0,NA,NA,NA
"1328","2020_02_ATL_DAL","202009200dal",2020,2,"REG","ATL","DAL","Matt Ryan","RyanMa00",2,0.059,NA,NA,4,0.118,1,7,6,3,10,0.244,NA,NA,NA
"1329","2020_02_ATL_DAL","202009200dal",2020,2,"REG","ATL","DAL","Russell Gage","GageRu00",1,1,NA,NA,0,0,0,1,0,0,0,0,NA,NA,NA
"1330","2020_02_DET_GB","202009200gnb",2020,2,"REG","GB","DET","Aaron Rodgers","RodgAa00",4,0.133,NA,NA,5,0.167,1,8,0,2,3,0.091,NA,NA,NA
"1331","2020_02_DET_GB","202009200gnb",2020,2,"REG","DET","GB","Matthew Stafford","StafMa00",3,0.094,NA,NA,6,0.188,4,11,4,2,10,0.263,NA,NA,NA
"1332","2020_02_MIN_IND","202009200clt",2020,2,"REG","IND","MIN","Philip Rivers","RivePh00",1,0.04,NA,NA,3,0.12,2,3,3,1,6,0.222,NA,NA,NA
"1333","2020_02_MIN_IND","202009200clt",2020,2,"REG","MIN","IND","Kirk Cousins","CousKi00",1,0.042,NA,NA,5,0.208,3,5,3,3,9,0.31,NA,NA,NA
"1334","2020_02_BUF_MIA","202009200mia",2020,2,"REG","MIA","BUF","Ryan Fitzpatrick","FitzRy00",2,0.043,NA,NA,5,0.109,3,20,3,7,13,0.25,NA,NA,NA
"1335","2020_02_BUF_MIA","202009200mia",2020,2,"REG","BUF","MIA","Josh Allen","AlleJo02",2,0.057,NA,NA,7,0.2,1,19,2,2,5,0.135,NA,NA,NA
"1336","2020_02_SF_NYJ","202009200nyj",2020,2,"REG","NYJ","SF","Sam Darnold","DarnSa00",3,0.094,NA,NA,4,0.125,1,11,3,5,9,0.265,NA,NA,NA
"1337","2020_02_SF_NYJ","202009200nyj",2020,2,"REG","SF","NYJ","Jimmy Garoppolo","GaroJi00",1,0.063,NA,NA,0,0,1,7,2,5,8,0.471,NA,NA,NA
"1338","2020_02_SF_NYJ","202009200nyj",2020,2,"REG","SF","NYJ","Nick Mullens","MullNi00",0,0,NA,NA,2,0.182,2,3,0,4,6,0.462,NA,NA,NA
"1339","2020_02_LA_PHI","202009200phi",2020,2,"REG","PHI","LA","Carson Wentz","WentCa00",4,0.1,NA,NA,5,0.125,0,6,1,3,4,0.091,NA,NA,NA
"1340","2020_02_LA_PHI","202009200phi",2020,2,"REG","LA","PHI","Jared Goff","GoffJa00",0,0,NA,NA,6,0.231,1,6,3,2,6,0.2,NA,NA,NA
"1341","2020_02_DEN_PIT","202009200pit",2020,2,"REG","PIT","DEN","Ben Roethlisberger","RoetBe00",4,0.098,NA,NA,3,0.073,1,9,6,2,9,0.214,NA,NA,NA
"1342","2020_02_DEN_PIT","202009200pit",2020,2,"REG","DEN","PIT","Jeff Driskel","DrisJe00",2,0.061,NA,NA,8,0.242,6,27,4,11,21,0.512,NA,NA,NA
"1343","2020_02_DEN_PIT","202009200pit",2020,2,"REG","DEN","PIT","Drew Lock","LockDr00",0,0,NA,NA,3,0.6,1,4,3,0,4,0.667,NA,NA,NA
"1344","2020_02_CAR_TB","202009200tam",2020,2,"REG","TB","CAR","Tom Brady","BradTo00",8,0.229,NA,NA,3,0.086,0,4,0,1,1,0.029,NA,NA,NA
"1345","2020_02_CAR_TB","202009200tam",2020,2,"REG","CAR","TB","Teddy Bridgewater","BridTe00",0,0,NA,NA,5,0.125,5,14,3,2,10,0.213,NA,NA,NA
"1346","2020_02_JAX_TEN","202009200oti",2020,2,"REG","TEN","JAX","Ryan Tannehill","TannRy00",1,0.045,NA,NA,1,0.045,1,5,3,3,7,0.259,NA,NA,NA
"1347","2020_02_JAX_TEN","202009200oti",2020,2,"REG","JAX","TEN","Gardner Minshew II","MinsGa00",2,0.045,NA,NA,6,0.136,2,16,3,3,8,0.16,NA,NA,NA
"1348","2020_02_WAS_ARI","202009200crd",2020,2,"REG","ARI","WAS","Kyler Murray","MurrKy00",1,0.029,NA,NA,5,0.147,3,7,7,0,10,0.233,NA,NA,NA
"1349","2020_02_WAS_ARI","202009200crd",2020,2,"REG","WAS","ARI","Dwayne Haskins","HaskDw00",3,0.091,NA,NA,8,0.242,4,12,2,5,11,0.289,NA,NA,NA
"1350","2020_02_BAL_HOU","202009200htx",2020,2,"REG","HOU","BAL","Deshaun Watson","WatsDe00",0,0,NA,NA,6,0.182,4,18,6,7,17,0.378,NA,NA,NA
"1351","2020_02_BAL_HOU","202009200htx",2020,2,"REG","BAL","HOU","Lamar Jackson","JackLa00",0,0,NA,NA,3,0.13,4,10,3,1,8,0.258,NA,NA,NA
"1352","2020_02_KC_LAC","202009200sdg",2020,2,"REG","LAC","KC","Justin Herbert","HerbJu00",0,0,NA,NA,7,0.226,2,13,2,5,9,0.237,NA,NA,NA
"1353","2020_02_KC_LAC","202009200sdg",2020,2,"REG","KC","LAC","Patrick Mahomes","MahoPa00",1,0.023,NA,NA,10,0.233,1,2,9,7,17,0.315,NA,NA,NA
"1354","2020_02_NE_SEA","202009200sea",2020,2,"REG","SEA","NE","Russell Wilson","WilsRu00",1,0.04,NA,NA,3,0.12,2,11,4,5,11,0.324,NA,NA,NA
"1355","2020_02_NE_SEA","202009200sea",2020,2,"REG","NE","SEA","Cam Newton","NewtCa00",1,0.023,NA,NA,11,0.256,1,18,7,4,12,0.255,NA,NA,NA
"1356","2020_02_NO_LV","202009210rai",2020,2,"REG","LV","NO","Derek Carr","CarrDe02",0,0,NA,NA,5,0.139,3,17,3,1,7,0.167,NA,NA,NA
"1357","2020_02_NO_LV","202009210rai",2020,2,"REG","NO","LV","Drew Brees","BreeDr00",2,0.053,NA,NA,6,0.158,0,9,0,7,7,0.184,NA,NA,NA
"1358","2020_03_MIA_JAX","202009240jax",2020,3,"REG","JAX","MIA","Gardner Minshew II","MinsGa00",2,0.048,NA,NA,7,0.167,4,8,3,5,12,0.245,NA,NA,NA
"1359","2020_03_MIA_JAX","202009240jax",2020,3,"REG","MIA","JAX","Ryan Fitzpatrick","FitzRy00",1,0.05,NA,NA,1,0.05,1,8,1,4,6,0.25,NA,NA,NA
"1360","2020_03_CHI_ATL","202009270atl",2020,3,"REG","ATL","CHI","Matt Ryan","RyanMa00",3,0.079,NA,NA,12,0.316,2,10,6,5,13,0.325,NA,NA,NA
"1361","2020_03_CHI_ATL","202009270atl",2020,3,"REG","CHI","ATL","Nick Foles","FoleNi00",1,0.037,NA,NA,5,0.185,0,9,1,6,7,0.241,NA,NA,NA
"1362","2020_03_CHI_ATL","202009270atl",2020,3,"REG","CHI","ATL","Mitchell Trubisky","TrubMi00",1,0.045,NA,NA,5,0.227,2,7,2,1,5,0.2,NA,NA,NA
"1363","2020_03_LA_BUF","202009270buf",2020,3,"REG","BUF","LA","Josh Allen","AlleJo02",1,0.031,NA,NA,6,0.188,4,11,5,3,12,0.324,NA,NA,NA
"1364","2020_03_LA_BUF","202009270buf",2020,3,"REG","LA","BUF","Jared Goff","GoffJa00",0,0,NA,NA,5,0.161,2,13,1,4,7,0.2,NA,NA,NA
"1365","2020_03_WAS_CLE","202009270cle",2020,3,"REG","CLE","WAS","Baker Mayfield","MayfBa00",2,0.091,NA,NA,3,0.136,2,4,4,2,8,0.308,NA,NA,NA
"1366","2020_03_WAS_CLE","202009270cle",2020,3,"REG","WAS","CLE","Dwayne Haskins","HaskDw00",3,0.081,NA,NA,9,0.243,3,5,3,0,6,0.146,NA,NA,NA
"1367","2020_03_TEN_MIN","202009270min",2020,3,"REG","MIN","TEN","Kirk Cousins","CousKi00",0,0,NA,NA,3,0.12,2,13,5,9,16,0.533,NA,NA,NA
"1368","2020_03_TEN_MIN","202009270min",2020,3,"REG","TEN","MIN","Ryan Tannehill","TannRy00",0,0,NA,NA,5,0.152,1,14,4,6,11,0.282,NA,NA,NA
"1369","2020_03_LV_NE","202009270nwe",2020,3,"REG","NE","LV","Cam Newton","NewtCa00",1,0.036,NA,NA,4,0.143,2,9,5,2,9,0.29,NA,NA,NA
"1370","2020_03_LV_NE","202009270nwe",2020,3,"REG","LV","NE","Derek Carr","CarrDe02",0,0,NA,NA,1,0.031,2,7,7,4,13,0.361,NA,NA,NA
"1371","2020_03_SF_NYG","202009270nyg",2020,3,"REG","NYG","SF","Daniel Jones","JoneDa05",0,0,NA,NA,8,0.258,2,12,7,3,12,0.343,NA,NA,NA
"1372","2020_03_SF_NYG","202009270nyg",2020,3,"REG","SF","NYG","Nick Mullens","MullNi00",1,0.029,NA,NA,2,0.057,2,17,3,7,12,0.316,NA,NA,NA
"1373","2020_03_CIN_PHI","202009270phi",2020,3,"REG","PHI","CIN","Carson Wentz","WentCa00",1,0.023,NA,NA,8,0.186,3,14,3,2,8,0.143,NA,NA,NA
"1374","2020_03_CIN_PHI","202009270phi",2020,3,"REG","CIN","PHI","Joe Burrow","BurrJo01",1,0.024,NA,NA,4,0.095,8,19,3,9,20,0.385,NA,NA,NA
"1375","2020_03_HOU_PIT","202009270pit",2020,3,"REG","PIT","HOU","Ben Roethlisberger","RoetBe00",3,0.086,NA,NA,6,0.171,2,13,7,3,12,0.308,NA,NA,NA
"1376","2020_03_HOU_PIT","202009270pit",2020,3,"REG","HOU","PIT","Deshaun Watson","WatsDe00",0,0,NA,NA,5,0.185,5,7,7,6,18,0.545,NA,NA,NA
"1377","2020_03_NYJ_IND","202009270clt",2020,3,"REG","IND","NYJ","Philip Rivers","RivePh00",0,0,NA,NA,1,0.048,0,6,1,1,2,0.095,NA,NA,NA
"1378","2020_03_NYJ_IND","202009270clt",2020,3,"REG","IND","NYJ","Jacoby Brissett","BrisJa00",1,0.25,NA,NA,0,0,0,1,2,0,2,0.5,NA,NA,NA
"1379","2020_03_NYJ_IND","202009270clt",2020,3,"REG","NYJ","IND","Sam Darnold","DarnSa00",1,0.038,NA,NA,4,0.154,2,3,4,5,11,0.306,NA,NA,NA
"1380","2020_03_CAR_LAC","202009270sdg",2020,3,"REG","LAC","CAR","Justin Herbert","HerbJu00",2,0.042,NA,NA,5,0.104,2,6,5,6,13,0.245,NA,NA,NA
"1381","2020_03_CAR_LAC","202009270sdg",2020,3,"REG","CAR","LAC","Teddy Bridgewater","BridTe00",1,0.036,NA,NA,4,0.143,2,3,2,0,4,0.129,NA,NA,NA
"1382","2020_03_DET_ARI","202009270crd",2020,3,"REG","ARI","DET","Kyler Murray","MurrKy00",1,0.03,NA,NA,3,0.091,1,9,1,1,3,0.081,NA,NA,NA
"1383","2020_03_DET_ARI","202009270crd",2020,3,"REG","DET","ARI","Matthew Stafford","StafMa00",2,0.065,NA,NA,6,0.194,4,15,0,2,6,0.171,NA,NA,NA
"1384","2020_03_TB_DEN","202009270den",2020,3,"REG","DEN","TB","Jeff Driskel","DrisJe00",3,0.1,NA,NA,7,0.233,5,20,4,3,12,0.324,NA,NA,NA
"1385","2020_03_TB_DEN","202009270den",2020,3,"REG","DEN","TB","Brett Rypien","RypiBr00",0,0,NA,NA,1,0.111,1,8,0,1,2,0.2,NA,NA,NA
"1386","2020_03_TB_DEN","202009270den",2020,3,"REG","TB","DEN","Tom Brady","BradTo00",1,0.028,NA,NA,7,0.194,2,10,0,4,6,0.146,NA,NA,NA
"1387","2020_03_DAL_SEA","202009270sea",2020,3,"REG","SEA","DAL","Russell Wilson","WilsRu00",6,0.158,NA,NA,2,0.053,4,7,3,4,11,0.229,NA,NA,NA
"1388","2020_03_DAL_SEA","202009270sea",2020,3,"REG","DAL","SEA","Dak Prescott","PresDa01",5,0.089,NA,NA,6,0.107,2,24,2,9,13,0.21,NA,NA,NA
"1389","2020_03_GB_NO","202009270nor",2020,3,"REG","NO","GB","Drew Brees","BreeDr00",2,0.057,NA,NA,1,0.029,2,5,1,0,3,0.079,NA,NA,NA
"1390","2020_03_GB_NO","202009270nor",2020,3,"REG","GB","NO","Aaron Rodgers","RodgAa00",1,0.033,NA,NA,7,0.233,1,12,2,2,5,0.147,NA,NA,NA
"1391","2020_03_KC_BAL","202009280rav",2020,3,"REG","BAL","KC","Lamar Jackson","JackLa00",5,0.185,NA,NA,5,0.185,4,16,3,1,8,0.229,NA,NA,NA
"1392","2020_03_KC_BAL","202009280rav",2020,3,"REG","KC","BAL","Patrick Mahomes","MahoPa00",1,0.024,NA,NA,5,0.122,0,20,5,4,9,0.196,NA,NA,NA
"1393","2020_04_DEN_NYJ","202010010nyj",2020,4,"REG","NYJ","DEN","Sam Darnold","DarnSa00",1,0.025,NA,NA,10,0.25,6,23,4,3,13,0.245,NA,NA,NA
"1394","2020_04_DEN_NYJ","202010010nyj",2020,4,"REG","NYJ","DEN","Joe Flacco","FlacJo00",0,0,NA,NA,0,0,0,0,0,0,0,0,NA,NA,NA
"1395","2020_04_DEN_NYJ","202010010nyj",2020,4,"REG","DEN","NYJ","Brett Rypien","RypiBr00",1,0.037,NA,NA,1,0.037,0,9,4,5,9,0.29,NA,NA,NA
"1396","2020_04_ARI_CAR","202010040car",2020,4,"REG","CAR","ARI","Teddy Bridgewater","BridTe00",2,0.056,NA,NA,5,0.139,0,20,1,3,4,0.1,NA,NA,NA
"1397","2020_04_ARI_CAR","202010040car",2020,4,"REG","ARI","CAR","Kyler Murray","MurrKy00",1,0.032,NA,NA,4,0.129,1,7,3,3,7,0.2,NA,NA,NA
"1398","2020_04_JAX_CIN","202010040cin",2020,4,"REG","CIN","JAX","Joe Burrow","BurrJo01",3,0.086,NA,NA,2,0.057,1,9,4,4,9,0.231,NA,NA,NA
"1399","2020_04_JAX_CIN","202010040cin",2020,4,"REG","JAX","CIN","Gardner Minshew II","MinsGa00",0,0,NA,NA,4,0.111,3,9,2,1,6,0.133,NA,NA,NA
"1400","2020_04_CLE_DAL","202010040dal",2020,4,"REG","DAL","CLE","Dak Prescott","PresDa01",3,0.052,NA,NA,10,0.172,3,18,11,0,14,0.226,NA,NA,NA
"1401","2020_04_CLE_DAL","202010040dal",2020,4,"REG","CLE","DAL","Baker Mayfield","MayfBa00",0,0,NA,NA,6,0.231,2,12,2,1,5,0.152,NA,NA,NA
"1402","2020_04_CLE_DAL","202010040dal",2020,4,"REG","CLE","DAL","Jarvis Landry","LandJa00",0,0,NA,NA,0,0,0,0,0,0,0,0,NA,NA,NA
"1403","2020_04_NO_DET","202010040det",2020,4,"REG","DET","NO","Matthew Stafford","StafMa00",2,0.067,NA,NA,9,0.3,3,8,0,4,7,0.194,NA,NA,NA
"1404","2020_04_NO_DET","202010040det",2020,4,"REG","NO","DET","Drew Brees","BreeDr00",0,0,NA,NA,5,0.2,2,2,0,4,6,0.222,NA,NA,NA
"1405","2020_04_MIN_HOU","202010040htx",2020,4,"REG","HOU","MIN","Deshaun Watson","WatsDe00",1,0.032,NA,NA,7,0.226,3,9,3,1,7,0.175,NA,NA,NA
"1406","2020_04_MIN_HOU","202010040htx",2020,4,"REG","MIN","HOU","Kirk Cousins","CousKi00",0,0,NA,NA,3,0.143,3,12,1,5,9,0.346,NA,NA,NA
"1407","2020_04_SEA_MIA","202010040mia",2020,4,"REG","MIA","SEA","Ryan Fitzpatrick","FitzRy00",1,0.022,NA,NA,7,0.156,1,5,2,4,7,0.14,NA,NA,NA
"1408","2020_04_SEA_MIA","202010040mia",2020,4,"REG","SEA","MIA","Russell Wilson","WilsRu00",1,0.03,NA,NA,6,0.182,2,11,2,3,7,0.189,NA,NA,NA
"1409","2020_04_LAC_TB","202010040tam",2020,4,"REG","TB","LAC","Tom Brady","BradTo00",3,0.065,NA,NA,10,0.217,0,4,4,6,10,0.217,NA,NA,NA
"1410","2020_04_LAC_TB","202010040tam",2020,4,"REG","LAC","TB","Justin Herbert","HerbJu00",0,0,NA,NA,3,0.12,2,9,11,4,17,0.586,NA,NA,NA
"1411","2020_04_BAL_WAS","202010040was",2020,4,"REG","WAS","BAL","Dwayne Haskins","HaskDw00",0,0,NA,NA,8,0.182,3,16,4,6,13,0.271,NA,NA,NA
"1412","2020_04_BAL_WAS","202010040was",2020,4,"REG","BAL","WAS","Lamar Jackson","JackLa00",1,0.048,NA,NA,4,0.19,1,8,2,1,4,0.16,NA,NA,NA
"1413","2020_04_BAL_WAS","202010040was",2020,4,"REG","BAL","WAS","Robert Griffin III","GrifRo01",0,0,NA,NA,0,0,0,0,0,1,1,1,NA,NA,NA
"1414","2020_04_BAL_WAS","202010040was",2020,4,"REG","BAL","WAS","Sam Koch","KochSa20",0,0,NA,NA,0,0,0,0,0,0,0,0,NA,NA,NA
"1415","2020_04_NYG_LA","202010040ram",2020,4,"REG","LA","NYG","Jared Goff","GoffJa00",1,0.031,NA,NA,3,0.094,2,11,3,3,8,0.235,NA,NA,NA
"1416","2020_04_NYG_LA","202010040ram",2020,4,"REG","NYG","LA","Daniel Jones","JoneDa05",2,0.057,NA,NA,6,0.171,5,17,3,3,11,0.244,NA,NA,NA
"1417","2020_04_IND_CHI","202010040chi",2020,4,"REG","CHI","IND","Nick Foles","FoleNi00",1,0.024,NA,NA,9,0.214,1,4,2,4,7,0.163,NA,NA,NA
"1418","2020_04_IND_CHI","202010040chi",2020,4,"REG","IND","CHI","Philip Rivers","RivePh00",1,0.036,NA,NA,6,0.214,1,7,4,2,7,0.233,NA,NA,NA
"1419","2020_04_BUF_LV","202010040rai",2020,4,"REG","LV","BUF","Derek Carr","CarrDe02",3,0.07,NA,NA,5,0.116,2,16,1,3,6,0.12,NA,NA,NA
"1420","2020_04_BUF_LV","202010040rai",2020,4,"REG","BUF","LV","Josh Allen","AlleJo02",5,0.156,NA,NA,1,0.031,1,9,2,5,8,0.229,NA,NA,NA
"1421","2020_04_PHI_SF","202010040sfo",2020,4,"REG","SF","PHI","Nick Mullens","MullNi00",2,0.077,NA,NA,5,0.192,4,6,2,6,12,0.4,NA,NA,NA
"1422","2020_04_PHI_SF","202010040sfo",2020,4,"REG","SF","PHI","C.J. Beathard","BeatC.00",0,0,NA,NA,1,0.063,1,1,0,3,4,0.2,NA,NA,NA
"1423","2020_04_PHI_SF","202010040sfo",2020,4,"REG","PHI","SF","Carson Wentz","WentCa00",1,0.038,NA,NA,4,0.154,3,15,5,6,14,0.412,NA,NA,NA
"1424","2020_04_NE_KC","202010050kan",2020,4,"REG","KC","NE","Patrick Mahomes","MahoPa00",0,0,NA,NA,8,0.286,1,2,3,0,4,0.114,NA,NA,NA
"1425","2020_04_NE_KC","202010050kan",2020,4,"REG","NE","KC","Brian Hoyer","HoyeBr00",1,0.043,NA,NA,4,0.174,2,11,0,1,3,0.111,NA,NA,NA
"1426","2020_04_NE_KC","202010050kan",2020,4,"REG","NE","KC","Jarrett Stidham","StidJa00",3,0.25,NA,NA,3,0.25,0,5,0,3,3,0.214,NA,NA,NA
"1427","2020_04_ATL_GB","202010050gnb",2020,4,"REG","GB","ATL","Aaron Rodgers","RodgAa00",0,0,NA,NA,5,0.152,1,14,3,0,4,0.114,NA,NA,NA
"1428","2020_04_ATL_GB","202010050gnb",2020,4,"REG","ATL","GB","Matt Ryan","RyanMa00",1,0.026,NA,NA,5,0.128,4,7,3,3,10,0.222,NA,NA,NA
"1429","2020_05_TB_CHI","202010080chi",2020,5,"REG","CHI","TB","Nick Foles","FoleNi00",0,0,NA,NA,4,0.095,3,17,2,4,9,0.2,NA,NA,NA
"1430","2020_05_TB_CHI","202010080chi",2020,5,"REG","TB","CHI","Tom Brady","BradTo00",1,0.024,NA,NA,9,0.22,3,7,1,5,9,0.205,NA,NA,NA
"1431","2020_05_CAR_ATL","202010110atl",2020,5,"REG","ATL","CAR","Matt Ryan","RyanMa00",3,0.086,NA,NA,6,0.171,2,7,5,3,10,0.256,NA,NA,NA
"1432","2020_05_CAR_ATL","202010110atl",2020,5,"REG","CAR","ATL","Teddy Bridgewater","BridTe00",2,0.059,NA,NA,3,0.088,0,12,2,4,6,0.158,NA,NA,NA
"1433","2020_05_CIN_BAL","202010110rav",2020,5,"REG","BAL","CIN","Lamar Jackson","JackLa00",0,0,NA,NA,10,0.278,1,13,5,5,11,0.289,NA,NA,NA
"1434","2020_05_CIN_BAL","202010110rav",2020,5,"REG","CIN","BAL","Joe Burrow","BurrJo01",0,0,NA,NA,9,0.31,7,21,4,8,19,0.487,NA,NA,NA
"1435","2020_05_JAX_HOU","202010110htx",2020,5,"REG","HOU","JAX","Deshaun Watson","WatsDe00",0,0,NA,NA,5,0.143,1,15,1,4,6,0.158,NA,NA,NA
"1436","2020_05_JAX_HOU","202010110htx",2020,5,"REG","JAX","HOU","Gardner Minshew II","MinsGa00",1,0.023,NA,NA,9,0.205,3,13,4,2,9,0.164,NA,NA,NA
"1437","2020_05_LV_KC","202010110kan",2020,5,"REG","KC","LV","Patrick Mahomes","MahoPa00",1,0.024,NA,NA,11,0.262,3,3,16,2,21,0.42,NA,NA,NA
"1438","2020_05_LV_KC","202010110kan",2020,5,"REG","LV","KC","Derek Carr","CarrDe02",1,0.032,NA,NA,7,0.226,1,12,5,3,9,0.281,NA,NA,NA
"1439","2020_05_ARI_NYJ","202010110nyj",2020,5,"REG","NYJ","ARI","Joe Flacco","FlacJo00",2,0.065,NA,NA,9,0.29,2,12,11,3,16,0.41,NA,NA,NA
"1440","2020_05_ARI_NYJ","202010110nyj",2020,5,"REG","ARI","NYJ","Kyler Murray","MurrKy00",1,0.029,NA,NA,4,0.114,1,10,5,0,6,0.158,NA,NA,NA
"1441","2020_05_PHI_PIT","202010110pit",2020,5,"REG","PIT","PHI","Ben Roethlisberger","RoetBe00",0,0,NA,NA,4,0.118,1,6,3,1,5,0.143,NA,NA,NA
"1442","2020_05_PHI_PIT","202010110pit",2020,5,"REG","PHI","PIT","Carson Wentz","WentCa00",2,0.057,NA,NA,9,0.257,5,18,5,5,15,0.357,NA,NA,NA
"1443","2020_05_PHI_PIT","202010110pit",2020,5,"REG","PHI","PIT","Jalen Hurts","HurtJa00",0,0,NA,NA,0,0,0,0,0,0,0,0,NA,NA,NA
"1444","2020_05_LA_WAS","202010110was",2020,5,"REG","WAS","LA","Alex Smith","SmitAl03",0,0,NA,NA,4,0.235,6,7,4,0,10,0.417,NA,NA,NA
"1445","2020_05_LA_WAS","202010110was",2020,5,"REG","WAS","LA","Kyle Allen","AlleKy00",1,0.091,NA,NA,0,0,2,6,1,1,4,0.25,NA,NA,NA
"1446","2020_05_LA_WAS","202010110was",2020,5,"REG","LA","WAS","Jared Goff","GoffJa00",1,0.034,NA,NA,3,0.103,1,5,2,0,3,0.094,NA,NA,NA
"1447","2020_05_MIA_SF","202010110sfo",2020,5,"REG","SF","MIA","C.J. Beathard","BeatC.00",1,0.056,NA,NA,8,0.444,2,8,0,3,5,0.25,NA,NA,NA
"1448","2020_05_MIA_SF","202010110sfo",2020,5,"REG","SF","MIA","Jimmy Garoppolo","GaroJi00",1,0.059,NA,NA,3,0.176,3,8,1,1,5,0.25,NA,NA,NA
"1449","2020_05_MIA_SF","202010110sfo",2020,5,"REG","MIA","SF","Ryan Fitzpatrick","FitzRy00",2,0.074,NA,NA,3,0.111,2,13,2,4,8,0.258,NA,NA,NA
"1450","2020_05_IND_CLE","202010110cle",2020,5,"REG","CLE","IND","Baker Mayfield","MayfBa00",2,0.054,NA,NA,12,0.324,1,8,3,2,6,0.154,NA,NA,NA
"1451","2020_05_IND_CLE","202010110cle",2020,5,"REG","CLE","IND","Odell Beckham Jr.","BeckOd00",0,0,NA,NA,0,0,0,1,0,0,0,0,NA,NA,NA
"1452","2020_05_IND_CLE","202010110cle",2020,5,"REG","IND","CLE","Philip Rivers","RivePh00",0,0,NA,NA,8,0.25,1,4,2,4,7,0.206,NA,NA,NA
"1453","2020_05_NYG_DAL","202010110dal",2020,5,"REG","DAL","NYG","Dak Prescott","PresDa01",2,0.095,NA,NA,4,0.19,1,6,1,2,4,0.182,NA,NA,NA
"1454","2020_05_NYG_DAL","202010110dal",2020,5,"REG","DAL","NYG","Andy Dalton","DaltAn00",0,0,NA,NA,0,0,1,2,1,0,2,0.167,NA,NA,NA
"1455","2020_05_NYG_DAL","202010110dal",2020,5,"REG","DAL","NYG","Cedrick Wilson Jr.","WilsCe01",0,0,NA,NA,0,0,0,1,0,0,0,0,NA,NA,NA
"1456","2020_05_NYG_DAL","202010110dal",2020,5,"REG","NYG","DAL","Daniel Jones","JoneDa05",2,0.069,NA,NA,5,0.172,2,13,8,7,17,0.486,NA,NA,NA
"1457","2020_05_MIN_SEA","202010110sea",2020,5,"REG","SEA","MIN","Russell Wilson","WilsRu00",2,0.067,NA,NA,7,0.233,4,14,4,5,13,0.317,NA,NA,NA
"1458","2020_05_MIN_SEA","202010110sea",2020,5,"REG","MIN","SEA","Kirk Cousins","CousKi00",1,0.026,NA,NA,5,0.132,3,11,5,3,11,0.262,NA,NA,NA
"1459","2020_05_LAC_NO","202010120nor",2020,5,"REG","NO","LAC","Drew Brees","BreeDr00",4,0.087,NA,NA,7,0.152,2,9,0,3,5,0.102,NA,NA,NA
"1460","2020_05_LAC_NO","202010120nor",2020,5,"REG","NO","LAC","Taysom Hill","HillTa00",0,0,NA,NA,0,0,0,0,0,1,1,1,NA,NA,NA
"1461","2020_05_LAC_NO","202010120nor",2020,5,"REG","LAC","NO","Justin Herbert","HerbJu00",3,0.091,NA,NA,9,0.273,3,6,2,8,13,0.342,NA,NA,NA
"1462","2020_05_BUF_TEN","202010130oti",2020,5,"REG","TEN","BUF","Ryan Tannehill","TannRy00",1,0.036,NA,NA,3,0.107,0,15,0,2,2,0.065,NA,NA,NA
"1463","2020_05_BUF_TEN","202010130oti",2020,5,"REG","BUF","TEN","Josh Allen","AlleJo02",4,0.1,NA,NA,5,0.125,1,5,0,2,3,0.068,NA,NA,NA
"1464","2020_05_BUF_TEN","202010130oti",2020,5,"REG","BUF","TEN","Matt Barkley","BarkMa00",1,0.2,NA,NA,0,0,0,0,0,0,0,0,NA,NA,NA
"1465","2020_06_CHI_CAR","202010180car",2020,6,"REG","CAR","CHI","Teddy Bridgewater","BridTe00",4,0.148,NA,NA,4,0.148,4,4,5,1,10,0.25,NA,NA,NA
"1466","2020_06_CHI_CAR","202010180car",2020,6,"REG","CHI","CAR","Nick Foles","FoleNi00",2,0.056,NA,NA,5,0.139,0,9,2,8,10,0.25,NA,NA,NA
"1467","2020_06_CIN_IND","202010180clt",2020,6,"REG","IND","CIN","Philip Rivers","RivePh00",1,0.024,NA,NA,8,0.195,1,10,4,2,7,0.156,NA,NA,NA
"1468","2020_06_CIN_IND","202010180clt",2020,6,"REG","CIN","IND","Joe Burrow","BurrJo01",3,0.077,NA,NA,2,0.051,2,5,1,3,6,0.143,NA,NA,NA
"1469","2020_06_DET_JAX","202010180jax",2020,6,"REG","JAX","DET","Gardner Minshew II","MinsGa00",3,0.068,NA,NA,11,0.25,1,8,11,4,16,0.34,NA,NA,NA
"1470","2020_06_DET_JAX","202010180jax",2020,6,"REG","DET","JAX","Matthew Stafford","StafMa00",2,0.065,NA,NA,5,0.161,0,12,9,4,13,0.406,NA,NA,NA
"1471","2020_06_ATL_MIN","202010180min",2020,6,"REG","MIN","ATL","Kirk Cousins","CousKi00",0,0,NA,NA,6,0.171,1,10,3,7,11,0.297,NA,NA,NA
"1472","2020_06_ATL_MIN","202010180min",2020,6,"REG","ATL","MIN","Matt Ryan","RyanMa00",0,0,NA,NA,7,0.179,2,10,1,3,6,0.136,NA,NA,NA
"1473","2020_06_DEN_NE","202010180nwe",2020,6,"REG","NE","DEN","Cam Newton","NewtCa00",0,0,NA,NA,6,0.24,4,14,1,4,9,0.281,NA,NA,NA
"1474","2020_06_DEN_NE","202010180nwe",2020,6,"REG","NE","DEN","Julian Edelman","EdelJu00",0,0,NA,NA,0,0,0,1,0,0,0,0,NA,NA,NA
"1475","2020_06_DEN_NE","202010180nwe",2020,6,"REG","DEN","NE","Drew Lock","LockDr00",1,0.042,NA,NA,10,0.417,2,16,1,2,5,0.185,NA,NA,NA
"1476","2020_06_WAS_NYG","202010180nyg",2020,6,"REG","NYG","WAS","Daniel Jones","JoneDa05",0,0,NA,NA,2,0.111,1,8,4,4,9,0.429,NA,NA,NA
"1477","2020_06_WAS_NYG","202010180nyg",2020,6,"REG","WAS","NYG","Kyle Allen","AlleKy00",0,0,NA,NA,5,0.125,3,11,4,6,13,0.277,NA,NA,NA
"1478","2020_06_BAL_PHI","202010180phi",2020,6,"REG","PHI","BAL","Carson Wentz","WentCa00",5,0.128,NA,NA,9,0.231,6,25,4,11,21,0.447,NA,NA,NA
"1479","2020_06_BAL_PHI","202010180phi",2020,6,"REG","BAL","PHI","Lamar Jackson","JackLa00",3,0.12,NA,NA,3,0.12,3,3,4,1,8,0.242,NA,NA,NA
"1480","2020_06_CLE_PIT","202010180pit",2020,6,"REG","PIT","CLE","Ben Roethlisberger","RoetBe00",1,0.045,NA,NA,2,0.091,2,7,1,0,3,0.125,NA,NA,NA
"1481","2020_06_CLE_PIT","202010180pit",2020,6,"REG","PIT","CLE","Mason Rudolph","RudoMa00",0,0,NA,NA,0,0,0,0,0,0,0,0,NA,NA,NA
"1482","2020_06_CLE_PIT","202010180pit",2020,6,"REG","CLE","PIT","Baker Mayfield","MayfBa00",1,0.059,NA,NA,4,0.235,4,9,3,2,9,0.391,NA,NA,NA
"1483","2020_06_CLE_PIT","202010180pit",2020,6,"REG","CLE","PIT","Case Keenum","KeenCa00",0,0,NA,NA,3,0.3,0,2,0,2,2,0.2,NA,NA,NA
"1484","2020_06_HOU_TEN","202010180oti",2020,6,"REG","TEN","HOU","Ryan Tannehill","TannRy00",2,0.049,NA,NA,3,0.073,2,14,4,4,10,0.233,NA,NA,NA
"1485","2020_06_HOU_TEN","202010180oti",2020,6,"REG","HOU","TEN","Deshaun Watson","WatsDe00",1,0.028,NA,NA,5,0.139,2,9,3,3,8,0.19,NA,NA,NA
"1486","2020_06_HOU_TEN","202010180oti",2020,6,"REG","HOU","TEN","Randall Cobb","CobbRa00",0,0,NA,NA,1,1,0,1,0,0,0,0,NA,NA,NA
"1487","2020_06_NYJ_MIA","202010180mia",2020,6,"REG","MIA","NYJ","Ryan Fitzpatrick","FitzRy00",2,0.074,NA,NA,5,0.185,2,7,0,1,3,0.1,NA,NA,NA
"1488","2020_06_NYJ_MIA","202010180mia",2020,6,"REG","MIA","NYJ","Tua Tagovailoa","TagoTu00",0,0,NA,NA,0,0,0,2,0,0,0,0,NA,NA,NA
"1489","2020_06_NYJ_MIA","202010180mia",2020,6,"REG","NYJ","MIA","Joe Flacco","FlacJo00",2,0.051,NA,NA,9,0.231,3,26,2,7,12,0.255,NA,NA,NA
"1490","2020_06_GB_TB","202010180tam",2020,6,"REG","TB","GB","Tom Brady","BradTo00",3,0.115,NA,NA,6,0.231,0,12,0,4,4,0.148,NA,NA,NA
"1491","2020_06_GB_TB","202010180tam",2020,6,"REG","TB","GB","Blaine Gabbert","GabbBl00",1,1,NA,NA,0,0,0,1,0,0,0,0,NA,NA,NA
"1492","2020_06_GB_TB","202010180tam",2020,6,"REG","GB","TB","Aaron Rodgers","RodgAa00",4,0.129,NA,NA,6,0.194,4,18,1,7,12,0.293,NA,NA,NA
"1493","2020_06_LA_SF","202010180sfo",2020,6,"REG","SF","LA","Jimmy Garoppolo","GaroJi00",3,0.091,NA,NA,5,0.152,0,8,1,3,4,0.118,NA,NA,NA
"1494","2020_06_LA_SF","202010180sfo",2020,6,"REG","LA","SF","Jared Goff","GoffJa00",3,0.081,NA,NA,10,0.27,0,8,1,2,3,0.077,NA,NA,NA
"1495","2020_06_KC_BUF","202010190buf",2020,6,"REG","BUF","KC","Josh Allen","AlleJo02",2,0.08,NA,NA,6,0.24,0,14,6,5,11,0.355,NA,NA,NA
"1496","2020_06_KC_BUF","202010190buf",2020,6,"REG","KC","BUF","Patrick Mahomes","MahoPa00",3,0.115,NA,NA,1,0.038,1,0,1,3,5,0.152,NA,NA,NA
"1497","2020_06_ARI_DAL","202010190dal",2020,6,"REG","DAL","ARI","Andy Dalton","DaltAn00",5,0.096,NA,NA,7,0.135,3,22,2,5,10,0.169,NA,NA,NA
"1498","2020_06_ARI_DAL","202010190dal",2020,6,"REG","ARI","DAL","Kyler Murray","MurrKy00",1,0.048,NA,NA,9,0.429,1,4,5,0,6,0.222,NA,NA,NA
"1499","2020_07_NYG_PHI","202010220phi",2020,7,"REG","PHI","NYG","Carson Wentz","WentCa00",0,0,NA,NA,9,0.22,3,12,3,7,13,0.271,NA,NA,NA
"1500","2020_07_NYG_PHI","202010220phi",2020,7,"REG","NYG","PHI","Daniel Jones","JoneDa05",3,0.103,NA,NA,4,0.138,3,11,0,5,8,0.235,NA,NA,NA
"1501","2020_07_DET_ATL","202010250atl",2020,7,"REG","ATL","DET","Matt Ryan","RyanMa00",4,0.1,NA,NA,3,0.075,2,15,4,5,11,0.25,NA,NA,NA
"1502","2020_07_DET_ATL","202010250atl",2020,7,"REG","DET","ATL","Matthew Stafford","StafMa00",1,0.031,NA,NA,5,0.156,2,13,1,4,7,0.179,NA,NA,NA
"1503","2020_07_CLE_CIN","202010250cin",2020,7,"REG","CIN","CLE","Joe Burrow","BurrJo01",1,0.021,NA,NA,3,0.064,4,12,1,3,8,0.154,NA,NA,NA
"1504","2020_07_CLE_CIN","202010250cin",2020,7,"REG","CIN","CLE","Tyler Boyd","BoydTy00",0,0,NA,NA,0,0,0,0,0,0,0,0,NA,NA,NA
"1505","2020_07_CLE_CIN","202010250cin",2020,7,"REG","CLE","CIN","Baker Mayfield","MayfBa00",1,0.037,NA,NA,3,0.111,0,9,1,5,6,0.214,NA,NA,NA
"1506","2020_07_CLE_CIN","202010250cin",2020,7,"REG","CLE","CIN","Jarvis Landry","LandJa00",0,0,NA,NA,0,0,0,0,0,1,1,1,NA,NA,NA
"1507","2020_07_GB_HOU","202010250htx",2020,7,"REG","HOU","GB","Deshaun Watson","WatsDe00",3,0.079,NA,NA,3,0.079,3,12,4,1,8,0.167,NA,NA,NA
"1508","2020_07_GB_HOU","202010250htx",2020,7,"REG","GB","HOU","Aaron Rodgers","RodgAa00",2,0.059,NA,NA,9,0.265,0,11,1,1,2,0.059,NA,NA,NA
"1509","2020_07_CAR_NO","202010250nor",2020,7,"REG","NO","CAR","Drew Brees","BreeDr00",1,0.029,NA,NA,2,0.059,1,6,1,2,4,0.108,NA,NA,NA
"1510","2020_07_CAR_NO","202010250nor",2020,7,"REG","NO","CAR","Taysom Hill","HillTa00",0,0,NA,NA,0,0,0,0,0,0,0,0,NA,NA,NA
"1511","2020_07_CAR_NO","202010250nor",2020,7,"REG","CAR","NO","Teddy Bridgewater","BridTe00",0,0,NA,NA,3,0.111,1,12,6,1,8,0.258,NA,NA,NA
"1512","2020_07_BUF_NYJ","202010250nyj",2020,7,"REG","NYJ","BUF","Sam Darnold","DarnSa00",0,0,NA,NA,5,0.238,6,11,4,2,12,0.414,NA,NA,NA
"1513","2020_07_BUF_NYJ","202010250nyj",2020,7,"REG","BUF","NYJ","Josh Allen","AlleJo02",0,0,NA,NA,7,0.171,2,17,6,1,9,0.188,NA,NA,NA
"1514","2020_07_PIT_TEN","202010250oti",2020,7,"REG","TEN","PIT","Ryan Tannehill","TannRy00",0,0,NA,NA,5,0.172,2,11,3,5,10,0.303,NA,NA,NA
"1515","2020_07_PIT_TEN","202010250oti",2020,7,"REG","TEN","PIT","Brett Kern","KernBr20",0,0,NA,NA,0,0,0,0,0,0,0,0,NA,NA,NA
"1516","2020_07_PIT_TEN","202010250oti",2020,7,"REG","PIT","TEN","Ben Roethlisberger","RoetBe00",3,0.061,NA,NA,6,0.122,0,17,2,5,7,0.143,NA,NA,NA
"1517","2020_07_DAL_WAS","202010250was",2020,7,"REG","WAS","DAL","Kyle Allen","AlleKy00",1,0.048,NA,NA,3,0.143,2,12,4,2,8,0.286,NA,NA,NA
"1518","2020_07_DAL_WAS","202010250was",2020,7,"REG","DAL","WAS","Andy Dalton","DaltAn00",4,0.222,NA,NA,2,0.111,3,8,1,2,6,0.24,NA,NA,NA
"1519","2020_07_DAL_WAS","202010250was",2020,7,"REG","DAL","WAS","Ben DiNucci","DiNuBe00",0,0,NA,NA,1,0.333,3,0,1,0,4,0.667,NA,NA,NA
"1520","2020_07_TB_LV","202010250rai",2020,7,"REG","LV","TB","Derek Carr","CarrDe02",1,0.028,NA,NA,8,0.222,3,20,4,3,10,0.244,NA,NA,NA
"1521","2020_07_TB_LV","202010250rai",2020,7,"REG","TB","LV","Tom Brady","BradTo00",1,0.024,NA,NA,4,0.098,0,9,0,1,1,0.022,NA,NA,NA
"1522","2020_07_KC_DEN","202010250den",2020,7,"REG","DEN","KC","Drew Lock","LockDr00",1,0.026,NA,NA,9,0.237,3,11,4,3,10,0.227,NA,NA,NA
"1523","2020_07_KC_DEN","202010250den",2020,7,"REG","KC","DEN","Patrick Mahomes","MahoPa00",1,0.045,NA,NA,6,0.273,3,8,1,3,7,0.269,NA,NA,NA
"1524","2020_07_KC_DEN","202010250den",2020,7,"REG","KC","DEN","Chad Henne","HennCh01",0,0,NA,NA,0,0,1,1,0,0,1,0.333,NA,NA,NA
"1525","2020_07_JAX_LAC","202010250sdg",2020,7,"REG","LAC","JAX","Justin Herbert","HerbJu00",2,0.048,NA,NA,11,0.262,1,12,3,4,8,0.17,NA,NA,NA
"1526","2020_07_JAX_LAC","202010250sdg",2020,7,"REG","LAC","JAX","Easton Stick","SticEa00",0,0,NA,NA,0,0,0,1,0,0,0,0,NA,NA,NA
"1527","2020_07_JAX_LAC","202010250sdg",2020,7,"REG","JAX","LAC","Gardner Minshew II","MinsGa00",1,0.038,NA,NA,10,0.385,5,9,5,2,12,0.333,NA,NA,NA
"1528","2020_07_SF_NE","202010250nwe",2020,7,"REG","NE","SF","Cam Newton","NewtCa00",1,0.071,NA,NA,3,0.214,1,6,5,0,6,0.333,NA,NA,NA
"1529","2020_07_SF_NE","202010250nwe",2020,7,"REG","NE","SF","Jarrett Stidham","StidJa00",0,0,NA,NA,1,0.125,1,5,1,0,2,0.167,NA,NA,NA
"1530","2020_07_SF_NE","202010250nwe",2020,7,"REG","SF","NE","Jimmy Garoppolo","GaroJi00",1,0.04,NA,NA,3,0.12,1,7,1,1,3,0.111,NA,NA,NA
"1531","2020_07_SEA_ARI","202010250crd",2020,7,"REG","ARI","SEA","Kyler Murray","MurrKy00",3,0.068,NA,NA,7,0.159,0,3,5,0,5,0.096,NA,NA,NA
"1532","2020_07_SEA_ARI","202010250crd",2020,7,"REG","SEA","ARI","Russell Wilson","WilsRu00",2,0.042,NA,NA,9,0.188,2,26,6,7,15,0.263,NA,NA,NA
"1533","2020_07_CHI_LA","202010260ram",2020,7,"REG","LA","CHI","Jared Goff","GoffJa00",0,0,NA,NA,5,0.161,1,9,1,5,7,0.2,NA,NA,NA
"1534","2020_07_CHI_LA","202010260ram",2020,7,"REG","CHI","LA","Nick Foles","FoleNi00",1,0.026,NA,NA,4,0.105,4,18,4,3,11,0.25,NA,NA,NA
"1535","2020_08_ATL_CAR","202010290car",2020,8,"REG","CAR","ATL","Teddy Bridgewater","BridTe00",1,0.045,NA,NA,3,0.136,3,9,1,3,7,0.233,NA,NA,NA
"1536","2020_08_ATL_CAR","202010290car",2020,8,"REG","CAR","ATL","P.J. Walker","WalkPh00",0,0,NA,NA,3,0.75,0,1,1,0,1,0.25,NA,NA,NA
"1537","2020_08_ATL_CAR","202010290car",2020,8,"REG","ATL","CAR","Matt Ryan","RyanMa00",2,0.067,NA,NA,2,0.067,2,10,1,3,6,0.167,NA,NA,NA
"1538","2020_08_PIT_BAL","202011010rav",2020,8,"REG","BAL","PIT","Lamar Jackson","JackLa00",1,0.038,NA,NA,9,0.346,4,11,2,6,12,0.324,NA,NA,NA
"1539","2020_08_PIT_BAL","202011010rav",2020,8,"REG","PIT","BAL","Ben Roethlisberger","RoetBe00",2,0.063,NA,NA,6,0.188,2,12,0,4,6,0.176,NA,NA,NA
"1540","2020_08_NE_BUF","202011010buf",2020,8,"REG","BUF","NE","Josh Allen","AlleJo02",1,0.056,NA,NA,3,0.167,1,12,2,4,7,0.318,NA,NA,NA
"1541","2020_08_NE_BUF","202011010buf",2020,8,"REG","NE","BUF","Cam Newton","NewtCa00",2,0.087,NA,NA,6,0.261,2,11,2,3,7,0.25,NA,NA,NA
"1542","2020_08_TEN_CIN","202011010cin",2020,8,"REG","CIN","TEN","Joe Burrow","BurrJo01",1,0.029,NA,NA,4,0.114,0,17,3,2,5,0.132,NA,NA,NA
"1543","2020_08_TEN_CIN","202011010cin",2020,8,"REG","TEN","CIN","Ryan Tannehill","TannRy00",1,0.034,NA,NA,5,0.172,1,13,1,4,6,0.182,NA,NA,NA
"1544","2020_08_LV_CLE","202011010cle",2020,8,"REG","CLE","LV","Baker Mayfield","MayfBa00",6,0.24,NA,NA,5,0.2,0,4,3,1,4,0.138,NA,NA,NA
"1545","2020_08_LV_CLE","202011010cle",2020,8,"REG","LV","CLE","Derek Carr","CarrDe02",2,0.091,NA,NA,3,0.136,2,3,2,0,4,0.133,NA,NA,NA
"1546","2020_08_IND_DET","202011010det",2020,8,"REG","DET","IND","Matthew Stafford","StafMa00",2,0.049,NA,NA,11,0.268,5,20,10,4,19,0.396,NA,NA,NA
"1547","2020_08_IND_DET","202011010det",2020,8,"REG","IND","DET","Philip Rivers","RivePh00",4,0.125,NA,NA,5,0.156,2,8,1,2,5,0.143,NA,NA,NA
"1548","2020_08_IND_DET","202011010det",2020,8,"REG","IND","DET","Zach Pascal","PascZa00",0,0,NA,NA,1,1,0,0,0,0,0,0,NA,NA,NA
"1549","2020_08_MIN_GB","202011010gnb",2020,8,"REG","GB","MIN","Aaron Rodgers","RodgAa00",2,0.054,NA,NA,6,0.162,1,10,3,2,6,0.136,NA,NA,NA
"1550","2020_08_MIN_GB","202011010gnb",2020,8,"REG","MIN","GB","Kirk Cousins","CousKi00",1,0.071,NA,NA,2,0.143,1,10,2,0,3,0.2,NA,NA,NA
"1551","2020_08_NYJ_KC","202011010kan",2020,8,"REG","KC","NYJ","Patrick Mahomes","MahoPa00",2,0.048,NA,NA,7,0.167,0,16,1,3,4,0.095,NA,NA,NA
"1552","2020_08_NYJ_KC","202011010kan",2020,8,"REG","KC","NYJ","Chad Henne","HennCh01",1,0.25,NA,NA,0,0,0,2,1,0,1,0.25,NA,NA,NA
"1553","2020_08_NYJ_KC","202011010kan",2020,8,"REG","KC","NYJ","Tommy Townsend","TownTo01",0,0,NA,NA,0,0,0,0,0,0,0,0,NA,NA,NA
"1554","2020_08_NYJ_KC","202011010kan",2020,8,"REG","NYJ","KC","Sam Darnold","DarnSa00",2,0.071,NA,NA,6,0.214,1,15,0,4,5,0.143,NA,NA,NA
"1555","2020_08_LA_MIA","202011010mia",2020,8,"REG","MIA","LA","Tua Tagovailoa","TagoTu00",3,0.136,NA,NA,4,0.182,1,8,0,2,3,0.125,NA,NA,NA
"1556","2020_08_LA_MIA","202011010mia",2020,8,"REG","LA","MIA","Jared Goff","GoffJa00",4,0.069,NA,NA,7,0.121,2,30,1,9,12,0.19,NA,NA,NA
"1557","2020_08_LAC_DEN","202011010den",2020,8,"REG","DEN","LAC","Drew Lock","LockDr00",0,0,NA,NA,7,0.179,2,3,5,4,11,0.25,NA,NA,NA
"1558","2020_08_LAC_DEN","202011010den",2020,8,"REG","LAC","DEN","Justin Herbert","HerbJu00",2,0.049,NA,NA,5,0.122,2,14,15,2,19,0.404,NA,NA,NA
"1559","2020_08_LAC_DEN","202011010den",2020,8,"REG","LAC","DEN","Keenan Allen","AlleKe00",0,0,NA,NA,1,1,0,0,0,0,0,0,NA,NA,NA
"1560","2020_08_NO_CHI","202011010chi",2020,8,"REG","CHI","NO","Nick Foles","FoleNi00",4,0.098,NA,NA,7,0.171,5,15,1,2,8,0.174,NA,NA,NA
"1561","2020_08_NO_CHI","202011010chi",2020,8,"REG","NO","CHI","Drew Brees","BreeDr00",2,0.049,NA,NA,5,0.122,1,9,3,2,6,0.14,NA,NA,NA
"1562","2020_08_SF_SEA","202011010sea",2020,8,"REG","SEA","SF","Russell Wilson","WilsRu00",1,0.028,NA,NA,6,0.167,2,18,5,1,8,0.2,NA,NA,NA
"1563","2020_08_SF_SEA","202011010sea",2020,8,"REG","SF","SEA","Nick Mullens","MullNi00",0,0,NA,NA,3,0.125,0,14,0,4,4,0.16,NA,NA,NA
"1564","2020_08_SF_SEA","202011010sea",2020,8,"REG","SF","SEA","Jimmy Garoppolo","GaroJi00",1,0.063,NA,NA,2,0.125,3,10,2,1,6,0.3,NA,NA,NA
"1565","2020_08_DAL_PHI","202011010phi",2020,8,"REG","PHI","DAL","Carson Wentz","WentCa00",2,0.08,NA,NA,4,0.16,4,9,3,4,11,0.344,NA,NA,NA
"1566","2020_08_DAL_PHI","202011010phi",2020,8,"REG","PHI","DAL","Jalen Hurts","HurtJa00",0,0,NA,NA,0,0,0,0,0,0,0,0,NA,NA,NA
"1567","2020_08_DAL_PHI","202011010phi",2020,8,"REG","DAL","PHI","Ben DiNucci","DiNuBe00",2,0.053,NA,NA,12,0.316,4,14,7,5,16,0.356,NA,NA,NA
"1568","2020_08_TB_NYG","202011020nyg",2020,8,"REG","NYG","TB","Daniel Jones","JoneDa05",0,0,NA,NA,11,0.275,3,21,6,7,16,0.356,NA,NA,NA
"1569","2020_08_TB_NYG","202011020nyg",2020,8,"REG","NYG","TB","Golden Tate","TateGo00",0,0,NA,NA,0,0,0,0,0,1,1,1,NA,NA,NA
"1570","2020_08_TB_NYG","202011020nyg",2020,8,"REG","TB","NYG","Tom Brady","BradTo00",0,0,NA,NA,6,0.15,2,9,3,2,7,0.167,NA,NA,NA
"1571","2020_09_GB_SF","202011050sfo",2020,9,"REG","SF","GB","Nick Mullens","MullNi00",2,0.059,NA,NA,6,0.176,1,8,4,5,10,0.278,NA,NA,NA
"1572","2020_09_GB_SF","202011050sfo",2020,9,"REG","GB","SF","Aaron Rodgers","RodgAa00",1,0.033,NA,NA,2,0.067,1,11,4,0,5,0.152,NA,NA,NA
"1573","2020_09_DEN_ATL","202011080atl",2020,9,"REG","ATL","DEN","Matt Ryan","RyanMa00",1,0.029,NA,NA,4,0.114,2,13,5,7,14,0.368,NA,NA,NA
"1574","2020_09_DEN_ATL","202011080atl",2020,9,"REG","DEN","ATL","Drew Lock","LockDr00",2,0.044,NA,NA,13,0.289,1,12,10,9,20,0.364,NA,NA,NA
"1575","2020_09_SEA_BUF","202011080buf",2020,9,"REG","BUF","SEA","Josh Allen","AlleJo02",1,0.026,NA,NA,6,0.158,7,26,3,2,12,0.25,NA,NA,NA
"1576","2020_09_SEA_BUF","202011080buf",2020,9,"REG","SEA","BUF","Russell Wilson","WilsRu00",0,0,NA,NA,6,0.15,5,18,4,8,17,0.362,NA,NA,NA
"1577","2020_09_BAL_IND","202011080clt",2020,9,"REG","IND","BAL","Philip Rivers","RivePh00",1,0.025,NA,NA,11,0.275,0,12,4,2,6,0.14,NA,NA,NA
"1578","2020_09_BAL_IND","202011080clt",2020,9,"REG","IND","BAL","Jacoby Brissett","BrisJa00",0,0,NA,NA,0,0,0,0,1,0,1,1,NA,NA,NA
"1579","2020_09_BAL_IND","202011080clt",2020,9,"REG","BAL","IND","Lamar Jackson","JackLa00",1,0.043,NA,NA,1,0.043,2,8,2,0,4,0.138,NA,NA,NA
"1580","2020_09_HOU_JAX","202011080jax",2020,9,"REG","JAX","HOU","Jake Luton","LutoJa00",2,0.053,NA,NA,8,0.211,2,14,2,3,7,0.171,NA,NA,NA
"1581","2020_09_HOU_JAX","202011080jax",2020,9,"REG","HOU","JAX","Deshaun Watson","WatsDe00",1,0.034,NA,NA,6,0.207,2,20,4,2,8,0.2,NA,NA,NA
"1582","2020_09_CAR_KC","202011080kan",2020,9,"REG","KC","CAR","Patrick Mahomes","MahoPa00",3,0.068,NA,NA,10,0.227,2,10,0,6,8,0.167,NA,NA,NA
"1583","2020_09_CAR_KC","202011080kan",2020,9,"REG","CAR","KC","Teddy Bridgewater","BridTe00",0,0,NA,NA,4,0.093,2,16,4,7,13,0.25,NA,NA,NA
"1584","2020_09_CAR_KC","202011080kan",2020,9,"REG","CAR","KC","Joseph Charlton","CharJo01",0,0,NA,NA,0,0,0,0,0,0,0,0,NA,NA,NA
"1585","2020_09_DET_MIN","202011080min",2020,9,"REG","MIN","DET","Kirk Cousins","CousKi00",1,0.05,NA,NA,3,0.15,1,6,2,1,4,0.19,NA,NA,NA
"1586","2020_09_DET_MIN","202011080min",2020,9,"REG","DET","MIN","Matthew Stafford","StafMa00",2,0.063,NA,NA,5,0.156,2,6,1,2,5,0.147,NA,NA,NA
"1587","2020_09_DET_MIN","202011080min",2020,9,"REG","DET","MIN","Chase Daniel","DaniCh00",2,0.167,NA,NA,2,0.167,0,2,0,1,1,0.071,NA,NA,NA
"1588","2020_09_CHI_TEN","202011080oti",2020,9,"REG","TEN","CHI","Ryan Tannehill","TannRy00",3,0.143,NA,NA,3,0.143,3,9,1,3,7,0.28,NA,NA,NA
"1589","2020_09_CHI_TEN","202011080oti",2020,9,"REG","CHI","TEN","Nick Foles","FoleNi00",0,0,NA,NA,6,0.125,3,14,3,6,12,0.214,NA,NA,NA
"1590","2020_09_NYG_WAS","202011080was",2020,9,"REG","WAS","NYG","Alex Smith","SmitAl03",1,0.031,NA,NA,4,0.125,2,9,3,4,9,0.265,NA,NA,NA
"1591","2020_09_NYG_WAS","202011080was",2020,9,"REG","WAS","NYG","Kyle Allen","AlleKy00",0,0,NA,NA,0,0,0,2,0,0,0,0,NA,NA,NA
"1592","2020_09_NYG_WAS","202011080was",2020,9,"REG","NYG","WAS","Daniel Jones","JoneDa05",3,0.091,NA,NA,6,0.182,5,19,3,4,12,0.308,NA,NA,NA
"1593","2020_09_LV_LAC","202011080sdg",2020,9,"REG","LAC","LV","Justin Herbert","HerbJu00",1,0.024,NA,NA,7,0.171,2,5,5,5,12,0.255,NA,NA,NA
"1594","2020_09_LV_LAC","202011080sdg",2020,9,"REG","LV","LAC","Derek Carr","CarrDe02",1,0.043,NA,NA,3,0.13,1,6,1,3,5,0.192,NA,NA,NA
"1595","2020_09_MIA_ARI","202011080crd",2020,9,"REG","ARI","MIA","Kyler Murray","MurrKy00",0,0,NA,NA,2,0.08,1,15,3,4,8,0.25,NA,NA,NA
"1596","2020_09_MIA_ARI","202011080crd",2020,9,"REG","MIA","ARI","Tua Tagovailoa","TagoTu00",0,0,NA,NA,5,0.192,3,17,0,0,3,0.088,NA,NA,NA
"1597","2020_09_PIT_DAL","202011080dal",2020,9,"REG","DAL","PIT","Garrett Gilbert","GilbGa01",0,0,NA,NA,11,0.297,2,17,10,6,18,0.429,NA,NA,NA
"1598","2020_09_PIT_DAL","202011080dal",2020,9,"REG","PIT","DAL","Ben Roethlisberger","RoetBe00",3,0.071,NA,NA,8,0.19,0,7,1,2,3,0.07,NA,NA,NA
"1599","2020_09_PIT_DAL","202011080dal",2020,9,"REG","PIT","DAL","Mason Rudolph","RudoMa00",0,0,NA,NA,1,0.333,0,1,1,0,1,0.333,NA,NA,NA
"1600","2020_09_NO_TB","202011080tam",2020,9,"REG","TB","NO","Tom Brady","BradTo00",2,0.054,NA,NA,8,0.216,3,12,6,6,15,0.366,NA,NA,NA
"1601","2020_09_NO_TB","202011080tam",2020,9,"REG","NO","TB","Drew Brees","BreeDr00",1,0.032,NA,NA,3,0.097,1,15,2,3,6,0.182,NA,NA,NA
"1602","2020_09_NO_TB","202011080tam",2020,9,"REG","NO","TB","Taysom Hill","HillTa00",0,0,NA,NA,0,0,0,2,0,0,0,0,NA,NA,NA
"1603","2020_09_NO_TB","202011080tam",2020,9,"REG","NO","TB","Jameis Winston","WinsJa00",0,0,NA,NA,0,0,0,1,0,0,0,0,NA,NA,NA
"1604","2020_09_NE_NYJ","202011090nyj",2020,9,"REG","NYJ","NE","Joe Flacco","FlacJo00",0,0,NA,NA,4,0.167,1,12,0,3,4,0.154,NA,NA,NA
"1605","2020_09_NE_NYJ","202011090nyj",2020,9,"REG","NE","NYJ","Cam Newton","NewtCa00",0,0,NA,NA,5,0.147,0,23,1,4,5,0.139,NA,NA,NA
"1606","2020_10_IND_TEN","202011120oti",2020,10,"REG","TEN","IND","Ryan Tannehill","TannRy00",1,0.037,NA,NA,7,0.259,1,4,2,4,7,0.233,NA,NA,NA
"1607","2020_10_IND_TEN","202011120oti",2020,10,"REG","IND","TEN","Philip Rivers","RivePh00",1,0.028,NA,NA,3,0.083,1,6,1,1,3,0.075,NA,NA,NA
"1608","2020_10_TB_CAR","202011150car",2020,10,"REG","CAR","TB","Teddy Bridgewater","BridTe00",1,0.042,NA,NA,3,0.125,1,10,2,4,7,0.25,NA,NA,NA
"1609","2020_10_TB_CAR","202011150car",2020,10,"REG","CAR","TB","P.J. Walker","WalkPh00",0,0,NA,NA,2,0.5,1,0,0,1,2,0.4,NA,NA,NA
"1610","2020_10_TB_CAR","202011150car",2020,10,"REG","TB","CAR","Tom Brady","BradTo00",1,0.026,NA,NA,9,0.231,1,14,5,6,12,0.293,NA,NA,NA
"1611","2020_10_HOU_CLE","202011150cle",2020,10,"REG","CLE","HOU","Baker Mayfield","MayfBa00",0,0,NA,NA,6,0.316,1,8,1,1,3,0.136,NA,NA,NA
"1612","2020_10_HOU_CLE","202011150cle",2020,10,"REG","HOU","CLE","Deshaun Watson","WatsDe00",0,0,NA,NA,7,0.241,2,13,1,1,4,0.118,NA,NA,NA
"1613","2020_10_WAS_DET","202011150det",2020,10,"REG","DET","WAS","Matthew Stafford","StafMa00",2,0.063,NA,NA,6,0.188,1,11,4,0,5,0.147,NA,NA,NA
"1614","2020_10_WAS_DET","202011150det",2020,10,"REG","WAS","DET","Alex Smith","SmitAl03",1,0.019,NA,NA,13,0.245,2,4,9,6,17,0.293,NA,NA,NA
"1615","2020_10_JAX_GB","202011150gnb",2020,10,"REG","GB","JAX","Aaron Rodgers","RodgAa00",2,0.061,NA,NA,4,0.121,1,10,2,2,5,0.139,NA,NA,NA
"1616","2020_10_JAX_GB","202011150gnb",2020,10,"REG","JAX","GB","Jake Luton","LutoJa00",2,0.061,NA,NA,10,0.303,3,13,4,1,8,0.211,NA,NA,NA
"1617","2020_10_PHI_NYG","202011150nyg",2020,10,"REG","NYG","PHI","Daniel Jones","JoneDa05",2,0.071,NA,NA,4,0.143,3,9,1,4,8,0.242,NA,NA,NA
"1618","2020_10_PHI_NYG","202011150nyg",2020,10,"REG","PHI","NYG","Carson Wentz","WentCa00",3,0.083,NA,NA,8,0.222,3,16,1,9,13,0.317,NA,NA,NA
"1619","2020_10_BUF_ARI","202011150crd",2020,10,"REG","ARI","BUF","Kyler Murray","MurrKy00",1,0.031,NA,NA,4,0.125,3,15,1,1,5,0.125,NA,NA,NA
"1620","2020_10_BUF_ARI","202011150crd",2020,10,"REG","BUF","ARI","Josh Allen","AlleJo02",3,0.065,NA,NA,8,0.174,0,27,6,4,10,0.2,NA,NA,NA
"1621","2020_10_BUF_ARI","202011150crd",2020,10,"REG","BUF","ARI","Isaiah McKenzie","McKeIs00",0,0,NA,NA,0,0,0,0,0,0,0,0,NA,NA,NA
"1622","2020_10_DEN_LV","202011150rai",2020,10,"REG","LV","DEN","Derek Carr","CarrDe02",2,0.091,NA,NA,3,0.136,0,5,2,0,2,0.074,NA,NA,NA
"1623","2020_10_DEN_LV","202011150rai",2020,10,"REG","DEN","LV","Drew Lock","LockDr00",6,0.133,NA,NA,11,0.244,2,13,7,6,15,0.306,NA,NA,NA
"1624","2020_10_LAC_MIA","202011150mia",2020,10,"REG","MIA","LAC","Tua Tagovailoa","TagoTu00",1,0.042,NA,NA,5,0.208,0,10,0,1,1,0.038,NA,NA,NA
"1625","2020_10_LAC_MIA","202011150mia",2020,10,"REG","LAC","MIA","Justin Herbert","HerbJu00",0,0,NA,NA,6,0.188,2,15,1,6,9,0.25,NA,NA,NA
"1626","2020_10_SEA_LA","202011150ram",2020,10,"REG","LA","SEA","Jared Goff","GoffJa00",3,0.083,NA,NA,4,0.111,3,21,3,2,8,0.19,NA,NA,NA
"1627","2020_10_SEA_LA","202011150ram",2020,10,"REG","SEA","LA","Russell Wilson","WilsRu00",1,0.029,NA,NA,8,0.229,6,13,3,7,16,0.32,NA,NA,NA
"1628","2020_10_SF_NO","202011150nor",2020,10,"REG","NO","SF","Drew Brees","BreeDr00",0,0,NA,NA,3,0.231,0,3,0,1,1,0.077,NA,NA,NA
"1629","2020_10_SF_NO","202011150nor",2020,10,"REG","NO","SF","Jameis Winston","WinsJa00",0,0,NA,NA,3,0.3,2,4,1,1,4,0.308,NA,NA,NA
"1630","2020_10_SF_NO","202011150nor",2020,10,"REG","SF","NO","Nick Mullens","MullNi00",0,0,NA,NA,8,0.211,2,18,4,6,12,0.293,NA,NA,NA
"1631","2020_10_SF_NO","202011150nor",2020,10,"REG","SF","NO","C.J. Beathard","BeatC.00",0,0,NA,NA,0,0,0,0,0,0,0,0,NA,NA,NA
"1632","2020_10_CIN_PIT","202011150pit",2020,10,"REG","PIT","CIN","Ben Roethlisberger","RoetBe00",3,0.065,NA,NA,12,0.261,0,17,1,8,9,0.196,NA,NA,NA
"1633","2020_10_CIN_PIT","202011150pit",2020,10,"REG","CIN","PIT","Joe Burrow","BurrJo01",3,0.079,NA,NA,10,0.263,4,17,3,5,12,0.273,NA,NA,NA
"1634","2020_10_BAL_NE","202011150nwe",2020,10,"REG","NE","BAL","Cam Newton","NewtCa00",1,0.063,NA,NA,2,0.125,1,12,4,1,6,0.333,NA,NA,NA
"1635","2020_10_BAL_NE","202011150nwe",2020,10,"REG","NE","BAL","Jakobi Meyers","MeyeJa01",0,0,NA,NA,0,0,0,1,0,1,1,1,NA,NA,NA
"1636","2020_10_BAL_NE","202011150nwe",2020,10,"REG","BAL","NE","Lamar Jackson","JackLa00",3,0.088,NA,NA,4,0.118,2,2,10,0,12,0.3,NA,NA,NA
"1637","2020_10_MIN_CHI","202011160chi",2020,10,"REG","CHI","MIN","Nick Foles","FoleNi00",0,0,NA,NA,7,0.28,2,13,0,8,10,0.345,NA,NA,NA
"1638","2020_10_MIN_CHI","202011160chi",2020,10,"REG","CHI","MIN","Tyler Bray","BrayTy00",0,0,NA,NA,3,0.75,0,0,0,1,1,0.2,NA,NA,NA
"1639","2020_10_MIN_CHI","202011160chi",2020,10,"REG","MIN","CHI","Kirk Cousins","CousKi00",3,0.094,NA,NA,3,0.094,1,7,2,4,7,0.189,NA,NA,NA
"1640","2020_11_ARI_SEA","202011190sea",2020,11,"REG","SEA","ARI","Russell Wilson","WilsRu00",3,0.111,NA,NA,1,0.037,3,10,5,5,13,0.342,NA,NA,NA
"1641","2020_11_ARI_SEA","202011190sea",2020,11,"REG","ARI","SEA","Kyler Murray","MurrKy00",0,0,NA,NA,6,0.154,3,16,8,4,15,0.319,NA,NA,NA
"1642","2020_11_TEN_BAL","202011220rav",2020,11,"REG","BAL","TEN","Lamar Jackson","JackLa00",2,0.071,NA,NA,3,0.107,1,5,2,1,4,0.121,NA,NA,NA
"1643","2020_11_TEN_BAL","202011220rav",2020,11,"REG","TEN","BAL","Ryan Tannehill","TannRy00",1,0.032,NA,NA,7,0.226,2,19,2,6,10,0.286,NA,NA,NA
"1644","2020_11_TEN_BAL","202011220rav",2020,11,"REG","TEN","BAL","Logan Woodside","WoodLo00",0,0,NA,NA,0,0,0,0,0,0,0,0,NA,NA,NA
"1645","2020_11_DET_CAR","202011220car",2020,11,"REG","CAR","DET","P.J. Walker","WalkPh00",3,0.088,NA,NA,5,0.147,1,13,2,1,4,0.114,NA,NA,NA
"1646","2020_11_DET_CAR","202011220car",2020,11,"REG","CAR","DET","D.J. Moore","MoorD.00",0,0,NA,NA,1,1,0,1,0,0,0,0,NA,NA,NA
"1647","2020_11_DET_CAR","202011220car",2020,11,"REG","DET","CAR","Matthew Stafford","StafMa00",4,0.125,NA,NA,5,0.156,5,13,3,3,11,0.282,NA,NA,NA
"1648","2020_11_PHI_CLE","202011220cle",2020,11,"REG","CLE","PHI","Baker Mayfield","MayfBa00",1,0.056,NA,NA,5,0.278,3,7,3,0,6,0.24,NA,NA,NA
"1649","2020_11_PHI_CLE","202011220cle",2020,11,"REG","PHI","CLE","Carson Wentz","WentCa00",0,0,NA,NA,5,0.147,5,8,3,6,14,0.35,NA,NA,NA
"1650","2020_11_NE_HOU","202011220htx",2020,11,"REG","HOU","NE","Deshaun Watson","WatsDe00",2,0.054,NA,NA,5,0.135,0,4,8,2,10,0.233,NA,NA,NA
"1651","2020_11_NE_HOU","202011220htx",2020,11,"REG","NE","HOU","Cam Newton","NewtCa00",1,0.026,NA,NA,6,0.158,2,18,11,6,19,0.452,NA,NA,NA
"1652","2020_11_PIT_JAX","202011220jax",2020,11,"REG","JAX","PIT","Jake Luton","LutoJa00",1,0.03,NA,NA,12,0.364,2,17,4,6,12,0.308,NA,NA,NA
"1653","2020_11_PIT_JAX","202011220jax",2020,11,"REG","PIT","JAX","Ben Roethlisberger","RoetBe00",1,0.022,NA,NA,8,0.174,0,19,0,3,3,0.065,NA,NA,NA
"1654","2020_11_ATL_NO","202011220nor",2020,11,"REG","NO","ATL","Taysom Hill","HillTa00",2,0.087,NA,NA,1,0.043,3,8,2,2,7,0.233,NA,NA,NA
"1655","2020_11_ATL_NO","202011220nor",2020,11,"REG","ATL","NO","Matt Ryan","RyanMa00",3,0.086,NA,NA,7,0.2,8,20,2,4,14,0.311,NA,NA,NA
"1656","2020_11_CIN_WAS","202011220was",2020,11,"REG","WAS","CIN","Alex Smith","SmitAl03",1,0.042,NA,NA,3,0.125,2,9,1,3,6,0.222,NA,NA,NA
"1657","2020_11_CIN_WAS","202011220was",2020,11,"REG","CIN","WAS","Joe Burrow","BurrJo01",2,0.059,NA,NA,5,0.147,0,14,0,5,5,0.143,NA,NA,NA
"1658","2020_11_CIN_WAS","202011220was",2020,11,"REG","CIN","WAS","Ryan Finley","FinlRy00",1,0.1,NA,NA,4,0.4,4,10,3,2,9,0.6,NA,NA,NA
"1659","2020_11_MIA_DEN","202011220den",2020,11,"REG","DEN","MIA","Drew Lock","LockDr00",0,0,NA,NA,8,0.267,0,13,3,4,7,0.226,NA,NA,NA
"1660","2020_11_MIA_DEN","202011220den",2020,11,"REG","MIA","DEN","Tua Tagovailoa","TagoTu00",2,0.105,NA,NA,5,0.263,6,13,4,1,11,0.423,NA,NA,NA
"1661","2020_11_MIA_DEN","202011220den",2020,11,"REG","MIA","DEN","Ryan Fitzpatrick","FitzRy00",1,0.056,NA,NA,1,0.056,0,3,0,1,1,0.053,NA,NA,NA
"1662","2020_11_NYJ_LAC","202011220sdg",2020,11,"REG","LAC","NYJ","Justin Herbert","HerbJu00",2,0.041,NA,NA,7,0.143,3,20,7,4,14,0.259,NA,NA,NA
"1663","2020_11_NYJ_LAC","202011220sdg",2020,11,"REG","NYJ","LAC","Joe Flacco","FlacJo00",1,0.036,NA,NA,7,0.25,1,6,3,7,11,0.344,NA,NA,NA
"1664","2020_11_GB_IND","202011220clt",2020,11,"REG","IND","GB","Philip Rivers","RivePh00",0,0,NA,NA,2,0.057,1,8,2,4,7,0.189,NA,NA,NA
"1665","2020_11_GB_IND","202011220clt",2020,11,"REG","GB","IND","Aaron Rodgers","RodgAa00",1,0.029,NA,NA,6,0.171,1,5,2,0,3,0.073,NA,NA,NA
"1666","2020_11_DAL_MIN","202011220min",2020,11,"REG","MIN","DAL","Kirk Cousins","CousKi00",2,0.071,NA,NA,4,0.143,2,12,5,7,14,0.424,NA,NA,NA
"1667","2020_11_DAL_MIN","202011220min",2020,11,"REG","DAL","MIN","Andy Dalton","DaltAn00",3,0.097,NA,NA,3,0.097,1,8,1,1,3,0.088,NA,NA,NA
"1668","2020_11_KC_LV","202011220rai",2020,11,"REG","LV","KC","Derek Carr","CarrDe02",3,0.103,NA,NA,2,0.069,0,10,3,1,4,0.121,NA,NA,NA
"1669","2020_11_KC_LV","202011220rai",2020,11,"REG","KC","LV","Patrick Mahomes","MahoPa00",2,0.047,NA,NA,3,0.07,0,9,1,5,6,0.128,NA,NA,NA
"1670","2020_11_KC_LV","202011220rai",2020,11,"REG","KC","LV","Travis Kelce","KelcTr00",0,0,NA,NA,0,0,0,0,0,0,0,0,NA,NA,NA
"1671","2020_11_LA_TB","202011230tam",2020,11,"REG","TB","LA","Tom Brady","BradTo00",4,0.085,NA,NA,13,0.277,1,9,0,4,5,0.102,NA,NA,NA
"1672","2020_11_LA_TB","202011230tam",2020,11,"REG","LA","TB","Jared Goff","GoffJa00",2,0.041,NA,NA,6,0.122,0,20,3,3,6,0.118,NA,NA,NA
"1673","2020_12_HOU_DET","202011260det",2020,12,"REG","DET","HOU","Matthew Stafford","StafMa00",2,0.049,NA,NA,5,0.122,4,22,4,5,13,0.277,NA,NA,NA
"1674","2020_12_HOU_DET","202011260det",2020,12,"REG","DET","HOU","Jamal Agnew","AgneJa00",0,0,NA,NA,0,0,0,0,0,0,0,0,NA,NA,NA
"1675","2020_12_HOU_DET","202011260det",2020,12,"REG","HOU","DET","Deshaun Watson","WatsDe00",1,0.043,NA,NA,2,0.087,2,6,6,1,9,0.3,NA,NA,NA
"1676","2020_12_WAS_DAL","202011260dal",2020,12,"REG","DAL","WAS","Andy Dalton","DaltAn00",2,0.059,NA,NA,4,0.118,3,17,0,2,5,0.125,NA,NA,NA
"1677","2020_12_WAS_DAL","202011260dal",2020,12,"REG","WAS","DAL","Alex Smith","SmitAl03",1,0.043,NA,NA,0,0,3,9,3,3,9,0.3,NA,NA,NA
"1678","2020_12_WAS_DAL","202011260dal",2020,12,"REG","WAS","DAL","Logan Thomas","ThomLo00",0,0,NA,NA,0,0,0,0,0,0,0,0,NA,NA,NA
"1679","2020_12_LV_ATL","202011290atl",2020,12,"REG","ATL","LV","Matt Ryan","RyanMa00",2,0.054,NA,NA,7,0.189,1,10,5,7,13,0.317,NA,NA,NA
"1680","2020_12_LV_ATL","202011290atl",2020,12,"REG","LV","ATL","Derek Carr","CarrDe02",1,0.031,NA,NA,7,0.219,3,16,6,4,13,0.351,NA,NA,NA
"1681","2020_12_LV_ATL","202011290atl",2020,12,"REG","LV","ATL","Nathan Peterman","PeteNa00",0,0,NA,NA,1,0.2,2,1,0,0,2,0.25,NA,NA,NA
"1682","2020_12_LAC_BUF","202011290buf",2020,12,"REG","BUF","LAC","Josh Allen","AlleJo02",0,0,NA,NA,3,0.125,2,7,0,5,7,0.259,NA,NA,NA
"1683","2020_12_LAC_BUF","202011290buf",2020,12,"REG","BUF","LAC","Cole Beasley","BeasCo00",0,0,NA,NA,0,0,0,0,0,0,0,0,NA,NA,NA
"1684","2020_12_LAC_BUF","202011290buf",2020,12,"REG","LAC","BUF","Justin Herbert","HerbJu00",4,0.078,NA,NA,8,0.157,3,28,5,5,13,0.236,NA,NA,NA
"1685","2020_12_NYG_CIN","202011290cin",2020,12,"REG","CIN","NYG","Brandon Allen","AlleBr00",2,0.074,NA,NA,4,0.148,2,5,1,7,10,0.303,NA,NA,NA
"1686","2020_12_NYG_CIN","202011290cin",2020,12,"REG","NYG","CIN","Daniel Jones","JoneDa05",2,0.074,NA,NA,3,0.111,0,7,1,0,1,0.033,NA,NA,NA
"1687","2020_12_NYG_CIN","202011290cin",2020,12,"REG","NYG","CIN","Colt McCoy","McCoCo00",0,0,NA,NA,4,0.4,0,5,0,3,3,0.25,NA,NA,NA
"1688","2020_12_NYG_CIN","202011290cin",2020,12,"REG","NYG","CIN","Golden Tate","TateGo00",0,0,NA,NA,0,0,0,1,0,0,0,0,NA,NA,NA
"1689","2020_12_TEN_IND","202011290clt",2020,12,"REG","IND","TEN","Philip Rivers","RivePh00",1,0.025,NA,NA,11,0.275,1,11,4,4,9,0.209,NA,NA,NA
"1690","2020_12_TEN_IND","202011290clt",2020,12,"REG","IND","TEN","Jacoby Brissett","BrisJa00",0,0,NA,NA,2,1,1,1,0,0,1,0.25,NA,NA,NA
"1691","2020_12_TEN_IND","202011290clt",2020,12,"REG","TEN","IND","Ryan Tannehill","TannRy00",0,0,NA,NA,4,0.2,1,7,5,1,7,0.304,NA,NA,NA
"1692","2020_12_CLE_JAX","202011290jax",2020,12,"REG","JAX","CLE","Mike Glennon","GlenMi00",1,0.03,NA,NA,7,0.212,0,8,0,2,2,0.056,NA,NA,NA
"1693","2020_12_CLE_JAX","202011290jax",2020,12,"REG","CLE","JAX","Baker Mayfield","MayfBa00",0,0,NA,NA,7,0.259,2,10,2,0,4,0.125,NA,NA,NA
"1694","2020_12_CAR_MIN","202011290min",2020,12,"REG","MIN","CAR","Kirk Cousins","CousKi00",1,0.024,NA,NA,5,0.119,2,16,3,8,13,0.265,NA,NA,NA
"1695","2020_12_CAR_MIN","202011290min",2020,12,"REG","CAR","MIN","Teddy Bridgewater","BridTe00",2,0.063,NA,NA,4,0.125,0,9,3,3,6,0.158,NA,NA,NA
"1696","2020_12_ARI_NE","202011290nwe",2020,12,"REG","NE","ARI","Cam Newton","NewtCa00",1,0.059,NA,NA,5,0.294,3,10,1,1,5,0.238,NA,NA,NA
"1697","2020_12_ARI_NE","202011290nwe",2020,12,"REG","ARI","NE","Kyler Murray","MurrKy00",1,0.03,NA,NA,8,0.242,2,9,0,3,5,0.128,NA,NA,NA
"1698","2020_12_MIA_NYJ","202011290nyj",2020,12,"REG","NYJ","MIA","Sam Darnold","DarnSa00",2,0.074,NA,NA,5,0.185,3,13,9,2,14,0.438,NA,NA,NA
"1699","2020_12_MIA_NYJ","202011290nyj",2020,12,"REG","MIA","NYJ","Ryan Fitzpatrick","FitzRy00",0,0,NA,NA,9,0.231,4,28,11,5,20,0.465,NA,NA,NA
"1700","2020_12_NO_DEN","202011290den",2020,12,"REG","DEN","NO","Kendall Hinton","HintKe00",0,0,NA,NA,4,0.5,1,5,1,4,6,0.545,NA,NA,NA
"1701","2020_12_NO_DEN","202011290den",2020,12,"REG","NO","DEN","Taysom Hill","HillTa00",0,0,NA,NA,3,0.214,3,3,4,1,8,0.381,NA,NA,NA
"1702","2020_12_SF_LA","202011290ram",2020,12,"REG","LA","SF","Jared Goff","GoffJa00",1,0.033,NA,NA,9,0.3,2,9,0,5,7,0.189,NA,NA,NA
"1703","2020_12_SF_LA","202011290ram",2020,12,"REG","SF","LA","Nick Mullens","MullNi00",3,0.088,NA,NA,3,0.088,2,5,3,5,10,0.27,NA,NA,NA
"1704","2020_12_KC_TB","202011290tam",2020,12,"REG","TB","KC","Tom Brady","BradTo00",1,0.024,NA,NA,12,0.293,1,18,2,6,9,0.214,NA,NA,NA
"1705","2020_12_KC_TB","202011290tam",2020,12,"REG","KC","TB","Patrick Mahomes","MahoPa00",1,0.022,NA,NA,6,0.133,2,9,6,6,14,0.264,NA,NA,NA
"1706","2020_12_KC_TB","202011290tam",2020,12,"REG","KC","TB","Travis Kelce","KelcTr00",0,0,NA,NA,0,0,0,0,0,0,0,0,NA,NA,NA
"1707","2020_12_CHI_GB","202011290gnb",2020,12,"REG","GB","CHI","Aaron Rodgers","RodgAa00",2,0.069,NA,NA,3,0.103,0,11,2,0,2,0.065,NA,NA,NA
"1708","2020_12_CHI_GB","202011290gnb",2020,12,"REG","CHI","GB","Mitchell Trubisky","TrubMi00",1,0.023,NA,NA,10,0.227,3,7,3,5,11,0.22,NA,NA,NA
"1709","2020_12_SEA_PHI","202011300phi",2020,12,"REG","PHI","SEA","Carson Wentz","WentCa00",2,0.049,NA,NA,10,0.244,6,23,3,6,15,0.278,NA,NA,NA
"1710","2020_12_SEA_PHI","202011300phi",2020,12,"REG","PHI","SEA","Jalen Hurts","HurtJa00",0,0,NA,NA,0,0,0,0,0,0,0,0,NA,NA,NA
"1711","2020_12_SEA_PHI","202011300phi",2020,12,"REG","SEA","PHI","Russell Wilson","WilsRu00",1,0.033,NA,NA,7,0.233,2,4,2,5,9,0.257,NA,NA,NA
"1712","2020_12_BAL_PIT","202012020pit",2020,12,"REG","PIT","BAL","Ben Roethlisberger","RoetBe00",4,0.078,NA,NA,5,0.098,0,18,4,6,10,0.196,NA,NA,NA
"1713","2020_12_BAL_PIT","202012020pit",2020,12,"REG","BAL","PIT","Robert Griffin III","GrifRo01",0,0,NA,NA,4,0.333,3,6,0,2,5,0.333,NA,NA,NA
"1714","2020_12_BAL_PIT","202012020pit",2020,12,"REG","BAL","PIT","Trace McSorley","McSoTr00",0,0,NA,NA,3,0.5,0,2,2,0,2,0.286,NA,NA,NA
"1715","2020_13_NO_ATL","202012060atl",2020,13,"REG","ATL","NO","Matt Ryan","RyanMa00",1,0.026,NA,NA,10,0.263,3,9,2,6,11,0.262,NA,NA,NA
"1716","2020_13_NO_ATL","202012060atl",2020,13,"REG","NO","ATL","Taysom Hill","HillTa00",2,0.054,NA,NA,5,0.135,2,18,0,3,5,0.116,NA,NA,NA
"1717","2020_13_DET_CHI","202012060chi",2020,13,"REG","CHI","DET","Mitchell Trubisky","TrubMi00",2,0.061,NA,NA,4,0.121,2,11,0,1,3,0.081,NA,NA,NA
"1718","2020_13_DET_CHI","202012060chi",2020,13,"REG","DET","CHI","Matthew Stafford","StafMa00",1,0.024,NA,NA,9,0.214,2,6,5,1,8,0.182,NA,NA,NA
"1719","2020_13_IND_HOU","202012060htx",2020,13,"REG","HOU","IND","Deshaun Watson","WatsDe00",0,0,NA,NA,4,0.108,5,6,5,4,14,0.292,NA,NA,NA
"1720","2020_13_IND_HOU","202012060htx",2020,13,"REG","IND","HOU","Philip Rivers","RivePh00",2,0.057,NA,NA,3,0.086,3,14,1,2,6,0.158,NA,NA,NA
"1721","2020_13_CIN_MIA","202012060mia",2020,13,"REG","MIA","CIN","Tua Tagovailoa","TagoTu00",1,0.026,NA,NA,8,0.211,0,16,2,2,4,0.1,NA,NA,NA
"1722","2020_13_CIN_MIA","202012060mia",2020,13,"REG","CIN","MIA","Brandon Allen","AlleBr00",1,0.053,NA,NA,5,0.263,5,9,0,3,8,0.32,NA,NA,NA
"1723","2020_13_CIN_MIA","202012060mia",2020,13,"REG","CIN","MIA","Ryan Finley","FinlRy00",0,0,NA,NA,0,0,1,2,0,2,3,0.375,NA,NA,NA
"1724","2020_13_CIN_MIA","202012060mia",2020,13,"REG","CIN","MIA","Tyler Boyd","BoydTy00",0,0,NA,NA,1,1,0,1,0,0,0,0,NA,NA,NA
"1725","2020_13_JAX_MIN","202012060min",2020,13,"REG","MIN","JAX","Kirk Cousins","CousKi00",1,0.025,NA,NA,5,0.125,4,19,1,10,15,0.313,NA,NA,NA
"1726","2020_13_JAX_MIN","202012060min",2020,13,"REG","JAX","MIN","Mike Glennon","GlenMi00",0,0,NA,NA,9,0.22,2,9,3,3,8,0.17,NA,NA,NA
"1727","2020_13_LV_NYJ","202012060nyj",2020,13,"REG","NYJ","LV","Sam Darnold","DarnSa00",1,0.048,NA,NA,4,0.19,3,9,2,5,10,0.357,NA,NA,NA
"1728","2020_13_LV_NYJ","202012060nyj",2020,13,"REG","LV","NYJ","Derek Carr","CarrDe02",2,0.043,NA,NA,13,0.283,2,28,3,4,9,0.176,NA,NA,NA
"1729","2020_13_CLE_TEN","202012060oti",2020,13,"REG","TEN","CLE","Ryan Tannehill","TannRy00",4,0.095,NA,NA,5,0.119,3,5,4,2,9,0.188,NA,NA,NA
"1730","2020_13_CLE_TEN","202012060oti",2020,13,"REG","CLE","TEN","Baker Mayfield","MayfBa00",2,0.067,NA,NA,0,0,0,12,2,0,2,0.057,NA,NA,NA
"1731","2020_13_CLE_TEN","202012060oti",2020,13,"REG","CLE","TEN","Jarvis Landry","LandJa00",0,0,NA,NA,0,0,0,1,0,1,1,1,NA,NA,NA
"1732","2020_13_LA_ARI","202012060crd",2020,13,"REG","ARI","LA","Kyler Murray","MurrKy00",0,0,NA,NA,11,0.306,2,11,4,4,10,0.238,NA,NA,NA
"1733","2020_13_LA_ARI","202012060crd",2020,13,"REG","LA","ARI","Jared Goff","GoffJa00",1,0.023,NA,NA,5,0.114,1,15,9,6,16,0.333,NA,NA,NA
"1734","2020_13_NYG_SEA","202012060sea",2020,13,"REG","SEA","NYG","Russell Wilson","WilsRu00",4,0.095,NA,NA,5,0.119,5,15,6,4,15,0.278,NA,NA,NA
"1735","2020_13_NYG_SEA","202012060sea",2020,13,"REG","NYG","SEA","Colt McCoy","McCoCo00",2,0.091,NA,NA,4,0.182,2,11,2,2,6,0.24,NA,NA,NA
"1736","2020_13_PHI_GB","202012060gnb",2020,13,"REG","GB","PHI","Aaron Rodgers","RodgAa00",2,0.063,NA,NA,3,0.094,2,7,3,4,9,0.25,NA,NA,NA
"1737","2020_13_PHI_GB","202012060gnb",2020,13,"REG","PHI","GB","Carson Wentz","WentCa00",0,0,NA,NA,6,0.462,4,4,3,2,9,0.429,NA,NA,NA
"1738","2020_13_PHI_GB","202012060gnb",2020,13,"REG","PHI","GB","Jalen Hurts","HurtJa00",1,0.083,NA,NA,3,0.25,3,6,1,1,5,0.25,NA,NA,NA
"1739","2020_13_NE_LAC","202012060sdg",2020,13,"REG","LAC","NE","Justin Herbert","HerbJu00",1,0.019,NA,NA,17,0.327,3,5,14,8,25,0.446,NA,NA,NA
"1740","2020_13_NE_LAC","202012060sdg",2020,13,"REG","NE","LAC","Cam Newton","NewtCa00",2,0.111,NA,NA,3,0.167,1,9,2,0,3,0.13,NA,NA,NA
"1741","2020_13_NE_LAC","202012060sdg",2020,13,"REG","NE","LAC","Jarrett Stidham","StidJa00",0,0,NA,NA,1,0.333,0,1,0,1,1,0.333,NA,NA,NA
"1742","2020_13_DEN_KC","202012060kan",2020,13,"REG","KC","DEN","Patrick Mahomes","MahoPa00",5,0.125,NA,NA,5,0.125,1,12,5,3,9,0.205,NA,NA,NA
"1743","2020_13_DEN_KC","202012060kan",2020,13,"REG","DEN","KC","Drew Lock","LockDr00",1,0.037,NA,NA,8,0.296,0,13,2,4,6,0.207,NA,NA,NA
"1744","2020_13_WAS_PIT","202012070pit",2020,13,"REG","PIT","WAS","Ben Roethlisberger","RoetBe00",6,0.113,NA,NA,5,0.094,0,9,4,2,6,0.113,NA,NA,NA
"1745","2020_13_WAS_PIT","202012070pit",2020,13,"REG","WAS","PIT","Alex Smith","SmitAl03",3,0.068,NA,NA,4,0.091,3,14,5,7,15,0.306,NA,NA,NA
"1746","2020_13_BUF_SF","202012070sfo",2020,13,"REG","SF","BUF","Nick Mullens","MullNi00",4,0.103,NA,NA,7,0.179,0,10,7,7,14,0.359,NA,NA,NA
"1747","2020_13_BUF_SF","202012070sfo",2020,13,"REG","BUF","SF","Josh Allen","AlleJo02",0,0,NA,NA,3,0.081,1,12,3,3,7,0.163,NA,NA,NA
"1748","2020_13_DAL_BAL","202012080rav",2020,13,"REG","BAL","DAL","Lamar Jackson","JackLa00",0,0,NA,NA,4,0.235,0,0,2,0,2,0.091,NA,NA,NA
"1749","2020_13_DAL_BAL","202012080rav",2020,13,"REG","DAL","BAL","Andy Dalton","DaltAn00",1,0.022,NA,NA,10,0.217,1,14,4,4,9,0.184,NA,NA,NA
"1750","2020_14_NE_LA","202012100ram",2020,14,"REG","LA","NE","Jared Goff","GoffJa00",3,0.125,NA,NA,5,0.208,1,5,4,2,7,0.259,NA,NA,NA
"1751","2020_14_NE_LA","202012100ram",2020,14,"REG","NE","LA","Cam Newton","NewtCa00",2,0.125,NA,NA,4,0.25,4,8,1,1,6,0.273,NA,NA,NA
"1752","2020_14_NE_LA","202012100ram",2020,14,"REG","NE","LA","Jarrett Stidham","StidJa00",0,0,NA,NA,1,0.143,2,2,0,2,4,0.444,NA,NA,NA
"1753","2020_14_DEN_CAR","202012130car",2020,14,"REG","CAR","DEN","Teddy Bridgewater","BridTe00",2,0.05,NA,NA,5,0.125,4,9,5,2,11,0.239,NA,NA,NA
"1754","2020_14_DEN_CAR","202012130car",2020,14,"REG","DEN","CAR","Drew Lock","LockDr00",0,0,NA,NA,4,0.148,1,17,3,4,8,0.267,NA,NA,NA
"1755","2020_14_HOU_CHI","202012130chi",2020,14,"REG","CHI","HOU","Mitchell Trubisky","TrubMi00",2,0.061,NA,NA,4,0.121,3,12,2,2,7,0.179,NA,NA,NA
"1756","2020_14_HOU_CHI","202012130chi",2020,14,"REG","HOU","CHI","Deshaun Watson","WatsDe00",2,0.074,NA,NA,3,0.111,6,9,4,4,14,0.333,NA,NA,NA
"1757","2020_14_DAL_CIN","202012130cin",2020,14,"REG","CIN","DAL","Brandon Allen","AlleBr00",2,0.056,NA,NA,5,0.139,0,2,2,2,4,0.105,NA,NA,NA
"1758","2020_14_DAL_CIN","202012130cin",2020,14,"REG","CIN","DAL","Ryan Finley","FinlRy00",0,0,NA,NA,1,0.5,2,0,0,0,2,0.5,NA,NA,NA
"1759","2020_14_DAL_CIN","202012130cin",2020,14,"REG","DAL","CIN","Andy Dalton","DaltAn00",1,0.045,NA,NA,1,0.045,2,10,0,2,4,0.16,NA,NA,NA
"1760","2020_14_TEN_JAX","202012130jax",2020,14,"REG","JAX","TEN","Gardner Minshew II","MinsGa00",1,0.036,NA,NA,8,0.286,0,6,4,1,5,0.152,NA,NA,NA
"1761","2020_14_TEN_JAX","202012130jax",2020,14,"REG","JAX","TEN","Mike Glennon","GlenMi00",1,0.048,NA,NA,2,0.095,0,2,1,0,1,0.043,NA,NA,NA
"1762","2020_14_TEN_JAX","202012130jax",2020,14,"REG","TEN","JAX","Ryan Tannehill","TannRy00",1,0.043,NA,NA,1,0.043,1,6,0,6,7,0.28,NA,NA,NA
"1763","2020_14_KC_MIA","202012130mia",2020,14,"REG","MIA","KC","Tua Tagovailoa","TagoTu00",2,0.044,NA,NA,8,0.178,4,17,2,3,9,0.158,NA,NA,NA
"1764","2020_14_KC_MIA","202012130mia",2020,14,"REG","MIA","KC","Lynn Bowden Jr.","BowdLy00",0,0,NA,NA,1,1,0,1,0,1,1,0.5,NA,NA,NA
"1765","2020_14_KC_MIA","202012130mia",2020,14,"REG","KC","MIA","Patrick Mahomes","MahoPa00",2,0.059,NA,NA,5,0.147,3,12,2,3,8,0.205,NA,NA,NA
"1766","2020_14_ARI_NYG","202012130nyg",2020,14,"REG","NYG","ARI","Daniel Jones","JoneDa05",0,0,NA,NA,5,0.238,6,8,3,3,12,0.444,NA,NA,NA
"1767","2020_14_ARI_NYG","202012130nyg",2020,14,"REG","NYG","ARI","Colt McCoy","McCoCo00",1,0.333,NA,NA,0,0,2,0,0,0,2,0.4,NA,NA,NA
"1768","2020_14_ARI_NYG","202012130nyg",2020,14,"REG","ARI","NYG","Kyler Murray","MurrKy00",0,0,NA,NA,6,0.188,1,7,4,3,8,0.182,NA,NA,NA
"1769","2020_14_MIN_TB","202012130tam",2020,14,"REG","TB","MIN","Tom Brady","BradTo00",1,0.045,NA,NA,4,0.182,0,7,1,3,4,0.174,NA,NA,NA
"1770","2020_14_MIN_TB","202012130tam",2020,14,"REG","MIN","TB","Kirk Cousins","CousKi00",2,0.057,NA,NA,7,0.2,6,14,8,7,21,0.447,NA,NA,NA
"1771","2020_14_IND_LV","202012130rai",2020,14,"REG","LV","IND","Derek Carr","CarrDe02",4,0.091,NA,NA,5,0.114,0,4,6,2,8,0.17,NA,NA,NA
"1772","2020_14_IND_LV","202012130rai",2020,14,"REG","LV","IND","Zay Jones","JoneZa00",0,0,NA,NA,0,0,0,0,0,0,0,0,NA,NA,NA
"1773","2020_14_IND_LV","202012130rai",2020,14,"REG","IND","LV","Philip Rivers","RivePh00",0,0,NA,NA,3,0.111,0,6,2,1,3,0.107,NA,NA,NA
"1774","2020_14_NYJ_SEA","202012130sea",2020,14,"REG","SEA","NYJ","Russell Wilson","WilsRu00",2,0.074,NA,NA,3,0.111,0,6,3,1,4,0.148,NA,NA,NA
"1775","2020_14_NYJ_SEA","202012130sea",2020,14,"REG","SEA","NYJ","Geno Smith","SmitGe00",0,0,NA,NA,1,0.2,1,4,0,1,2,0.333,NA,NA,NA
"1776","2020_14_NYJ_SEA","202012130sea",2020,14,"REG","NYJ","SEA","Sam Darnold","DarnSa00",1,0.043,NA,NA,4,0.174,3,10,2,4,9,0.3,NA,NA,NA
"1777","2020_14_GB_DET","202012130det",2020,14,"REG","DET","GB","Matthew Stafford","StafMa00",1,0.031,NA,NA,4,0.125,4,13,0,1,5,0.128,NA,NA,NA
"1778","2020_14_GB_DET","202012130det",2020,14,"REG","DET","GB","Chase Daniel","DaniCh00",1,0.167,NA,NA,1,0.167,0,1,0,1,1,0.167,NA,NA,NA
"1779","2020_14_GB_DET","202012130det",2020,14,"REG","GB","DET","Aaron Rodgers","RodgAa00",0,0,NA,NA,1,0.032,0,4,0,1,1,0.027,NA,NA,NA
"1780","2020_14_ATL_LAC","202012130sdg",2020,14,"REG","LAC","ATL","Justin Herbert","HerbJu00",0,0,NA,NA,6,0.136,1,13,7,2,10,0.222,NA,NA,NA
"1781","2020_14_ATL_LAC","202012130sdg",2020,14,"REG","ATL","LAC","Matt Ryan","RyanMa00",3,0.097,NA,NA,2,0.065,2,4,3,3,8,0.229,NA,NA,NA
"1782","2020_14_ATL_LAC","202012130sdg",2020,14,"REG","ATL","LAC","Russell Gage","GageRu00",0,0,NA,NA,0,0,0,1,0,1,1,1,NA,NA,NA
"1783","2020_14_NO_PHI","202012130phi",2020,14,"REG","PHI","NO","Jalen Hurts","HurtJa00",0,0,NA,NA,6,0.231,0,12,3,3,6,0.176,NA,NA,NA
"1784","2020_14_NO_PHI","202012130phi",2020,14,"REG","NO","PHI","Taysom Hill","HillTa00",2,0.054,NA,NA,7,0.189,5,8,4,7,16,0.348,NA,NA,NA
"1785","2020_14_WAS_SF","202012130sfo",2020,14,"REG","SF","WAS","Nick Mullens","MullNi00",4,0.091,NA,NA,5,0.114,4,23,7,8,19,0.388,NA,NA,NA
"1786","2020_14_WAS_SF","202012130sfo",2020,14,"REG","WAS","SF","Alex Smith","SmitAl03",0,0,NA,NA,8,0.471,1,4,5,2,8,0.4,NA,NA,NA
"1787","2020_14_WAS_SF","202012130sfo",2020,14,"REG","WAS","SF","Dwayne Haskins","HaskDw00",0,0,NA,NA,4,0.364,1,4,1,0,2,0.154,NA,NA,NA
"1788","2020_14_WAS_SF","202012130sfo",2020,14,"REG","WAS","SF","Isaiah Wright","WrigIs01",0,0,NA,NA,0,0,0,0,0,1,1,1,NA,NA,NA
"1789","2020_14_PIT_BUF","202012130buf",2020,14,"REG","BUF","PIT","Josh Allen","AlleJo02",2,0.048,NA,NA,11,0.262,1,27,8,5,14,0.304,NA,NA,NA
"1790","2020_14_PIT_BUF","202012130buf",2020,14,"REG","PIT","BUF","Ben Roethlisberger","RoetBe00",4,0.108,NA,NA,5,0.135,1,14,6,4,11,0.289,NA,NA,NA
"1791","2020_14_BAL_CLE","202012140cle",2020,14,"REG","CLE","BAL","Baker Mayfield","MayfBa00",2,0.047,NA,NA,9,0.209,0,22,3,4,7,0.135,NA,NA,NA
"1792","2020_14_BAL_CLE","202012140cle",2020,14,"REG","CLE","BAL","Jarvis Landry","LandJa00",0,0,NA,NA,0,0,0,1,0,1,1,1,NA,NA,NA
"1793","2020_14_BAL_CLE","202012140cle",2020,14,"REG","BAL","CLE","Lamar Jackson","JackLa00",2,0.125,NA,NA,3,0.188,4,4,0,0,4,0.154,NA,NA,NA
"1794","2020_14_BAL_CLE","202012140cle",2020,14,"REG","BAL","CLE","Trace McSorley","McSoTr00",1,0.333,NA,NA,0,0,0,0,0,0,0,0,NA,NA,NA
"1795","2020_15_LAC_LV","202012170rai",2020,15,"REG","LV","LAC","Marcus Mariota","MariMa01",1,0.038,NA,NA,6,0.231,0,4,3,2,5,0.156,NA,NA,NA
"1796","2020_15_LAC_LV","202012170rai",2020,15,"REG","LV","LAC","Derek Carr","CarrDe02",0,0,NA,NA,1,0.25,1,0,1,1,3,0.5,NA,NA,NA
"1797","2020_15_LAC_LV","202012170rai",2020,15,"REG","LAC","LV","Justin Herbert","HerbJu00",2,0.063,NA,NA,5,0.156,1,7,5,4,10,0.294,NA,NA,NA
"1798","2020_15_BUF_DEN","202012190den",2020,15,"REG","DEN","BUF","Drew Lock","LockDr00",2,0.063,NA,NA,3,0.094,3,10,3,2,8,0.205,NA,NA,NA
"1799","2020_15_BUF_DEN","202012190den",2020,15,"REG","BUF","DEN","Josh Allen","AlleJo02",0,0,NA,NA,9,0.237,1,18,6,5,12,0.279,NA,NA,NA
"1800","2020_15_CAR_GB","202012190gnb",2020,15,"REG","GB","CAR","Aaron Rodgers","RodgAa00",3,0.115,NA,NA,2,0.077,5,10,5,0,10,0.27,NA,NA,NA
"1801","2020_15_CAR_GB","202012190gnb",2020,15,"REG","CAR","GB","Teddy Bridgewater","BridTe00",2,0.059,NA,NA,5,0.147,3,10,3,3,9,0.22,NA,NA,NA
"1802","2020_15_TB_ATL","202012200atl",2020,15,"REG","ATL","TB","Matt Ryan","RyanMa00",2,0.042,NA,NA,3,0.063,3,23,2,1,6,0.113,NA,NA,NA
"1803","2020_15_TB_ATL","202012200atl",2020,15,"REG","TB","ATL","Tom Brady","BradTo00",3,0.068,NA,NA,10,0.227,3,21,5,4,12,0.25,NA,NA,NA
"1804","2020_15_JAX_BAL","202012200rav",2020,15,"REG","BAL","JAX","Lamar Jackson","JackLa00",0,0,NA,NA,2,0.091,1,8,0,1,2,0.083,NA,NA,NA
"1805","2020_15_JAX_BAL","202012200rav",2020,15,"REG","BAL","JAX","Tyler Huntley","HuntTy01",0,0,NA,NA,2,0.5,0,1,0,1,1,0.25,NA,NA,NA
"1806","2020_15_JAX_BAL","202012200rav",2020,15,"REG","JAX","BAL","Gardner Minshew II","MinsGa00",0,0,NA,NA,3,0.111,5,18,2,2,9,0.257,NA,NA,NA
"1807","2020_15_SF_DAL","202012200dal",2020,15,"REG","DAL","SF","Andy Dalton","DaltAn00",1,0.032,NA,NA,7,0.226,2,16,3,1,6,0.162,NA,NA,NA
"1808","2020_15_SF_DAL","202012200dal",2020,15,"REG","DAL","SF","Cedrick Wilson Jr.","WilsCe01",0,0,NA,NA,0,0,0,0,0,0,0,0,NA,NA,NA
"1809","2020_15_SF_DAL","202012200dal",2020,15,"REG","SF","DAL","Nick Mullens","MullNi00",1,0.029,NA,NA,7,0.2,2,12,3,5,10,0.256,NA,NA,NA
"1810","2020_15_SF_DAL","202012200dal",2020,15,"REG","SF","DAL","C.J. Beathard","BeatC.00",1,0.143,NA,NA,0,0,0,1,0,0,0,0,NA,NA,NA
"1811","2020_15_HOU_IND","202012200clt",2020,15,"REG","IND","HOU","Philip Rivers","RivePh00",1,0.036,NA,NA,3,0.107,1,9,2,2,5,0.172,NA,NA,NA
"1812","2020_15_HOU_IND","202012200clt",2020,15,"REG","IND","HOU","Jacoby Brissett","BrisJa00",0,0,NA,NA,1,1,0,0,0,0,0,0,NA,NA,NA
"1813","2020_15_HOU_IND","202012200clt",2020,15,"REG","HOU","IND","Deshaun Watson","WatsDe00",1,0.026,NA,NA,3,0.079,5,7,9,3,17,0.347,NA,NA,NA
"1814","2020_15_NE_MIA","202012200mia",2020,15,"REG","MIA","NE","Tua Tagovailoa","TagoTu00",1,0.038,NA,NA,3,0.115,2,6,2,1,5,0.172,NA,NA,NA
"1815","2020_15_NE_MIA","202012200mia",2020,15,"REG","NE","MIA","Cam Newton","NewtCa00",0,0,NA,NA,7,0.28,3,10,2,0,5,0.156,NA,NA,NA
"1816","2020_15_CHI_MIN","202012200min",2020,15,"REG","MIN","CHI","Kirk Cousins","CousKi00",1,0.032,NA,NA,4,0.129,3,10,8,7,18,0.439,NA,NA,NA
"1817","2020_15_CHI_MIN","202012200min",2020,15,"REG","CHI","MIN","Mitchell Trubisky","TrubMi00",0,0,NA,NA,3,0.143,1,8,1,1,3,0.115,NA,NA,NA
"1818","2020_15_DET_TEN","202012200oti",2020,15,"REG","TEN","DET","Ryan Tannehill","TannRy00",0,0,NA,NA,3,0.115,1,12,1,0,2,0.069,NA,NA,NA
"1819","2020_15_DET_TEN","202012200oti",2020,15,"REG","DET","TEN","Matthew Stafford","StafMa00",2,0.065,NA,NA,6,0.194,0,10,1,4,5,0.152,NA,NA,NA
"1820","2020_15_DET_TEN","202012200oti",2020,15,"REG","DET","TEN","Chase Daniel","DaniCh00",0,0,NA,NA,0,0,0,2,1,1,2,0.286,NA,NA,NA
"1821","2020_15_SEA_WAS","202012200was",2020,15,"REG","WAS","SEA","Dwayne Haskins","HaskDw00",4,0.074,NA,NA,6,0.111,4,20,2,4,10,0.161,NA,NA,NA
"1822","2020_15_SEA_WAS","202012200was",2020,15,"REG","SEA","WAS","Russell Wilson","WilsRu00",0,0,NA,NA,6,0.231,0,8,4,3,7,0.233,NA,NA,NA
"1823","2020_15_PHI_ARI","202012200crd",2020,15,"REG","ARI","PHI","Kyler Murray","MurrKy00",0,0,NA,NA,5,0.139,1,10,4,1,6,0.154,NA,NA,NA
"1824","2020_15_PHI_ARI","202012200crd",2020,15,"REG","ARI","PHI","Andy Lee","LeexAn20",0,0,NA,NA,0,0,0,0,0,0,0,0,NA,NA,NA
"1825","2020_15_PHI_ARI","202012200crd",2020,15,"REG","PHI","ARI","Jalen Hurts","HurtJa00",0,0,NA,NA,11,0.262,6,25,3,3,12,0.218,NA,NA,NA
"1826","2020_15_NYJ_LA","202012200ram",2020,15,"REG","LA","NYJ","Jared Goff","GoffJa00",3,0.1,NA,NA,4,0.133,3,12,2,6,11,0.289,NA,NA,NA
"1827","2020_15_NYJ_LA","202012200ram",2020,15,"REG","NYJ","LA","Sam Darnold","DarnSa00",1,0.037,NA,NA,1,0.037,2,12,4,1,7,0.2,NA,NA,NA
"1828","2020_15_KC_NO","202012200nor",2020,15,"REG","NO","KC","Drew Brees","BreeDr00",4,0.121,NA,NA,5,0.152,1,5,0,6,7,0.2,NA,NA,NA
"1829","2020_15_KC_NO","202012200nor",2020,15,"REG","KC","NO","Patrick Mahomes","MahoPa00",3,0.068,NA,NA,7,0.159,4,7,7,9,20,0.37,NA,NA,NA
"1830","2020_15_CLE_NYG","202012200nyg",2020,15,"REG","NYG","CLE","Colt McCoy","McCoCo00",2,0.065,NA,NA,6,0.194,1,5,4,3,8,0.242,NA,NA,NA
"1831","2020_15_CLE_NYG","202012200nyg",2020,15,"REG","NYG","CLE","Riley Dixon","DixoRi00",0,0,NA,NA,0,0,0,0,0,0,0,0,NA,NA,NA
"1832","2020_15_CLE_NYG","202012200nyg",2020,15,"REG","CLE","NYG","Baker Mayfield","MayfBa00",0,0,NA,NA,2,0.067,1,13,6,0,7,0.2,NA,NA,NA
"1833","2020_15_PIT_CIN","202012210cin",2020,15,"REG","CIN","PIT","Ryan Finley","FinlRy00",0,0,NA,NA,2,0.154,2,6,0,4,6,0.375,NA,NA,NA
"1834","2020_15_PIT_CIN","202012210cin",2020,15,"REG","PIT","CIN","Ben Roethlisberger","RoetBe00",0,0,NA,NA,10,0.263,1,15,2,9,12,0.308,NA,NA,NA
"1835","2020_16_MIN_NO","202012250nor",2020,16,"REG","NO","MIN","Drew Brees","BreeDr00",2,0.077,NA,NA,2,0.077,0,5,1,2,3,0.115,NA,NA,NA
"1836","2020_16_MIN_NO","202012250nor",2020,16,"REG","NO","MIN","Taysom Hill","HillTa00",0,0,NA,NA,0,0,0,1,0,0,0,0,NA,NA,NA
"1837","2020_16_MIN_NO","202012250nor",2020,16,"REG","MIN","NO","Kirk Cousins","CousKi00",1,0.026,NA,NA,5,0.132,2,17,3,7,12,0.279,NA,NA,NA
"1838","2020_16_TB_DET","202012260det",2020,16,"REG","DET","TB","Chase Daniel","DaniCh00",0,0,NA,NA,2,0.118,3,9,2,1,6,0.286,NA,NA,NA
"1839","2020_16_TB_DET","202012260det",2020,16,"REG","DET","TB","David Blough","BlouDa00",0,0,NA,NA,2,0.2,1,1,0,6,7,0.583,NA,NA,NA
"1840","2020_16_TB_DET","202012260det",2020,16,"REG","DET","TB","Matthew Stafford","StafMa00",0,0,NA,NA,1,0.333,0,1,0,0,0,0,NA,NA,NA
"1841","2020_16_TB_DET","202012260det",2020,16,"REG","TB","DET","Tom Brady","BradTo00",0,0,NA,NA,4,0.154,1,4,1,1,3,0.107,NA,NA,NA
"1842","2020_16_TB_DET","202012260det",2020,16,"REG","TB","DET","Blaine Gabbert","GabbBl00",0,0,NA,NA,5,0.333,1,7,1,0,2,0.118,NA,NA,NA
"1843","2020_16_SF_ARI","202012260crd",2020,16,"REG","ARI","SF","Kyler Murray","MurrKy00",3,0.065,NA,NA,6,0.13,3,18,1,2,6,0.103,NA,NA,NA
"1844","2020_16_SF_ARI","202012260crd",2020,16,"REG","SF","ARI","C.J. Beathard","BeatC.00",4,0.19,NA,NA,2,0.095,3,8,2,2,7,0.28,NA,NA,NA
"1845","2020_16_MIA_LV","202012260rai",2020,16,"REG","LV","MIA","Derek Carr","CarrDe02",0,0,NA,NA,6,0.2,3,16,5,1,9,0.243,NA,NA,NA
"1846","2020_16_MIA_LV","202012260rai",2020,16,"REG","MIA","LV","Tua Tagovailoa","TagoTu00",0,0,NA,NA,3,0.136,3,13,2,1,6,0.222,NA,NA,NA
"1847","2020_16_MIA_LV","202012260rai",2020,16,"REG","MIA","LV","Ryan Fitzpatrick","FitzRy00",1,0.083,NA,NA,2,0.167,0,4,0,2,2,0.154,NA,NA,NA
"1848","2020_16_NYG_BAL","202012270rav",2020,16,"REG","BAL","NYG","Lamar Jackson","JackLa00",2,0.083,NA,NA,5,0.208,0,5,7,4,11,0.379,NA,NA,NA
"1849","2020_16_NYG_BAL","202012270rav",2020,16,"REG","NYG","BAL","Daniel Jones","JoneDa05",1,0.024,NA,NA,9,0.22,6,28,9,5,20,0.417,NA,NA,NA
"1850","2020_16_CIN_HOU","202012270htx",2020,16,"REG","HOU","CIN","Deshaun Watson","WatsDe00",1,0.03,NA,NA,5,0.152,1,6,2,6,9,0.243,NA,NA,NA
"1851","2020_16_CIN_HOU","202012270htx",2020,16,"REG","CIN","HOU","Brandon Allen","AlleBr00",2,0.054,NA,NA,2,0.054,0,11,0,3,3,0.081,NA,NA,NA
"1852","2020_16_CIN_HOU","202012270htx",2020,16,"REG","CIN","HOU","Alex Erickson","EricAl01",0,0,NA,NA,1,1,0,1,0,1,1,1,NA,NA,NA
"1853","2020_16_CHI_JAX","202012270jax",2020,16,"REG","JAX","CHI","Mike Glennon","GlenMi00",1,0.028,NA,NA,4,0.111,1,4,4,3,8,0.211,NA,NA,NA
"1854","2020_16_CHI_JAX","202012270jax",2020,16,"REG","CHI","JAX","Mitchell Trubisky","TrubMi00",2,0.057,NA,NA,8,0.229,1,13,6,6,13,0.342,NA,NA,NA
"1855","2020_16_CHI_JAX","202012270jax",2020,16,"REG","CHI","JAX","Nick Foles","FoleNi00",0,0,NA,NA,1,1,0,0,0,0,0,0,NA,NA,NA
"1856","2020_16_ATL_KC","202012270kan",2020,16,"REG","KC","ATL","Patrick Mahomes","MahoPa00",2,0.049,NA,NA,11,0.268,0,18,4,5,9,0.196,NA,NA,NA
"1857","2020_16_ATL_KC","202012270kan",2020,16,"REG","KC","ATL","Sammy Watkins","WatkSa00",0,0,NA,NA,0,0,0,1,0,0,0,0,NA,NA,NA
"1858","2020_16_ATL_KC","202012270kan",2020,16,"REG","ATL","KC","Matt Ryan","RyanMa00",0,0,NA,NA,6,0.176,4,19,2,9,15,0.385,NA,NA,NA
"1859","2020_16_CLE_NYJ","202012270nyj",2020,16,"REG","NYJ","CLE","Sam Darnold","DarnSa00",0,0,NA,NA,8,0.276,2,5,5,3,10,0.27,NA,NA,NA
"1860","2020_16_CLE_NYJ","202012270nyj",2020,16,"REG","NYJ","CLE","Jamison Crowder","CrowJa00",0,0,NA,NA,0,0,0,1,0,0,0,0,NA,NA,NA
"1861","2020_16_CLE_NYJ","202012270nyj",2020,16,"REG","CLE","NYJ","Baker Mayfield","MayfBa00",2,0.04,NA,NA,9,0.18,4,15,7,5,16,0.281,NA,NA,NA
"1862","2020_16_IND_PIT","202012270pit",2020,16,"REG","PIT","IND","Ben Roethlisberger","RoetBe00",2,0.041,NA,NA,7,0.143,1,5,1,1,3,0.06,NA,NA,NA
"1863","2020_16_IND_PIT","202012270pit",2020,16,"REG","IND","PIT","Philip Rivers","RivePh00",1,0.029,NA,NA,8,0.235,5,10,3,4,12,0.308,NA,NA,NA
"1864","2020_16_DEN_LAC","202012270sdg",2020,16,"REG","LAC","DEN","Justin Herbert","HerbJu00",2,0.061,NA,NA,7,0.212,2,8,0,6,8,0.211,NA,NA,NA
"1865","2020_16_DEN_LAC","202012270sdg",2020,16,"REG","DEN","LAC","Drew Lock","LockDr00",9,0.205,NA,NA,7,0.159,2,4,5,4,11,0.216,NA,NA,NA
"1866","2020_16_CAR_WAS","202012270was",2020,16,"REG","WAS","CAR","Dwayne Haskins","HaskDw00",2,0.071,NA,NA,8,0.286,2,2,4,4,10,0.333,NA,NA,NA
"1867","2020_16_CAR_WAS","202012270was",2020,16,"REG","WAS","CAR","Taylor Heinicke","HeinTa00",1,0.053,NA,NA,4,0.211,1,3,1,1,3,0.13,NA,NA,NA
"1868","2020_16_CAR_WAS","202012270was",2020,16,"REG","CAR","WAS","Teddy Bridgewater","BridTe00",0,0,NA,NA,3,0.107,4,11,1,2,7,0.206,NA,NA,NA
"1869","2020_16_PHI_DAL","202012270dal",2020,16,"REG","DAL","PHI","Andy Dalton","DaltAn00",1,0.033,NA,NA,5,0.167,2,7,0,5,7,0.212,NA,NA,NA
"1870","2020_16_PHI_DAL","202012270dal",2020,16,"REG","PHI","DAL","Jalen Hurts","HurtJa00",2,0.061,NA,NA,7,0.212,3,5,6,3,12,0.25,NA,NA,NA
"1871","2020_16_LA_SEA","202012270sea",2020,16,"REG","SEA","LA","Russell Wilson","WilsRu00",0,0,NA,NA,6,0.207,5,14,5,3,13,0.333,NA,NA,NA
"1872","2020_16_LA_SEA","202012270sea",2020,16,"REG","LA","SEA","Jared Goff","GoffJa00",2,0.049,NA,NA,10,0.244,3,11,8,6,17,0.327,NA,NA,NA
"1873","2020_16_TEN_GB","202012270gnb",2020,16,"REG","GB","TEN","Aaron Rodgers","RodgAa00",0,0,NA,NA,2,0.083,1,14,1,1,3,0.107,NA,NA,NA
"1874","2020_16_TEN_GB","202012270gnb",2020,16,"REG","TEN","GB","Ryan Tannehill","TannRy00",0,0,NA,NA,3,0.13,2,7,1,4,7,0.25,NA,NA,NA
"1875","2020_16_TEN_GB","202012270gnb",2020,16,"REG","TEN","GB","Logan Woodside","WoodLo00",0,0,NA,NA,1,0.5,0,0,1,0,1,0.5,NA,NA,NA
"1876","2020_16_BUF_NE","202012280nwe",2020,16,"REG","NE","BUF","Jarrett Stidham","StidJa00",0,0,NA,NA,3,0.375,1,5,4,2,7,0.583,NA,NA,NA
"1877","2020_16_BUF_NE","202012280nwe",2020,16,"REG","NE","BUF","Cam Newton","NewtCa00",2,0.2,NA,NA,3,0.3,2,6,1,0,3,0.214,NA,NA,NA
"1878","2020_16_BUF_NE","202012280nwe",2020,16,"REG","BUF","NE","Josh Allen","AlleJo02",2,0.059,NA,NA,5,0.147,0,10,5,0,5,0.135,NA,NA,NA
"1879","2020_16_BUF_NE","202012280nwe",2020,16,"REG","BUF","NE","Matt Barkley","BarkMa00",0,0,NA,NA,1,0.333,0,0,0,0,0,0,NA,NA,NA
"1880","2020_16_BUF_NE","202012280nwe",2020,16,"REG","BUF","NE","Jaquan Johnson","JohnJa11",0,0,NA,NA,0,0,0,0,0,0,0,0,NA,NA,NA
"1881","2020_17_MIA_BUF","202101030buf",2020,17,"REG","BUF","MIA","Josh Allen","AlleJo02",0,0,NA,NA,4,0.174,1,12,6,0,7,0.259,NA,NA,NA
"1882","2020_17_MIA_BUF","202101030buf",2020,17,"REG","BUF","MIA","Matt Barkley","BarkMa00",1,0.077,NA,NA,4,0.308,0,9,1,1,2,0.154,NA,NA,NA
"1883","2020_17_MIA_BUF","202101030buf",2020,17,"REG","MIA","BUF","Tua Tagovailoa","TagoTu00",2,0.034,NA,NA,12,0.207,1,13,2,3,6,0.098,NA,NA,NA
"1884","2020_17_MIA_BUF","202101030buf",2020,17,"REG","MIA","BUF","Lynn Bowden Jr.","BowdLy00",0,0,NA,NA,0,0,0,1,0,0,0,0,NA,NA,NA
"1885","2020_17_BAL_CIN","202101030cin",2020,17,"REG","CIN","BAL","Brandon Allen","AlleBr00",1,0.05,NA,NA,7,0.35,0,10,1,2,3,0.143,NA,NA,NA
"1886","2020_17_BAL_CIN","202101030cin",2020,17,"REG","BAL","CIN","Lamar Jackson","JackLa00",0,0,NA,NA,5,0.278,0,2,0,2,2,0.087,NA,NA,NA
"1887","2020_17_BAL_CIN","202101030cin",2020,17,"REG","BAL","CIN","Tyler Huntley","HuntTy01",0,0,NA,NA,0,0,0,1,0,0,0,0,NA,NA,NA
"1888","2020_17_PIT_CLE","202101030cle",2020,17,"REG","CLE","PIT","Baker Mayfield","MayfBa00",1,0.038,NA,NA,4,0.154,4,11,2,0,6,0.171,NA,NA,NA
"1889","2020_17_PIT_CLE","202101030cle",2020,17,"REG","PIT","CLE","Mason Rudolph","RudoMa00",4,0.105,NA,NA,8,0.211,1,11,11,3,15,0.366,NA,NA,NA
"1890","2020_17_PIT_CLE","202101030cle",2020,17,"REG","PIT","CLE","Joshua Dobbs","DobbJo00",0,0,NA,NA,0,0,0,0,0,1,1,0.2,NA,NA,NA
"1891","2020_17_MIN_DET","202101030det",2020,17,"REG","DET","MIN","Matthew Stafford","StafMa00",2,0.065,NA,NA,3,0.097,1,10,3,0,4,0.118,NA,NA,NA
"1892","2020_17_MIN_DET","202101030det",2020,17,"REG","MIN","DET","Kirk Cousins","CousKi00",1,0.026,NA,NA,4,0.105,3,16,3,2,8,0.186,NA,NA,NA
"1893","2020_17_NYJ_NE","202101030nwe",2020,17,"REG","NE","NYJ","Cam Newton","NewtCa00",1,0.034,NA,NA,4,0.138,3,15,2,3,8,0.242,NA,NA,NA
"1894","2020_17_NYJ_NE","202101030nwe",2020,17,"REG","NE","NYJ","Jakobi Meyers","MeyeJa01",0,0,NA,NA,0,0,0,0,0,0,0,0,NA,NA,NA
"1895","2020_17_NYJ_NE","202101030nwe",2020,17,"REG","NYJ","NE","Sam Darnold","DarnSa00",0,0,NA,NA,4,0.121,3,11,3,3,9,0.243,NA,NA,NA
"1896","2020_17_DAL_NYG","202101030nyg",2020,17,"REG","NYG","DAL","Daniel Jones","JoneDa05",2,0.08,NA,NA,4,0.16,2,7,1,4,7,0.241,NA,NA,NA
"1897","2020_17_DAL_NYG","202101030nyg",2020,17,"REG","DAL","NYG","Andy Dalton","DaltAn00",3,0.068,NA,NA,9,0.205,6,14,2,3,11,0.193,NA,NA,NA
"1898","2020_17_ATL_TB","202101030tam",2020,17,"REG","TB","ATL","Tom Brady","BradTo00",2,0.053,NA,NA,9,0.237,1,14,4,1,6,0.14,NA,NA,NA
"1899","2020_17_ATL_TB","202101030tam",2020,17,"REG","ATL","TB","Matt Ryan","RyanMa00",2,0.049,NA,NA,6,0.146,1,21,4,5,10,0.222,NA,NA,NA
"1900","2020_17_NO_CAR","202101030car",2020,17,"REG","CAR","NO","Teddy Bridgewater","BridTe00",1,0.045,NA,NA,4,0.182,1,9,1,1,3,0.12,NA,NA,NA
"1901","2020_17_NO_CAR","202101030car",2020,17,"REG","CAR","NO","P.J. Walker","WalkPh00",3,0.214,NA,NA,3,0.214,2,9,1,2,5,0.313,NA,NA,NA
"1902","2020_17_NO_CAR","202101030car",2020,17,"REG","NO","CAR","Drew Brees","BreeDr00",1,0.033,NA,NA,5,0.167,2,11,1,3,6,0.176,NA,NA,NA
"1903","2020_17_GB_CHI","202101030chi",2020,17,"REG","CHI","GB","Mitchell Trubisky","TrubMi00",0,0,NA,NA,3,0.073,1,6,5,2,8,0.178,NA,NA,NA
"1904","2020_17_GB_CHI","202101030chi",2020,17,"REG","GB","CHI","Aaron Rodgers","RodgAa00",1,0.042,NA,NA,2,0.083,1,4,0,5,6,0.231,NA,NA,NA
"1905","2020_17_LV_DEN","202101030den",2020,17,"REG","DEN","LV","Drew Lock","LockDr00",0,0,NA,NA,10,0.25,2,19,6,1,9,0.205,NA,NA,NA
"1906","2020_17_LV_DEN","202101030den",2020,17,"REG","LV","DEN","Derek Carr","CarrDe02",0,0,NA,NA,7,0.2,3,6,4,3,10,0.244,NA,NA,NA
"1907","2020_17_TEN_HOU","202101030htx",2020,17,"REG","HOU","TEN","Deshaun Watson","WatsDe00",2,0.051,NA,NA,8,0.205,4,14,4,2,10,0.217,NA,NA,NA
"1908","2020_17_TEN_HOU","202101030htx",2020,17,"REG","HOU","TEN","A.J. McCarron","McCaA.00",0,0,NA,NA,0,0,0,0,0,0,0,0,NA,NA,NA
"1909","2020_17_TEN_HOU","202101030htx",2020,17,"REG","TEN","HOU","Ryan Tannehill","TannRy00",2,0.074,NA,NA,4,0.148,2,15,1,6,9,0.29,NA,NA,NA
"1910","2020_17_JAX_IND","202101030clt",2020,17,"REG","IND","JAX","Philip Rivers","RivePh00",3,0.115,NA,NA,4,0.154,0,4,3,0,3,0.111,NA,NA,NA
"1911","2020_17_JAX_IND","202101030clt",2020,17,"REG","JAX","IND","Mike Glennon","GlenMi00",4,0.1,NA,NA,3,0.075,6,9,2,5,13,0.271,NA,NA,NA
"1912","2020_17_LAC_KC","202101030kan",2020,17,"REG","KC","LAC","Chad Henne","HennCh01",0,0,NA,NA,6,0.194,1,5,1,4,6,0.182,NA,NA,NA
"1913","2020_17_LAC_KC","202101030kan",2020,17,"REG","LAC","KC","Justin Herbert","HerbJu00",2,0.067,NA,NA,2,0.067,3,9,3,2,8,0.229,NA,NA,NA
"1914","2020_17_ARI_LA","202101030ram",2020,17,"REG","LA","ARI","John Wolford","WolfJo00",1,0.027,NA,NA,10,0.27,2,18,3,4,9,0.214,NA,NA,NA
"1915","2020_17_ARI_LA","202101030ram",2020,17,"REG","ARI","LA","Chris Streveler","StreCh00",0,0,NA,NA,2,0.125,2,4,0,2,4,0.222,NA,NA,NA
"1916","2020_17_ARI_LA","202101030ram",2020,17,"REG","ARI","LA","Kyler Murray","MurrKy00",0,0,NA,NA,1,0.091,2,3,0,0,2,0.154,NA,NA,NA
"1917","2020_17_SEA_SF","202101030sfo",2020,17,"REG","SF","SEA","C.J. Beathard","BeatC.00",2,0.057,NA,NA,6,0.171,3,9,2,5,10,0.244,NA,NA,NA
"1918","2020_17_SEA_SF","202101030sfo",2020,17,"REG","SEA","SF","Russell Wilson","WilsRu00",2,0.063,NA,NA,7,0.219,2,18,5,2,9,0.214,NA,NA,NA
"1919","2020_17_WAS_PHI","202101030phi",2020,17,"REG","PHI","WAS","Jalen Hurts","HurtJa00",1,0.053,NA,NA,9,0.474,1,7,3,3,7,0.28,NA,NA,NA
"1920","2020_17_WAS_PHI","202101030phi",2020,17,"REG","PHI","WAS","Nate Sudfeld","SudfNa00",1,0.1,NA,NA,3,0.3,2,7,2,3,7,0.467,NA,NA,NA
"1921","2020_17_WAS_PHI","202101030phi",2020,17,"REG","PHI","WAS","Greg Ward","WardGr02",0,0,NA,NA,0,0,0,1,0,1,1,1,NA,NA,NA
"1922","2020_17_WAS_PHI","202101030phi",2020,17,"REG","WAS","PHI","Alex Smith","SmitAl03",1,0.033,NA,NA,6,0.2,3,7,7,2,12,0.343,NA,NA,NA
"1923","2020_18_IND_BUF","202101090buf",2020,18,"WC","BUF","IND","Josh Allen","AlleJo02",2,0.059,NA,NA,5,0.147,2,9,4,3,9,0.225,NA,NA,NA
"1924","2020_18_IND_BUF","202101090buf",2020,18,"WC","IND","BUF","Philip Rivers","RivePh00",4,0.087,NA,NA,8,0.174,0,15,2,1,3,0.065,NA,NA,NA
"1925","2020_18_LA_SEA","202101090sea",2020,18,"WC","SEA","LA","Russell Wilson","WilsRu00",2,0.077,NA,NA,9,0.346,5,11,1,5,11,0.306,NA,NA,NA
"1926","2020_18_LA_SEA","202101090sea",2020,18,"WC","LA","SEA","Jared Goff","GoffJa00",0,0,NA,NA,4,0.222,2,6,1,3,6,0.273,NA,NA,NA
"1927","2020_18_LA_SEA","202101090sea",2020,18,"WC","LA","SEA","John Wolford","WolfJo00",1,0.167,NA,NA,1,0.167,1,3,0,1,2,0.286,NA,NA,NA
"1928","2020_18_TB_WAS","202101090was",2020,18,"WC","WAS","TB","Taylor Heinicke","HeinTa00",3,0.073,NA,NA,6,0.146,2,13,2,4,8,0.154,NA,NA,NA
"1929","2020_18_TB_WAS","202101090was",2020,18,"WC","TB","WAS","Tom Brady","BradTo00",1,0.026,NA,NA,12,0.316,3,18,1,4,8,0.186,NA,NA,NA
"1930","2020_18_BAL_TEN","202101100oti",2020,18,"WC","TEN","BAL","Ryan Tannehill","TannRy00",0,0,NA,NA,4,0.154,1,10,2,4,7,0.25,NA,NA,NA
"1931","2020_18_BAL_TEN","202101100oti",2020,18,"WC","BAL","TEN","Lamar Jackson","JackLa00",0,0,NA,NA,5,0.208,5,4,3,2,10,0.333,NA,NA,NA
"1932","2020_18_CHI_NO","202101100nor",2020,18,"WC","NO","CHI","Drew Brees","BreeDr00",0,0,NA,NA,3,0.083,0,6,1,4,5,0.128,NA,NA,NA
"1933","2020_18_CHI_NO","202101100nor",2020,18,"WC","CHI","NO","Mitchell Trubisky","TrubMi00",2,0.074,NA,NA,3,0.111,1,9,1,2,4,0.121,NA,NA,NA
"1934","2020_18_CLE_PIT","202101100pit",2020,18,"WC","PIT","CLE","Ben Roethlisberger","RoetBe00",4,0.059,NA,NA,14,0.206,0,7,6,4,10,0.147,NA,NA,NA
"1935","2020_18_CLE_PIT","202101100pit",2020,18,"WC","CLE","PIT","Baker Mayfield","MayfBa00",3,0.088,NA,NA,4,0.118,0,20,2,0,2,0.056,NA,NA,NA
"1936","2020_19_LA_GB","202101160gnb",2020,19,"DIV","GB","LA","Aaron Rodgers","RodgAa00",2,0.059,NA,NA,5,0.147,0,10,3,1,4,0.108,NA,NA,NA
"1937","2020_19_LA_GB","202101160gnb",2020,19,"DIV","LA","GB","Jared Goff","GoffJa00",2,0.077,NA,NA,0,0,4,7,2,2,8,0.25,NA,NA,NA
"1938","2020_19_BAL_BUF","202101160buf",2020,19,"DIV","BUF","BAL","Josh Allen","AlleJo02",2,0.057,NA,NA,8,0.229,2,11,3,2,7,0.175,NA,NA,NA
"1939","2020_19_BAL_BUF","202101160buf",2020,19,"DIV","BAL","BUF","Lamar Jackson","JackLa00",1,0.045,NA,NA,5,0.227,3,13,4,3,10,0.333,NA,NA,NA
"1940","2020_19_BAL_BUF","202101160buf",2020,19,"DIV","BAL","BUF","Tyler Huntley","HuntTy01",1,0.077,NA,NA,3,0.231,1,4,0,0,1,0.059,NA,NA,NA
"1941","2020_19_CLE_KC","202101170kan",2020,19,"DIV","KC","CLE","Patrick Mahomes","MahoPa00",1,0.034,NA,NA,6,0.207,0,3,0,2,2,0.065,NA,NA,NA
"1942","2020_19_CLE_KC","202101170kan",2020,19,"DIV","KC","CLE","Chad Henne","HennCh01",0,0,NA,NA,1,0.125,1,5,0,0,1,0.1,NA,NA,NA
"1943","2020_19_CLE_KC","202101170kan",2020,19,"DIV","CLE","KC","Baker Mayfield","MayfBa00",3,0.088,NA,NA,5,0.147,1,20,2,2,5,0.132,NA,NA,NA
"1944","2020_19_TB_NO","202101170nor",2020,19,"DIV","NO","TB","Drew Brees","BreeDr00",1,0.029,NA,NA,7,0.206,0,18,4,3,7,0.206,NA,NA,NA
"1945","2020_19_TB_NO","202101170nor",2020,19,"DIV","NO","TB","Jameis Winston","WinsJa00",0,0,NA,NA,0,0,0,0,1,0,1,1,NA,NA,NA
"1946","2020_19_TB_NO","202101170nor",2020,19,"DIV","TB","NO","Tom Brady","BradTo00",2,0.061,NA,NA,8,0.242,1,7,6,2,9,0.265,NA,NA,NA
"1947","2020_20_TB_GB","202101240gnb",2020,20,"CON","GB","TB","Aaron Rodgers","RodgAa00",2,0.043,NA,NA,8,0.174,5,23,2,3,10,0.189,NA,NA,NA
"1948","2020_20_TB_GB","202101240gnb",2020,20,"CON","TB","GB","Tom Brady","BradTo00",4,0.114,NA,NA,10,0.286,1,8,0,3,4,0.108,NA,NA,NA
"1949","2020_20_BUF_KC","202101240kan",2020,20,"CON","KC","BUF","Patrick Mahomes","MahoPa00",3,0.079,NA,NA,3,0.079,1,9,0,2,3,0.077,NA,NA,NA
"1950","2020_20_BUF_KC","202101240kan",2020,20,"CON","BUF","KC","Josh Allen","AlleJo02",3,0.068,NA,NA,8,0.182,4,18,3,6,13,0.228,NA,NA,NA
"1951","2020_21_KC_TB","202102070tam",2020,21,"SB","TB","KC","Tom Brady","BradTo00",3,0.103,NA,NA,4,0.138,1,7,3,1,5,0.167,NA,NA,NA
"1952","2020_21_KC_TB","202102070tam",2020,21,"SB","KC","TB","Patrick Mahomes","MahoPa00",5,0.109,NA,NA,7,0.152,3,6,11,7,21,0.375,NA,NA,NA
"1953","2021_01_DAL_TB","202109090tam",2021,1,"REG","TB","DAL","Tom Brady","BradTo00",3,0.064,NA,NA,7,0.149,0,11,1,2,3,0.06,NA,NA,NA
"1954","2021_01_DAL_TB","202109090tam",2021,1,"REG","DAL","TB","Dak Prescott","PresDa01",2,0.035,NA,NA,9,0.158,1,32,2,6,9,0.145,NA,NA,NA
"1955","2021_01_PHI_ATL","202109120atl",2021,1,"REG","ATL","PHI","Matt Ryan","RyanMa00",1,0.03,NA,NA,9,0.273,3,4,3,6,12,0.308,NA,NA,NA
"1956","2021_01_PHI_ATL","202109120atl",2021,1,"REG","PHI","ATL","Jalen Hurts","HurtJa00",0,0,NA,NA,2,0.063,1,14,4,1,6,0.154,NA,NA,NA
"1957","2021_01_PIT_BUF","202109120buf",2021,1,"REG","BUF","PIT","Josh Allen","AlleJo02",3,0.061,NA,NA,9,0.184,3,1,11,5,19,0.345,NA,NA,NA
"1958","2021_01_PIT_BUF","202109120buf",2021,1,"REG","PIT","BUF","Ben Roethlisberger","RoetBe00",0,0,NA,NA,9,0.281,2,10,4,4,10,0.286,NA,NA,NA
"1959","2021_01_NYJ_CAR","202109120car",2021,1,"REG","CAR","NYJ","Sam Darnold","DarnSa00",1,0.03,NA,NA,7,0.212,1,12,5,7,13,0.361,NA,NA,NA
"1960","2021_01_NYJ_CAR","202109120car",2021,1,"REG","NYJ","CAR","Zach Wilson","WilsZa00",3,0.083,NA,NA,5,0.139,6,11,7,3,16,0.372,NA,NA,NA
"1961","2021_01_MIN_CIN","202109120cin",2021,1,"REG","CIN","MIN","Joe Burrow","BurrJo01",0,0,NA,NA,5,0.192,5,10,3,2,10,0.313,NA,NA,NA
"1962","2021_01_MIN_CIN","202109120cin",2021,1,"REG","MIN","CIN","Kirk Cousins","CousKi00",2,0.043,NA,NA,6,0.13,3,19,7,5,15,0.288,NA,NA,NA
"1963","2021_01_MIN_CIN","202109120cin",2021,1,"REG","MIN","CIN","Justin Jefferson","JeffJu00",0,0,NA,NA,0,0,0,1,0,1,1,1,NA,NA,NA
"1964","2021_01_SF_DET","202109120det",2021,1,"REG","DET","SF","Jared Goff","GoffJa00",3,0.054,NA,NA,12,0.214,3,6,1,6,10,0.159,NA,NA,NA
"1965","2021_01_SF_DET","202109120det",2021,1,"REG","SF","DET","Jimmy Garoppolo","GaroJi00",2,0.091,NA,NA,1,0.045,1,14,2,2,5,0.185,NA,NA,NA
"1966","2021_01_SF_DET","202109120det",2021,1,"REG","SF","DET","Trey Lance","LancTr00",0,0,NA,NA,0,0,0,0,0,0,0,0,NA,NA,NA
"1967","2021_01_JAX_HOU","202109120htx",2021,1,"REG","HOU","JAX","Tyrod Taylor","TaylTy00",2,0.063,NA,NA,7,0.219,1,11,7,5,13,0.351,NA,NA,NA
"1968","2021_01_JAX_HOU","202109120htx",2021,1,"REG","JAX","HOU","Trevor Lawrence","LawrTr00",5,0.1,NA,NA,13,0.26,1,6,3,3,7,0.135,NA,NA,NA
"1969","2021_01_SEA_IND","202109120clt",2021,1,"REG","IND","SEA","Carson Wentz","WentCa00",2,0.057,NA,NA,6,0.171,3,11,3,7,13,0.295,NA,NA,NA
"1970","2021_01_SEA_IND","202109120clt",2021,1,"REG","SEA","IND","Russell Wilson","WilsRu00",0,0,NA,NA,2,0.095,3,4,0,3,6,0.214,NA,NA,NA
"1971","2021_01_ARI_TEN","202109120oti",2021,1,"REG","TEN","ARI","Ryan Tannehill","TannRy00",0,0,NA,NA,7,0.2,6,12,1,5,12,0.286,NA,NA,NA
"1972","2021_01_ARI_TEN","202109120oti",2021,1,"REG","TEN","ARI","Matthias Farley","FarlMa00",0,0,NA,NA,0,0,0,1,0,0,0,0,NA,NA,NA
"1973","2021_01_ARI_TEN","202109120oti",2021,1,"REG","ARI","TEN","Kyler Murray","MurrKy00",1,0.032,NA,NA,6,0.194,2,7,5,2,9,0.257,NA,NA,NA
"1974","2021_01_LAC_WAS","202109120was",2021,1,"REG","WAS","LAC","Taylor Heinicke","HeinTa00",1,0.071,NA,NA,2,0.143,0,5,0,4,4,0.222,NA,NA,NA
"1975","2021_01_LAC_WAS","202109120was",2021,1,"REG","WAS","LAC","Ryan Fitzpatrick","FitzRy00",1,0.167,NA,NA,1,0.167,1,0,1,2,4,0.5,NA,NA,NA
"1976","2021_01_LAC_WAS","202109120was",2021,1,"REG","LAC","WAS","Justin Herbert","HerbJu00",4,0.087,NA,NA,6,0.13,2,16,3,2,7,0.143,NA,NA,NA
"1977","2021_01_CLE_KC","202109120kan",2021,1,"REG","KC","CLE","Patrick Mahomes","MahoPa00",0,0,NA,NA,6,0.171,2,10,3,5,10,0.244,NA,NA,NA
"1978","2021_01_CLE_KC","202109120kan",2021,1,"REG","CLE","KC","Baker Mayfield","MayfBa00",0,0,NA,NA,4,0.148,2,8,3,3,8,0.258,NA,NA,NA
"1979","2021_01_MIA_NE","202109120nwe",2021,1,"REG","NE","MIA","Mac Jones","JoneMa05",2,0.053,NA,NA,2,0.053,1,21,3,8,12,0.3,NA,NA,NA
"1980","2021_01_MIA_NE","202109120nwe",2021,1,"REG","MIA","NE","Tua Tagovailoa","TagoTu00",3,0.111,NA,NA,5,0.185,2,5,3,2,7,0.241,NA,NA,NA
"1981","2021_01_GB_NO","202109120nor",2021,1,"REG","NO","GB","Jameis Winston","WinsJa00",3,0.158,NA,NA,2,0.105,0,5,0,3,3,0.13,NA,NA,NA
"1982","2021_01_GB_NO","202109120nor",2021,1,"REG","NO","GB","Taysom Hill","HillTa00",0,0,NA,NA,0,0,0,0,0,0,0,0,NA,NA,NA
"1983","2021_01_GB_NO","202109120nor",2021,1,"REG","GB","NO","Aaron Rodgers","RodgAa00",0,0,NA,NA,10,0.385,1,2,3,5,9,0.31,NA,NA,NA
"1984","2021_01_GB_NO","202109120nor",2021,1,"REG","GB","NO","Jordan Love","LoveJo03",0,0,NA,NA,1,0.143,1,3,0,0,1,0.125,NA,NA,NA
"1985","2021_01_DEN_NYG","202109120nyg",2021,1,"REG","NYG","DEN","Daniel Jones","JoneDa05",3,0.083,NA,NA,7,0.194,2,7,0,1,3,0.068,NA,NA,NA
"1986","2021_01_DEN_NYG","202109120nyg",2021,1,"REG","DEN","NYG","Teddy Bridgewater","BridTe00",2,0.057,NA,NA,2,0.057,2,18,3,4,9,0.22,NA,NA,NA
"1987","2021_01_CHI_LA","202109120ram",2021,1,"REG","LA","CHI","Matthew Stafford","StafMa00",1,0.038,NA,NA,4,0.154,1,8,0,2,3,0.111,NA,NA,NA
"1988","2021_01_CHI_LA","202109120ram",2021,1,"REG","CHI","LA","Andy Dalton","DaltAn00",2,0.053,NA,NA,4,0.105,3,15,3,1,7,0.163,NA,NA,NA
"1989","2021_01_CHI_LA","202109120ram",2021,1,"REG","CHI","LA","Justin Fields","FielJu00",0,0,NA,NA,0,0,0,1,0,0,0,0,NA,NA,NA
"1990","2021_01_BAL_LV","202109130rai",2021,1,"REG","LV","BAL","Derek Carr","CarrDe02",5,0.096,NA,NA,9,0.173,3,22,6,4,13,0.213,NA,NA,NA
"1991","2021_01_BAL_LV","202109130rai",2021,1,"REG","BAL","LV","Lamar Jackson","JackLa00",2,0.069,NA,NA,6,0.207,3,3,2,5,10,0.256,NA,NA,NA
"1992","2021_02_NYG_WAS","202109160was",2021,2,"REG","WAS","NYG","Taylor Heinicke","HeinTa00",1,0.023,NA,NA,6,0.136,1,7,7,1,9,0.184,NA,NA,NA
"1993","2021_02_NYG_WAS","202109160was",2021,2,"REG","NYG","WAS","Daniel Jones","JoneDa05",3,0.094,NA,NA,3,0.094,4,17,10,2,16,0.421,NA,NA,NA
"1994","2021_02_NO_CAR","202109190car",2021,2,"REG","CAR","NO","Sam Darnold","DarnSa00",1,0.029,NA,NA,5,0.143,2,12,6,1,9,0.22,NA,NA,NA
"1995","2021_02_NO_CAR","202109190car",2021,2,"REG","NO","CAR","Jameis Winston","WinsJa00",2,0.095,NA,NA,7,0.333,4,11,6,6,16,0.571,NA,NA,NA
"1996","2021_02_CIN_CHI","202109190chi",2021,2,"REG","CHI","CIN","Justin Fields","FielJu00",1,0.077,NA,NA,4,0.308,2,8,1,1,4,0.211,NA,NA,NA
"1997","2021_02_CIN_CHI","202109190chi",2021,2,"REG","CHI","CIN","Andy Dalton","DaltAn00",0,0,NA,NA,0,0,1,2,0,0,1,0.071,NA,NA,NA
"1998","2021_02_CIN_CHI","202109190chi",2021,2,"REG","CIN","CHI","Joe Burrow","BurrJo01",1,0.034,NA,NA,3,0.103,5,5,2,4,11,0.314,NA,NA,NA
"1999","2021_02_HOU_CLE","202109190cle",2021,2,"REG","CLE","HOU","Baker Mayfield","MayfBa00",0,0,NA,NA,2,0.095,2,4,0,0,2,0.071,NA,NA,NA
"2000","2021_02_HOU_CLE","202109190cle",2021,2,"REG","HOU","CLE","Davis Mills","MillDa02",2,0.118,NA,NA,4,0.235,1,3,0,2,3,0.158,NA,NA,NA
"2001","2021_02_HOU_CLE","202109190cle",2021,2,"REG","HOU","CLE","Tyrod Taylor","TaylTy00",0,0,NA,NA,1,0.091,0,3,0,1,1,0.083,NA,NA,NA
"2002","2021_02_LA_IND","202109190clt",2021,2,"REG","IND","LA","Carson Wentz","WentCa00",1,0.033,NA,NA,7,0.233,3,12,2,6,11,0.282,NA,NA,NA
"2003","2021_02_LA_IND","202109190clt",2021,2,"REG","IND","LA","Jacob Eason","EasoJa00",1,0.2,NA,NA,1,0.2,0,0,0,1,1,0.2,NA,NA,NA
"2004","2021_02_LA_IND","202109190clt",2021,2,"REG","LA","IND","Matthew Stafford","StafMa00",3,0.103,NA,NA,4,0.138,1,8,1,2,4,0.125,NA,NA,NA
"2005","2021_02_DEN_JAX","202109190jax",2021,2,"REG","JAX","DEN","Trevor Lawrence","LawrTr00",0,0,NA,NA,13,0.406,1,10,6,2,9,0.25,NA,NA,NA
"2006","2021_02_DEN_JAX","202109190jax",2021,2,"REG","DEN","JAX","Teddy Bridgewater","BridTe00",0,0,NA,NA,5,0.147,3,10,8,5,16,0.421,NA,NA,NA
"2007","2021_02_BUF_MIA","202109190mia",2021,2,"REG","MIA","BUF","Jacoby Brissett","BrisJa00",5,0.128,NA,NA,4,0.103,4,12,4,4,12,0.255,NA,NA,NA
"2008","2021_02_BUF_MIA","202109190mia",2021,2,"REG","MIA","BUF","Tua Tagovailoa","TagoTu00",0,0,NA,NA,2,0.667,2,2,0,1,3,0.5,NA,NA,NA
"2009","2021_02_BUF_MIA","202109190mia",2021,2,"REG","BUF","MIA","Josh Allen","AlleJo02",0,0,NA,NA,6,0.207,1,10,0,7,8,0.222,NA,NA,NA
"2010","2021_02_NE_NYJ","202109190nyj",2021,2,"REG","NYJ","NE","Zach Wilson","WilsZa00",0,0,NA,NA,9,0.273,4,8,5,1,10,0.256,NA,NA,NA
"2011","2021_02_NE_NYJ","202109190nyj",2021,2,"REG","NE","NYJ","Mac Jones","JoneMa05",2,0.071,NA,NA,2,0.071,3,4,2,0,5,0.152,NA,NA,NA
"2012","2021_02_SF_PHI","202109190phi",2021,2,"REG","PHI","SF","Jalen Hurts","HurtJa00",0,0,NA,NA,4,0.174,2,9,1,2,5,0.167,NA,NA,NA
"2013","2021_02_SF_PHI","202109190phi",2021,2,"REG","PHI","SF","Greg Ward","WardGr02",0,0,NA,NA,1,1,0,0,0,0,0,0,NA,NA,NA
"2014","2021_02_SF_PHI","202109190phi",2021,2,"REG","SF","PHI","Jimmy Garoppolo","GaroJi00",3,0.1,NA,NA,4,0.133,0,2,0,2,2,0.061,NA,NA,NA
"2015","2021_02_LV_PIT","202109190pit",2021,2,"REG","PIT","LV","Ben Roethlisberger","RoetBe00",1,0.026,NA,NA,5,0.128,2,2,4,6,12,0.286,NA,NA,NA
"2016","2021_02_LV_PIT","202109190pit",2021,2,"REG","LV","PIT","Derek Carr","CarrDe02",0,0,NA,NA,5,0.135,2,8,8,2,12,0.3,NA,NA,NA
"2017","2021_02_MIN_ARI","202109190crd",2021,2,"REG","ARI","MIN","Kyler Murray","MurrKy00",1,0.029,NA,NA,1,0.029,3,6,6,0,9,0.22,NA,NA,NA
"2018","2021_02_MIN_ARI","202109190crd",2021,2,"REG","MIN","ARI","Kirk Cousins","CousKi00",3,0.094,NA,NA,3,0.094,1,17,2,4,7,0.2,NA,NA,NA
"2019","2021_02_ATL_TB","202109190tam",2021,2,"REG","TB","ATL","Tom Brady","BradTo00",0,0,NA,NA,8,0.222,3,7,1,2,6,0.15,NA,NA,NA
"2020","2021_02_ATL_TB","202109190tam",2021,2,"REG","ATL","TB","Matt Ryan","RyanMa00",1,0.022,NA,NA,5,0.109,1,16,3,6,10,0.208,NA,NA,NA
"2021","2021_02_ATL_TB","202109190tam",2021,2,"REG","ATL","TB","Josh Rosen","RoseJo01",0,0,NA,NA,1,0.5,0,1,2,0,2,1,NA,NA,NA
"2022","2021_02_DAL_LAC","202109190sdg",2021,2,"REG","LAC","DAL","Justin Herbert","HerbJu00",3,0.075,NA,NA,3,0.075,2,9,2,7,11,0.244,NA,NA,NA
"2023","2021_02_DAL_LAC","202109190sdg",2021,2,"REG","DAL","LAC","Dak Prescott","PresDa01",0,0,NA,NA,1,0.037,2,5,0,1,3,0.103,NA,NA,NA
"2024","2021_02_TEN_SEA","202109190sea",2021,2,"REG","SEA","TEN","Russell Wilson","WilsRu00",0,0,NA,NA,7,0.226,3,7,6,2,11,0.306,NA,NA,NA
"2025","2021_02_TEN_SEA","202109190sea",2021,2,"REG","TEN","SEA","Ryan Tannehill","TannRy00",5,0.128,NA,NA,6,0.154,3,10,0,5,8,0.178,NA,NA,NA
"2026","2021_02_KC_BAL","202109190rav",2021,2,"REG","BAL","KC","Lamar Jackson","JackLa00",1,0.04,NA,NA,5,0.2,1,12,1,0,2,0.071,NA,NA,NA
"2027","2021_02_KC_BAL","202109190rav",2021,2,"REG","KC","BAL","Patrick Mahomes","MahoPa00",0,0,NA,NA,4,0.129,0,4,5,2,7,0.219,NA,NA,NA
"2028","2021_02_DET_GB","202109200gnb",2021,2,"REG","GB","DET","Aaron Rodgers","RodgAa00",0,0,NA,NA,4,0.148,3,6,0,3,6,0.182,NA,NA,NA
"2029","2021_02_DET_GB","202109200gnb",2021,2,"REG","DET","GB","Jared Goff","GoffJa00",0,0,NA,NA,6,0.171,1,17,3,6,10,0.256,NA,NA,NA
"2030","2021_03_CAR_HOU","202109230htx",2021,3,"REG","HOU","CAR","Davis Mills","MillDa02",1,0.04,NA,NA,4,0.16,4,15,3,4,11,0.344,NA,NA,NA
"2031","2021_03_CAR_HOU","202109230htx",2021,3,"REG","CAR","HOU","Sam Darnold","DarnSa00",4,0.121,NA,NA,3,0.091,3,7,2,3,8,0.211,NA,NA,NA
"2032","2021_03_WAS_BUF","202109260buf",2021,3,"REG","BUF","WAS","Josh Allen","AlleJo02",3,0.071,NA,NA,5,0.119,0,8,9,6,15,0.333,NA,NA,NA
"2033","2021_03_WAS_BUF","202109260buf",2021,3,"REG","BUF","WAS","Mitchell Trubisky","TrubMi00",0,0,NA,NA,0,0,0,0,0,0,0,0,NA,NA,NA
"2034","2021_03_WAS_BUF","202109260buf",2021,3,"REG","WAS","BUF","Taylor Heinicke","HeinTa00",3,0.125,NA,NA,3,0.125,1,5,6,2,9,0.3,NA,NA,NA
"2035","2021_03_CHI_CLE","202109260cle",2021,3,"REG","CLE","CHI","Baker Mayfield","MayfBa00",0,0,NA,NA,8,0.276,5,7,3,0,8,0.2,NA,NA,NA
"2036","2021_03_CHI_CLE","202109260cle",2021,3,"REG","CHI","CLE","Justin Fields","FielJu00",0,0,NA,NA,7,0.368,9,5,0,4,13,0.433,NA,NA,NA
"2037","2021_03_BAL_DET","202109260det",2021,3,"REG","DET","BAL","Jared Goff","GoffJa00",1,0.036,NA,NA,3,0.107,2,13,3,4,9,0.273,NA,NA,NA
"2038","2021_03_BAL_DET","202109260det",2021,3,"REG","DET","BAL","D'Andre Swift","SwifDA00",0,0,NA,NA,0,0,0,0,0,0,0,0,NA,NA,NA
"2039","2021_03_BAL_DET","202109260det",2021,3,"REG","BAL","DET","Lamar Jackson","JackLa00",2,0.074,NA,NA,2,0.074,4,5,5,2,11,0.275,NA,NA,NA
"2040","2021_03_ARI_JAX","202109260jax",2021,3,"REG","JAX","ARI","Trevor Lawrence","LawrTr00",1,0.03,NA,NA,8,0.242,3,9,4,4,11,0.282,NA,NA,NA
"2041","2021_03_ARI_JAX","202109260jax",2021,3,"REG","ARI","JAX","Kyler Murray","MurrKy00",0,0,NA,NA,4,0.118,0,4,0,1,1,0.027,NA,NA,NA
"2042","2021_03_LAC_KC","202109260kan",2021,3,"REG","KC","LAC","Patrick Mahomes","MahoPa00",3,0.073,NA,NA,9,0.22,2,9,10,4,16,0.32,NA,NA,NA
"2043","2021_03_LAC_KC","202109260kan",2021,3,"REG","LAC","KC","Justin Herbert","HerbJu00",3,0.086,NA,NA,3,0.086,1,10,5,5,11,0.268,NA,NA,NA
"2044","2021_03_NO_NE","202109260nwe",2021,3,"REG","NE","NO","Mac Jones","JoneMa05",2,0.039,NA,NA,12,0.235,2,14,1,9,12,0.214,NA,NA,NA
"2045","2021_03_NO_NE","202109260nwe",2021,3,"REG","NO","NE","Jameis Winston","WinsJa00",0,0,NA,NA,4,0.2,3,6,0,3,6,0.231,NA,NA,NA
"2046","2021_03_ATL_NYG","202109260nyg",2021,3,"REG","NYG","ATL","Daniel Jones","JoneDa05",2,0.057,NA,NA,1,0.029,2,9,2,3,7,0.167,NA,NA,NA
"2047","2021_03_ATL_NYG","202109260nyg",2021,3,"REG","ATL","NYG","Matt Ryan","RyanMa00",0,0,NA,NA,5,0.139,3,11,3,3,9,0.231,NA,NA,NA
"2048","2021_03_CIN_PIT","202109260pit",2021,3,"REG","PIT","CIN","Ben Roethlisberger","RoetBe00",8,0.138,NA,NA,9,0.155,4,8,3,5,12,0.19,NA,NA,NA
"2049","2021_03_CIN_PIT","202109260pit",2021,3,"REG","CIN","PIT","Joe Burrow","BurrJo01",1,0.056,NA,NA,2,0.111,0,5,0,0,0,0,NA,NA,NA
"2050","2021_03_IND_TEN","202109260oti",2021,3,"REG","TEN","IND","Ryan Tannehill","TannRy00",2,0.077,NA,NA,5,0.192,1,7,0,1,2,0.065,NA,NA,NA
"2051","2021_03_IND_TEN","202109260oti",2021,3,"REG","IND","TEN","Carson Wentz","WentCa00",2,0.057,NA,NA,9,0.257,2,13,6,7,15,0.385,NA,NA,NA
"2052","2021_03_NYJ_DEN","202109260den",2021,3,"REG","DEN","NYJ","Teddy Bridgewater","BridTe00",0,0,NA,NA,4,0.167,2,7,5,2,9,0.31,NA,NA,NA
"2053","2021_03_NYJ_DEN","202109260den",2021,3,"REG","NYJ","DEN","Zach Wilson","WilsZa00",4,0.121,NA,NA,6,0.182,5,12,8,4,17,0.425,NA,NA,NA
"2054","2021_03_MIA_LV","202109260rai",2021,3,"REG","LV","MIA","Derek Carr","CarrDe02",1,0.024,NA,NA,9,0.22,3,17,1,6,10,0.217,NA,NA,NA
"2055","2021_03_MIA_LV","202109260rai",2021,3,"REG","MIA","LV","Jacoby Brissett","BrisJa00",1,0.021,NA,NA,10,0.213,2,8,6,4,12,0.211,NA,NA,NA
"2056","2021_03_TB_LA","202109260ram",2021,3,"REG","LA","TB","Matthew Stafford","StafMa00",1,0.026,NA,NA,7,0.184,1,11,3,2,6,0.154,NA,NA,NA
"2057","2021_03_TB_LA","202109260ram",2021,3,"REG","TB","LA","Tom Brady","BradTo00",2,0.037,NA,NA,9,0.167,3,13,7,1,11,0.183,NA,NA,NA
"2058","2021_03_SEA_MIN","202109260min",2021,3,"REG","MIN","SEA","Kirk Cousins","CousKi00",1,0.026,NA,NA,6,0.158,1,11,4,4,9,0.231,NA,NA,NA
"2059","2021_03_SEA_MIN","202109260min",2021,3,"REG","SEA","MIN","Russell Wilson","WilsRu00",0,0,NA,NA,4,0.138,2,6,7,3,12,0.324,NA,NA,NA
"2060","2021_03_GB_SF","202109260sfo",2021,3,"REG","SF","GB","Jimmy Garoppolo","GaroJi00",3,0.079,NA,NA,4,0.105,4,9,3,6,13,0.295,NA,NA,NA
"2061","2021_03_GB_SF","202109260sfo",2021,3,"REG","GB","SF","Aaron Rodgers","RodgAa00",1,0.032,NA,NA,5,0.161,1,8,2,1,4,0.118,NA,NA,NA
"2062","2021_03_PHI_DAL","202109270dal",2021,3,"REG","DAL","PHI","Dak Prescott","PresDa01",0,0,NA,NA,2,0.08,4,5,4,2,10,0.313,NA,NA,NA
"2063","2021_03_PHI_DAL","202109270dal",2021,3,"REG","PHI","DAL","Jalen Hurts","HurtJa00",1,0.026,NA,NA,3,0.079,2,9,9,2,13,0.271,NA,NA,NA
"2064","2021_04_JAX_CIN","202109300cin",2021,4,"REG","CIN","JAX","Joe Burrow","BurrJo01",1,0.031,NA,NA,4,0.125,1,10,2,2,5,0.152,NA,NA,NA
"2065","2021_04_JAX_CIN","202109300cin",2021,4,"REG","JAX","CIN","Trevor Lawrence","LawrTr00",0,0,NA,NA,2,0.095,1,4,4,0,5,0.179,NA,NA,NA
"2066","2021_04_WAS_ATL","202110030atl",2021,4,"REG","ATL","WAS","Matt Ryan","RyanMa00",1,0.025,NA,NA,7,0.175,1,14,0,5,6,0.136,NA,NA,NA
"2067","2021_04_WAS_ATL","202110030atl",2021,4,"REG","WAS","ATL","Taylor Heinicke","HeinTa00",1,0.03,NA,NA,4,0.121,1,9,0,3,4,0.105,NA,NA,NA
"2068","2021_04_HOU_BUF","202110030buf",2021,4,"REG","BUF","HOU","Josh Allen","AlleJo02",0,0,NA,NA,5,0.172,1,6,2,3,6,0.188,NA,NA,NA
"2069","2021_04_HOU_BUF","202110030buf",2021,4,"REG","BUF","HOU","Mitchell Trubisky","TrubMi00",0,0,NA,NA,0,0,0,0,0,0,0,0,NA,NA,NA
"2070","2021_04_HOU_BUF","202110030buf",2021,4,"REG","HOU","BUF","Davis Mills","MillDa02",0,0,NA,NA,2,0.1,3,2,4,1,8,0.32,NA,NA,NA
"2071","2021_04_DET_CHI","202110030chi",2021,4,"REG","CHI","DET","Justin Fields","FielJu00",0,0,NA,NA,5,0.294,1,8,3,1,5,0.263,NA,NA,NA
"2072","2021_04_DET_CHI","202110030chi",2021,4,"REG","DET","CHI","Jared Goff","GoffJa00",1,0.027,NA,NA,8,0.216,4,4,3,3,10,0.233,NA,NA,NA
"2073","2021_04_CAR_DAL","202110030dal",2021,4,"REG","DAL","CAR","Dak Prescott","PresDa01",0,0,NA,NA,4,0.182,0,14,0,1,1,0.043,NA,NA,NA
"2074","2021_04_CAR_DAL","202110030dal",2021,4,"REG","CAR","DAL","Sam Darnold","DarnSa00",0,0,NA,NA,10,0.256,5,10,4,5,14,0.304,NA,NA,NA
"2075","2021_04_IND_MIA","202110030mia",2021,4,"REG","MIA","IND","Jacoby Brissett","BrisJa00",2,0.067,NA,NA,4,0.133,3,4,7,2,12,0.343,NA,NA,NA
"2076","2021_04_IND_MIA","202110030mia",2021,4,"REG","IND","MIA","Carson Wentz","WentCa00",0,0,NA,NA,3,0.094,2,7,2,5,9,0.265,NA,NA,NA
"2077","2021_04_CLE_MIN","202110030min",2021,4,"REG","MIN","CLE","Kirk Cousins","CousKi00",1,0.027,NA,NA,12,0.324,2,9,6,7,15,0.366,NA,NA,NA
"2078","2021_04_CLE_MIN","202110030min",2021,4,"REG","CLE","MIN","Baker Mayfield","MayfBa00",0,0,NA,NA,13,0.419,3,10,4,0,7,0.189,NA,NA,NA
"2079","2021_04_NYG_NO","202110030nor",2021,4,"REG","NO","NYG","Jameis Winston","WinsJa00",0,0,NA,NA,4,0.174,0,9,3,0,3,0.13,NA,NA,NA
"2080","2021_04_NYG_NO","202110030nor",2021,4,"REG","NO","NYG","Taysom Hill","HillTa00",0,0,NA,NA,1,0.333,0,1,0,0,0,0,NA,NA,NA
"2081","2021_04_NYG_NO","202110030nor",2021,4,"REG","NYG","NO","Daniel Jones","JoneDa05",2,0.054,NA,NA,5,0.135,0,16,3,6,9,0.209,NA,NA,NA
"2082","2021_04_TEN_NYJ","202110030nyj",2021,4,"REG","NYJ","TEN","Zach Wilson","WilsZa00",2,0.059,NA,NA,11,0.324,1,14,3,0,4,0.108,NA,NA,NA
"2083","2021_04_TEN_NYJ","202110030nyj",2021,4,"REG","TEN","NYJ","Ryan Tannehill","TannRy00",3,0.061,NA,NA,9,0.184,7,14,1,6,14,0.246,NA,NA,NA
"2084","2021_04_KC_PHI","202110030phi",2021,4,"REG","PHI","KC","Jalen Hurts","HurtJa00",2,0.045,NA,NA,7,0.159,3,17,10,4,17,0.309,NA,NA,NA
"2085","2021_04_KC_PHI","202110030phi",2021,4,"REG","KC","PHI","Patrick Mahomes","MahoPa00",1,0.033,NA,NA,5,0.167,1,4,1,3,5,0.143,NA,NA,NA
"2086","2021_04_ARI_LA","202110030ram",2021,4,"REG","LA","ARI","Matthew Stafford","StafMa00",1,0.024,NA,NA,11,0.268,0,8,2,5,7,0.163,NA,NA,NA
"2087","2021_04_ARI_LA","202110030ram",2021,4,"REG","ARI","LA","Kyler Murray","MurrKy00",1,0.034,NA,NA,2,0.069,3,7,8,0,11,0.282,NA,NA,NA
"2088","2021_04_SEA_SF","202110030sfo",2021,4,"REG","SF","SEA","Jimmy Garoppolo","GaroJi00",1,0.045,NA,NA,3,0.136,1,6,3,2,6,0.25,NA,NA,NA
"2089","2021_04_SEA_SF","202110030sfo",2021,4,"REG","SF","SEA","Trey Lance","LancTr00",0,0,NA,NA,3,0.176,1,1,6,2,9,0.375,NA,NA,NA
"2090","2021_04_SEA_SF","202110030sfo",2021,4,"REG","SEA","SF","Russell Wilson","WilsRu00",1,0.045,NA,NA,3,0.136,3,10,6,3,12,0.429,NA,NA,NA
"2091","2021_04_BAL_DEN","202110030den",2021,4,"REG","DEN","BAL","Drew Lock","LockDr00",1,0.048,NA,NA,6,0.286,3,8,5,4,12,0.5,NA,NA,NA
"2092","2021_04_BAL_DEN","202110030den",2021,4,"REG","DEN","BAL","Teddy Bridgewater","BridTe00",0,0,NA,NA,7,0.438,2,9,5,3,10,0.526,NA,NA,NA
"2093","2021_04_BAL_DEN","202110030den",2021,4,"REG","BAL","DEN","Lamar Jackson","JackLa00",1,0.029,NA,NA,7,0.2,3,27,7,4,14,0.333,NA,NA,NA
"2094","2021_04_PIT_GB","202110030gnb",2021,4,"REG","GB","PIT","Aaron Rodgers","RodgAa00",1,0.029,NA,NA,10,0.286,3,9,6,4,13,0.325,NA,NA,NA
"2095","2021_04_PIT_GB","202110030gnb",2021,4,"REG","PIT","GB","Ben Roethlisberger","RoetBe00",1,0.026,NA,NA,8,0.205,2,10,2,3,7,0.167,NA,NA,NA
"2096","2021_04_TB_NE","202110030nwe",2021,4,"REG","NE","TB","Mac Jones","JoneMa05",1,0.026,NA,NA,1,0.026,4,20,2,7,13,0.295,NA,NA,NA
"2097","2021_04_TB_NE","202110030nwe",2021,4,"REG","NE","TB","Jakobi Meyers","MeyeJa01",0,0,NA,NA,0,0,0,0,0,1,1,0.5,NA,NA,NA
"2098","2021_04_TB_NE","202110030nwe",2021,4,"REG","TB","NE","Tom Brady","BradTo00",5,0.122,NA,NA,13,0.317,1,6,3,2,6,0.133,NA,NA,NA
"2099","2021_04_LV_LAC","202110040sdg",2021,4,"REG","LAC","LV","Justin Herbert","HerbJu00",1,0.027,NA,NA,8,0.216,2,9,2,5,9,0.22,NA,NA,NA
"2100","2021_04_LV_LAC","202110040sdg",2021,4,"REG","LAC","LV","Ty Long","LongTy00",0,0,NA,NA,0,0,0,1,0,0,0,0,NA,NA,NA
"2101","2021_04_LV_LAC","202110040sdg",2021,4,"REG","LV","LAC","Derek Carr","CarrDe02",3,0.097,NA,NA,3,0.097,4,7,5,3,12,0.3,NA,NA,NA
"2102","2021_05_LA_SEA","202110070sea",2021,5,"REG","SEA","LA","Geno Smith","SmitGe00",0,0,NA,NA,5,0.313,0,3,3,1,4,0.211,NA,NA,NA
"2103","2021_05_LA_SEA","202110070sea",2021,5,"REG","SEA","LA","Russell Wilson","WilsRu00",1,0.063,NA,NA,2,0.125,2,3,3,2,7,0.368,NA,NA,NA
"2104","2021_05_LA_SEA","202110070sea",2021,5,"REG","LA","SEA","Matthew Stafford","StafMa00",1,0.028,NA,NA,7,0.194,1,10,2,2,5,0.132,NA,NA,NA
"2105","2021_05_NYJ_ATL","202110100atl",2021,5,"REG","ATL","NYJ","Matt Ryan","RyanMa00",1,0.022,NA,NA,6,0.133,0,15,8,7,15,0.333,NA,NA,NA
"2106","2021_05_NYJ_ATL","202110100atl",2021,5,"REG","ATL","NYJ","Cordarrelle Patterson","PattCo00",0,0,NA,NA,0,0,0,0,0,1,1,1,NA,NA,NA
"2107","2021_05_NYJ_ATL","202110100atl",2021,5,"REG","NYJ","ATL","Zach Wilson","WilsZa00",1,0.032,NA,NA,8,0.258,2,5,5,3,10,0.286,NA,NA,NA
"2108","2021_05_PHI_CAR","202110100car",2021,5,"REG","CAR","PHI","Sam Darnold","DarnSa00",3,0.088,NA,NA,5,0.147,3,7,5,5,13,0.31,NA,NA,NA
"2109","2021_05_PHI_CAR","202110100car",2021,5,"REG","PHI","CAR","Jalen Hurts","HurtJa00",5,0.147,NA,NA,4,0.118,2,7,2,2,6,0.15,NA,NA,NA
"2110","2021_05_GB_CIN","202110100cin",2021,5,"REG","CIN","GB","Joe Burrow","BurrJo01",4,0.108,NA,NA,2,0.054,3,7,5,4,12,0.286,NA,NA,NA
"2111","2021_05_GB_CIN","202110100cin",2021,5,"REG","GB","CIN","Aaron Rodgers","RodgAa00",0,0,NA,NA,5,0.143,2,6,7,3,12,0.293,NA,NA,NA
"2112","2021_05_NE_HOU","202110100htx",2021,5,"REG","HOU","NE","Davis Mills","MillDa02",1,0.037,NA,NA,4,0.148,3,9,3,2,8,0.25,NA,NA,NA
"2113","2021_05_NE_HOU","202110100htx",2021,5,"REG","NE","HOU","Mac Jones","JoneMa05",0,0,NA,NA,3,0.107,1,4,2,3,6,0.194,NA,NA,NA
"2114","2021_05_TEN_JAX","202110100jax",2021,5,"REG","JAX","TEN","Trevor Lawrence","LawrTr00",0,0,NA,NA,3,0.091,2,9,3,3,8,0.211,NA,NA,NA
"2115","2021_05_TEN_JAX","202110100jax",2021,5,"REG","TEN","JAX","Ryan Tannehill","TannRy00",0,0,NA,NA,4,0.182,3,9,1,4,8,0.308,NA,NA,NA
"2116","2021_05_DET_MIN","202110100min",2021,5,"REG","MIN","DET","Kirk Cousins","CousKi00",3,0.097,NA,NA,2,0.065,2,9,15,0,17,0.459,NA,NA,NA
"2117","2021_05_DET_MIN","202110100min",2021,5,"REG","DET","MIN","Jared Goff","GoffJa00",1,0.031,NA,NA,6,0.188,4,6,11,3,18,0.462,NA,NA,NA
"2118","2021_05_DEN_PIT","202110100pit",2021,5,"REG","PIT","DEN","Ben Roethlisberger","RoetBe00",2,0.08,NA,NA,5,0.2,1,9,2,1,4,0.154,NA,NA,NA
"2119","2021_05_DEN_PIT","202110100pit",2021,5,"REG","DEN","PIT","Teddy Bridgewater","BridTe00",2,0.057,NA,NA,4,0.114,2,11,5,2,9,0.22,NA,NA,NA
"2120","2021_05_MIA_TB","202110100tam",2021,5,"REG","TB","MIA","Tom Brady","BradTo00",0,0,NA,NA,6,0.154,2,10,1,4,7,0.159,NA,NA,NA
"2121","2021_05_MIA_TB","202110100tam",2021,5,"REG","TB","MIA","Blaine Gabbert","GabbBl00",0,0,NA,NA,0,0,0,0,0,0,0,0,NA,NA,NA
"2122","2021_05_MIA_TB","202110100tam",2021,5,"REG","MIA","TB","Jacoby Brissett","BrisJa00",4,0.103,NA,NA,6,0.154,3,15,5,4,12,0.286,NA,NA,NA
"2123","2021_05_NO_WAS","202110100was",2021,5,"REG","WAS","NO","Taylor Heinicke","HeinTa00",1,0.024,NA,NA,9,0.22,2,6,4,5,11,0.229,NA,NA,NA
"2124","2021_05_NO_WAS","202110100was",2021,5,"REG","NO","WAS","Jameis Winston","WinsJa00",2,0.071,NA,NA,8,0.286,2,19,4,4,10,0.294,NA,NA,NA
"2125","2021_05_CLE_LAC","202110100sdg",2021,5,"REG","LAC","CLE","Justin Herbert","HerbJu00",1,0.024,NA,NA,10,0.238,2,6,6,6,14,0.292,NA,NA,NA
"2126","2021_05_CLE_LAC","202110100sdg",2021,5,"REG","CLE","LAC","Baker Mayfield","MayfBa00",2,0.067,NA,NA,5,0.167,1,9,5,0,6,0.171,NA,NA,NA
"2127","2021_05_CHI_LV","202110100rai",2021,5,"REG","LV","CHI","Derek Carr","CarrDe02",2,0.057,NA,NA,9,0.257,3,5,1,1,5,0.128,NA,NA,NA
"2128","2021_05_CHI_LV","202110100rai",2021,5,"REG","CHI","LV","Justin Fields","FielJu00",0,0,NA,NA,5,0.263,2,7,1,4,7,0.304,NA,NA,NA
"2129","2021_05_CHI_LV","202110100rai",2021,5,"REG","CHI","LV","Andy Dalton","DaltAn00",0,0,NA,NA,0,0,0,0,0,0,0,0,NA,NA,NA
"2130","2021_05_SF_ARI","202110100crd",2021,5,"REG","ARI","SF","Kyler Murray","MurrKy00",1,0.036,NA,NA,3,0.107,2,6,4,1,7,0.212,NA,NA,NA
"2131","2021_05_SF_ARI","202110100crd",2021,5,"REG","SF","ARI","Trey Lance","LancTr00",3,0.107,NA,NA,6,0.214,2,13,1,4,7,0.2,NA,NA,NA
"2132","2021_05_NYG_DAL","202110100dal",2021,5,"REG","DAL","NYG","Dak Prescott","PresDa01",1,0.033,NA,NA,4,0.133,2,14,2,2,6,0.171,NA,NA,NA
"2133","2021_05_NYG_DAL","202110100dal",2021,5,"REG","DAL","NYG","Cedrick Wilson Jr.","WilsCe01",0,0,NA,NA,0,0,0,0,0,0,0,0,NA,NA,NA
"2134","2021_05_NYG_DAL","202110100dal",2021,5,"REG","NYG","DAL","Mike Glennon","GlenMi00",1,0.045,NA,NA,3,0.136,0,9,3,4,7,0.28,NA,NA,NA
"2135","2021_05_NYG_DAL","202110100dal",2021,5,"REG","NYG","DAL","Daniel Jones","JoneDa05",0,0,NA,NA,7,0.538,0,4,2,3,5,0.357,NA,NA,NA
"2136","2021_05_NYG_DAL","202110100dal",2021,5,"REG","NYG","DAL","Kadarius Toney","ToneKa00",1,1,NA,NA,0,0,0,0,0,0,0,0,NA,NA,NA
"2137","2021_05_BUF_KC","202110100kan",2021,5,"REG","KC","BUF","Patrick Mahomes","MahoPa00",4,0.078,NA,NA,10,0.196,2,2,2,5,9,0.143,NA,NA,NA
"2138","2021_05_BUF_KC","202110100kan",2021,5,"REG","BUF","KC","Josh Allen","AlleJo02",2,0.08,NA,NA,6,0.24,0,8,2,1,3,0.107,NA,NA,NA
"2139","2021_05_IND_BAL","202110110rav",2021,5,"REG","BAL","IND","Lamar Jackson","JackLa00",2,0.047,NA,NA,3,0.07,2,7,0,2,4,0.078,NA,NA,NA
"2140","2021_05_IND_BAL","202110110rav",2021,5,"REG","IND","BAL","Carson Wentz","WentCa00",1,0.029,NA,NA,5,0.147,2,13,1,5,8,0.211,NA,NA,NA
"2141","2021_06_TB_PHI","202110140phi",2021,6,"REG","PHI","TB","Jalen Hurts","HurtJa00",0,0,NA,NA,6,0.25,2,9,6,2,10,0.303,NA,NA,NA
"2142","2021_06_TB_PHI","202110140phi",2021,6,"REG","TB","PHI","Tom Brady","BradTo00",0,0,NA,NA,6,0.143,0,9,2,2,4,0.095,NA,NA,NA
"2143","2021_06_MIA_JAX","202110170jax",2021,6,"REG","JAX","MIA","Trevor Lawrence","LawrTr00",2,0.049,NA,NA,10,0.244,2,15,1,5,8,0.182,NA,NA,NA
"2144","2021_06_MIA_JAX","202110170jax",2021,6,"REG","MIA","JAX","Tua Tagovailoa","TagoTu00",2,0.043,NA,NA,8,0.174,0,12,1,3,4,0.08,NA,NA,NA
"2145","2021_06_MIA_JAX","202110170jax",2021,6,"REG","MIA","JAX","Jacoby Brissett","BrisJa00",0,0,NA,NA,0,0,0,0,0,0,0,0,NA,NA,NA
"2146","2021_06_LAC_BAL","202110170rav",2021,6,"REG","BAL","LAC","Lamar Jackson","JackLa00",2,0.074,NA,NA,6,0.222,3,17,2,5,10,0.303,NA,NA,NA
"2147","2021_06_LAC_BAL","202110170rav",2021,6,"REG","LAC","BAL","Justin Herbert","HerbJu00",2,0.051,NA,NA,8,0.205,2,11,2,2,6,0.143,NA,NA,NA
"2148","2021_06_MIN_CAR","202110170car",2021,6,"REG","CAR","MIN","Sam Darnold","DarnSa00",7,0.179,NA,NA,10,0.256,4,17,11,0,15,0.313,NA,NA,NA
"2149","2021_06_MIN_CAR","202110170car",2021,6,"REG","MIN","CAR","Kirk Cousins","CousKi00",0,0,NA,NA,6,0.13,0,15,4,3,7,0.14,NA,NA,NA
"2150","2021_06_GB_CHI","202110170chi",2021,6,"REG","CHI","GB","Justin Fields","FielJu00",2,0.08,NA,NA,7,0.28,4,5,3,0,7,0.194,NA,NA,NA
"2151","2021_06_GB_CHI","202110170chi",2021,6,"REG","GB","CHI","Aaron Rodgers","RodgAa00",0,0,NA,NA,3,0.143,3,5,2,1,6,0.214,NA,NA,NA
"2152","2021_06_CIN_DET","202110170det",2021,6,"REG","DET","CIN","Jared Goff","GoffJa00",3,0.077,NA,NA,6,0.154,1,5,4,3,8,0.182,NA,NA,NA
"2153","2021_06_CIN_DET","202110170det",2021,6,"REG","CIN","DET","Joe Burrow","BurrJo01",1,0.036,NA,NA,4,0.143,2,9,0,3,5,0.139,NA,NA,NA
"2154","2021_06_CIN_DET","202110170det",2021,6,"REG","CIN","DET","Brandon Allen","AlleBr00",0,0,NA,NA,0,0,0,0,0,0,0,0,NA,NA,NA
"2155","2021_06_HOU_IND","202110170clt",2021,6,"REG","IND","HOU","Carson Wentz","WentCa00",3,0.167,NA,NA,3,0.167,2,3,3,3,8,0.348,NA,NA,NA
"2156","2021_06_HOU_IND","202110170clt",2021,6,"REG","HOU","IND","Davis Mills","MillDa02",1,0.024,NA,NA,9,0.214,2,13,4,3,9,0.196,NA,NA,NA
"2157","2021_06_LA_NYG","202110170nyg",2021,6,"REG","NYG","LA","Daniel Jones","JoneDa05",4,0.083,NA,NA,12,0.25,4,17,3,2,9,0.161,NA,NA,NA
"2158","2021_06_LA_NYG","202110170nyg",2021,6,"REG","LA","NYG","Matthew Stafford","StafMa00",3,0.107,NA,NA,2,0.071,2,7,1,1,4,0.125,NA,NA,NA
"2159","2021_06_LA_NYG","202110170nyg",2021,6,"REG","LA","NYG","John Wolford","WolfJo00",0,0,NA,NA,1,0.5,0,0,0,0,0,0,NA,NA,NA
"2160","2021_06_KC_WAS","202110170was",2021,6,"REG","WAS","KC","Taylor Heinicke","HeinTa00",2,0.051,NA,NA,8,0.205,0,13,2,7,9,0.231,NA,NA,NA
"2161","2021_06_KC_WAS","202110170was",2021,6,"REG","KC","WAS","Patrick Mahomes","MahoPa00",3,0.065,NA,NA,9,0.196,3,9,1,6,10,0.189,NA,NA,NA
"2162","2021_06_ARI_CLE","202110170cle",2021,6,"REG","CLE","ARI","Baker Mayfield","MayfBa00",2,0.071,NA,NA,3,0.107,5,7,7,1,13,0.361,NA,NA,NA
"2163","2021_06_ARI_CLE","202110170cle",2021,6,"REG","CLE","ARI","Case Keenum","KeenCa00",0,0,NA,NA,1,0.333,0,1,2,0,2,0.667,NA,NA,NA
"2164","2021_06_ARI_CLE","202110170cle",2021,6,"REG","ARI","CLE","Kyler Murray","MurrKy00",2,0.071,NA,NA,4,0.143,2,13,7,1,10,0.313,NA,NA,NA
"2165","2021_06_LV_DEN","202110170den",2021,6,"REG","DEN","LV","Teddy Bridgewater","BridTe00",1,0.021,NA,NA,7,0.146,5,4,5,5,15,0.268,NA,NA,NA
"2166","2021_06_LV_DEN","202110170den",2021,6,"REG","LV","DEN","Derek Carr","CarrDe02",2,0.08,NA,NA,4,0.16,2,9,5,2,9,0.31,NA,NA,NA
"2167","2021_06_DAL_NE","202110170nwe",2021,6,"REG","NE","DAL","Mac Jones","JoneMa05",1,0.048,NA,NA,5,0.238,2,11,0,3,5,0.217,NA,NA,NA
"2168","2021_06_DAL_NE","202110170nwe",2021,6,"REG","DAL","NE","Dak Prescott","PresDa01",1,0.02,NA,NA,7,0.143,0,20,4,4,8,0.154,NA,NA,NA
"2169","2021_06_SEA_PIT","202110170pit",2021,6,"REG","PIT","SEA","Ben Roethlisberger","RoetBe00",2,0.051,NA,NA,5,0.128,1,11,6,1,8,0.195,NA,NA,NA
"2170","2021_06_SEA_PIT","202110170pit",2021,6,"REG","SEA","PIT","Geno Smith","SmitGe00",0,0,NA,NA,4,0.129,5,12,3,2,10,0.27,NA,NA,NA
"2171","2021_06_BUF_TEN","202110180oti",2021,6,"REG","TEN","BUF","Ryan Tannehill","TannRy00",0,0,NA,NA,5,0.192,0,9,6,2,8,0.276,NA,NA,NA
"2172","2021_06_BUF_TEN","202110180oti",2021,6,"REG","BUF","TEN","Josh Allen","AlleJo02",2,0.044,NA,NA,3,0.067,3,6,6,5,14,0.259,NA,NA,NA
"2173","2021_07_DEN_CLE","202110210cle",2021,7,"REG","CLE","DEN","Case Keenum","KeenCa00",2,0.063,NA,NA,6,0.188,1,11,2,4,7,0.194,NA,NA,NA
"2174","2021_07_DEN_CLE","202110210cle",2021,7,"REG","DEN","CLE","Teddy Bridgewater","BridTe00",1,0.031,NA,NA,4,0.125,2,3,3,3,8,0.229,NA,NA,NA
"2175","2021_07_CIN_BAL","202110240rav",2021,7,"REG","BAL","CIN","Lamar Jackson","JackLa00",0,0,NA,NA,13,0.433,5,10,8,0,13,0.31,NA,NA,NA
"2176","2021_07_CIN_BAL","202110240rav",2021,7,"REG","BAL","CIN","Tyler Huntley","HuntTy01",1,0.091,NA,NA,3,0.273,0,0,3,0,3,0.273,NA,NA,NA
"2177","2021_07_CIN_BAL","202110240rav",2021,7,"REG","CIN","BAL","Joe Burrow","BurrJo01",0,0,NA,NA,7,0.194,1,14,5,5,11,0.282,NA,NA,NA
"2178","2021_07_WAS_GB","202110240gnb",2021,7,"REG","GB","WAS","Aaron Rodgers","RodgAa00",1,0.029,NA,NA,5,0.147,3,11,2,3,8,0.2,NA,NA,NA
"2179","2021_07_WAS_GB","202110240gnb",2021,7,"REG","WAS","GB","Taylor Heinicke","HeinTa00",0,0,NA,NA,6,0.167,4,3,3,3,10,0.213,NA,NA,NA
"2180","2021_07_ATL_MIA","202110240mia",2021,7,"REG","MIA","ATL","Tua Tagovailoa","TagoTu00",2,0.05,NA,NA,1,0.025,1,6,2,2,5,0.114,NA,NA,NA
"2181","2021_07_ATL_MIA","202110240mia",2021,7,"REG","ATL","MIA","Matt Ryan","RyanMa00",3,0.077,NA,NA,5,0.128,1,12,5,5,11,0.262,NA,NA,NA
"2182","2021_07_NYJ_NE","202110240nwe",2021,7,"REG","NE","NYJ","Mac Jones","JoneMa05",0,0,NA,NA,6,0.176,1,9,2,1,4,0.103,NA,NA,NA
"2183","2021_07_NYJ_NE","202110240nwe",2021,7,"REG","NE","NYJ","Brian Hoyer","HoyeBr00",0,0,NA,NA,0,0,0,2,0,0,0,0,NA,NA,NA
"2184","2021_07_NYJ_NE","202110240nwe",2021,7,"REG","NE","NYJ","Kendrick Bourne","BourKe00",0,0,NA,NA,0,0,0,0,0,0,0,0,NA,NA,NA
"2185","2021_07_NYJ_NE","202110240nwe",2021,7,"REG","NYJ","NE","Mike White","WhitMi01",1,0.031,NA,NA,6,0.188,1,8,1,2,4,0.121,NA,NA,NA
"2186","2021_07_NYJ_NE","202110240nwe",2021,7,"REG","NYJ","NE","Zach Wilson","WilsZa00",0,0,NA,NA,3,0.333,1,2,3,2,6,0.545,NA,NA,NA
"2187","2021_07_CAR_NYG","202110240nyg",2021,7,"REG","NYG","CAR","Daniel Jones","JoneDa05",2,0.063,NA,NA,6,0.188,2,13,1,3,6,0.171,NA,NA,NA
"2188","2021_07_CAR_NYG","202110240nyg",2021,7,"REG","NYG","CAR","Dante Pettis","PettDa00",0,0,NA,NA,0,0,0,0,0,0,0,0,NA,NA,NA
"2189","2021_07_CAR_NYG","202110240nyg",2021,7,"REG","CAR","NYG","Sam Darnold","DarnSa00",3,0.125,NA,NA,3,0.125,3,6,3,2,8,0.286,NA,NA,NA
"2190","2021_07_CAR_NYG","202110240nyg",2021,7,"REG","CAR","NYG","P.J. Walker","WalkPh00",1,0.071,NA,NA,9,0.643,3,0,0,2,5,0.278,NA,NA,NA
"2191","2021_07_KC_TEN","202110240oti",2021,7,"REG","TEN","KC","Ryan Tannehill","TannRy00",0,0,NA,NA,2,0.077,1,11,5,3,9,0.3,NA,NA,NA
"2192","2021_07_KC_TEN","202110240oti",2021,7,"REG","TEN","KC","Derrick Henry","HenrDe00",0,0,NA,NA,0,0,0,0,0,0,0,0,NA,NA,NA
"2193","2021_07_KC_TEN","202110240oti",2021,7,"REG","KC","TEN","Patrick Mahomes","MahoPa00",2,0.061,NA,NA,9,0.273,4,5,7,3,14,0.318,NA,NA,NA
"2194","2021_07_KC_TEN","202110240oti",2021,7,"REG","KC","TEN","Chad Henne","HennCh01",1,0.067,NA,NA,3,0.2,0,3,1,2,3,0.176,NA,NA,NA
"2195","2021_07_DET_LA","202110240ram",2021,7,"REG","LA","DET","Matthew Stafford","StafMa00",1,0.024,NA,NA,8,0.195,1,11,0,0,1,0.024,NA,NA,NA
"2196","2021_07_DET_LA","202110240ram",2021,7,"REG","DET","LA","Jared Goff","GoffJa00",2,0.065,NA,NA,6,0.194,2,12,2,2,6,0.154,NA,NA,NA
"2197","2021_07_DET_LA","202110240ram",2021,7,"REG","DET","LA","Jack Fox","FoxxJa01",0,0,NA,NA,0,0,0,0,0,0,0,0,NA,NA,NA
"2198","2021_07_PHI_LV","202110240rai",2021,7,"REG","LV","PHI","Derek Carr","CarrDe02",0,0,NA,NA,2,0.059,0,6,2,2,4,0.114,NA,NA,NA
"2199","2021_07_PHI_LV","202110240rai",2021,7,"REG","PHI","LV","Jalen Hurts","HurtJa00",2,0.067,NA,NA,4,0.133,2,3,6,5,13,0.325,NA,NA,NA
"2200","2021_07_HOU_ARI","202110240crd",2021,7,"REG","ARI","HOU","Kyler Murray","MurrKy00",1,0.036,NA,NA,3,0.107,4,1,2,0,6,0.176,NA,NA,NA
"2201","2021_07_HOU_ARI","202110240crd",2021,7,"REG","HOU","ARI","Davis Mills","MillDa02",2,0.065,NA,NA,4,0.129,2,13,1,3,6,0.176,NA,NA,NA
"2202","2021_07_CHI_TB","202110240tam",2021,7,"REG","TB","CHI","Tom Brady","BradTo00",0,0,NA,NA,10,0.278,0,6,0,1,1,0.028,NA,NA,NA
"2203","2021_07_CHI_TB","202110240tam",2021,7,"REG","TB","CHI","Blaine Gabbert","GabbBl00",0,0,NA,NA,1,0.333,0,1,1,0,1,0.333,NA,NA,NA
"2204","2021_07_CHI_TB","202110240tam",2021,7,"REG","CHI","TB","Justin Fields","FielJu00",5,0.161,NA,NA,3,0.097,4,16,3,2,9,0.209,NA,NA,NA
"2205","2021_07_IND_SF","202110240sfo",2021,7,"REG","SF","IND","Jimmy Garoppolo","GaroJi00",2,0.074,NA,NA,5,0.185,2,2,0,3,5,0.172,NA,NA,NA
"2206","2021_07_IND_SF","202110240sfo",2021,7,"REG","IND","SF","Carson Wentz","WentCa00",1,0.038,NA,NA,3,0.115,1,10,3,2,6,0.207,NA,NA,NA
"2207","2021_07_NO_SEA","202110250sea",2021,7,"REG","SEA","NO","Geno Smith","SmitGe00",0,0,NA,NA,3,0.158,5,10,3,3,11,0.393,NA,NA,NA
"2208","2021_07_NO_SEA","202110250sea",2021,7,"REG","NO","SEA","Jameis Winston","WinsJa00",3,0.094,NA,NA,6,0.188,2,10,5,0,7,0.171,NA,NA,NA
"2209","2021_08_GB_ARI","202110280crd",2021,8,"REG","ARI","GB","Kyler Murray","MurrKy00",0,0,NA,NA,7,0.219,2,4,6,1,9,0.243,NA,NA,NA
"2210","2021_08_GB_ARI","202110280crd",2021,8,"REG","GB","ARI","Aaron Rodgers","RodgAa00",2,0.056,NA,NA,7,0.194,1,9,5,3,9,0.231,NA,NA,NA
"2211","2021_08_CAR_ATL","202110310atl",2021,8,"REG","ATL","CAR","Matt Ryan","RyanMa00",0,0,NA,NA,2,0.074,3,7,2,4,9,0.29,NA,NA,NA
"2212","2021_08_CAR_ATL","202110310atl",2021,8,"REG","CAR","ATL","Sam Darnold","DarnSa00",2,0.091,NA,NA,5,0.227,0,6,2,3,5,0.179,NA,NA,NA
"2213","2021_08_CAR_ATL","202110310atl",2021,8,"REG","CAR","ATL","P.J. Walker","WalkPh00",0,0,NA,NA,0,0,0,1,1,0,1,1,NA,NA,NA
"2214","2021_08_MIA_BUF","202110310buf",2021,8,"REG","BUF","MIA","Josh Allen","AlleJo02",1,0.025,NA,NA,6,0.15,0,20,5,5,10,0.217,NA,NA,NA
"2215","2021_08_MIA_BUF","202110310buf",2021,8,"REG","BUF","MIA","Cole Beasley","BeasCo00",0,0,NA,NA,0,0,0,0,1,0,1,1,NA,NA,NA
"2216","2021_08_MIA_BUF","202110310buf",2021,8,"REG","MIA","BUF","Tua Tagovailoa","TagoTu00",3,0.081,NA,NA,9,0.243,2,14,13,5,20,0.465,NA,NA,NA
"2217","2021_08_SF_CHI","202110310chi",2021,8,"REG","CHI","SF","Justin Fields","FielJu00",0,0,NA,NA,7,0.259,4,13,3,1,8,0.205,NA,NA,NA
"2218","2021_08_SF_CHI","202110310chi",2021,8,"REG","SF","CHI","Jimmy Garoppolo","GaroJi00",2,0.074,NA,NA,4,0.148,0,7,4,0,4,0.143,NA,NA,NA
"2219","2021_08_PIT_CLE","202110310cle",2021,8,"REG","CLE","PIT","Baker Mayfield","MayfBa00",4,0.129,NA,NA,5,0.161,4,7,4,2,10,0.278,NA,NA,NA
"2220","2021_08_PIT_CLE","202110310cle",2021,8,"REG","PIT","CLE","Ben Roethlisberger","RoetBe00",0,0,NA,NA,7,0.206,2,10,1,2,5,0.139,NA,NA,NA
"2221","2021_08_PIT_CLE","202110310cle",2021,8,"REG","PIT","CLE","Chris Boswell","BoswCh00",0,0,NA,NA,1,1,0,1,0,0,0,0,NA,NA,NA
"2222","2021_08_PHI_DET","202110310det",2021,8,"REG","DET","PHI","Jared Goff","GoffJa00",2,0.063,NA,NA,2,0.063,5,10,10,5,20,0.513,NA,NA,NA
"2223","2021_08_PHI_DET","202110310det",2021,8,"REG","PHI","DET","Jalen Hurts","HurtJa00",1,0.071,NA,NA,3,0.214,0,2,4,0,4,0.235,NA,NA,NA
"2224","2021_08_PHI_DET","202110310det",2021,8,"REG","PHI","DET","Gardner Minshew II","MinsGa00",0,0,NA,NA,0,0,0,1,0,0,0,0,NA,NA,NA
"2225","2021_08_LA_HOU","202110310htx",2021,8,"REG","HOU","LA","Davis Mills","MillDa02",0,0,NA,NA,5,0.135,5,17,3,1,9,0.209,NA,NA,NA
"2226","2021_08_LA_HOU","202110310htx",2021,8,"REG","HOU","LA","Rex Burkhead","BurkRe00",0,0,NA,NA,0,0,0,0,0,0,0,0,NA,NA,NA
"2227","2021_08_LA_HOU","202110310htx",2021,8,"REG","LA","HOU","Matthew Stafford","StafMa00",2,0.063,NA,NA,6,0.188,0,9,3,1,4,0.125,NA,NA,NA
"2228","2021_08_LA_HOU","202110310htx",2021,8,"REG","LA","HOU","John Wolford","WolfJo00",0,0,NA,NA,0,0,1,0,0,0,1,0.333,NA,NA,NA
"2229","2021_08_TEN_IND","202110310clt",2021,8,"REG","IND","TEN","Carson Wentz","WentCa00",2,0.041,NA,NA,13,0.265,1,10,3,7,11,0.208,NA,NA,NA
"2230","2021_08_TEN_IND","202110310clt",2021,8,"REG","TEN","IND","Ryan Tannehill","TannRy00",0,0,NA,NA,6,0.188,3,7,1,2,6,0.167,NA,NA,NA
"2231","2021_08_TEN_IND","202110310clt",2021,8,"REG","TEN","IND","A.J. Brown","BrowAJ00",0,0,NA,NA,0,0,0,0,0,0,0,0,NA,NA,NA
"2232","2021_08_CIN_NYJ","202110310nyj",2021,8,"REG","NYJ","CIN","Mike White","WhitMi01",1,0.022,NA,NA,4,0.089,2,10,4,3,9,0.191,NA,NA,NA
"2233","2021_08_CIN_NYJ","202110310nyj",2021,8,"REG","NYJ","CIN","Josh Johnson","JohnJo05",1,0.25,NA,NA,1,0.25,0,0,1,0,1,0.25,NA,NA,NA
"2234","2021_08_CIN_NYJ","202110310nyj",2021,8,"REG","CIN","NYJ","Joe Burrow","BurrJo01",1,0.03,NA,NA,4,0.121,3,9,5,2,10,0.27,NA,NA,NA
"2235","2021_08_CIN_NYJ","202110310nyj",2021,8,"REG","CIN","NYJ","Tyler Boyd","BoydTy00",0,0,NA,NA,0,0,0,0,1,0,1,1,NA,NA,NA
"2236","2021_08_NE_LAC","202110310sdg",2021,8,"REG","LAC","NE","Justin Herbert","HerbJu00",2,0.059,NA,NA,8,0.235,3,7,5,1,9,0.231,NA,NA,NA
"2237","2021_08_NE_LAC","202110310sdg",2021,8,"REG","NE","LAC","Mac Jones","JoneMa05",1,0.029,NA,NA,13,0.382,1,12,1,3,5,0.132,NA,NA,NA
"2238","2021_08_JAX_SEA","202110310sea",2021,8,"REG","SEA","JAX","Geno Smith","SmitGe00",0,0,NA,NA,1,0.045,3,13,3,0,6,0.214,NA,NA,NA
"2239","2021_08_JAX_SEA","202110310sea",2021,8,"REG","JAX","SEA","Trevor Lawrence","LawrTr00",2,0.038,NA,NA,10,0.192,1,19,8,6,15,0.263,NA,NA,NA
"2240","2021_08_WAS_DEN","202110310den",2021,8,"REG","DEN","WAS","Teddy Bridgewater","BridTe00",1,0.04,NA,NA,3,0.12,4,11,0,4,8,0.267,NA,NA,NA
"2241","2021_08_WAS_DEN","202110310den",2021,8,"REG","WAS","DEN","Taylor Heinicke","HeinTa00",2,0.053,NA,NA,8,0.211,5,16,1,1,7,0.156,NA,NA,NA
"2242","2021_08_TB_NO","202110310nor",2021,8,"REG","NO","TB","Trevor Siemian","SiemTr00",0,0,NA,NA,6,0.222,1,12,3,4,8,0.258,NA,NA,NA
"2243","2021_08_TB_NO","202110310nor",2021,8,"REG","NO","TB","Jameis Winston","WinsJa00",0,0,NA,NA,2,0.222,0,8,0,2,2,0.143,NA,NA,NA
"2244","2021_08_TB_NO","202110310nor",2021,8,"REG","TB","NO","Tom Brady","BradTo00",2,0.051,NA,NA,7,0.179,3,10,0,2,5,0.116,NA,NA,NA
"2245","2021_08_TB_NO","202110310nor",2021,8,"REG","TB","NO","Leonard Fournette","FourLe00",0,0,NA,NA,0,0,0,0,0,0,0,0,NA,NA,NA
"2246","2021_08_DAL_MIN","202110310min",2021,8,"REG","MIN","DAL","Kirk Cousins","CousKi00",4,0.121,NA,NA,5,0.152,1,6,2,7,10,0.263,NA,NA,NA
"2247","2021_08_DAL_MIN","202110310min",2021,8,"REG","MIN","DAL","Justin Jefferson","JeffJu00",0,0,NA,NA,1,1,0,0,0,0,0,0,NA,NA,NA
"2248","2021_08_DAL_MIN","202110310min",2021,8,"REG","DAL","MIN","Cooper Rush","RushCo00",2,0.05,NA,NA,9,0.225,3,15,0,3,6,0.136,NA,NA,NA
"2249","2021_08_DAL_MIN","202110310min",2021,8,"REG","DAL","MIN","Cedrick Wilson Jr.","WilsCe01",0,0,NA,NA,0,0,0,0,0,0,0,0,NA,NA,NA
"2250","2021_08_NYG_KC","202111010kan",2021,8,"REG","KC","NYG","Patrick Mahomes","MahoPa00",2,0.045,NA,NA,10,0.227,2,6,5,4,11,0.212,NA,NA,NA
"2251","2021_08_NYG_KC","202111010kan",2021,8,"REG","NYG","KC","Daniel Jones","JoneDa05",2,0.063,NA,NA,7,0.219,3,12,4,2,9,0.243,NA,NA,NA
"2252","2021_08_NYG_KC","202111010kan",2021,8,"REG","NYG","KC","Kadarius Toney","ToneKa00",0,0,NA,NA,0,0,0,1,0,0,0,0,NA,NA,NA
"2253","2021_09_NYJ_IND","202111040clt",2021,9,"REG","IND","NYJ","Carson Wentz","WentCa00",0,0,NA,NA,6,0.207,1,8,0,2,3,0.091,NA,NA,NA
"2254","2021_09_NYJ_IND","202111040clt",2021,9,"REG","NYJ","IND","Josh Johnson","JohnJo05",2,0.049,NA,NA,9,0.22,2,2,2,4,8,0.174,NA,NA,NA
"2255","2021_09_NYJ_IND","202111040clt",2021,9,"REG","NYJ","IND","Mike White","WhitMi01",1,0.091,NA,NA,0,0,0,0,1,2,3,0.273,NA,NA,NA
"2256","2021_09_MIN_BAL","202111070rav",2021,9,"REG","BAL","MIN","Lamar Jackson","JackLa00",0,0,NA,NA,10,0.244,3,13,3,4,10,0.179,NA,NA,NA
"2257","2021_09_MIN_BAL","202111070rav",2021,9,"REG","MIN","BAL","Kirk Cousins","CousKi00",0,0,NA,NA,6,0.214,0,9,4,6,10,0.357,NA,NA,NA
"2258","2021_09_NE_CAR","202111070car",2021,9,"REG","CAR","NE","Sam Darnold","DarnSa00",0,0,NA,NA,7,0.233,1,8,11,2,14,0.378,NA,NA,NA
"2259","2021_09_NE_CAR","202111070car",2021,9,"REG","NE","CAR","Mac Jones","JoneMa05",1,0.056,NA,NA,4,0.222,2,6,1,0,3,0.15,NA,NA,NA
"2260","2021_09_CLE_CIN","202111070cin",2021,9,"REG","CIN","CLE","Joe Burrow","BurrJo01",3,0.077,NA,NA,2,0.051,5,7,4,6,15,0.333,NA,NA,NA
"2261","2021_09_CLE_CIN","202111070cin",2021,9,"REG","CIN","CLE","Brandon Allen","AlleBr00",1,0.5,NA,NA,0,0,0,0,0,0,0,0,NA,NA,NA
"2262","2021_09_CLE_CIN","202111070cin",2021,9,"REG","CLE","CIN","Baker Mayfield","MayfBa00",0,0,NA,NA,4,0.211,2,11,3,3,8,0.348,NA,NA,NA
"2263","2021_09_DEN_DAL","202111070dal",2021,9,"REG","DAL","DEN","Dak Prescott","PresDa01",4,0.105,NA,NA,9,0.237,2,8,8,3,13,0.302,NA,NA,NA
"2264","2021_09_DEN_DAL","202111070dal",2021,9,"REG","DEN","DAL","Teddy Bridgewater","BridTe00",0,0,NA,NA,4,0.16,4,10,5,1,10,0.313,NA,NA,NA
"2265","2021_09_BUF_JAX","202111070jax",2021,9,"REG","JAX","BUF","Trevor Lawrence","LawrTr00",1,0.04,NA,NA,6,0.24,2,8,6,2,10,0.357,NA,NA,NA
"2266","2021_09_BUF_JAX","202111070jax",2021,9,"REG","JAX","BUF","C.J. Beathard","BeatC.00",0,0,NA,NA,0,0,0,1,1,0,1,0.5,NA,NA,NA
"2267","2021_09_BUF_JAX","202111070jax",2021,9,"REG","BUF","JAX","Josh Allen","AlleJo02",2,0.044,NA,NA,8,0.178,4,13,13,4,21,0.382,NA,NA,NA
"2268","2021_09_HOU_MIA","202111070mia",2021,9,"REG","MIA","HOU","Jacoby Brissett","BrisJa00",4,0.1,NA,NA,6,0.15,4,16,4,4,12,0.25,NA,NA,NA
"2269","2021_09_HOU_MIA","202111070mia",2021,9,"REG","HOU","MIA","Tyrod Taylor","TaylTy00",2,0.05,NA,NA,9,0.225,5,25,10,4,19,0.373,NA,NA,NA
"2270","2021_09_HOU_MIA","202111070mia",2021,9,"REG","HOU","MIA","Danny Amendola","AmenDa00",0,0,NA,NA,0,0,0,1,0,0,0,0,NA,NA,NA
"2271","2021_09_ATL_NO","202111070nor",2021,9,"REG","NO","ATL","Trevor Siemian","SiemTr00",3,0.075,NA,NA,2,0.05,1,9,3,3,7,0.167,NA,NA,NA
"2272","2021_09_ATL_NO","202111070nor",2021,9,"REG","NO","ATL","Taysom Hill","HillTa00",0,0,NA,NA,0,0,0,1,0,0,0,0,NA,NA,NA
"2273","2021_09_ATL_NO","202111070nor",2021,9,"REG","ATL","NO","Matt Ryan","RyanMa00",1,0.033,NA,NA,4,0.133,2,10,1,7,10,0.286,NA,NA,NA
"2274","2021_09_LV_NYG","202111070nyg",2021,9,"REG","NYG","LV","Daniel Jones","JoneDa05",0,0,NA,NA,2,0.111,2,6,2,3,7,0.28,NA,NA,NA
"2275","2021_09_LV_NYG","202111070nyg",2021,9,"REG","LV","NYG","Derek Carr","CarrDe02",0,0,NA,NA,10,0.217,1,15,3,2,6,0.125,NA,NA,NA
"2276","2021_09_LAC_PHI","202111070phi",2021,9,"REG","PHI","LAC","Jalen Hurts","HurtJa00",0,0,NA,NA,4,0.25,1,8,3,1,5,0.208,NA,NA,NA
"2277","2021_09_LAC_PHI","202111070phi",2021,9,"REG","LAC","PHI","Justin Herbert","HerbJu00",1,0.027,NA,NA,4,0.108,0,9,1,0,1,0.024,NA,NA,NA
"2278","2021_09_GB_KC","202111070kan",2021,9,"REG","KC","GB","Patrick Mahomes","MahoPa00",3,0.083,NA,NA,10,0.278,1,9,2,2,5,0.132,NA,NA,NA
"2279","2021_09_GB_KC","202111070kan",2021,9,"REG","GB","KC","Jordan Love","LoveJo03",1,0.031,NA,NA,9,0.281,1,18,6,6,13,0.333,NA,NA,NA
"2280","2021_09_ARI_SF","202111070sfo",2021,9,"REG","SF","ARI","Jimmy Garoppolo","GaroJi00",1,0.026,NA,NA,7,0.179,5,9,4,3,12,0.261,NA,NA,NA
"2281","2021_09_ARI_SF","202111070sfo",2021,9,"REG","ARI","SF","Colt McCoy","McCoCo00",1,0.04,NA,NA,0,0,2,5,3,3,8,0.267,NA,NA,NA
"2282","2021_09_ARI_SF","202111070sfo",2021,9,"REG","ARI","SF","Christian Kirk","KirkCh01",0,0,NA,NA,0,0,0,0,0,0,0,0,NA,NA,NA
"2283","2021_09_TEN_LA","202111070ram",2021,9,"REG","LA","TEN","Matthew Stafford","StafMa00",1,0.021,NA,NA,10,0.208,5,6,2,5,12,0.218,NA,NA,NA
"2284","2021_09_TEN_LA","202111070ram",2021,9,"REG","TEN","LA","Ryan Tannehill","TannRy00",2,0.077,NA,NA,2,0.077,3,13,0,3,6,0.2,NA,NA,NA
"2285","2021_09_CHI_PIT","202111080pit",2021,9,"REG","PIT","CHI","Ben Roethlisberger","RoetBe00",0,0,NA,NA,4,0.143,4,3,3,1,8,0.235,NA,NA,NA
"2286","2021_09_CHI_PIT","202111080pit",2021,9,"REG","CHI","PIT","Justin Fields","FielJu00",1,0.034,NA,NA,7,0.241,3,10,1,5,9,0.243,NA,NA,NA
"2287","2021_10_BAL_MIA","202111110mia",2021,10,"REG","MIA","BAL","Jacoby Brissett","BrisJa00",1,0.045,NA,NA,6,0.273,2,7,0,6,8,0.308,NA,NA,NA
"2288","2021_10_BAL_MIA","202111110mia",2021,10,"REG","MIA","BAL","Tua Tagovailoa","TagoTu00",0,0,NA,NA,4,0.308,1,7,1,3,5,0.357,NA,NA,NA
"2289","2021_10_BAL_MIA","202111110mia",2021,10,"REG","BAL","MIA","Lamar Jackson","JackLa00",2,0.049,NA,NA,7,0.171,4,26,4,2,10,0.204,NA,NA,NA
"2290","2021_10_ATL_DAL","202111140dal",2021,10,"REG","DAL","ATL","Dak Prescott","PresDa01",2,0.067,NA,NA,3,0.1,0,7,2,2,4,0.125,NA,NA,NA
"2291","2021_10_ATL_DAL","202111140dal",2021,10,"REG","DAL","ATL","Cooper Rush","RushCo00",0,0,NA,NA,0,0,0,0,0,0,0,0,NA,NA,NA
"2292","2021_10_ATL_DAL","202111140dal",2021,10,"REG","DAL","ATL","Ezekiel Elliott","ElliEz00",0,0,NA,NA,0,0,0,0,0,0,0,0,NA,NA,NA
"2293","2021_10_ATL_DAL","202111140dal",2021,10,"REG","ATL","DAL","Matt Ryan","RyanMa00",2,0.095,NA,NA,4,0.19,2,7,2,4,8,0.348,NA,NA,NA
"2294","2021_10_ATL_DAL","202111140dal",2021,10,"REG","ATL","DAL","Josh Rosen","RoseJo01",2,0.333,NA,NA,2,0.333,0,0,0,0,0,0,NA,NA,NA
"2295","2021_10_JAX_IND","202111140clt",2021,10,"REG","IND","JAX","Carson Wentz","WentCa00",2,0.061,NA,NA,6,0.182,1,15,4,7,12,0.333,NA,NA,NA
"2296","2021_10_JAX_IND","202111140clt",2021,10,"REG","JAX","IND","Trevor Lawrence","LawrTr00",3,0.086,NA,NA,12,0.343,3,9,1,8,12,0.286,NA,NA,NA
"2297","2021_10_CLE_NE","202111140nwe",2021,10,"REG","NE","CLE","Mac Jones","JoneMa05",1,0.045,NA,NA,1,0.045,2,7,1,0,3,0.12,NA,NA,NA
"2298","2021_10_CLE_NE","202111140nwe",2021,10,"REG","NE","CLE","Brian Hoyer","HoyeBr00",0,0,NA,NA,0,0,0,1,0,0,0,0,NA,NA,NA
"2299","2021_10_CLE_NE","202111140nwe",2021,10,"REG","CLE","NE","Baker Mayfield","MayfBa00",2,0.1,NA,NA,3,0.15,2,4,3,1,6,0.261,NA,NA,NA
"2300","2021_10_CLE_NE","202111140nwe",2021,10,"REG","CLE","NE","Case Keenum","KeenCa00",0,0,NA,NA,2,0.182,3,2,2,2,7,0.467,NA,NA,NA
"2301","2021_10_BUF_NYJ","202111140nyj",2021,10,"REG","NYJ","BUF","Mike White","WhitMi01",2,0.047,NA,NA,9,0.209,1,11,2,7,10,0.222,NA,NA,NA
"2302","2021_10_BUF_NYJ","202111140nyj",2021,10,"REG","NYJ","BUF","Joe Flacco","FlacJo00",0,0,NA,NA,0,0,0,2,0,0,0,0,NA,NA,NA
"2303","2021_10_BUF_NYJ","202111140nyj",2021,10,"REG","BUF","NYJ","Josh Allen","AlleJo02",1,0.036,NA,NA,4,0.143,2,7,2,2,6,0.194,NA,NA,NA
"2304","2021_10_DET_PIT","202111140pit",2021,10,"REG","PIT","DET","Mason Rudolph","RudoMa00",2,0.041,NA,NA,9,0.184,0,12,0,0,0,0,NA,NA,NA
"2305","2021_10_DET_PIT","202111140pit",2021,10,"REG","DET","PIT","Jared Goff","GoffJa00",3,0.125,NA,NA,3,0.125,4,7,0,2,6,0.207,NA,NA,NA
"2306","2021_10_NO_TEN","202111140oti",2021,10,"REG","TEN","NO","Ryan Tannehill","TannRy00",2,0.074,NA,NA,3,0.111,2,5,0,4,6,0.2,NA,NA,NA
"2307","2021_10_NO_TEN","202111140oti",2021,10,"REG","NO","TEN","Trevor Siemian","SiemTr00",2,0.061,NA,NA,5,0.152,4,9,2,1,7,0.184,NA,NA,NA
"2308","2021_10_NO_TEN","202111140oti",2021,10,"REG","NO","TEN","Taysom Hill","HillTa00",0,0,NA,NA,0,0,0,0,0,0,0,0,NA,NA,NA
"2309","2021_10_TB_WAS","202111140was",2021,10,"REG","WAS","TB","Taylor Heinicke","HeinTa00",2,0.063,NA,NA,2,0.063,5,18,6,3,14,0.35,NA,NA,NA
"2310","2021_10_TB_WAS","202111140was",2021,10,"REG","TB","WAS","Tom Brady","BradTo00",3,0.091,NA,NA,5,0.152,0,13,3,1,4,0.118,NA,NA,NA
"2311","2021_10_CAR_ARI","202111140crd",2021,10,"REG","ARI","CAR","Colt McCoy","McCoCo00",0,0,NA,NA,7,0.35,2,6,3,4,9,0.409,NA,NA,NA
"2312","2021_10_CAR_ARI","202111140crd",2021,10,"REG","ARI","CAR","Chris Streveler","StreCh00",0,0,NA,NA,2,0.222,2,0,1,0,3,0.25,NA,NA,NA
"2313","2021_10_CAR_ARI","202111140crd",2021,10,"REG","CAR","ARI","P.J. Walker","WalkPh00",0,0,NA,NA,4,0.143,0,10,3,3,6,0.2,NA,NA,NA
"2314","2021_10_CAR_ARI","202111140crd",2021,10,"REG","CAR","ARI","Cam Newton","NewtCa00",0,0,NA,NA,1,0.25,0,3,0,0,0,0,NA,NA,NA
"2315","2021_10_MIN_LAC","202111140sdg",2021,10,"REG","LAC","MIN","Justin Herbert","HerbJu00",3,0.091,NA,NA,5,0.152,2,15,2,4,8,0.216,NA,NA,NA
"2316","2021_10_MIN_LAC","202111140sdg",2021,10,"REG","MIN","LAC","Kirk Cousins","CousKi00",1,0.029,NA,NA,6,0.171,2,7,5,4,11,0.275,NA,NA,NA
"2317","2021_10_PHI_DEN","202111140den",2021,10,"REG","DEN","PHI","Teddy Bridgewater","BridTe00",2,0.059,NA,NA,8,0.235,1,7,6,2,9,0.243,NA,NA,NA
"2318","2021_10_PHI_DEN","202111140den",2021,10,"REG","PHI","DEN","Jalen Hurts","HurtJa00",1,0.045,NA,NA,3,0.136,2,10,4,2,8,0.308,NA,NA,NA
"2319","2021_10_SEA_GB","202111140gnb",2021,10,"REG","GB","SEA","Aaron Rodgers","RodgAa00",3,0.086,NA,NA,2,0.057,1,5,3,2,6,0.154,NA,NA,NA
"2320","2021_10_SEA_GB","202111140gnb",2021,10,"REG","SEA","GB","Russell Wilson","WilsRu00",3,0.079,NA,NA,8,0.211,3,7,1,2,6,0.125,NA,NA,NA
"2321","2021_10_KC_LV","202111140rai",2021,10,"REG","LV","KC","Derek Carr","CarrDe02",0,0,NA,NA,3,0.088,2,7,4,3,9,0.225,NA,NA,NA
"2322","2021_10_KC_LV","202111140rai",2021,10,"REG","KC","LV","Patrick Mahomes","MahoPa00",2,0.043,NA,NA,8,0.17,0,7,6,3,9,0.18,NA,NA,NA
"2323","2021_10_KC_LV","202111140rai",2021,10,"REG","KC","LV","Tommy Townsend","TownTo01",0,0,NA,NA,0,0,0,1,0,0,0,0,NA,NA,NA
"2324","2021_10_LA_SF","202111150sfo",2021,10,"REG","SF","LA","Jimmy Garoppolo","GaroJi00",0,0,NA,NA,2,0.105,1,6,0,0,1,0.05,NA,NA,NA
"2325","2021_10_LA_SF","202111150sfo",2021,10,"REG","LA","SF","Matthew Stafford","StafMa00",4,0.098,NA,NA,9,0.22,2,4,0,1,3,0.07,NA,NA,NA
"2326","2021_10_LA_SF","202111150sfo",2021,10,"REG","LA","SF","Johnny Hekker","HekkJo00",0,0,NA,NA,0,0,0,1,0,1,1,1,NA,NA,NA
"2327","2021_11_NE_ATL","202111180atl",2021,11,"REG","ATL","NE","Matt Ryan","RyanMa00",0,0,NA,NA,7,0.25,4,5,0,8,12,0.375,NA,NA,NA
"2328","2021_11_NE_ATL","202111180atl",2021,11,"REG","ATL","NE","Josh Rosen","RoseJo01",0,0,NA,NA,1,0.5,0,2,1,0,1,0.333,NA,NA,NA
"2329","2021_11_NE_ATL","202111180atl",2021,11,"REG","ATL","NE","Feleipe Franks","FranFe00",0,0,NA,NA,0,0,0,0,0,0,0,0,NA,NA,NA
"2330","2021_11_NE_ATL","202111180atl",2021,11,"REG","NE","ATL","Mac Jones","JoneMa05",0,0,NA,NA,4,0.154,3,12,0,1,4,0.133,NA,NA,NA
"2331","2021_11_IND_BUF","202111210buf",2021,11,"REG","BUF","IND","Josh Allen","AlleJo02",4,0.118,NA,NA,4,0.118,1,6,1,2,4,0.108,NA,NA,NA
"2332","2021_11_IND_BUF","202111210buf",2021,11,"REG","BUF","IND","Mitchell Trubisky","TrubMi00",1,0.2,NA,NA,1,0.2,0,0,0,0,0,0,NA,NA,NA
"2333","2021_11_IND_BUF","202111210buf",2021,11,"REG","IND","BUF","Carson Wentz","WentCa00",2,0.1,NA,NA,5,0.25,0,8,3,3,6,0.286,NA,NA,NA
"2334","2021_11_WAS_CAR","202111210car",2021,11,"REG","CAR","WAS","Cam Newton","NewtCa00",0,0,NA,NA,3,0.111,1,9,1,3,5,0.172,NA,NA,NA
"2335","2021_11_WAS_CAR","202111210car",2021,11,"REG","WAS","CAR","Taylor Heinicke","HeinTa00",0,0,NA,NA,3,0.15,3,10,4,3,10,0.385,NA,NA,NA
"2336","2021_11_BAL_CHI","202111210chi",2021,11,"REG","CHI","BAL","Andy Dalton","DaltAn00",0,0,NA,NA,10,0.435,1,12,1,1,3,0.125,NA,NA,NA
"2337","2021_11_BAL_CHI","202111210chi",2021,11,"REG","CHI","BAL","Justin Fields","FielJu00",1,0.1,NA,NA,3,0.3,2,4,1,3,6,0.429,NA,NA,NA
"2338","2021_11_BAL_CHI","202111210chi",2021,11,"REG","BAL","CHI","Tyler Huntley","HuntTy01",1,0.028,NA,NA,5,0.139,6,26,3,2,11,0.25,NA,NA,NA
"2339","2021_11_DET_CLE","202111210cle",2021,11,"REG","CLE","DET","Baker Mayfield","MayfBa00",1,0.036,NA,NA,8,0.286,1,7,5,1,7,0.219,NA,NA,NA
"2340","2021_11_DET_CLE","202111210cle",2021,11,"REG","DET","CLE","Tim Boyle","BoylTi00",1,0.043,NA,NA,5,0.217,0,4,2,2,4,0.174,NA,NA,NA
"2341","2021_11_SF_JAX","202111210jax",2021,11,"REG","JAX","SF","Trevor Lawrence","LawrTr00",2,0.083,NA,NA,4,0.167,3,5,3,3,9,0.3,NA,NA,NA
"2342","2021_11_SF_JAX","202111210jax",2021,11,"REG","SF","JAX","Jimmy Garoppolo","GaroJi00",0,0,NA,NA,3,0.15,2,9,1,2,5,0.2,NA,NA,NA
"2343","2021_11_GB_MIN","202111210min",2021,11,"REG","MIN","GB","Kirk Cousins","CousKi00",2,0.059,NA,NA,6,0.176,2,14,5,3,10,0.27,NA,NA,NA
"2344","2021_11_GB_MIN","202111210min",2021,11,"REG","GB","MIN","Aaron Rodgers","RodgAa00",0,0,NA,NA,6,0.194,2,14,6,2,10,0.27,NA,NA,NA
"2345","2021_11_MIA_NYJ","202111210nyj",2021,11,"REG","NYJ","MIA","Joe Flacco","FlacJo00",1,0.029,NA,NA,6,0.171,2,22,4,6,12,0.286,NA,NA,NA
"2346","2021_11_MIA_NYJ","202111210nyj",2021,11,"REG","MIA","NYJ","Tua Tagovailoa","TagoTu00",1,0.03,NA,NA,4,0.121,0,7,2,2,4,0.118,NA,NA,NA
"2347","2021_11_MIA_NYJ","202111210nyj",2021,11,"REG","MIA","NYJ","Albert Wilson","WilsAl02",1,1,NA,NA,0,0,0,1,0,0,0,0,NA,NA,NA
"2348","2021_11_NO_PHI","202111210phi",2021,11,"REG","PHI","NO","Jalen Hurts","HurtJa00",2,0.087,NA,NA,4,0.174,3,4,2,4,9,0.29,NA,NA,NA
"2349","2021_11_NO_PHI","202111210phi",2021,11,"REG","NO","PHI","Trevor Siemian","SiemTr00",1,0.028,NA,NA,5,0.139,0,7,7,5,12,0.293,NA,NA,NA
"2350","2021_11_HOU_TEN","202111210oti",2021,11,"REG","TEN","HOU","Ryan Tannehill","TannRy00",1,0.02,NA,NA,12,0.235,2,12,1,6,9,0.167,NA,NA,NA
"2351","2021_11_HOU_TEN","202111210oti",2021,11,"REG","HOU","TEN","Tyrod Taylor","TaylTy00",1,0.043,NA,NA,4,0.174,0,9,0,1,1,0.034,NA,NA,NA
"2352","2021_11_CIN_LV","202111210rai",2021,11,"REG","LV","CIN","Derek Carr","CarrDe02",1,0.04,NA,NA,5,0.2,2,6,5,3,10,0.345,NA,NA,NA
"2353","2021_11_CIN_LV","202111210rai",2021,11,"REG","CIN","LV","Joe Burrow","BurrJo01",0,0,NA,NA,2,0.071,3,2,4,2,9,0.257,NA,NA,NA
"2354","2021_11_DAL_KC","202111210kan",2021,11,"REG","KC","DAL","Patrick Mahomes","MahoPa00",6,0.182,NA,NA,3,0.091,3,8,5,5,13,0.302,NA,NA,NA
"2355","2021_11_DAL_KC","202111210kan",2021,11,"REG","DAL","KC","Dak Prescott","PresDa01",3,0.071,NA,NA,4,0.095,5,10,7,4,16,0.333,NA,NA,NA
"2356","2021_11_ARI_SEA","202111210sea",2021,11,"REG","SEA","ARI","Russell Wilson","WilsRu00",4,0.16,NA,NA,3,0.12,4,12,1,2,7,0.233,NA,NA,NA
"2357","2021_11_ARI_SEA","202111210sea",2021,11,"REG","ARI","SEA","Colt McCoy","McCoCo00",4,0.091,NA,NA,3,0.068,2,16,4,3,9,0.191,NA,NA,NA
"2358","2021_11_PIT_LAC","202111210sdg",2021,11,"REG","LAC","PIT","Justin Herbert","HerbJu00",4,0.098,NA,NA,4,0.098,2,13,0,2,4,0.082,NA,NA,NA
"2359","2021_11_PIT_LAC","202111210sdg",2021,11,"REG","PIT","LAC","Ben Roethlisberger","RoetBe00",0,0,NA,NA,10,0.227,3,10,1,3,7,0.149,NA,NA,NA
"2360","2021_11_NYG_TB","202111220tam",2021,11,"REG","TB","NYG","Tom Brady","BradTo00",2,0.044,NA,NA,9,0.2,0,8,3,2,5,0.106,NA,NA,NA
"2361","2021_11_NYG_TB","202111220tam",2021,11,"REG","TB","NYG","Blaine Gabbert","GabbBl00",0,0,NA,NA,0,0,1,2,0,0,1,0.333,NA,NA,NA
"2362","2021_11_NYG_TB","202111220tam",2021,11,"REG","NYG","TB","Daniel Jones","JoneDa05",0,0,NA,NA,9,0.25,2,13,8,7,17,0.425,NA,NA,NA
"2363","2021_11_NYG_TB","202111220tam",2021,11,"REG","NYG","TB","Kadarius Toney","ToneKa00",0,0,NA,NA,1,1,0,1,0,0,0,0,NA,NA,NA
"2364","2021_12_CHI_DET","202111250det",2021,12,"REG","DET","CHI","Jared Goff","GoffJa00",1,0.04,NA,NA,2,0.08,1,2,1,3,5,0.192,NA,NA,NA
"2365","2021_12_CHI_DET","202111250det",2021,12,"REG","CHI","DET","Andy Dalton","DaltAn00",1,0.027,NA,NA,5,0.135,1,10,3,3,7,0.163,NA,NA,NA
"2366","2021_12_LV_DAL","202111250dal",2021,12,"REG","DAL","LV","Dak Prescott","PresDa01",2,0.043,NA,NA,11,0.234,1,3,3,4,8,0.163,NA,NA,NA
"2367","2021_12_LV_DAL","202111250dal",2021,12,"REG","LV","DAL","Derek Carr","CarrDe02",2,0.053,NA,NA,10,0.263,3,9,3,5,11,0.256,NA,NA,NA
"2368","2021_12_BUF_NO","202111250nor",2021,12,"REG","NO","BUF","Trevor Siemian","SiemTr00",1,0.037,NA,NA,6,0.222,2,5,3,3,8,0.25,NA,NA,NA
"2369","2021_12_BUF_NO","202111250nor",2021,12,"REG","NO","BUF","Blake Gillikin","GillBl00",0,0,NA,NA,1,1,0,1,0,0,0,0,NA,NA,NA
"2370","2021_12_BUF_NO","202111250nor",2021,12,"REG","BUF","NO","Josh Allen","AlleJo02",0,0,NA,NA,0,0,2,5,4,1,7,0.206,NA,NA,NA
"2371","2021_12_PIT_CIN","202111280cin",2021,12,"REG","CIN","PIT","Joe Burrow","BurrJo01",0,0,NA,NA,2,0.087,2,9,1,1,4,0.148,NA,NA,NA
"2372","2021_12_PIT_CIN","202111280cin",2021,12,"REG","CIN","PIT","Brandon Allen","AlleBr00",0,0,NA,NA,0,0,0,1,0,0,0,0,NA,NA,NA
"2373","2021_12_PIT_CIN","202111280cin",2021,12,"REG","PIT","CIN","Ben Roethlisberger","RoetBe00",3,0.075,NA,NA,8,0.2,3,5,0,4,7,0.159,NA,NA,NA
"2374","2021_12_NYJ_HOU","202111280htx",2021,12,"REG","HOU","NYJ","Tyrod Taylor","TaylTy00",0,0,NA,NA,5,0.192,5,6,1,2,8,0.25,NA,NA,NA
"2375","2021_12_NYJ_HOU","202111280htx",2021,12,"REG","NYJ","HOU","Zach Wilson","WilsZa00",2,0.087,NA,NA,4,0.174,4,10,6,1,11,0.393,NA,NA,NA
"2376","2021_12_TB_IND","202111280clt",2021,12,"REG","IND","TB","Carson Wentz","WentCa00",2,0.047,NA,NA,6,0.14,3,15,4,4,11,0.224,NA,NA,NA
"2377","2021_12_TB_IND","202111280clt",2021,12,"REG","TB","IND","Tom Brady","BradTo00",1,0.029,NA,NA,3,0.088,2,9,1,1,4,0.111,NA,NA,NA
"2378","2021_12_ATL_JAX","202111280jax",2021,12,"REG","JAX","ATL","Trevor Lawrence","LawrTr00",2,0.05,NA,NA,12,0.3,1,12,5,5,11,0.25,NA,NA,NA
"2379","2021_12_ATL_JAX","202111280jax",2021,12,"REG","ATL","JAX","Matt Ryan","RyanMa00",1,0.036,NA,NA,4,0.143,1,15,0,3,4,0.129,NA,NA,NA
"2380","2021_12_CAR_MIA","202111280mia",2021,12,"REG","MIA","CAR","Tua Tagovailoa","TagoTu00",0,0,NA,NA,1,0.032,2,14,7,0,9,0.273,NA,NA,NA
"2381","2021_12_CAR_MIA","202111280mia",2021,12,"REG","CAR","MIA","Cam Newton","NewtCa00",4,0.19,NA,NA,7,0.333,1,7,6,3,10,0.455,NA,NA,NA
"2382","2021_12_CAR_MIA","202111280mia",2021,12,"REG","CAR","MIA","P.J. Walker","WalkPh00",0,0,NA,NA,4,0.4,4,1,2,2,8,0.571,NA,NA,NA
"2383","2021_12_TEN_NE","202111280nwe",2021,12,"REG","NE","TEN","Mac Jones","JoneMa05",0,0,NA,NA,6,0.188,2,8,2,4,8,0.229,NA,NA,NA
"2384","2021_12_TEN_NE","202111280nwe",2021,12,"REG","TEN","NE","Ryan Tannehill","TannRy00",0,0,NA,NA,2,0.095,2,8,0,3,5,0.192,NA,NA,NA
"2385","2021_12_PHI_NYG","202111280nyg",2021,12,"REG","NYG","PHI","Daniel Jones","JoneDa05",1,0.034,NA,NA,5,0.172,1,6,2,4,7,0.212,NA,NA,NA
"2386","2021_12_PHI_NYG","202111280nyg",2021,12,"REG","PHI","NYG","Jalen Hurts","HurtJa00",2,0.069,NA,NA,3,0.103,1,6,4,1,6,0.176,NA,NA,NA
"2387","2021_12_LAC_DEN","202111280den",2021,12,"REG","DEN","LAC","Teddy Bridgewater","BridTe00",0,0,NA,NA,4,0.235,0,8,4,2,6,0.316,NA,NA,NA
"2388","2021_12_LAC_DEN","202111280den",2021,12,"REG","DEN","LAC","Drew Lock","LockDr00",0,0,NA,NA,0,0,1,2,2,0,3,0.375,NA,NA,NA
"2389","2021_12_LAC_DEN","202111280den",2021,12,"REG","LAC","DEN","Justin Herbert","HerbJu00",4,0.091,NA,NA,4,0.091,3,6,5,6,14,0.275,NA,NA,NA
"2390","2021_12_LA_GB","202111280gnb",2021,12,"REG","GB","LA","Aaron Rodgers","RodgAa00",0,0,NA,NA,12,0.273,1,13,4,4,9,0.196,NA,NA,NA
"2391","2021_12_LA_GB","202111280gnb",2021,12,"REG","LA","GB","Matthew Stafford","StafMa00",3,0.079,NA,NA,7,0.184,2,2,4,3,9,0.225,NA,NA,NA
"2392","2021_12_LA_GB","202111280gnb",2021,12,"REG","LA","GB","Cooper Kupp","KuppCo00",0,0,NA,NA,0,0,0,1,1,0,1,1,NA,NA,NA
"2393","2021_12_MIN_SF","202111280sfo",2021,12,"REG","SF","MIN","Jimmy Garoppolo","GaroJi00",1,0.038,NA,NA,6,0.231,2,4,2,4,8,0.286,NA,NA,NA
"2394","2021_12_MIN_SF","202111280sfo",2021,12,"REG","MIN","SF","Kirk Cousins","CousKi00",1,0.031,NA,NA,8,0.25,1,6,2,2,5,0.152,NA,NA,NA
"2395","2021_12_MIN_SF","202111280sfo",2021,12,"REG","MIN","SF","Justin Jefferson","JeffJu00",0,0,NA,NA,0,0,0,1,0,0,0,0,NA,NA,NA
"2396","2021_12_CLE_BAL","202111280rav",2021,12,"REG","BAL","CLE","Lamar Jackson","JackLa00",0,0,NA,NA,10,0.313,2,11,0,2,4,0.108,NA,NA,NA
"2397","2021_12_CLE_BAL","202111280rav",2021,12,"REG","CLE","BAL","Baker Mayfield","MayfBa00",0,0,NA,NA,9,0.265,2,16,2,3,7,0.175,NA,NA,NA
"2398","2021_12_SEA_WAS","202111290was",2021,12,"REG","WAS","SEA","Taylor Heinicke","HeinTa00",1,0.029,NA,NA,3,0.088,1,13,6,1,8,0.211,NA,NA,NA
"2399","2021_12_SEA_WAS","202111290was",2021,12,"REG","SEA","WAS","Russell Wilson","WilsRu00",0,0,NA,NA,8,0.258,2,10,3,8,13,0.382,NA,NA,NA
"2400","2021_13_DAL_NO","202112020nor",2021,13,"REG","NO","DAL","Taysom Hill","HillTa00",3,0.073,NA,NA,11,0.268,2,10,9,4,15,0.319,NA,NA,NA
"2401","2021_13_DAL_NO","202112020nor",2021,13,"REG","DAL","NO","Dak Prescott","PresDa01",0,0,NA,NA,7,0.175,1,9,3,6,10,0.244,NA,NA,NA
"2402","2021_13_TB_ATL","202112050atl",2021,13,"REG","ATL","TB","Matt Ryan","RyanMa00",2,0.05,NA,NA,4,0.1,5,18,2,6,13,0.277,NA,NA,NA
"2403","2021_13_TB_ATL","202112050atl",2021,13,"REG","TB","ATL","Tom Brady","BradTo00",2,0.039,NA,NA,8,0.157,0,16,1,1,2,0.039,NA,NA,NA
"2404","2021_13_ARI_CHI","202112050chi",2021,13,"REG","CHI","ARI","Andy Dalton","DaltAn00",4,0.1,NA,NA,7,0.175,3,25,7,2,12,0.267,NA,NA,NA
"2405","2021_13_ARI_CHI","202112050chi",2021,13,"REG","ARI","CHI","Kyler Murray","MurrKy00",1,0.067,NA,NA,2,0.133,1,4,2,0,3,0.15,NA,NA,NA
"2406","2021_13_LAC_CIN","202112050cin",2021,13,"REG","CIN","LAC","Joe Burrow","BurrJo01",4,0.105,NA,NA,6,0.158,6,10,6,5,17,0.362,NA,NA,NA
"2407","2021_13_LAC_CIN","202112050cin",2021,13,"REG","LAC","CIN","Justin Herbert","HerbJu00",0,0,NA,NA,5,0.143,4,8,5,5,14,0.35,NA,NA,NA
"2408","2021_13_MIN_DET","202112050det",2021,13,"REG","DET","MIN","Jared Goff","GoffJa00",4,0.105,NA,NA,6,0.158,3,7,3,3,9,0.2,NA,NA,NA
"2409","2021_13_MIN_DET","202112050det",2021,13,"REG","MIN","DET","Kirk Cousins","CousKi00",0,0,NA,NA,6,0.15,3,14,3,4,10,0.227,NA,NA,NA
"2410","2021_13_MIN_DET","202112050det",2021,13,"REG","MIN","DET","Justin Jefferson","JeffJu00",0,0,NA,NA,1,1,0,0,0,1,1,1,NA,NA,NA
"2411","2021_13_IND_HOU","202112050htx",2021,13,"REG","HOU","IND","Davis Mills","MillDa02",1,0.077,NA,NA,3,0.231,2,8,2,4,8,0.444,NA,NA,NA
"2412","2021_13_IND_HOU","202112050htx",2021,13,"REG","HOU","IND","Tyrod Taylor","TaylTy00",0,0,NA,NA,6,0.462,2,6,1,3,6,0.353,NA,NA,NA
"2413","2021_13_IND_HOU","202112050htx",2021,13,"REG","IND","HOU","Carson Wentz","WentCa00",1,0.045,NA,NA,4,0.182,1,9,2,2,5,0.208,NA,NA,NA
"2414","2021_13_NYG_MIA","202112050mia",2021,13,"REG","MIA","NYG","Tua Tagovailoa","TagoTu00",2,0.049,NA,NA,5,0.122,2,11,2,1,5,0.114,NA,NA,NA
"2415","2021_13_NYG_MIA","202112050mia",2021,13,"REG","NYG","MIA","Mike Glennon","GlenMi00",4,0.105,NA,NA,6,0.158,3,16,2,5,10,0.213,NA,NA,NA
"2416","2021_13_PHI_NYJ","202112050nyj",2021,13,"REG","NYJ","PHI","Zach Wilson","WilsZa00",4,0.111,NA,NA,8,0.222,2,3,6,2,10,0.25,NA,NA,NA
"2417","2021_13_PHI_NYJ","202112050nyj",2021,13,"REG","PHI","NYJ","Gardner Minshew II","MinsGa00",0,0,NA,NA,0,0,2,5,2,2,6,0.214,NA,NA,NA
"2418","2021_13_JAX_LA","202112050ram",2021,13,"REG","LA","JAX","Matthew Stafford","StafMa00",3,0.081,NA,NA,7,0.189,1,17,4,0,5,0.128,NA,NA,NA
"2419","2021_13_JAX_LA","202112050ram",2021,13,"REG","JAX","LA","Trevor Lawrence","LawrTr00",2,0.071,NA,NA,6,0.214,2,4,6,2,10,0.303,NA,NA,NA
"2420","2021_13_WAS_LV","202112050rai",2021,13,"REG","LV","WAS","Derek Carr","CarrDe02",1,0.027,NA,NA,3,0.081,2,11,3,1,6,0.143,NA,NA,NA
"2421","2021_13_WAS_LV","202112050rai",2021,13,"REG","WAS","LV","Taylor Heinicke","HeinTa00",0,0,NA,NA,5,0.167,1,4,4,4,9,0.273,NA,NA,NA
"2422","2021_13_BAL_PIT","202112050pit",2021,13,"REG","PIT","BAL","Ben Roethlisberger","RoetBe00",2,0.067,NA,NA,4,0.133,1,13,3,2,6,0.188,NA,NA,NA
"2423","2021_13_BAL_PIT","202112050pit",2021,13,"REG","BAL","PIT","Lamar Jackson","JackLa00",6,0.162,NA,NA,4,0.108,7,18,7,2,16,0.34,NA,NA,NA
"2424","2021_13_SF_SEA","202112050sea",2021,13,"REG","SEA","SF","Russell Wilson","WilsRu00",1,0.027,NA,NA,5,0.135,4,11,3,3,10,0.233,NA,NA,NA
"2425","2021_13_SF_SEA","202112050sea",2021,13,"REG","SF","SEA","Jimmy Garoppolo","GaroJi00",2,0.067,NA,NA,4,0.133,1,5,2,2,5,0.161,NA,NA,NA
"2426","2021_13_DEN_KC","202112050kan",2021,13,"REG","KC","DEN","Patrick Mahomes","MahoPa00",4,0.148,NA,NA,7,0.259,1,5,9,2,12,0.375,NA,NA,NA
"2427","2021_13_DEN_KC","202112050kan",2021,13,"REG","DEN","KC","Teddy Bridgewater","BridTe00",1,0.028,NA,NA,6,0.167,1,9,10,5,16,0.364,NA,NA,NA
"2428","2021_13_NE_BUF","202112060buf",2021,13,"REG","BUF","NE","Josh Allen","AlleJo02",3,0.1,NA,NA,7,0.233,2,12,5,3,10,0.278,NA,NA,NA
"2429","2021_13_NE_BUF","202112060buf",2021,13,"REG","NE","BUF","Mac Jones","JoneMa05",0,0,NA,NA,0,0,0,2,2,0,2,0.667,NA,NA,NA
"2430","2021_14_PIT_MIN","202112090min",2021,14,"REG","MIN","PIT","Kirk Cousins","CousKi00",2,0.065,NA,NA,8,0.258,0,12,1,6,7,0.219,NA,NA,NA
"2431","2021_14_PIT_MIN","202112090min",2021,14,"REG","PIT","MIN","Ben Roethlisberger","RoetBe00",3,0.077,NA,NA,2,0.051,5,12,1,2,8,0.174,NA,NA,NA
"2432","2021_14_ATL_CAR","202112120car",2021,14,"REG","CAR","ATL","Cam Newton","NewtCa00",1,0.043,NA,NA,3,0.13,1,8,3,1,5,0.185,NA,NA,NA
"2433","2021_14_ATL_CAR","202112120car",2021,14,"REG","CAR","ATL","P.J. Walker","WalkPh00",1,0.083,NA,NA,3,0.25,0,3,1,2,3,0.25,NA,NA,NA
"2434","2021_14_ATL_CAR","202112120car",2021,14,"REG","ATL","CAR","Matt Ryan","RyanMa00",2,0.074,NA,NA,4,0.148,0,7,5,7,12,0.429,NA,NA,NA
"2435","2021_14_BAL_CLE","202112120cle",2021,14,"REG","CLE","BAL","Baker Mayfield","MayfBa00",2,0.065,NA,NA,4,0.129,0,10,3,1,4,0.114,NA,NA,NA
"2436","2021_14_BAL_CLE","202112120cle",2021,14,"REG","BAL","CLE","Tyler Huntley","HuntTy01",0,0,NA,NA,7,0.194,3,8,4,3,10,0.217,NA,NA,NA
"2437","2021_14_BAL_CLE","202112120cle",2021,14,"REG","BAL","CLE","Lamar Jackson","JackLa00",0,0,NA,NA,0,0,1,2,0,1,2,0.4,NA,NA,NA
"2438","2021_14_SEA_HOU","202112120htx",2021,14,"REG","HOU","SEA","Davis Mills","MillDa02",0,0,NA,NA,11,0.229,2,8,3,2,7,0.132,NA,NA,NA
"2439","2021_14_SEA_HOU","202112120htx",2021,14,"REG","SEA","HOU","Russell Wilson","WilsRu00",1,0.036,NA,NA,7,0.25,0,5,8,1,9,0.31,NA,NA,NA
"2440","2021_14_LV_KC","202112120kan",2021,14,"REG","KC","LV","Patrick Mahomes","MahoPa00",0,0,NA,NA,1,0.045,3,2,1,1,5,0.167,NA,NA,NA
"2441","2021_14_LV_KC","202112120kan",2021,14,"REG","LV","KC","Derek Carr","CarrDe02",5,0.116,NA,NA,4,0.093,4,11,3,5,12,0.245,NA,NA,NA
"2442","2021_14_NO_NYJ","202112120nyj",2021,14,"REG","NYJ","NO","Zach Wilson","WilsZa00",2,0.05,NA,NA,15,0.375,3,12,3,2,8,0.163,NA,NA,NA
"2443","2021_14_NO_NYJ","202112120nyj",2021,14,"REG","NO","NYJ","Taysom Hill","HillTa00",1,0.048,NA,NA,4,0.19,3,5,0,0,3,0.111,NA,NA,NA
"2444","2021_14_JAX_TEN","202112120oti",2021,14,"REG","TEN","JAX","Ryan Tannehill","TannRy00",2,0.067,NA,NA,8,0.267,4,10,5,6,15,0.395,NA,NA,NA
"2445","2021_14_JAX_TEN","202112120oti",2021,14,"REG","JAX","TEN","Trevor Lawrence","LawrTr00",1,0.027,NA,NA,4,0.108,3,10,9,3,15,0.341,NA,NA,NA
"2446","2021_14_DAL_WAS","202112120was",2021,14,"REG","WAS","DAL","Taylor Heinicke","HeinTa00",2,0.08,NA,NA,6,0.24,4,12,2,3,9,0.3,NA,NA,NA
"2447","2021_14_DAL_WAS","202112120was",2021,14,"REG","WAS","DAL","Kyle Allen","AlleKy00",2,0.25,NA,NA,1,0.125,1,2,0,1,2,0.2,NA,NA,NA
"2448","2021_14_DAL_WAS","202112120was",2021,14,"REG","DAL","WAS","Dak Prescott","PresDa01",5,0.128,NA,NA,8,0.205,4,10,0,2,6,0.13,NA,NA,NA
"2449","2021_14_DET_DEN","202112120den",2021,14,"REG","DEN","DET","Teddy Bridgewater","BridTe00",1,0.04,NA,NA,5,0.2,1,4,3,3,7,0.269,NA,NA,NA
"2450","2021_14_DET_DEN","202112120den",2021,14,"REG","DET","DEN","Jared Goff","GoffJa00",0,0,NA,NA,8,0.211,2,7,3,2,7,0.167,NA,NA,NA
"2451","2021_14_NYG_LAC","202112120sdg",2021,14,"REG","LAC","NYG","Justin Herbert","HerbJu00",1,0.033,NA,NA,5,0.167,2,7,1,4,7,0.2,NA,NA,NA
"2452","2021_14_NYG_LAC","202112120sdg",2021,14,"REG","NYG","LAC","Mike Glennon","GlenMi00",3,0.091,NA,NA,4,0.121,2,4,2,6,10,0.256,NA,NA,NA
"2453","2021_14_NYG_LAC","202112120sdg",2021,14,"REG","NYG","LAC","Riley Dixon","DixoRi00",0,0,NA,NA,1,1,0,0,0,0,0,0,NA,NA,NA
"2454","2021_14_SF_CIN","202112120cin",2021,14,"REG","CIN","SF","Joe Burrow","BurrJo01",3,0.088,NA,NA,2,0.059,5,4,1,2,8,0.2,NA,NA,NA
"2455","2021_14_SF_CIN","202112120cin",2021,14,"REG","SF","CIN","Jimmy Garoppolo","GaroJi00",2,0.053,NA,NA,1,0.026,5,10,0,5,10,0.217,NA,NA,NA
"2456","2021_14_BUF_TB","202112120tam",2021,14,"REG","TB","BUF","Tom Brady","BradTo00",1,0.022,NA,NA,10,0.217,2,12,1,2,5,0.1,NA,NA,NA
"2457","2021_14_BUF_TB","202112120tam",2021,14,"REG","BUF","TB","Josh Allen","AlleJo02",0,0,NA,NA,10,0.2,3,27,8,7,18,0.286,NA,NA,NA
"2458","2021_14_CHI_GB","202112120gnb",2021,14,"REG","GB","CHI","Aaron Rodgers","RodgAa00",0,0,NA,NA,4,0.114,3,18,4,1,8,0.2,NA,NA,NA
"2459","2021_14_CHI_GB","202112120gnb",2021,14,"REG","CHI","GB","Justin Fields","FielJu00",3,0.094,NA,NA,5,0.156,2,10,5,7,14,0.326,NA,NA,NA
"2460","2021_14_LA_ARI","202112130crd",2021,14,"REG","ARI","LA","Kyler Murray","MurrKy00",1,0.02,NA,NA,10,0.204,4,14,12,2,18,0.305,NA,NA,NA
"2461","2021_14_LA_ARI","202112130crd",2021,14,"REG","LA","ARI","Matthew Stafford","StafMa00",2,0.067,NA,NA,4,0.133,3,11,5,2,10,0.303,NA,NA,NA
"2462","2021_15_KC_LAC","202112160sdg",2021,15,"REG","LAC","KC","Justin Herbert","HerbJu00",3,0.083,NA,NA,3,0.083,0,13,7,3,10,0.244,NA,NA,NA
"2463","2021_15_KC_LAC","202112160sdg",2021,15,"REG","LAC","KC","Keenan Allen","AlleKe00",0,0,NA,NA,1,1,0,0,0,0,0,0,NA,NA,NA
"2464","2021_15_KC_LAC","202112160sdg",2021,15,"REG","KC","LAC","Patrick Mahomes","MahoPa00",0,0,NA,NA,11,0.244,1,18,6,4,11,0.22,NA,NA,NA
"2465","2021_15_NE_IND","202112180clt",2021,15,"REG","IND","NE","Carson Wentz","WentCa00",1,0.083,NA,NA,3,0.25,1,4,0,0,1,0.071,NA,NA,NA
"2466","2021_15_NE_IND","202112180clt",2021,15,"REG","NE","IND","Mac Jones","JoneMa05",1,0.023,NA,NA,13,0.295,1,14,0,4,5,0.106,NA,NA,NA
"2467","2021_15_CAR_BUF","202112190buf",2021,15,"REG","BUF","CAR","Josh Allen","AlleJo02",2,0.065,NA,NA,9,0.29,4,17,5,2,11,0.282,NA,NA,NA
"2468","2021_15_CAR_BUF","202112190buf",2021,15,"REG","CAR","BUF","Cam Newton","NewtCa00",1,0.028,NA,NA,10,0.278,4,22,5,2,11,0.244,NA,NA,NA
"2469","2021_15_ARI_DET","202112190det",2021,15,"REG","DET","ARI","Jared Goff","GoffJa00",0,0,NA,NA,3,0.115,2,9,2,3,7,0.25,NA,NA,NA
"2470","2021_15_ARI_DET","202112190det",2021,15,"REG","ARI","DET","Kyler Murray","MurrKy00",4,0.105,NA,NA,4,0.105,2,11,3,1,6,0.14,NA,NA,NA
"2471","2021_15_ARI_DET","202112190det",2021,15,"REG","ARI","DET","Colt McCoy","McCoCo00",0,0,NA,NA,1,0.111,0,2,0,0,0,0,NA,NA,NA
"2472","2021_15_HOU_JAX","202112190jax",2021,15,"REG","JAX","HOU","Trevor Lawrence","LawrTr00",5,0.139,NA,NA,6,0.167,3,5,2,1,6,0.143,NA,NA,NA
"2473","2021_15_HOU_JAX","202112190jax",2021,15,"REG","HOU","JAX","Davis Mills","MillDa02",1,0.033,NA,NA,5,0.167,1,11,1,2,4,0.129,NA,NA,NA
"2474","2021_15_NYJ_MIA","202112190mia",2021,15,"REG","MIA","NYJ","Tua Tagovailoa","TagoTu00",0,0,NA,NA,3,0.115,1,9,6,3,10,0.323,NA,NA,NA
"2475","2021_15_NYJ_MIA","202112190mia",2021,15,"REG","NYJ","MIA","Zach Wilson","WilsZa00",0,0,NA,NA,4,0.19,6,14,5,2,13,0.406,NA,NA,NA
"2476","2021_15_NYJ_MIA","202112190mia",2021,15,"REG","NYJ","MIA","Keelan Cole","ColeKe00",0,0,NA,NA,0,0,0,1,0,1,1,1,NA,NA,NA
"2477","2021_15_DAL_NYG","202112190nyg",2021,15,"REG","NYG","DAL","Mike Glennon","GlenMi00",1,0.042,NA,NA,3,0.125,0,7,3,1,4,0.167,NA,NA,NA
"2478","2021_15_DAL_NYG","202112190nyg",2021,15,"REG","NYG","DAL","Jake Fromm","FromJa00",1,0.083,NA,NA,3,0.25,1,2,2,1,4,0.308,NA,NA,NA
"2479","2021_15_DAL_NYG","202112190nyg",2021,15,"REG","DAL","NYG","Dak Prescott","PresDa01",3,0.081,NA,NA,2,0.054,3,15,3,3,9,0.225,NA,NA,NA
"2480","2021_15_TEN_PIT","202112190pit",2021,15,"REG","PIT","TEN","Ben Roethlisberger","RoetBe00",1,0.04,NA,NA,6,0.24,3,6,3,0,6,0.214,NA,NA,NA
"2481","2021_15_TEN_PIT","202112190pit",2021,15,"REG","TEN","PIT","Ryan Tannehill","TannRy00",3,0.094,NA,NA,4,0.125,4,10,3,3,10,0.27,NA,NA,NA
"2482","2021_15_CIN_DEN","202112190den",2021,15,"REG","DEN","CIN","Teddy Bridgewater","BridTe00",2,0.1,NA,NA,5,0.25,2,7,2,1,5,0.2,NA,NA,NA
"2483","2021_15_CIN_DEN","202112190den",2021,15,"REG","DEN","CIN","Drew Lock","LockDr00",1,0.083,NA,NA,3,0.25,1,5,0,1,2,0.154,NA,NA,NA
"2484","2021_15_CIN_DEN","202112190den",2021,15,"REG","CIN","DEN","Joe Burrow","BurrJo01",0,0,NA,NA,4,0.19,3,3,3,2,8,0.276,NA,NA,NA
"2485","2021_15_ATL_SF","202112190sfo",2021,15,"REG","SF","ATL","Jimmy Garoppolo","GaroJi00",2,0.087,NA,NA,2,0.087,0,4,0,3,3,0.13,NA,NA,NA
"2486","2021_15_ATL_SF","202112190sfo",2021,15,"REG","SF","ATL","Deebo Samuel","SamuDe00",0,0,NA,NA,0,0,0,0,0,0,0,0,NA,NA,NA
"2487","2021_15_ATL_SF","202112190sfo",2021,15,"REG","ATL","SF","Matt Ryan","RyanMa00",3,0.1,NA,NA,3,0.1,3,5,3,7,13,0.333,NA,NA,NA
"2488","2021_15_GB_BAL","202112190rav",2021,15,"REG","BAL","GB","Tyler Huntley","HuntTy01",0,0,NA,NA,7,0.179,1,10,6,1,8,0.163,NA,NA,NA
"2489","2021_15_GB_BAL","202112190rav",2021,15,"REG","GB","BAL","Aaron Rodgers","RodgAa00",1,0.032,NA,NA,7,0.226,3,2,4,0,7,0.194,NA,NA,NA
"2490","2021_15_NO_TB","202112190tam",2021,15,"REG","TB","NO","Tom Brady","BradTo00",6,0.125,NA,NA,11,0.229,4,6,3,3,10,0.189,NA,NA,NA
"2491","2021_15_NO_TB","202112190tam",2021,15,"REG","NO","TB","Taysom Hill","HillTa00",4,0.16,NA,NA,5,0.2,2,11,8,1,11,0.367,NA,NA,NA
"2492","2021_15_LV_CLE","202112200cle",2021,15,"REG","CLE","LV","Nick Mullens","MullNi00",2,0.069,NA,NA,2,0.069,0,6,5,4,9,0.3,NA,NA,NA
"2493","2021_15_LV_CLE","202112200cle",2021,15,"REG","LV","CLE","Derek Carr","CarrDe02",3,0.083,NA,NA,4,0.111,2,10,7,0,9,0.22,NA,NA,NA
"2494","2021_15_MIN_CHI","202112200chi",2021,15,"REG","CHI","MIN","Justin Fields","FielJu00",5,0.139,NA,NA,4,0.111,3,9,8,3,14,0.298,NA,NA,NA
"2495","2021_15_MIN_CHI","202112200chi",2021,15,"REG","MIN","CHI","Kirk Cousins","CousKi00",0,0,NA,NA,6,0.273,4,4,5,3,12,0.4,NA,NA,NA
"2496","2021_15_SEA_LA","202112210ram",2021,15,"REG","LA","SEA","Matthew Stafford","StafMa00",1,0.034,NA,NA,5,0.172,4,4,1,2,7,0.212,NA,NA,NA
"2497","2021_15_SEA_LA","202112210ram",2021,15,"REG","SEA","LA","Russell Wilson","WilsRu00",1,0.036,NA,NA,5,0.179,3,8,0,3,6,0.176,NA,NA,NA
"2498","2021_15_WAS_PHI","202112210phi",2021,15,"REG","PHI","WAS","Jalen Hurts","HurtJa00",3,0.115,NA,NA,3,0.115,3,8,8,0,11,0.344,NA,NA,NA
"2499","2021_15_WAS_PHI","202112210phi",2021,15,"REG","WAS","PHI","Garrett Gilbert","GilbGa01",1,0.033,NA,NA,6,0.2,2,10,2,5,9,0.273,NA,NA,NA
"2500","2021_16_SF_TEN","202112230oti",2021,16,"REG","TEN","SF","Ryan Tannehill","TannRy00",1,0.034,NA,NA,2,0.069,4,8,2,4,10,0.294,NA,NA,NA
"2501","2021_16_SF_TEN","202112230oti",2021,16,"REG","TEN","SF","A.J. Brown","BrowAJ00",0,0,NA,NA,1,1,0,0,0,0,0,0,NA,NA,NA
"2502","2021_16_SF_TEN","202112230oti",2021,16,"REG","SF","TEN","Jimmy Garoppolo","GaroJi00",1,0.029,NA,NA,5,0.143,2,3,2,0,4,0.108,NA,NA,NA
"2503","2021_16_CLE_GB","202112250gnb",2021,16,"REG","GB","CLE","Aaron Rodgers","RodgAa00",1,0.029,NA,NA,6,0.176,0,7,4,4,8,0.235,NA,NA,NA
"2504","2021_16_CLE_GB","202112250gnb",2021,16,"REG","CLE","GB","Baker Mayfield","MayfBa00",2,0.056,NA,NA,9,0.25,5,15,5,1,11,0.262,NA,NA,NA
"2505","2021_16_IND_ARI","202112250crd",2021,16,"REG","ARI","IND","Kyler Murray","MurrKy00",1,0.024,NA,NA,8,0.195,0,10,4,0,4,0.091,NA,NA,NA
"2506","2021_16_IND_ARI","202112250crd",2021,16,"REG","IND","ARI","Carson Wentz","WentCa00",3,0.107,NA,NA,4,0.143,2,9,2,5,9,0.29,NA,NA,NA
"2507","2021_16_DET_ATL","202112260atl",2021,16,"REG","ATL","DET","Matt Ryan","RyanMa00",1,0.045,NA,NA,0,0,3,8,2,1,6,0.222,NA,NA,NA
"2508","2021_16_DET_ATL","202112260atl",2021,16,"REG","DET","ATL","Tim Boyle","BoylTi00",0,0,NA,NA,8,0.235,0,3,2,2,4,0.118,NA,NA,NA
"2509","2021_16_DET_ATL","202112260atl",2021,16,"REG","DET","ATL","Jack Fox","FoxxJa01",0,0,NA,NA,0,0,0,1,0,0,0,0,NA,NA,NA
"2510","2021_16_TB_CAR","202112260car",2021,16,"REG","CAR","TB","Sam Darnold","DarnSa00",2,0.067,NA,NA,10,0.333,4,19,1,5,10,0.27,NA,NA,NA
"2511","2021_16_TB_CAR","202112260car",2021,16,"REG","CAR","TB","Cam Newton","NewtCa00",0,0,NA,NA,4,0.308,3,10,0,1,4,0.25,NA,NA,NA
"2512","2021_16_TB_CAR","202112260car",2021,16,"REG","TB","CAR","Tom Brady","BradTo00",3,0.111,NA,NA,4,0.148,0,17,0,1,1,0.032,NA,NA,NA
"2513","2021_16_TB_CAR","202112260car",2021,16,"REG","TB","CAR","Blaine Gabbert","GabbBl00",0,0,NA,NA,0,0,0,0,0,0,0,0,NA,NA,NA
"2514","2021_16_BAL_CIN","202112260cin",2021,16,"REG","CIN","BAL","Joe Burrow","BurrJo01",2,0.043,NA,NA,2,0.043,3,11,3,2,8,0.16,NA,NA,NA
"2515","2021_16_BAL_CIN","202112260cin",2021,16,"REG","BAL","CIN","Josh Johnson","JohnJo05",0,0,NA,NA,6,0.162,1,6,3,4,8,0.186,NA,NA,NA
"2516","2021_16_LAC_HOU","202112260htx",2021,16,"REG","HOU","LAC","Davis Mills","MillDa02",1,0.037,NA,NA,2,0.074,1,8,1,1,3,0.107,NA,NA,NA
"2517","2021_16_LAC_HOU","202112260htx",2021,16,"REG","LAC","HOU","Justin Herbert","HerbJu00",0,0,NA,NA,4,0.118,1,3,1,0,2,0.05,NA,NA,NA
"2518","2021_16_LA_MIN","202112260min",2021,16,"REG","MIN","LA","Kirk Cousins","CousKi00",0,0,NA,NA,5,0.135,3,7,3,2,8,0.182,NA,NA,NA
"2519","2021_16_LA_MIN","202112260min",2021,16,"REG","LA","MIN","Matthew Stafford","StafMa00",1,0.027,NA,NA,8,0.216,0,9,1,5,6,0.158,NA,NA,NA
"2520","2021_16_BUF_NE","202112260nwe",2021,16,"REG","NE","BUF","Mac Jones","JoneMa05",2,0.065,NA,NA,11,0.355,1,10,4,3,8,0.222,NA,NA,NA
"2521","2021_16_BUF_NE","202112260nwe",2021,16,"REG","BUF","NE","Josh Allen","AlleJo02",4,0.093,NA,NA,5,0.116,0,14,11,4,15,0.306,NA,NA,NA
"2522","2021_16_JAX_NYJ","202112260nyj",2021,16,"REG","NYJ","JAX","Zach Wilson","WilsZa00",2,0.095,NA,NA,2,0.095,1,8,3,1,5,0.192,NA,NA,NA
"2523","2021_16_JAX_NYJ","202112260nyj",2021,16,"REG","JAX","NYJ","Trevor Lawrence","LawrTr00",2,0.057,NA,NA,3,0.086,1,8,3,3,7,0.163,NA,NA,NA
"2524","2021_16_NYG_PHI","202112260phi",2021,16,"REG","PHI","NYG","Jalen Hurts","HurtJa00",3,0.107,NA,NA,2,0.071,1,8,5,4,10,0.333,NA,NA,NA
"2525","2021_16_NYG_PHI","202112260phi",2021,16,"REG","NYG","PHI","Mike Glennon","GlenMi00",1,0.04,NA,NA,2,0.08,0,1,2,1,3,0.103,NA,NA,NA
"2526","2021_16_NYG_PHI","202112260phi",2021,16,"REG","NYG","PHI","Jake Fromm","FromJa00",1,0.063,NA,NA,7,0.438,2,4,3,3,8,0.364,NA,NA,NA
"2527","2021_16_CHI_SEA","202112260sea",2021,16,"REG","SEA","CHI","Russell Wilson","WilsRu00",0,0,NA,NA,6,0.222,2,3,4,2,8,0.267,NA,NA,NA
"2528","2021_16_CHI_SEA","202112260sea",2021,16,"REG","CHI","SEA","Nick Foles","FoleNi00",1,0.029,NA,NA,4,0.114,4,5,4,1,9,0.225,NA,NA,NA
"2529","2021_16_PIT_KC","202112260kan",2021,16,"REG","KC","PIT","Patrick Mahomes","MahoPa00",1,0.034,NA,NA,3,0.103,2,6,3,1,6,0.188,NA,NA,NA
"2530","2021_16_PIT_KC","202112260kan",2021,16,"REG","PIT","KC","Ben Roethlisberger","RoetBe00",3,0.086,NA,NA,7,0.2,2,7,3,0,5,0.135,NA,NA,NA
"2531","2021_16_PIT_KC","202112260kan",2021,16,"REG","PIT","KC","Mason Rudolph","RudoMa00",1,0.143,NA,NA,0,0,0,3,0,1,1,0.111,NA,NA,NA
"2532","2021_16_DEN_LV","202112260rai",2021,16,"REG","LV","DEN","Derek Carr","CarrDe02",0,0,NA,NA,3,0.12,2,8,1,2,5,0.172,NA,NA,NA
"2533","2021_16_DEN_LV","202112260rai",2021,16,"REG","DEN","LV","Drew Lock","LockDr00",3,0.136,NA,NA,4,0.182,2,3,3,1,6,0.24,NA,NA,NA
"2534","2021_16_WAS_DAL","202112260dal",2021,16,"REG","DAL","WAS","Dak Prescott","PresDa01",2,0.051,NA,NA,7,0.179,3,12,3,2,8,0.182,NA,NA,NA
"2535","2021_16_WAS_DAL","202112260dal",2021,16,"REG","DAL","WAS","Cooper Rush","RushCo00",0,0,NA,NA,0,0,0,0,0,0,0,0,NA,NA,NA
"2536","2021_16_WAS_DAL","202112260dal",2021,16,"REG","WAS","DAL","Taylor Heinicke","HeinTa00",2,0.095,NA,NA,8,0.381,4,14,4,4,12,0.462,NA,NA,NA
"2537","2021_16_WAS_DAL","202112260dal",2021,16,"REG","WAS","DAL","Kyle Allen","AlleKy00",0,0,NA,NA,1,0.1,1,2,2,0,3,0.273,NA,NA,NA
"2538","2021_16_MIA_NO","202112270nor",2021,16,"REG","NO","MIA","Ian Book","BookIa00",2,0.111,NA,NA,3,0.167,8,15,5,4,17,0.567,NA,NA,NA
"2539","2021_16_MIA_NO","202112270nor",2021,16,"REG","MIA","NO","Tua Tagovailoa","TagoTu00",0,0,NA,NA,6,0.231,2,6,2,1,5,0.172,NA,NA,NA
"2540","2021_17_LA_BAL","202201020rav",2021,17,"REG","BAL","LA","Tyler Huntley","HuntTy01",1,0.034,NA,NA,6,0.207,5,10,3,1,9,0.231,NA,NA,NA
"2541","2021_17_LA_BAL","202201020rav",2021,17,"REG","LA","BAL","Matthew Stafford","StafMa00",3,0.086,NA,NA,3,0.086,1,6,0,3,4,0.111,NA,NA,NA
"2542","2021_17_ATL_BUF","202201020buf",2021,17,"REG","BUF","ATL","Josh Allen","AlleJo02",3,0.125,NA,NA,8,0.333,0,7,5,2,7,0.233,NA,NA,NA
"2543","2021_17_ATL_BUF","202201020buf",2021,17,"REG","ATL","BUF","Matt Ryan","RyanMa00",1,0.048,NA,NA,4,0.19,5,4,4,3,12,0.414,NA,NA,NA
"2544","2021_17_NYG_CHI","202201020chi",2021,17,"REG","CHI","NYG","Andy Dalton","DaltAn00",1,0.031,NA,NA,6,0.188,2,9,3,3,8,0.2,NA,NA,NA
"2545","2021_17_NYG_CHI","202201020chi",2021,17,"REG","CHI","NYG","David Montgomery","MontDa01",0,0,NA,NA,0,0,0,1,0,0,0,0,NA,NA,NA
"2546","2021_17_NYG_CHI","202201020chi",2021,17,"REG","NYG","CHI","Mike Glennon","GlenMi00",1,0.091,NA,NA,3,0.273,4,4,0,2,6,0.375,NA,NA,NA
"2547","2021_17_KC_CIN","202201020cin",2021,17,"REG","CIN","KC","Joe Burrow","BurrJo01",2,0.053,NA,NA,3,0.079,4,10,2,6,12,0.267,NA,NA,NA
"2548","2021_17_KC_CIN","202201020cin",2021,17,"REG","CIN","KC","Brandon Allen","AlleBr00",0,0,NA,NA,0,0,0,0,0,0,0,0,NA,NA,NA
"2549","2021_17_KC_CIN","202201020cin",2021,17,"REG","KC","CIN","Patrick Mahomes","MahoPa00",0,0,NA,NA,3,0.088,0,6,5,4,9,0.243,NA,NA,NA
"2550","2021_17_LV_IND","202201020clt",2021,17,"REG","IND","LV","Carson Wentz","WentCa00",1,0.042,NA,NA,5,0.208,1,4,2,6,9,0.31,NA,NA,NA
"2551","2021_17_LV_IND","202201020clt",2021,17,"REG","LV","IND","Derek Carr","CarrDe02",0,0,NA,NA,3,0.097,2,6,1,4,7,0.212,NA,NA,NA
"2552","2021_17_LV_IND","202201020clt",2021,17,"REG","LV","IND","Marcus Mariota","MariMa01",0,0,NA,NA,0,0,0,0,0,0,0,0,NA,NA,NA
"2553","2021_17_JAX_NE","202201020nwe",2021,17,"REG","NE","JAX","Mac Jones","JoneMa05",2,0.069,NA,NA,2,0.069,0,15,2,0,2,0.065,NA,NA,NA
"2554","2021_17_JAX_NE","202201020nwe",2021,17,"REG","NE","JAX","Brian Hoyer","HoyeBr00",0,0,NA,NA,0,0,0,1,0,0,0,0,NA,NA,NA
"2555","2021_17_JAX_NE","202201020nwe",2021,17,"REG","JAX","NE","Trevor Lawrence","LawrTr00",0,0,NA,NA,4,0.148,2,4,1,1,4,0.129,NA,NA,NA
"2556","2021_17_TB_NYJ","202201020nyj",2021,17,"REG","NYJ","TB","Zach Wilson","WilsZa00",1,0.033,NA,NA,7,0.233,1,17,6,3,10,0.294,NA,NA,NA
"2557","2021_17_TB_NYJ","202201020nyj",2021,17,"REG","TB","NYJ","Tom Brady","BradTo00",1,0.02,NA,NA,11,0.224,1,12,0,3,4,0.078,NA,NA,NA
"2558","2021_17_MIA_TEN","202201020oti",2021,17,"REG","TEN","MIA","Ryan Tannehill","TannRy00",2,0.111,NA,NA,1,0.056,1,11,1,1,3,0.158,NA,NA,NA
"2559","2021_17_MIA_TEN","202201020oti",2021,17,"REG","MIA","TEN","Tua Tagovailoa","TagoTu00",3,0.081,NA,NA,11,0.297,4,4,4,1,9,0.209,NA,NA,NA
"2560","2021_17_MIA_TEN","202201020oti",2021,17,"REG","MIA","TEN","Mike Gesicki","GesiMi00",0,0,NA,NA,1,1,0,0,0,0,0,0,NA,NA,NA
"2561","2021_17_PHI_WAS","202201020was",2021,17,"REG","WAS","PHI","Taylor Heinicke","HeinTa00",0,0,NA,NA,1,0.029,3,6,4,1,8,0.195,NA,NA,NA
"2562","2021_17_PHI_WAS","202201020was",2021,17,"REG","PHI","WAS","Jalen Hurts","HurtJa00",0,0,NA,NA,5,0.2,1,10,8,2,11,0.379,NA,NA,NA
"2563","2021_17_DEN_LAC","202201020sdg",2021,17,"REG","LAC","DEN","Justin Herbert","HerbJu00",2,0.067,NA,NA,3,0.1,0,8,3,3,6,0.188,NA,NA,NA
"2564","2021_17_DEN_LAC","202201020sdg",2021,17,"REG","DEN","LAC","Drew Lock","LockDr00",1,0.04,NA,NA,5,0.2,1,5,1,1,3,0.107,NA,NA,NA
"2565","2021_17_DEN_LAC","202201020sdg",2021,17,"REG","DEN","LAC","Brett Rypien","RypiBr00",0,0,NA,NA,1,1,0,1,0,0,0,0,NA,NA,NA
"2566","2021_17_DEN_LAC","202201020sdg",2021,17,"REG","DEN","LAC","Kendall Hinton","HintKe00",0,0,NA,NA,0,0,0,0,0,1,1,1,NA,NA,NA
"2567","2021_17_HOU_SF","202201020sfo",2021,17,"REG","SF","HOU","Trey Lance","LancTr00",0,0,NA,NA,4,0.174,1,7,1,1,3,0.115,NA,NA,NA
"2568","2021_17_HOU_SF","202201020sfo",2021,17,"REG","HOU","SF","Davis Mills","MillDa02",1,0.033,NA,NA,6,0.2,3,5,1,4,8,0.222,NA,NA,NA
"2569","2021_17_ARI_DAL","202201020dal",2021,17,"REG","DAL","ARI","Dak Prescott","PresDa01",3,0.081,NA,NA,4,0.108,1,17,3,5,9,0.214,NA,NA,NA
"2570","2021_17_ARI_DAL","202201020dal",2021,17,"REG","DAL","ARI","Cedrick Wilson Jr.","WilsCe01",0,0,NA,NA,0,0,0,0,0,0,0,0,NA,NA,NA
"2571","2021_17_ARI_DAL","202201020dal",2021,17,"REG","ARI","DAL","Kyler Murray","MurrKy00",0,0,NA,NA,6,0.167,1,16,3,3,7,0.175,NA,NA,NA
"2572","2021_17_ARI_DAL","202201020dal",2021,17,"REG","ARI","DAL","Chris Banjo","BanjCh00",0,0,NA,NA,0,0,0,0,0,0,0,0,NA,NA,NA
"2573","2021_17_CAR_NO","202201020nor",2021,17,"REG","NO","CAR","Taysom Hill","HillTa00",3,0.125,NA,NA,3,0.125,2,9,1,4,7,0.206,NA,NA,NA
"2574","2021_17_CAR_NO","202201020nor",2021,17,"REG","CAR","NO","Sam Darnold","DarnSa00",2,0.083,NA,NA,2,0.083,7,7,3,3,13,0.382,NA,NA,NA
"2575","2021_17_DET_SEA","202201020sea",2021,17,"REG","SEA","DET","Russell Wilson","WilsRu00",3,0.107,NA,NA,4,0.143,1,15,4,2,7,0.219,NA,NA,NA
"2576","2021_17_DET_SEA","202201020sea",2021,17,"REG","DET","SEA","Tim Boyle","BoylTi00",2,0.054,NA,NA,7,0.189,0,8,1,6,7,0.184,NA,NA,NA
"2577","2021_17_MIN_GB","202201020gnb",2021,17,"REG","GB","MIN","Aaron Rodgers","RodgAa00",2,0.054,NA,NA,5,0.135,0,13,6,3,9,0.225,NA,NA,NA
"2578","2021_17_MIN_GB","202201020gnb",2021,17,"REG","GB","MIN","Jordan Love","LoveJo03",0,0,NA,NA,2,0.5,0,1,0,0,0,0,NA,NA,NA
"2579","2021_17_MIN_GB","202201020gnb",2021,17,"REG","MIN","GB","Sean Mannion","MannSe00",1,0.029,NA,NA,7,0.206,2,6,5,2,9,0.231,NA,NA,NA
"2580","2021_17_MIN_GB","202201020gnb",2021,17,"REG","MIN","GB","Kellen Mond","MondKe00",0,0,NA,NA,1,0.333,0,2,0,1,1,0.333,NA,NA,NA
"2581","2021_17_CLE_PIT","202201030pit",2021,17,"REG","PIT","CLE","Ben Roethlisberger","RoetBe00",2,0.043,NA,NA,12,0.261,2,14,7,3,12,0.25,NA,NA,NA
"2582","2021_17_CLE_PIT","202201030pit",2021,17,"REG","CLE","PIT","Baker Mayfield","MayfBa00",5,0.135,NA,NA,7,0.189,9,9,5,2,16,0.333,NA,NA,NA
"2583","2021_18_KC_DEN","202201080den",2021,18,"REG","DEN","KC","Drew Lock","LockDr00",1,0.043,NA,NA,6,0.261,1,6,3,1,5,0.172,NA,NA,NA
"2584","2021_18_KC_DEN","202201080den",2021,18,"REG","DEN","KC","Courtland Sutton","SuttCo00",0,0,NA,NA,0,0,0,0,1,0,1,1,NA,NA,NA
"2585","2021_18_KC_DEN","202201080den",2021,18,"REG","KC","DEN","Patrick Mahomes","MahoPa00",0,0,NA,NA,10,0.238,1,2,5,4,10,0.2,NA,NA,NA
"2586","2021_18_DAL_PHI","202201080phi",2021,18,"REG","PHI","DAL","Gardner Minshew II","MinsGa00",5,0.156,NA,NA,7,0.219,3,13,5,3,11,0.282,NA,NA,NA
"2587","2021_18_DAL_PHI","202201080phi",2021,18,"REG","PHI","DAL","Greg Ward","WardGr02",0,0,NA,NA,0,0,0,0,0,0,0,0,NA,NA,NA
"2588","2021_18_DAL_PHI","202201080phi",2021,18,"REG","DAL","PHI","Dak Prescott","PresDa01",0,0,NA,NA,4,0.154,1,6,2,1,4,0.143,NA,NA,NA
"2589","2021_18_DAL_PHI","202201080phi",2021,18,"REG","DAL","PHI","Cooper Rush","RushCo00",0,0,NA,NA,0,0,0,0,0,0,0,0,NA,NA,NA
"2590","2021_18_PIT_BAL","202201090rav",2021,18,"REG","BAL","PIT","Tyler Huntley","HuntTy01",1,0.032,NA,NA,6,0.194,3,8,3,3,9,0.214,NA,NA,NA
"2591","2021_18_PIT_BAL","202201090rav",2021,18,"REG","BAL","PIT","Sam Koch","KochSa20",0,0,NA,NA,1,1,0,0,0,0,0,0,NA,NA,NA
"2592","2021_18_PIT_BAL","202201090rav",2021,18,"REG","PIT","BAL","Ben Roethlisberger","RoetBe00",2,0.045,NA,NA,9,0.205,1,15,1,1,3,0.067,NA,NA,NA
"2593","2021_18_CIN_CLE","202201090cle",2021,18,"REG","CLE","CIN","Case Keenum","KeenCa00",1,0.042,NA,NA,4,0.167,1,4,0,2,3,0.111,NA,NA,NA
"2594","2021_18_CIN_CLE","202201090cle",2021,18,"REG","CIN","CLE","Brandon Allen","AlleBr00",1,0.034,NA,NA,9,0.31,4,6,1,2,7,0.212,NA,NA,NA
"2595","2021_18_GB_DET","202201090det",2021,18,"REG","DET","GB","Jared Goff","GoffJa00",0,0,NA,NA,6,0.222,1,5,4,3,8,0.258,NA,NA,NA
"2596","2021_18_GB_DET","202201090det",2021,18,"REG","DET","GB","Jack Fox","FoxxJa01",0,0,NA,NA,1,1,0,1,0,0,0,0,NA,NA,NA
"2597","2021_18_GB_DET","202201090det",2021,18,"REG","DET","GB","Tom Kennedy","KennTo01",0,0,NA,NA,0,0,0,0,0,0,0,0,NA,NA,NA
"2598","2021_18_GB_DET","202201090det",2021,18,"REG","GB","DET","Aaron Rodgers","RodgAa00",1,0.056,NA,NA,2,0.111,3,7,1,1,5,0.227,NA,NA,NA
"2599","2021_18_GB_DET","202201090det",2021,18,"REG","GB","DET","Jordan Love","LoveJo03",1,0.059,NA,NA,3,0.176,1,7,3,1,5,0.278,NA,NA,NA
"2600","2021_18_TEN_HOU","202201090htx",2021,18,"REG","HOU","TEN","Davis Mills","MillDa02",1,0.031,NA,NA,7,0.219,2,9,4,1,7,0.184,NA,NA,NA
"2601","2021_18_TEN_HOU","202201090htx",2021,18,"REG","TEN","HOU","Ryan Tannehill","TannRy00",0,0,NA,NA,5,0.156,1,10,4,6,11,0.333,NA,NA,NA
"2602","2021_18_IND_JAX","202201090jax",2021,18,"REG","JAX","IND","Trevor Lawrence","LawrTr00",5,0.156,NA,NA,3,0.094,1,10,2,1,4,0.111,NA,NA,NA
"2603","2021_18_IND_JAX","202201090jax",2021,18,"REG","IND","JAX","Carson Wentz","WentCa00",1,0.034,NA,NA,6,0.207,6,5,1,4,11,0.289,NA,NA,NA
"2604","2021_18_CHI_MIN","202201090min",2021,18,"REG","MIN","CHI","Kirk Cousins","CousKi00",2,0.095,NA,NA,2,0.095,3,9,0,5,8,0.32,NA,NA,NA
"2605","2021_18_CHI_MIN","202201090min",2021,18,"REG","CHI","MIN","Andy Dalton","DaltAn00",1,0.022,NA,NA,7,0.152,7,19,6,3,16,0.286,NA,NA,NA
"2606","2021_18_WAS_NYG","202201090nyg",2021,18,"REG","NYG","WAS","Jake Fromm","FromJa00",1,0.033,NA,NA,9,0.3,3,15,0,3,6,0.162,NA,NA,NA
"2607","2021_18_WAS_NYG","202201090nyg",2021,18,"REG","WAS","NYG","Taylor Heinicke","HeinTa00",0,0,NA,NA,6,0.333,3,4,2,2,7,0.318,NA,NA,NA
"2608","2021_18_SEA_ARI","202201090crd",2021,18,"REG","ARI","SEA","Kyler Murray","MurrKy00",2,0.051,NA,NA,5,0.128,5,5,6,1,12,0.25,NA,NA,NA
"2609","2021_18_SEA_ARI","202201090crd",2021,18,"REG","SEA","ARI","Russell Wilson","WilsRu00",1,0.038,NA,NA,8,0.308,1,12,2,6,9,0.321,NA,NA,NA
"2610","2021_18_NO_ATL","202201090atl",2021,18,"REG","ATL","NO","Matt Ryan","RyanMa00",1,0.032,NA,NA,6,0.194,3,8,5,2,10,0.27,NA,NA,NA
"2611","2021_18_NO_ATL","202201090atl",2021,18,"REG","NO","ATL","Trevor Siemian","SiemTr00",0,0,NA,NA,2,0.143,1,5,2,0,3,0.188,NA,NA,NA
"2612","2021_18_NO_ATL","202201090atl",2021,18,"REG","NO","ATL","Taysom Hill","HillTa00",0,0,NA,NA,2,0.222,0,3,0,0,0,0,NA,NA,NA
"2613","2021_18_NYJ_BUF","202201090buf",2021,18,"REG","BUF","NYJ","Josh Allen","AlleJo02",5,0.114,NA,NA,12,0.273,0,15,6,5,11,0.22,NA,NA,NA
"2614","2021_18_NYJ_BUF","202201090buf",2021,18,"REG","BUF","NYJ","Mitchell Trubisky","TrubMi00",0,0,NA,NA,0,0,0,1,0,0,0,0,NA,NA,NA
"2615","2021_18_NYJ_BUF","202201090buf",2021,18,"REG","NYJ","BUF","Zach Wilson","WilsZa00",4,0.211,NA,NA,5,0.263,8,11,6,2,16,0.533,NA,NA,NA
"2616","2021_18_SF_LA","202201090ram",2021,18,"REG","LA","SF","Matthew Stafford","StafMa00",0,0,NA,NA,9,0.281,5,6,3,6,14,0.378,NA,NA,NA
"2617","2021_18_SF_LA","202201090ram",2021,18,"REG","SF","LA","Jimmy Garoppolo","GaroJi00",1,0.032,NA,NA,4,0.129,3,10,1,2,6,0.171,NA,NA,NA
"2618","2021_18_SF_LA","202201090ram",2021,18,"REG","SF","LA","Deebo Samuel","SamuDe00",0,0,NA,NA,0,0,0,1,0,1,1,1,NA,NA,NA
"2619","2021_18_NE_MIA","202201090mia",2021,18,"REG","MIA","NE","Tua Tagovailoa","TagoTu00",1,0.048,NA,NA,3,0.143,1,3,2,0,3,0.115,NA,NA,NA
"2620","2021_18_NE_MIA","202201090mia",2021,18,"REG","NE","MIA","Mac Jones","JoneMa05",0,0,NA,NA,5,0.167,2,12,4,1,7,0.212,NA,NA,NA
"2621","2021_18_CAR_TB","202201090tam",2021,18,"REG","TB","CAR","Tom Brady","BradTo00",1,0.027,NA,NA,7,0.189,1,11,3,1,5,0.132,NA,NA,NA
"2622","2021_18_CAR_TB","202201090tam",2021,18,"REG","TB","CAR","Blaine Gabbert","GabbBl00",0,0,NA,NA,1,0.5,0,0,0,0,0,0,NA,NA,NA
"2623","2021_18_CAR_TB","202201090tam",2021,18,"REG","CAR","TB","Sam Darnold","DarnSa00",2,0.049,NA,NA,4,0.098,2,17,7,4,13,0.265,NA,NA,NA
"2624","2021_18_CAR_TB","202201090tam",2021,18,"REG","CAR","TB","Brandon Zylstra","ZylsBr00",0,0,NA,NA,1,1,0,0,0,0,0,0,NA,NA,NA
"2625","2021_18_LAC_LV","202201090rai",2021,18,"REG","LV","LAC","Derek Carr","CarrDe02",1,0.031,NA,NA,8,0.25,3,10,0,3,6,0.154,NA,NA,NA
"2626","2021_18_LAC_LV","202201090rai",2021,18,"REG","LV","LAC","Marcus Mariota","MariMa01",0,0,NA,NA,0,0,0,0,0,0,0,0,NA,NA,NA
"2627","2021_18_LAC_LV","202201090rai",2021,18,"REG","LAC","LV","Justin Herbert","HerbJu00",4,0.063,NA,NA,13,0.203,3,5,1,6,10,0.147,NA,NA,NA
"2628","2021_19_LV_CIN","202201150cin",2021,19,"WC","CIN","LV","Joe Burrow","BurrJo01",2,0.063,NA,NA,4,0.125,2,1,5,3,10,0.278,NA,NA,NA
"2629","2021_19_LV_CIN","202201150cin",2021,19,"WC","LV","CIN","Derek Carr","CarrDe02",2,0.041,NA,NA,9,0.184,3,9,7,0,10,0.172,NA,NA,NA
"2630","2021_19_NE_BUF","202201150buf",2021,19,"WC","BUF","NE","Josh Allen","AlleJo02",1,0.04,NA,NA,2,0.08,0,7,1,1,2,0.071,NA,NA,NA
"2631","2021_19_NE_BUF","202201150buf",2021,19,"WC","NE","BUF","Mac Jones","JoneMa05",5,0.143,NA,NA,3,0.086,3,7,4,2,9,0.209,NA,NA,NA
"2632","2021_19_PHI_TB","202201160tam",2021,19,"WC","TB","PHI","Tom Brady","BradTo00",3,0.083,NA,NA,2,0.056,4,6,1,0,5,0.122,NA,NA,NA
"2633","2021_19_PHI_TB","202201160tam",2021,19,"WC","PHI","TB","Jalen Hurts","HurtJa00",1,0.023,NA,NA,13,0.302,2,21,4,9,15,0.326,NA,NA,NA
"2634","2021_19_SF_DAL","202201160dal",2021,19,"WC","DAL","SF","Dak Prescott","PresDa01",2,0.049,NA,NA,14,0.341,5,10,3,6,14,0.269,NA,NA,NA
"2635","2021_19_SF_DAL","202201160dal",2021,19,"WC","DAL","SF","Bryan Anger","AngeBr00",0,0,NA,NA,0,0,0,0,0,0,0,0,NA,NA,NA
"2636","2021_19_SF_DAL","202201160dal",2021,19,"WC","SF","DAL","Jimmy Garoppolo","GaroJi00",1,0.04,NA,NA,5,0.2,0,13,2,4,6,0.231,NA,NA,NA
"2637","2021_19_PIT_KC","202201160kan",2021,19,"WC","KC","PIT","Patrick Mahomes","MahoPa00",0,0,NA,NA,4,0.108,3,13,1,4,8,0.178,NA,NA,NA
"2638","2021_19_PIT_KC","202201160kan",2021,19,"WC","KC","PIT","Travis Kelce","KelcTr00",0,0,NA,NA,0,0,0,1,0,0,0,0,NA,NA,NA
"2639","2021_19_PIT_KC","202201160kan",2021,19,"WC","PIT","KC","Ben Roethlisberger","RoetBe00",3,0.068,NA,NA,10,0.227,2,15,0,2,4,0.087,NA,NA,NA
"2640","2021_19_ARI_LA","202201170ram",2021,19,"WC","LA","ARI","Matthew Stafford","StafMa00",3,0.176,NA,NA,1,0.059,1,9,0,1,2,0.095,NA,NA,NA
"2641","2021_19_ARI_LA","202201170ram",2021,19,"WC","LA","ARI","Odell Beckham Jr.","BeckOd00",0,0,NA,NA,0,0,0,1,0,1,1,1,NA,NA,NA
"2642","2021_19_ARI_LA","202201170ram",2021,19,"WC","ARI","LA","Kyler Murray","MurrKy00",1,0.029,NA,NA,10,0.294,2,11,7,2,11,0.297,NA,NA,NA
"2643","2021_20_CIN_TEN","202201220oti",2021,20,"DIV","TEN","CIN","Ryan Tannehill","TannRy00",2,0.083,NA,NA,4,0.167,1,8,1,4,6,0.222,NA,NA,NA
"2644","2021_20_CIN_TEN","202201220oti",2021,20,"DIV","CIN","TEN","Joe Burrow","BurrJo01",1,0.029,NA,NA,3,0.086,9,10,2,2,13,0.277,NA,NA,NA
"2645","2021_20_SF_GB","202201220gnb",2021,20,"DIV","GB","SF","Aaron Rodgers","RodgAa00",2,0.074,NA,NA,3,0.111,5,3,3,1,9,0.265,NA,NA,NA
"2646","2021_20_SF_GB","202201220gnb",2021,20,"DIV","SF","GB","Jimmy Garoppolo","GaroJi00",2,0.111,NA,NA,1,0.056,4,6,2,3,9,0.391,NA,NA,NA
"2647","2021_20_LA_TB","202201230tam",2021,20,"DIV","TB","LA","Tom Brady","BradTo00",4,0.077,NA,NA,11,0.212,3,16,2,4,9,0.158,NA,NA,NA
"2648","2021_20_LA_TB","202201230tam",2021,20,"DIV","LA","TB","Matthew Stafford","StafMa00",1,0.028,NA,NA,5,0.139,2,14,2,5,9,0.22,NA,NA,NA
"2649","2021_20_BUF_KC","202201230kan",2021,20,"DIV","KC","BUF","Patrick Mahomes","MahoPa00",3,0.071,NA,NA,6,0.143,2,5,0,3,5,0.094,NA,NA,NA
"2650","2021_20_BUF_KC","202201230kan",2021,20,"DIV","BUF","KC","Josh Allen","AlleJo02",1,0.027,NA,NA,6,0.162,2,9,2,0,4,0.098,NA,NA,NA
"2651","2021_21_CIN_KC","202201300kan",2021,21,"CON","KC","CIN","Patrick Mahomes","MahoPa00",3,0.081,NA,NA,5,0.135,4,4,6,0,10,0.217,NA,NA,NA
"2652","2021_21_CIN_KC","202201300kan",2021,21,"CON","CIN","KC","Joe Burrow","BurrJo01",1,0.028,NA,NA,6,0.167,1,11,6,3,10,0.238,NA,NA,NA
"2653","2021_21_SF_LA","202201300ram",2021,21,"CON","LA","SF","Matthew Stafford","StafMa00",2,0.048,NA,NA,7,0.167,2,6,2,6,10,0.208,NA,NA,NA
"2654","2021_21_SF_LA","202201300ram",2021,21,"CON","SF","LA","Jimmy Garoppolo","GaroJi00",2,0.071,NA,NA,3,0.107,0,13,4,3,7,0.226,NA,NA,NA
"2655","2021_22_LA_CIN","202202130cin",2021,22,"SB","CIN","LA","Joe Burrow","BurrJo01",2,0.063,NA,NA,4,0.125,7,9,6,4,17,0.415,NA,NA,NA
"2656","2021_22_LA_CIN","202202130cin",2021,22,"SB","CIN","LA","Joe Mixon","MixoJo00",0,0,NA,NA,0,0,0,1,0,0,0,0,NA,NA,NA
"2657","2021_22_LA_CIN","202202130cin",2021,22,"SB","LA","CIN","Matthew Stafford","StafMa00",2,0.051,NA,NA,8,0.205,2,8,2,3,7,0.163,NA,NA,NA
"2658","2021_22_LA_CIN","202202130cin",2021,22,"SB","LA","CIN","Cooper Kupp","KuppCo00",0,0,NA,NA,1,1,0,1,0,0,0,0,NA,NA,NA
"2659","2022_01_BUF_LA","202209080ram",2022,1,"REG","LA","BUF","Matthew Stafford","StafMa00",2,0.049,NA,NA,7,0.171,7,1,1,7,15,0.306,NA,NA,NA
"2660","2022_01_BUF_LA","202209080ram",2022,1,"REG","BUF","LA","Josh Allen","AlleJo02",1,0.032,NA,NA,3,0.097,2,7,0,0,2,0.053,NA,NA,NA
"2661","2022_01_NO_ATL","202209110atl",2022,1,"REG","ATL","NO","Marcus Mariota","MariMa01",1,0.031,NA,NA,8,0.25,0,3,2,1,3,0.081,NA,NA,NA
"2662","2022_01_NO_ATL","202209110atl",2022,1,"REG","NO","ATL","Jameis Winston","WinsJa00",1,0.031,NA,NA,5,0.156,4,13,3,3,10,0.25,NA,NA,NA
"2663","2022_01_CLE_CAR","202209110car",2022,1,"REG","CAR","CLE","Baker Mayfield","MayfBa00",0,0,NA,NA,3,0.12,4,5,3,0,7,0.219,NA,NA,NA
"2664","2022_01_CLE_CAR","202209110car",2022,1,"REG","CLE","CAR","Jacoby Brissett","BrisJa00",2,0.067,NA,NA,7,0.233,1,8,6,2,9,0.237,NA,NA,NA
"2665","2022_01_SF_CHI","202209110chi",2022,1,"REG","CHI","SF","Justin Fields","FielJu00",0,0,NA,NA,7,0.412,2,1,3,1,6,0.273,NA,NA,NA
"2666","2022_01_SF_CHI","202209110chi",2022,1,"REG","SF","CHI","Trey Lance","LancTr00",3,0.111,NA,NA,9,0.333,2,1,4,1,7,0.206,NA,NA,NA
"2667","2022_01_PIT_CIN","202209110cin",2022,1,"REG","CIN","PIT","Joe Burrow","BurrJo01",1,0.019,NA,NA,8,0.151,7,9,1,6,14,0.215,NA,NA,NA
"2668","2022_01_PIT_CIN","202209110cin",2022,1,"REG","PIT","CIN","Mitchell Trubisky","TrubMi00",2,0.054,NA,NA,9,0.243,1,10,1,5,7,0.171,NA,NA,NA
"2669","2022_01_PHI_DET","202209110det",2022,1,"REG","DET","PHI","Jared Goff","GoffJa00",5,0.135,NA,NA,9,0.243,1,9,0,4,5,0.128,NA,NA,NA
"2670","2022_01_PHI_DET","202209110det",2022,1,"REG","PHI","DET","Jalen Hurts","HurtJa00",2,0.069,NA,NA,4,0.138,1,17,4,4,9,0.209,NA,NA,NA
"2671","2022_01_IND_HOU","202209110htx",2022,1,"REG","HOU","IND","Davis Mills","MillDa02",4,0.108,NA,NA,8,0.216,3,10,3,2,8,0.2,NA,NA,NA
"2672","2022_01_IND_HOU","202209110htx",2022,1,"REG","IND","HOU","Matt Ryan","RyanMa00",3,0.06,NA,NA,5,0.1,2,11,4,4,10,0.185,NA,NA,NA
"2673","2022_01_NE_MIA","202209110mia",2022,1,"REG","MIA","NE","Tua Tagovailoa","TagoTu00",1,0.032,NA,NA,7,0.226,3,16,8,4,15,0.417,NA,NA,NA
"2674","2022_01_NE_MIA","202209110mia",2022,1,"REG","NE","MIA","Mac Jones","JoneMa05",0,0,NA,NA,4,0.133,2,7,2,1,5,0.152,NA,NA,NA
"2675","2022_01_BAL_NYJ","202209110nyj",2022,1,"REG","NYJ","BAL","Joe Flacco","FlacJo00",5,0.088,NA,NA,11,0.193,3,17,6,6,15,0.242,NA,NA,NA
"2676","2022_01_BAL_NYJ","202209110nyj",2022,1,"REG","BAL","NYJ","Lamar Jackson","JackLa00",2,0.069,NA,NA,7,0.241,2,5,0,2,4,0.118,NA,NA,NA
"2677","2022_01_JAX_WAS","202209110was",2022,1,"REG","WAS","JAX","Carson Wentz","WentCa00",1,0.024,NA,NA,8,0.195,1,15,0,3,4,0.089,NA,NA,NA
"2678","2022_01_JAX_WAS","202209110was",2022,1,"REG","JAX","WAS","Trevor Lawrence","LawrTr00",2,0.051,NA,NA,9,0.231,2,18,0,9,11,0.244,NA,NA,NA
"2679","2022_01_KC_ARI","202209110crd",2022,1,"REG","ARI","KC","Kyler Murray","MurrKy00",1,0.032,NA,NA,2,0.065,2,9,18,4,24,0.649,NA,NA,NA
"2680","2022_01_KC_ARI","202209110crd",2022,1,"REG","ARI","KC","Trace McSorley","McSoTr00",0,0,NA,NA,2,0.5,1,0,0,2,3,0.429,NA,NA,NA
"2681","2022_01_KC_ARI","202209110crd",2022,1,"REG","KC","ARI","Patrick Mahomes","MahoPa00",3,0.077,NA,NA,6,0.154,0,23,18,6,24,0.585,NA,NA,NA
"2682","2022_01_LV_LAC","202209110sdg",2022,1,"REG","LAC","LV","Justin Herbert","HerbJu00",2,0.059,NA,NA,5,0.147,0,4,4,3,7,0.2,NA,NA,NA
"2683","2022_01_LV_LAC","202209110sdg",2022,1,"REG","LV","LAC","Derek Carr","CarrDe02",0,0,NA,NA,9,0.257,5,7,2,4,11,0.262,NA,NA,NA
"2684","2022_01_GB_MIN","202209110min",2022,1,"REG","MIN","GB","Kirk Cousins","CousKi00",0,0,NA,NA,8,0.258,1,5,3,7,11,0.333,NA,NA,NA
"2685","2022_01_GB_MIN","202209110min",2022,1,"REG","GB","MIN","Aaron Rodgers","RodgAa00",2,0.065,NA,NA,4,0.129,4,8,6,1,11,0.289,NA,NA,NA
"2686","2022_01_GB_MIN","202209110min",2022,1,"REG","GB","MIN","Jordan Love","LoveJo03",0,0,NA,NA,0,0,0,0,0,0,0,0,NA,NA,NA
"2687","2022_01_NYG_TEN","202209110oti",2022,1,"REG","TEN","NYG","Ryan Tannehill","TannRy00",4,0.129,NA,NA,5,0.161,1,15,5,4,10,0.286,NA,NA,NA
"2688","2022_01_NYG_TEN","202209110oti",2022,1,"REG","NYG","TEN","Daniel Jones","JoneDa05",1,0.048,NA,NA,2,0.095,5,10,7,4,16,0.571,NA,NA,NA
"2689","2022_01_TB_DAL","202209110dal",2022,1,"REG","DAL","TB","Dak Prescott","PresDa01",0,0,NA,NA,11,0.393,2,12,5,4,11,0.355,NA,NA,NA
"2690","2022_01_TB_DAL","202209110dal",2022,1,"REG","DAL","TB","Cooper Rush","RushCo00",1,0.077,NA,NA,4,0.308,2,3,2,1,5,0.333,NA,NA,NA
"2691","2022_01_TB_DAL","202209110dal",2022,1,"REG","TB","DAL","Tom Brady","BradTo00",2,0.074,NA,NA,5,0.185,2,6,3,2,7,0.241,NA,NA,NA
"2692","2022_01_DEN_SEA","202209120sea",2022,1,"REG","SEA","DEN","Geno Smith","SmitGe00",0,0,NA,NA,2,0.074,2,12,4,2,8,0.258,NA,NA,NA
"2693","2022_01_DEN_SEA","202209120sea",2022,1,"REG","DEN","SEA","Russell Wilson","WilsRu00",2,0.049,NA,NA,6,0.146,2,9,8,6,16,0.356,NA,NA,NA
"2694","2022_02_LAC_KC","202209150kan",2022,2,"REG","KC","LAC","Patrick Mahomes","MahoPa00",0,0,NA,NA,4,0.125,1,9,1,2,4,0.111,NA,NA,NA
"2695","2022_02_LAC_KC","202209150kan",2022,2,"REG","LAC","KC","Justin Herbert","HerbJu00",2,0.043,NA,NA,5,0.109,2,13,3,6,11,0.22,NA,NA,NA
"2696","2022_02_MIA_BAL","202209180rav",2022,2,"REG","BAL","MIA","Lamar Jackson","JackLa00",1,0.034,NA,NA,5,0.172,0,17,2,0,2,0.065,NA,NA,NA
"2697","2022_02_MIA_BAL","202209180rav",2022,2,"REG","MIA","BAL","Tua Tagovailoa","TagoTu00",3,0.06,NA,NA,3,0.06,1,15,6,1,8,0.157,NA,NA,NA
"2698","2022_02_NYJ_CLE","202209180cle",2022,2,"REG","CLE","NYJ","Jacoby Brissett","BrisJa00",1,0.037,NA,NA,1,0.037,1,3,5,2,8,0.25,NA,NA,NA
"2699","2022_02_NYJ_CLE","202209180cle",2022,2,"REG","NYJ","CLE","Joe Flacco","FlacJo00",4,0.093,NA,NA,7,0.163,2,10,4,3,9,0.191,NA,NA,NA
"2700","2022_02_NYJ_CLE","202209180cle",2022,2,"REG","NYJ","CLE","Braden Mann","MannBr01",0,0,NA,NA,0,0,0,1,0,0,0,0,NA,NA,NA
"2701","2022_02_WAS_DET","202209180det",2022,2,"REG","DET","WAS","Jared Goff","GoffJa00",4,0.118,NA,NA,6,0.176,3,16,1,6,10,0.27,NA,NA,NA
"2702","2022_02_WAS_DET","202209180det",2022,2,"REG","WAS","DET","Carson Wentz","WentCa00",2,0.045,NA,NA,10,0.227,5,19,7,2,14,0.264,NA,NA,NA
"2703","2022_02_IND_JAX","202209180jax",2022,2,"REG","JAX","IND","Trevor Lawrence","LawrTr00",2,0.067,NA,NA,0,0,0,8,2,2,4,0.133,NA,NA,NA
"2704","2022_02_IND_JAX","202209180jax",2022,2,"REG","IND","JAX","Matt Ryan","RyanMa00",1,0.034,NA,NA,5,0.172,5,10,4,7,16,0.457,NA,NA,NA
"2705","2022_02_TB_NO","202209180nor",2022,2,"REG","NO","TB","Jameis Winston","WinsJa00",1,0.025,NA,NA,9,0.225,6,13,1,3,10,0.213,NA,NA,NA
"2706","2022_02_TB_NO","202209180nor",2022,2,"REG","TB","NO","Tom Brady","BradTo00",5,0.147,NA,NA,6,0.176,1,3,0,1,2,0.057,NA,NA,NA
"2707","2022_02_CAR_NYG","202209180nyg",2022,2,"REG","NYG","CAR","Daniel Jones","JoneDa05",2,0.063,NA,NA,6,0.188,3,4,2,5,10,0.233,NA,NA,NA
"2708","2022_02_CAR_NYG","202209180nyg",2022,2,"REG","CAR","NYG","Baker Mayfield","MayfBa00",2,0.074,NA,NA,9,0.333,2,13,3,2,7,0.194,NA,NA,NA
"2709","2022_02_NE_PIT","202209180pit",2022,2,"REG","PIT","NE","Mitchell Trubisky","TrubMi00",2,0.061,NA,NA,5,0.152,3,6,0,0,3,0.081,NA,NA,NA
"2710","2022_02_NE_PIT","202209180pit",2022,2,"REG","NE","PIT","Mac Jones","JoneMa05",4,0.118,NA,NA,6,0.176,0,9,2,3,5,0.132,NA,NA,NA
"2711","2022_02_ATL_LA","202209180ram",2022,2,"REG","LA","ATL","Matthew Stafford","StafMa00",0,0,NA,NA,4,0.111,1,6,0,0,1,0.027,NA,NA,NA
"2712","2022_02_ATL_LA","202209180ram",2022,2,"REG","ATL","LA","Marcus Mariota","MariMa01",1,0.04,NA,NA,5,0.2,3,11,1,3,7,0.219,NA,NA,NA
"2713","2022_02_SEA_SF","202209180sfo",2022,2,"REG","SF","SEA","Jimmy Garoppolo","GaroJi00",2,0.095,NA,NA,3,0.143,1,5,1,2,4,0.182,NA,NA,NA
"2714","2022_02_SEA_SF","202209180sfo",2022,2,"REG","SF","SEA","Trey Lance","LancTr00",0,0,NA,NA,1,0.333,0,3,0,1,1,0.333,NA,NA,NA
"2715","2022_02_SEA_SF","202209180sfo",2022,2,"REG","SEA","SF","Geno Smith","SmitGe00",0,0,NA,NA,2,0.069,2,3,5,7,14,0.424,NA,NA,NA
"2716","2022_02_SEA_SF","202209180sfo",2022,2,"REG","SEA","SF","DeeJay Dallas","DallDe00",0,0,NA,NA,1,1,0,0,0,0,0,0,NA,NA,NA
"2717","2022_02_CIN_DAL","202209180dal",2022,2,"REG","DAL","CIN","Cooper Rush","RushCo00",1,0.033,NA,NA,7,0.233,1,8,4,4,9,0.273,NA,NA,NA
"2718","2022_02_CIN_DAL","202209180dal",2022,2,"REG","CIN","DAL","Joe Burrow","BurrJo01",1,0.03,NA,NA,4,0.121,6,8,3,4,13,0.289,NA,NA,NA
"2719","2022_02_HOU_DEN","202209180den",2022,2,"REG","DEN","HOU","Russell Wilson","WilsRu00",3,0.107,NA,NA,6,0.214,3,10,3,3,9,0.257,NA,NA,NA
"2720","2022_02_HOU_DEN","202209180den",2022,2,"REG","HOU","DEN","Davis Mills","MillDa02",2,0.056,NA,NA,11,0.306,3,20,6,4,13,0.317,NA,NA,NA
"2721","2022_02_ARI_LV","202209180rai",2022,2,"REG","LV","ARI","Derek Carr","CarrDe02",0,0,NA,NA,10,0.256,1,17,0,4,5,0.122,NA,NA,NA
"2722","2022_02_ARI_LV","202209180rai",2022,2,"REG","ARI","LV","Kyler Murray","MurrKy00",2,0.043,NA,NA,8,0.17,1,12,3,4,8,0.154,NA,NA,NA
"2723","2022_02_CHI_GB","202209180gnb",2022,2,"REG","GB","CHI","Aaron Rodgers","RodgAa00",1,0.042,NA,NA,2,0.083,3,0,9,1,13,0.448,NA,NA,NA
"2724","2022_02_CHI_GB","202209180gnb",2022,2,"REG","CHI","GB","Justin Fields","FielJu00",1,0.091,NA,NA,2,0.182,3,4,2,2,7,0.438,NA,NA,NA
"2725","2022_02_TEN_BUF","202209190buf",2022,2,"REG","BUF","TEN","Josh Allen","AlleJo02",1,0.027,NA,NA,6,0.162,1,13,2,2,5,0.125,NA,NA,NA
"2726","2022_02_TEN_BUF","202209190buf",2022,2,"REG","BUF","TEN","Case Keenum","KeenCa00",1,0.5,NA,NA,1,0.5,0,2,0,0,0,0,NA,NA,NA
"2727","2022_02_TEN_BUF","202209190buf",2022,2,"REG","TEN","BUF","Ryan Tannehill","TannRy00",0,0,NA,NA,3,0.15,2,4,1,1,4,0.182,NA,NA,NA
"2728","2022_02_TEN_BUF","202209190buf",2022,2,"REG","TEN","BUF","Malik Willis","WillMa12",0,0,NA,NA,2,0.667,0,1,1,0,1,0.167,NA,NA,NA
"2729","2022_02_MIN_PHI","202209190phi",2022,2,"REG","PHI","MIN","Jalen Hurts","HurtJa00",1,0.032,NA,NA,3,0.097,3,5,1,2,6,0.158,NA,NA,NA
"2730","2022_02_MIN_PHI","202209190phi",2022,2,"REG","MIN","PHI","Kirk Cousins","CousKi00",4,0.089,NA,NA,6,0.133,2,12,3,6,11,0.22,NA,NA,NA
"2731","2022_03_PIT_CLE","202209220cle",2022,3,"REG","CLE","PIT","Jacoby Brissett","BrisJa00",3,0.097,NA,NA,3,0.097,2,13,1,1,4,0.121,NA,NA,NA
"2732","2022_03_PIT_CLE","202209220cle",2022,3,"REG","PIT","CLE","Mitchell Trubisky","TrubMi00",0,0,NA,NA,7,0.226,1,5,5,1,7,0.212,NA,NA,NA
"2733","2022_03_NO_CAR","202209250car",2022,3,"REG","CAR","NO","Baker Mayfield","MayfBa00",2,0.087,NA,NA,5,0.217,3,10,2,2,7,0.25,NA,NA,NA
"2734","2022_03_NO_CAR","202209250car",2022,3,"REG","NO","CAR","Jameis Winston","WinsJa00",1,0.026,NA,NA,9,0.231,1,15,5,5,11,0.262,NA,NA,NA
"2735","2022_03_HOU_CHI","202209250chi",2022,3,"REG","CHI","HOU","Justin Fields","FielJu00",2,0.125,NA,NA,4,0.25,5,4,2,3,10,0.385,NA,NA,NA
"2736","2022_03_HOU_CHI","202209250chi",2022,3,"REG","HOU","CHI","Davis Mills","MillDa02",0,0,NA,NA,4,0.129,1,6,6,2,9,0.273,NA,NA,NA
"2737","2022_03_KC_IND","202209250clt",2022,3,"REG","IND","KC","Matt Ryan","RyanMa00",2,0.056,NA,NA,6,0.167,5,17,1,5,11,0.256,NA,NA,NA
"2738","2022_03_KC_IND","202209250clt",2022,3,"REG","KC","IND","Patrick Mahomes","MahoPa00",2,0.063,NA,NA,5,0.156,1,2,4,4,9,0.225,NA,NA,NA
"2739","2022_03_KC_IND","202209250clt",2022,3,"REG","KC","IND","Tommy Townsend","TownTo01",0,0,NA,NA,1,1,0,1,0,0,0,0,NA,NA,NA
"2740","2022_03_BUF_MIA","202209250mia",2022,3,"REG","MIA","BUF","Tua Tagovailoa","TagoTu00",1,0.056,NA,NA,3,0.167,1,0,5,0,6,0.316,NA,NA,NA
"2741","2022_03_BUF_MIA","202209250mia",2022,3,"REG","MIA","BUF","Teddy Bridgewater","BridTe00",0,0,NA,NA,1,0.5,1,0,0,0,1,0.333,NA,NA,NA
"2742","2022_03_BUF_MIA","202209250mia",2022,3,"REG","BUF","MIA","Josh Allen","AlleJo02",2,0.034,NA,NA,5,0.086,4,10,5,4,13,0.178,NA,NA,NA
"2743","2022_03_DET_MIN","202209250min",2022,3,"REG","MIN","DET","Kirk Cousins","CousKi00",1,0.027,NA,NA,10,0.27,1,16,6,6,13,0.31,NA,NA,NA
"2744","2022_03_DET_MIN","202209250min",2022,3,"REG","DET","MIN","Jared Goff","GoffJa00",0,0,NA,NA,6,0.162,0,8,5,2,7,0.163,NA,NA,NA
"2745","2022_03_BAL_NE","202209250nwe",2022,3,"REG","NE","BAL","Mac Jones","JoneMa05",0,0,NA,NA,5,0.156,3,9,0,1,4,0.1,NA,NA,NA
"2746","2022_03_BAL_NE","202209250nwe",2022,3,"REG","BAL","NE","Lamar Jackson","JackLa00",1,0.037,NA,NA,7,0.259,4,15,2,2,8,0.235,NA,NA,NA
"2747","2022_03_CIN_NYJ","202209250nyj",2022,3,"REG","NYJ","CIN","Joe Flacco","FlacJo00",3,0.06,NA,NA,12,0.24,4,9,1,8,13,0.232,NA,NA,NA
"2748","2022_03_CIN_NYJ","202209250nyj",2022,3,"REG","CIN","NYJ","Joe Burrow","BurrJo01",5,0.143,NA,NA,5,0.143,2,9,2,7,11,0.282,NA,NA,NA
"2749","2022_03_LV_TEN","202209250oti",2022,3,"REG","TEN","LV","Ryan Tannehill","TannRy00",1,0.038,NA,NA,2,0.077,1,10,2,3,6,0.214,NA,NA,NA
"2750","2022_03_LV_TEN","202209250oti",2022,3,"REG","LV","TEN","Derek Carr","CarrDe02",3,0.073,NA,NA,9,0.22,1,2,5,3,9,0.191,NA,NA,NA
"2751","2022_03_LV_TEN","202209250oti",2022,3,"REG","LV","TEN","Mack Hollins","HollMa00",0,0,NA,NA,0,0,0,0,0,0,0,0,NA,NA,NA
"2752","2022_03_PHI_WAS","202209250was",2022,3,"REG","WAS","PHI","Carson Wentz","WentCa00",3,0.071,NA,NA,10,0.238,9,13,6,7,22,0.4,NA,NA,NA
"2753","2022_03_PHI_WAS","202209250was",2022,3,"REG","PHI","WAS","Jalen Hurts","HurtJa00",0,0,NA,NA,5,0.147,3,8,2,4,9,0.22,NA,NA,NA
"2754","2022_03_JAX_LAC","202209250sdg",2022,3,"REG","LAC","JAX","Justin Herbert","HerbJu00",1,0.024,NA,NA,8,0.195,1,10,4,5,10,0.213,NA,NA,NA
"2755","2022_03_JAX_LAC","202209250sdg",2022,3,"REG","JAX","LAC","Trevor Lawrence","LawrTr00",1,0.026,NA,NA,5,0.132,0,14,1,2,3,0.075,NA,NA,NA
"2756","2022_03_LA_ARI","202209250crd",2022,3,"REG","ARI","LA","Kyler Murray","MurrKy00",6,0.107,NA,NA,10,0.179,2,19,2,2,6,0.097,NA,NA,NA
"2757","2022_03_LA_ARI","202209250crd",2022,3,"REG","LA","ARI","Matthew Stafford","StafMa00",1,0.04,NA,NA,6,0.24,1,10,0,4,5,0.185,NA,NA,NA
"2758","2022_03_ATL_SEA","202209250sea",2022,3,"REG","SEA","ATL","Geno Smith","SmitGe00",0,0,NA,NA,2,0.045,2,12,1,4,7,0.152,NA,NA,NA
"2759","2022_03_ATL_SEA","202209250sea",2022,3,"REG","ATL","SEA","Marcus Mariota","MariMa01",0,0,NA,NA,4,0.211,3,7,0,2,5,0.2,NA,NA,NA
"2760","2022_03_GB_TB","202209250tam",2022,3,"REG","TB","GB","Tom Brady","BradTo00",1,0.026,NA,NA,4,0.103,3,17,3,1,7,0.156,NA,NA,NA
"2761","2022_03_GB_TB","202209250tam",2022,3,"REG","GB","TB","Aaron Rodgers","RodgAa00",1,0.032,NA,NA,3,0.097,1,14,3,5,9,0.25,NA,NA,NA
"2762","2022_03_SF_DEN","202209250den",2022,3,"REG","DEN","SF","Russell Wilson","WilsRu00",3,0.094,NA,NA,5,0.156,4,8,5,5,14,0.35,NA,NA,NA
"2763","2022_03_SF_DEN","202209250den",2022,3,"REG","SF","DEN","Jimmy Garoppolo","GaroJi00",2,0.069,NA,NA,5,0.172,4,11,1,3,8,0.242,NA,NA,NA
"2764","2022_03_DAL_NYG","202209260nyg",2022,3,"REG","NYG","DAL","Daniel Jones","JoneDa05",4,0.125,NA,NA,4,0.125,5,16,10,7,22,0.449,NA,NA,NA
"2765","2022_03_DAL_NYG","202209260nyg",2022,3,"REG","DAL","NYG","Cooper Rush","RushCo00",3,0.1,NA,NA,4,0.133,0,15,5,2,7,0.226,NA,NA,NA
"2766","2022_04_MIA_CIN","202209290cin",2022,4,"REG","CIN","MIA","Joe Burrow","BurrJo01",2,0.065,NA,NA,8,0.258,1,7,0,2,3,0.088,NA,NA,NA
"2767","2022_04_MIA_CIN","202209290cin",2022,4,"REG","CIN","MIA","Tyler Boyd","BoydTy00",0,0,NA,NA,0,0,0,0,0,0,0,0,NA,NA,NA
"2768","2022_04_MIA_CIN","202209290cin",2022,4,"REG","MIA","CIN","Teddy Bridgewater","BridTe00",1,0.045,NA,NA,6,0.273,0,1,2,6,8,0.333,NA,NA,NA
"2769","2022_04_MIA_CIN","202209290cin",2022,4,"REG","MIA","CIN","Tua Tagovailoa","TagoTu00",1,0.071,NA,NA,3,0.214,1,1,0,2,3,0.2,NA,NA,NA
"2770","2022_04_MIN_NO","202210020nor",2022,4,"REG","NO","MIN","Andy Dalton","DaltAn00",0,0,NA,NA,3,0.107,2,7,1,1,4,0.133,NA,NA,NA
"2771","2022_04_MIN_NO","202210020nor",2022,4,"REG","MIN","NO","Kirk Cousins","CousKi00",4,0.118,NA,NA,3,0.088,3,3,2,3,8,0.195,NA,NA,NA
"2772","2022_04_MIN_NO","202210020nor",2022,4,"REG","MIN","NO","Ryan Wright","WrigRy00",0,0,NA,NA,0,0,0,0,0,0,0,0,NA,NA,NA
"2773","2022_04_CLE_ATL","202210020atl",2022,4,"REG","ATL","CLE","Marcus Mariota","MariMa01",1,0.056,NA,NA,4,0.222,1,10,1,4,6,0.3,NA,NA,NA
"2774","2022_04_CLE_ATL","202210020atl",2022,4,"REG","CLE","ATL","Jacoby Brissett","BrisJa00",1,0.029,NA,NA,9,0.257,1,8,1,5,7,0.184,NA,NA,NA
"2775","2022_04_BUF_BAL","202210020rav",2022,4,"REG","BAL","BUF","Lamar Jackson","JackLa00",3,0.107,NA,NA,2,0.071,2,6,6,2,10,0.263,NA,NA,NA
"2776","2022_04_BUF_BAL","202210020rav",2022,4,"REG","BUF","BAL","Josh Allen","AlleJo02",5,0.147,NA,NA,4,0.118,1,11,3,4,8,0.186,NA,NA,NA
"2777","2022_04_WAS_DAL","202210020dal",2022,4,"REG","DAL","WAS","Cooper Rush","RushCo00",2,0.074,NA,NA,5,0.185,1,2,3,2,6,0.207,NA,NA,NA
"2778","2022_04_WAS_DAL","202210020dal",2022,4,"REG","WAS","DAL","Carson Wentz","WentCa00",1,0.025,NA,NA,11,0.275,2,13,2,9,13,0.289,NA,NA,NA
"2779","2022_04_SEA_DET","202210020det",2022,4,"REG","DET","SEA","Jared Goff","GoffJa00",4,0.105,NA,NA,6,0.158,1,2,1,2,4,0.098,NA,NA,NA
"2780","2022_04_SEA_DET","202210020det",2022,4,"REG","DET","SEA","Jack Fox","FoxxJa01",0,0,NA,NA,0,0,0,1,0,0,0,0,NA,NA,NA
"2781","2022_04_SEA_DET","202210020det",2022,4,"REG","SEA","DET","Geno Smith","SmitGe00",1,0.034,NA,NA,2,0.069,0,8,0,3,3,0.094,NA,NA,NA
"2782","2022_04_LAC_HOU","202210020htx",2022,4,"REG","HOU","LAC","Davis Mills","MillDa02",2,0.057,NA,NA,4,0.114,4,11,2,6,12,0.308,NA,NA,NA
"2783","2022_04_LAC_HOU","202210020htx",2022,4,"REG","LAC","HOU","Justin Herbert","HerbJu00",3,0.081,NA,NA,6,0.162,1,8,6,0,7,0.175,NA,NA,NA
"2784","2022_04_TEN_IND","202210020clt",2022,4,"REG","IND","TEN","Matt Ryan","RyanMa00",0,0,NA,NA,7,0.189,3,7,2,3,8,0.195,NA,NA,NA
"2785","2022_04_TEN_IND","202210020clt",2022,4,"REG","TEN","IND","Ryan Tannehill","TannRy00",2,0.095,NA,NA,2,0.095,3,4,0,2,5,0.192,NA,NA,NA
"2786","2022_04_CHI_NYG","202210020nyg",2022,4,"REG","NYG","CHI","Daniel Jones","JoneDa05",1,0.083,NA,NA,3,0.25,1,7,1,1,3,0.176,NA,NA,NA
"2787","2022_04_CHI_NYG","202210020nyg",2022,4,"REG","NYG","CHI","Tyrod Taylor","TaylTy00",1,0.333,NA,NA,0,0,0,1,0,0,0,0,NA,NA,NA
"2788","2022_04_CHI_NYG","202210020nyg",2022,4,"REG","CHI","NYG","Justin Fields","FielJu00",2,0.1,NA,NA,4,0.2,6,16,1,5,12,0.343,NA,NA,NA
"2789","2022_04_JAX_PHI","202210020phi",2022,4,"REG","PHI","JAX","Jalen Hurts","HurtJa00",2,0.083,NA,NA,2,0.083,2,4,7,3,12,0.4,NA,NA,NA
"2790","2022_04_JAX_PHI","202210020phi",2022,4,"REG","JAX","PHI","Trevor Lawrence","LawrTr00",4,0.174,NA,NA,5,0.217,4,4,8,1,13,0.481,NA,NA,NA
"2791","2022_04_NYJ_PIT","202210020pit",2022,4,"REG","PIT","NYJ","Kenny Pickett","PickKe00",1,0.077,NA,NA,1,0.077,0,1,0,2,2,0.133,NA,NA,NA
"2792","2022_04_NYJ_PIT","202210020pit",2022,4,"REG","PIT","NYJ","Mitchell Trubisky","TrubMi00",2,0.154,NA,NA,2,0.154,3,3,1,1,5,0.294,NA,NA,NA
"2793","2022_04_NYJ_PIT","202210020pit",2022,4,"REG","NYJ","PIT","Zach Wilson","WilsZa00",5,0.161,NA,NA,7,0.226,1,13,4,5,10,0.256,NA,NA,NA
"2794","2022_04_NYJ_PIT","202210020pit",2022,4,"REG","NYJ","PIT","Braxton Berrios","BerrBr00",0,0,NA,NA,0,0,0,1,0,0,0,0,NA,NA,NA
"2795","2022_04_ARI_CAR","202210020car",2022,4,"REG","CAR","ARI","Baker Mayfield","MayfBa00",3,0.083,NA,NA,6,0.167,2,11,0,1,3,0.079,NA,NA,NA
"2796","2022_04_ARI_CAR","202210020car",2022,4,"REG","ARI","CAR","Kyler Murray","MurrKy00",0,0,NA,NA,4,0.133,1,12,1,1,3,0.083,NA,NA,NA
"2797","2022_04_NE_GB","202210020gnb",2022,4,"REG","GB","NE","Aaron Rodgers","RodgAa00",2,0.065,NA,NA,6,0.194,1,7,2,2,5,0.135,NA,NA,NA
"2798","2022_04_NE_GB","202210020gnb",2022,4,"REG","NE","GB","Bailey Zappe","ZappBa00",1,0.071,NA,NA,3,0.214,3,10,1,0,4,0.222,NA,NA,NA
"2799","2022_04_NE_GB","202210020gnb",2022,4,"REG","NE","GB","Brian Hoyer","HoyeBr00",0,0,NA,NA,1,0.167,1,4,0,1,2,0.286,NA,NA,NA
"2800","2022_04_DEN_LV","202210020rai",2022,4,"REG","LV","DEN","Derek Carr","CarrDe02",2,0.067,NA,NA,5,0.167,2,7,1,3,6,0.154,NA,NA,NA
"2801","2022_04_DEN_LV","202210020rai",2022,4,"REG","DEN","LV","Russell Wilson","WilsRu00",4,0.16,NA,NA,3,0.12,3,5,0,2,5,0.161,NA,NA,NA
"2802","2022_04_KC_TB","202210020tam",2022,4,"REG","TB","KC","Tom Brady","BradTo00",0,0,NA,NA,9,0.173,1,12,0,5,6,0.113,NA,NA,NA
"2803","2022_04_KC_TB","202210020tam",2022,4,"REG","KC","TB","Patrick Mahomes","MahoPa00",3,0.083,NA,NA,6,0.167,3,10,2,3,8,0.186,NA,NA,NA
"2804","2022_04_LA_SF","202210030sfo",2022,4,"REG","SF","LA","Jimmy Garoppolo","GaroJi00",2,0.08,NA,NA,4,0.16,0,12,1,1,2,0.071,NA,NA,NA
"2805","2022_04_LA_SF","202210030sfo",2022,4,"REG","LA","SF","Matthew Stafford","StafMa00",2,0.042,NA,NA,9,0.188,7,19,5,5,17,0.304,NA,NA,NA
"2806","2022_05_IND_DEN","202210060den",2022,5,"REG","DEN","IND","Russell Wilson","WilsRu00",3,0.081,NA,NA,6,0.162,4,8,3,3,10,0.222,NA,NA,NA
"2807","2022_05_IND_DEN","202210060den",2022,5,"REG","IND","DEN","Matt Ryan","RyanMa00",2,0.056,NA,NA,3,0.083,6,14,3,6,15,0.313,NA,NA,NA
"2808","2022_05_NYG_GB","202210090gnb",2022,5,"REG","GB","NYG","Aaron Rodgers","RodgAa00",0,0,NA,NA,7,0.179,2,15,4,4,10,0.244,NA,NA,NA
"2809","2022_05_NYG_GB","202210090gnb",2022,5,"REG","NYG","GB","Daniel Jones","JoneDa05",1,0.038,NA,NA,3,0.115,1,11,2,3,6,0.188,NA,NA,NA
"2810","2022_05_PIT_BUF","202210090buf",2022,5,"REG","BUF","PIT","Josh Allen","AlleJo02",1,0.032,NA,NA,4,0.129,0,10,0,1,1,0.029,NA,NA,NA
"2811","2022_05_PIT_BUF","202210090buf",2022,5,"REG","BUF","PIT","Case Keenum","KeenCa00",0,0,NA,NA,1,0.2,0,4,0,0,0,0,NA,NA,NA
"2812","2022_05_PIT_BUF","202210090buf",2022,5,"REG","PIT","BUF","Kenny Pickett","PickKe00",1,0.02,NA,NA,5,0.1,3,14,0,5,8,0.143,NA,NA,NA
"2813","2022_05_LAC_CLE","202210090cle",2022,5,"REG","CLE","LAC","Jacoby Brissett","BrisJa00",3,0.094,NA,NA,5,0.156,0,10,2,3,5,0.139,NA,NA,NA
"2814","2022_05_LAC_CLE","202210090cle",2022,5,"REG","LAC","CLE","Justin Herbert","HerbJu00",4,0.121,NA,NA,2,0.061,1,7,2,2,5,0.132,NA,NA,NA
"2815","2022_05_HOU_JAX","202210090jax",2022,5,"REG","JAX","HOU","Trevor Lawrence","LawrTr00",5,0.111,NA,NA,9,0.2,0,0,3,1,4,0.08,NA,NA,NA
"2816","2022_05_HOU_JAX","202210090jax",2022,5,"REG","HOU","JAX","Davis Mills","MillDa02",1,0.042,NA,NA,5,0.208,1,9,0,4,5,0.2,NA,NA,NA
"2817","2022_05_CHI_MIN","202210090min",2022,5,"REG","MIN","CHI","Kirk Cousins","CousKi00",1,0.026,NA,NA,3,0.079,1,5,5,2,8,0.186,NA,NA,NA
"2818","2022_05_CHI_MIN","202210090min",2022,5,"REG","MIN","CHI","Justin Jefferson","JeffJu00",0,0,NA,NA,0,0,0,1,0,0,0,0,NA,NA,NA
"2819","2022_05_CHI_MIN","202210090min",2022,5,"REG","CHI","MIN","Justin Fields","FielJu00",2,0.095,NA,NA,2,0.095,2,5,2,1,5,0.172,NA,NA,NA
"2820","2022_05_DET_NE","202210090nwe",2022,5,"REG","NE","DET","Bailey Zappe","ZappBa00",1,0.048,NA,NA,2,0.095,0,5,2,0,2,0.091,NA,NA,NA
"2821","2022_05_DET_NE","202210090nwe",2022,5,"REG","DET","NE","Jared Goff","GoffJa00",2,0.067,NA,NA,7,0.233,2,11,7,4,13,0.333,NA,NA,NA
"2822","2022_05_SEA_NO","202210090nor",2022,5,"REG","NO","SEA","Andy Dalton","DaltAn00",3,0.125,NA,NA,4,0.167,1,16,1,4,6,0.231,NA,NA,NA
"2823","2022_05_SEA_NO","202210090nor",2022,5,"REG","NO","SEA","Taysom Hill","HillTa00",0,0,NA,NA,0,0,0,1,0,0,0,0,NA,NA,NA
"2824","2022_05_SEA_NO","202210090nor",2022,5,"REG","SEA","NO","Geno Smith","SmitGe00",2,0.083,NA,NA,4,0.167,3,5,3,2,8,0.267,NA,NA,NA
"2825","2022_05_MIA_NYJ","202210090nyj",2022,5,"REG","NYJ","MIA","Zach Wilson","WilsZa00",1,0.048,NA,NA,4,0.19,2,11,2,1,5,0.208,NA,NA,NA
"2826","2022_05_MIA_NYJ","202210090nyj",2022,5,"REG","MIA","NYJ","Skylar Thompson","ThomSk00",4,0.125,NA,NA,6,0.188,2,3,3,12,17,0.486,NA,NA,NA
"2827","2022_05_MIA_NYJ","202210090nyj",2022,5,"REG","MIA","NYJ","Teddy Bridgewater","BridTe00",0,0,NA,NA,0,0,0,1,0,1,1,1,NA,NA,NA
"2828","2022_05_ATL_TB","202210090tam",2022,5,"REG","TB","ATL","Tom Brady","BradTo00",3,0.06,NA,NA,7,0.14,0,3,0,4,4,0.077,NA,NA,NA
"2829","2022_05_ATL_TB","202210090tam",2022,5,"REG","ATL","TB","Marcus Mariota","MariMa01",1,0.042,NA,NA,7,0.292,5,9,0,5,10,0.294,NA,NA,NA
"2830","2022_05_TEN_WAS","202210090was",2022,5,"REG","WAS","TEN","Carson Wentz","WentCa00",2,0.054,NA,NA,4,0.108,3,5,0,3,6,0.14,NA,NA,NA
"2831","2022_05_TEN_WAS","202210090was",2022,5,"REG","TEN","WAS","Ryan Tannehill","TannRy00",3,0.13,NA,NA,4,0.174,5,10,2,7,14,0.452,NA,NA,NA
"2832","2022_05_SF_CAR","202210090car",2022,5,"REG","CAR","SF","Baker Mayfield","MayfBa00",2,0.059,NA,NA,5,0.147,4,15,3,2,9,0.225,NA,NA,NA
"2833","2022_05_SF_CAR","202210090car",2022,5,"REG","CAR","SF","P.J. Walker","WalkPh00",0,0,NA,NA,1,0.167,2,3,0,0,2,0.25,NA,NA,NA
"2834","2022_05_SF_CAR","202210090car",2022,5,"REG","SF","CAR","Jimmy Garoppolo","GaroJi00",7,0.233,NA,NA,2,0.067,2,12,1,3,6,0.188,NA,NA,NA
"2835","2022_05_PHI_ARI","202210090crd",2022,5,"REG","ARI","PHI","Kyler Murray","MurrKy00",1,0.026,NA,NA,6,0.158,1,15,3,1,5,0.111,NA,NA,NA
"2836","2022_05_PHI_ARI","202210090crd",2022,5,"REG","PHI","ARI","Jalen Hurts","HurtJa00",2,0.057,NA,NA,4,0.114,2,16,0,3,5,0.125,NA,NA,NA
"2837","2022_05_DAL_LA","202210090ram",2022,5,"REG","LA","DAL","Matthew Stafford","StafMa00",1,0.025,NA,NA,9,0.225,5,9,6,5,16,0.34,NA,NA,NA
"2838","2022_05_DAL_LA","202210090ram",2022,5,"REG","LA","DAL","Riley Dixon","DixoRi00",0,0,NA,NA,0,0,0,1,0,0,0,0,NA,NA,NA
"2839","2022_05_DAL_LA","202210090ram",2022,5,"REG","LA","DAL","Cooper Kupp","KuppCo00",0,0,NA,NA,1,1,0,0,0,1,1,1,NA,NA,NA
"2840","2022_05_DAL_LA","202210090ram",2022,5,"REG","DAL","LA","Cooper Rush","RushCo00",2,0.125,NA,NA,2,0.125,3,6,0,3,6,0.316,NA,NA,NA
"2841","2022_05_CIN_BAL","202210090rav",2022,5,"REG","BAL","CIN","Lamar Jackson","JackLa00",0,0,NA,NA,6,0.222,1,17,5,3,9,0.257,NA,NA,NA
"2842","2022_05_CIN_BAL","202210090rav",2022,5,"REG","CIN","BAL","Joe Burrow","BurrJo01",0,0,NA,NA,7,0.206,2,3,0,2,4,0.108,NA,NA,NA
"2843","2022_05_LV_KC","202210100kan",2022,5,"REG","KC","LV","Patrick Mahomes","MahoPa00",2,0.048,NA,NA,9,0.214,3,19,3,3,9,0.188,NA,NA,NA
"2844","2022_05_LV_KC","202210100kan",2022,5,"REG","LV","KC","Derek Carr","CarrDe02",1,0.037,NA,NA,6,0.222,2,11,5,4,11,0.333,NA,NA,NA
"2845","2022_06_WAS_CHI","202210130chi",2022,6,"REG","CHI","WAS","Justin Fields","FielJu00",1,0.037,NA,NA,8,0.296,5,9,0,8,13,0.31,NA,NA,NA
"2846","2022_06_WAS_CHI","202210130chi",2022,6,"REG","WAS","CHI","Carson Wentz","WentCa00",2,0.091,NA,NA,5,0.227,3,5,0,0,3,0.12,NA,NA,NA
"2847","2022_06_SF_ATL","202210160atl",2022,6,"REG","ATL","SF","Marcus Mariota","MariMa01",0,0,NA,NA,1,0.071,2,2,0,0,2,0.118,NA,NA,NA
"2848","2022_06_SF_ATL","202210160atl",2022,6,"REG","SF","ATL","Jimmy Garoppolo","GaroJi00",3,0.073,NA,NA,3,0.073,0,5,0,4,4,0.095,NA,NA,NA
"2849","2022_06_NE_CLE","202210160cle",2022,6,"REG","CLE","NE","Jacoby Brissett","BrisJa00",7,0.167,NA,NA,7,0.167,4,13,1,5,10,0.204,NA,NA,NA
"2850","2022_06_NE_CLE","202210160cle",2022,6,"REG","NE","CLE","Bailey Zappe","ZappBa00",1,0.032,NA,NA,2,0.065,2,16,1,1,4,0.111,NA,NA,NA
"2851","2022_06_NYJ_GB","202210160gnb",2022,6,"REG","GB","NYJ","Aaron Rodgers","RodgAa00",6,0.146,NA,NA,4,0.098,4,6,0,5,9,0.2,NA,NA,NA
"2852","2022_06_NYJ_GB","202210160gnb",2022,6,"REG","GB","NYJ","Jordan Love","LoveJo03",0,0,NA,NA,2,0.5,0,0,0,0,0,0,NA,NA,NA
"2853","2022_06_NYJ_GB","202210160gnb",2022,6,"REG","NYJ","GB","Zach Wilson","WilsZa00",1,0.059,NA,NA,1,0.059,2,8,2,0,4,0.19,NA,NA,NA
"2854","2022_06_JAX_IND","202210160clt",2022,6,"REG","IND","JAX","Matt Ryan","RyanMa00",1,0.018,NA,NA,6,0.109,0,18,4,6,10,0.172,NA,NA,NA
"2855","2022_06_JAX_IND","202210160clt",2022,6,"REG","JAX","IND","Trevor Lawrence","LawrTr00",0,0,NA,NA,2,0.091,4,1,2,0,6,0.222,NA,NA,NA
"2856","2022_06_MIN_MIA","202210160mia",2022,6,"REG","MIA","MIN","Teddy Bridgewater","BridTe00",1,0.031,NA,NA,3,0.094,5,1,1,5,11,0.275,NA,NA,NA
"2857","2022_06_MIN_MIA","202210160mia",2022,6,"REG","MIA","MIN","Skylar Thompson","ThomSk00",2,0.154,NA,NA,3,0.231,1,5,1,2,4,0.267,NA,NA,NA
"2858","2022_06_MIN_MIA","202210160mia",2022,6,"REG","MIN","MIA","Kirk Cousins","CousKi00",0,0,NA,NA,3,0.107,3,14,2,3,8,0.242,NA,NA,NA
"2859","2022_06_CIN_NO","202210160nor",2022,6,"REG","NO","CIN","Andy Dalton","DaltAn00",2,0.071,NA,NA,6,0.214,1,4,1,3,5,0.152,NA,NA,NA
"2860","2022_06_CIN_NO","202210160nor",2022,6,"REG","NO","CIN","Taysom Hill","HillTa00",0,0,NA,NA,0,0,0,1,1,0,1,0.25,NA,NA,NA
"2861","2022_06_CIN_NO","202210160nor",2022,6,"REG","CIN","NO","Joe Burrow","BurrJo01",2,0.056,NA,NA,4,0.111,3,7,2,3,8,0.19,NA,NA,NA
"2862","2022_06_BAL_NYG","202210160nyg",2022,6,"REG","NYG","BAL","Daniel Jones","JoneDa05",1,0.04,NA,NA,2,0.08,4,8,1,2,7,0.219,NA,NA,NA
"2863","2022_06_BAL_NYG","202210160nyg",2022,6,"REG","BAL","NYG","Lamar Jackson","JackLa00",5,0.156,NA,NA,7,0.219,2,14,2,1,5,0.139,NA,NA,NA
"2864","2022_06_TB_PIT","202210160pit",2022,6,"REG","PIT","TB","Kenny Pickett","PickKe00",0,0,NA,NA,4,0.267,1,8,2,0,3,0.143,NA,NA,NA
"2865","2022_06_TB_PIT","202210160pit",2022,6,"REG","PIT","TB","Mitchell Trubisky","TrubMi00",0,0,NA,NA,0,0,1,4,0,0,1,0.077,NA,NA,NA
"2866","2022_06_TB_PIT","202210160pit",2022,6,"REG","TB","PIT","Tom Brady","BradTo00",2,0.054,NA,NA,6,0.162,2,4,1,3,6,0.143,NA,NA,NA
"2867","2022_06_CAR_LA","202210160ram",2022,6,"REG","LA","CAR","Matthew Stafford","StafMa00",0,0,NA,NA,3,0.097,1,12,5,1,7,0.206,NA,NA,NA
"2868","2022_06_CAR_LA","202210160ram",2022,6,"REG","CAR","LA","P.J. Walker","WalkPh00",1,0.063,NA,NA,3,0.188,2,2,0,0,2,0.111,NA,NA,NA
"2869","2022_06_CAR_LA","202210160ram",2022,6,"REG","CAR","LA","Jacob Eason","EasoJa00",0,0,NA,NA,1,0.2,0,0,0,1,1,0.2,NA,NA,NA
"2870","2022_06_ARI_SEA","202210160sea",2022,6,"REG","SEA","ARI","Geno Smith","SmitGe00",3,0.1,NA,NA,2,0.067,5,14,5,0,10,0.263,NA,NA,NA
"2871","2022_06_ARI_SEA","202210160sea",2022,6,"REG","ARI","SEA","Kyler Murray","MurrKy00",3,0.083,NA,NA,4,0.111,6,2,7,0,13,0.271,NA,NA,NA
"2872","2022_06_BUF_KC","202210160kan",2022,6,"REG","KC","BUF","Patrick Mahomes","MahoPa00",1,0.027,NA,NA,8,0.216,3,10,0,6,9,0.191,NA,NA,NA
"2873","2022_06_BUF_KC","202210160kan",2022,6,"REG","BUF","KC","Josh Allen","AlleJo02",0,0,NA,NA,10,0.25,1,15,1,3,5,0.114,NA,NA,NA
"2874","2022_06_DAL_PHI","202210160phi",2022,6,"REG","PHI","DAL","Jalen Hurts","HurtJa00",1,0.045,NA,NA,3,0.136,4,14,3,0,7,0.233,NA,NA,NA
"2875","2022_06_DAL_PHI","202210160phi",2022,6,"REG","DAL","PHI","Cooper Rush","RushCo00",0,0,NA,NA,10,0.27,0,9,0,4,4,0.105,NA,NA,NA
"2876","2022_06_DEN_LAC","202210170sdg",2022,6,"REG","LAC","DEN","Justin Herbert","HerbJu00",3,0.054,NA,NA,8,0.143,2,19,7,6,15,0.246,NA,NA,NA
"2877","2022_06_DEN_LAC","202210170sdg",2022,6,"REG","DEN","LAC","Russell Wilson","WilsRu00",0,0,NA,NA,7,0.28,4,15,4,2,10,0.294,NA,NA,NA
"2878","2022_07_NO_ARI","202210200crd",2022,7,"REG","ARI","NO","Kyler Murray","MurrKy00",3,0.103,NA,NA,2,0.069,2,3,1,0,3,0.091,NA,NA,NA
"2879","2022_07_NO_ARI","202210200crd",2022,7,"REG","NO","ARI","Andy Dalton","DaltAn00",2,0.045,NA,NA,5,0.114,0,9,3,2,5,0.1,NA,NA,NA
"2880","2022_07_NO_ARI","202210200crd",2022,7,"REG","NO","ARI","Taysom Hill","HillTa00",0,0,NA,NA,0,0,0,1,0,0,0,0,NA,NA,NA
"2881","2022_07_CLE_BAL","202210230rav",2022,7,"REG","BAL","CLE","Lamar Jackson","JackLa00",1,0.063,NA,NA,3,0.188,3,9,3,1,7,0.333,NA,NA,NA
"2882","2022_07_CLE_BAL","202210230rav",2022,7,"REG","CLE","BAL","Jacoby Brissett","BrisJa00",0,0,NA,NA,2,0.08,5,6,2,1,8,0.235,NA,NA,NA
"2883","2022_07_TB_CAR","202210230car",2022,7,"REG","CAR","TB","P.J. Walker","WalkPh00",1,0.048,NA,NA,3,0.143,1,11,4,2,7,0.304,NA,NA,NA
"2884","2022_07_TB_CAR","202210230car",2022,7,"REG","TB","CAR","Tom Brady","BradTo00",3,0.064,NA,NA,10,0.213,1,12,9,2,12,0.235,NA,NA,NA
"2885","2022_07_ATL_CIN","202210230cin",2022,7,"REG","CIN","ATL","Joe Burrow","BurrJo01",2,0.048,NA,NA,4,0.095,3,1,3,3,9,0.2,NA,NA,NA
"2886","2022_07_ATL_CIN","202210230cin",2022,7,"REG","ATL","CIN","Marcus Mariota","MariMa01",0,0,NA,NA,2,0.167,3,3,0,2,5,0.263,NA,NA,NA
"2887","2022_07_DET_DAL","202210230dal",2022,7,"REG","DAL","DET","Dak Prescott","PresDa01",2,0.08,NA,NA,3,0.12,2,6,1,3,6,0.214,NA,NA,NA
"2888","2022_07_DET_DAL","202210230dal",2022,7,"REG","DET","DAL","Jared Goff","GoffJa00",0,0,NA,NA,2,0.08,5,12,4,1,10,0.313,NA,NA,NA
"2889","2022_07_NYG_JAX","202210230jax",2022,7,"REG","JAX","NYG","Trevor Lawrence","LawrTr00",1,0.023,NA,NA,14,0.326,0,9,1,2,3,0.07,NA,NA,NA
"2890","2022_07_NYG_JAX","202210230jax",2022,7,"REG","JAX","NYG","Christian Kirk","KirkCh01",0,0,NA,NA,1,1,0,0,0,0,0,0,NA,NA,NA
"2891","2022_07_NYG_JAX","202210230jax",2022,7,"REG","NYG","JAX","Daniel Jones","JoneDa05",2,0.069,NA,NA,0,0,1,8,2,2,5,0.143,NA,NA,NA
"2892","2022_07_IND_TEN","202210230oti",2022,7,"REG","TEN","IND","Ryan Tannehill","TannRy00",1,0.05,NA,NA,3,0.15,2,3,2,5,9,0.409,NA,NA,NA
"2893","2022_07_IND_TEN","202210230oti",2022,7,"REG","IND","TEN","Matt Ryan","RyanMa00",1,0.024,NA,NA,4,0.098,3,11,4,7,14,0.292,NA,NA,NA
"2894","2022_07_GB_WAS","202210230was",2022,7,"REG","WAS","GB","Taylor Heinicke","HeinTa00",1,0.031,NA,NA,6,0.188,1,12,5,8,14,0.4,NA,NA,NA
"2895","2022_07_GB_WAS","202210230was",2022,7,"REG","GB","WAS","Aaron Rodgers","RodgAa00",5,0.152,NA,NA,2,0.061,0,1,1,1,2,0.057,NA,NA,NA
"2896","2022_07_NYJ_DEN","202210230den",2022,7,"REG","DEN","NYJ","Brett Rypien","RypiBr00",2,0.044,NA,NA,11,0.244,1,7,0,4,5,0.104,NA,NA,NA
"2897","2022_07_NYJ_DEN","202210230den",2022,7,"REG","NYJ","DEN","Zach Wilson","WilsZa00",2,0.083,NA,NA,5,0.208,3,13,5,1,9,0.281,NA,NA,NA
"2898","2022_07_HOU_LV","202210230rai",2022,7,"REG","LV","HOU","Derek Carr","CarrDe02",0,0,NA,NA,2,0.083,1,2,2,2,5,0.179,NA,NA,NA
"2899","2022_07_HOU_LV","202210230rai",2022,7,"REG","HOU","LV","Davis Mills","MillDa02",2,0.05,NA,NA,8,0.2,1,9,0,7,8,0.19,NA,NA,NA
"2900","2022_07_SEA_LAC","202210230sdg",2022,7,"REG","LAC","SEA","Justin Herbert","HerbJu00",2,0.041,NA,NA,5,0.102,3,7,0,6,9,0.158,NA,NA,NA
"2901","2022_07_SEA_LAC","202210230sdg",2022,7,"REG","SEA","LAC","Geno Smith","SmitGe00",1,0.038,NA,NA,2,0.077,2,10,0,2,4,0.133,NA,NA,NA
"2902","2022_07_KC_SF","202210230sfo",2022,7,"REG","SF","KC","Jimmy Garoppolo","GaroJi00",0,0,NA,NA,6,0.162,5,12,1,2,8,0.19,NA,NA,NA
"2903","2022_07_KC_SF","202210230sfo",2022,7,"REG","SF","KC","Brock Purdy","PurdBr00",1,0.111,NA,NA,3,0.333,0,2,0,0,0,0,NA,NA,NA
"2904","2022_07_KC_SF","202210230sfo",2022,7,"REG","KC","SF","Patrick Mahomes","MahoPa00",1,0.031,NA,NA,5,0.156,1,9,3,1,5,0.143,NA,NA,NA
"2905","2022_07_KC_SF","202210230sfo",2022,7,"REG","KC","SF","Chad Henne","HennCh01",1,0.5,NA,NA,0,0,0,0,0,0,0,0,NA,NA,NA
"2906","2022_07_PIT_MIA","202210230mia",2022,7,"REG","MIA","PIT","Tua Tagovailoa","TagoTu00",2,0.057,NA,NA,8,0.229,0,7,0,1,1,0.026,NA,NA,NA
"2907","2022_07_PIT_MIA","202210230mia",2022,7,"REG","PIT","MIA","Kenny Pickett","PickKe00",1,0.024,NA,NA,6,0.143,2,8,1,3,6,0.122,NA,NA,NA
"2908","2022_07_CHI_NE","202210240nwe",2022,7,"REG","NE","CHI","Bailey Zappe","ZappBa00",0,0,NA,NA,4,0.182,1,5,1,1,3,0.13,NA,NA,NA
"2909","2022_07_CHI_NE","202210240nwe",2022,7,"REG","NE","CHI","Mac Jones","JoneMa05",1,0.167,NA,NA,1,0.167,0,1,1,1,2,0.222,NA,NA,NA
"2910","2022_07_CHI_NE","202210240nwe",2022,7,"REG","CHI","NE","Justin Fields","FielJu00",0,0,NA,NA,5,0.238,4,10,8,2,14,0.538,NA,NA,NA
"2911","2022_08_BAL_TB","202210270tam",2022,8,"REG","TB","BAL","Tom Brady","BradTo00",0,0,NA,NA,10,0.233,3,5,0,3,6,0.125,NA,NA,NA
"2912","2022_08_BAL_TB","202210270tam",2022,8,"REG","BAL","TB","Lamar Jackson","JackLa00",0,0,NA,NA,4,0.118,3,12,2,0,5,0.116,NA,NA,NA
"2913","2022_08_DEN_JAX","202210300jax",2022,8,"REG","JAX","DEN","Trevor Lawrence","LawrTr00",2,0.071,NA,NA,7,0.25,2,12,2,1,5,0.143,NA,NA,NA
"2914","2022_08_DEN_JAX","202210300jax",2022,8,"REG","DEN","JAX","Russell Wilson","WilsRu00",1,0.038,NA,NA,3,0.115,3,5,1,4,8,0.229,NA,NA,NA
"2915","2022_08_CAR_ATL","202210300atl",2022,8,"REG","ATL","CAR","Marcus Mariota","MariMa01",1,0.037,NA,NA,0,0,2,16,0,3,5,0.161,NA,NA,NA
"2916","2022_08_CAR_ATL","202210300atl",2022,8,"REG","CAR","ATL","P.J. Walker","WalkPh00",3,0.083,NA,NA,8,0.222,1,6,0,1,2,0.053,NA,NA,NA
"2917","2022_08_CHI_DAL","202210300dal",2022,8,"REG","DAL","CHI","Dak Prescott","PresDa01",0,0,NA,NA,3,0.115,1,3,0,2,3,0.107,NA,NA,NA
"2918","2022_08_CHI_DAL","202210300dal",2022,8,"REG","CHI","DAL","Justin Fields","FielJu00",1,0.045,NA,NA,1,0.045,4,5,0,1,5,0.161,NA,NA,NA
"2919","2022_08_CHI_DAL","202210300dal",2022,8,"REG","CHI","DAL","Trevor Siemian","SiemTr00",0,0,NA,NA,0,0,0,0,0,0,0,0,NA,NA,NA
"2920","2022_08_MIA_DET","202210300det",2022,8,"REG","DET","MIA","Jared Goff","GoffJa00",2,0.054,NA,NA,5,0.135,1,15,0,3,4,0.103,NA,NA,NA
"2921","2022_08_MIA_DET","202210300det",2022,8,"REG","MIA","DET","Tua Tagovailoa","TagoTu00",2,0.059,NA,NA,1,0.029,2,6,1,0,3,0.075,NA,NA,NA
"2922","2022_08_ARI_MIN","202210300min",2022,8,"REG","MIN","ARI","Kirk Cousins","CousKi00",0,0,NA,NA,4,0.129,3,17,4,6,13,0.31,NA,NA,NA
"2923","2022_08_ARI_MIN","202210300min",2022,8,"REG","ARI","MIN","Kyler Murray","MurrKy00",3,0.07,NA,NA,2,0.047,4,3,3,2,9,0.173,NA,NA,NA
"2924","2022_08_LV_NO","202210300nor",2022,8,"REG","NO","LV","Andy Dalton","DaltAn00",2,0.071,NA,NA,3,0.107,0,8,0,0,0,0,NA,NA,NA
"2925","2022_08_LV_NO","202210300nor",2022,8,"REG","NO","LV","Taysom Hill","HillTa00",0,0,NA,NA,0,0,0,1,0,0,0,0,NA,NA,NA
"2926","2022_08_LV_NO","202210300nor",2022,8,"REG","LV","NO","Derek Carr","CarrDe02",1,0.04,NA,NA,8,0.32,3,4,0,3,6,0.207,NA,NA,NA
"2927","2022_08_LV_NO","202210300nor",2022,8,"REG","LV","NO","Jarrett Stidham","StidJa00",1,0.077,NA,NA,3,0.231,1,3,0,1,2,0.143,NA,NA,NA
"2928","2022_08_NE_NYJ","202210300nyj",2022,8,"REG","NYJ","NE","Zach Wilson","WilsZa00",0,0,NA,NA,12,0.343,2,7,14,0,16,0.372,NA,NA,NA
"2929","2022_08_NE_NYJ","202210300nyj",2022,8,"REG","NE","NYJ","Mac Jones","JoneMa05",1,0.031,NA,NA,5,0.156,6,9,8,4,18,0.409,NA,NA,NA
"2930","2022_08_PIT_PHI","202210300phi",2022,8,"REG","PHI","PIT","Jalen Hurts","HurtJa00",3,0.107,NA,NA,4,0.143,3,21,0,0,3,0.094,NA,NA,NA
"2931","2022_08_PIT_PHI","202210300phi",2022,8,"REG","PHI","PIT","Gardner Minshew II","MinsGa00",0,0,NA,NA,1,0.5,0,2,0,1,1,0.5,NA,NA,NA
"2932","2022_08_PIT_PHI","202210300phi",2022,8,"REG","PIT","PHI","Kenny Pickett","PickKe00",1,0.026,NA,NA,8,0.211,6,11,0,5,11,0.224,NA,NA,NA
"2933","2022_08_PIT_PHI","202210300phi",2022,8,"REG","PIT","PHI","Chase Claypool","ClayCh01",0,0,NA,NA,0,0,0,1,0,1,1,1,NA,NA,NA
"2934","2022_08_PIT_PHI","202210300phi",2022,8,"REG","PIT","PHI","Najee Harris","HarrNa00",0,0,NA,NA,0,0,0,0,0,0,0,0,NA,NA,NA
"2935","2022_08_TEN_HOU","202210300htx",2022,8,"REG","HOU","TEN","Davis Mills","MillDa02",1,0.034,NA,NA,9,0.31,3,4,4,3,10,0.294,NA,NA,NA
"2936","2022_08_TEN_HOU","202210300htx",2022,8,"REG","HOU","TEN","Rex Burkhead","BurkRe00",0,0,NA,NA,1,1,0,1,0,0,0,0,NA,NA,NA
"2937","2022_08_TEN_HOU","202210300htx",2022,8,"REG","TEN","HOU","Malik Willis","WillMa12",0,0,NA,NA,2,0.25,3,5,1,1,5,0.333,NA,NA,NA
"2938","2022_08_WAS_IND","202210300clt",2022,8,"REG","IND","WAS","Sam Ehlinger","EhliSa00",1,0.043,NA,NA,3,0.13,2,5,0,5,7,0.25,NA,NA,NA
"2939","2022_08_WAS_IND","202210300clt",2022,8,"REG","WAS","IND","Taylor Heinicke","HeinTa00",0,0,NA,NA,5,0.167,2,5,1,5,8,0.211,NA,NA,NA
"2940","2022_08_SF_LA","202210300ram",2022,8,"REG","LA","SF","Matthew Stafford","StafMa00",1,0.032,NA,NA,5,0.161,2,9,3,0,5,0.139,NA,NA,NA
"2941","2022_08_SF_LA","202210300ram",2022,8,"REG","SF","LA","Jimmy Garoppolo","GaroJi00",0,0,NA,NA,0,0,3,7,2,0,5,0.179,NA,NA,NA
"2942","2022_08_SF_LA","202210300ram",2022,8,"REG","SF","LA","Christian McCaffrey","McCaCh01",0,0,NA,NA,0,0,0,0,0,0,0,0,NA,NA,NA
"2943","2022_08_NYG_SEA","202210300sea",2022,8,"REG","SEA","NYG","Geno Smith","SmitGe00",2,0.061,NA,NA,4,0.121,3,17,2,7,12,0.293,NA,NA,NA
"2944","2022_08_NYG_SEA","202210300sea",2022,8,"REG","NYG","SEA","Daniel Jones","JoneDa05",1,0.032,NA,NA,7,0.226,5,3,3,3,11,0.282,NA,NA,NA
"2945","2022_08_GB_BUF","202210300buf",2022,8,"REG","BUF","GB","Josh Allen","AlleJo02",1,0.04,NA,NA,5,0.2,2,11,1,2,5,0.167,NA,NA,NA
"2946","2022_08_GB_BUF","202210300buf",2022,8,"REG","GB","BUF","Aaron Rodgers","RodgAa00",1,0.034,NA,NA,5,0.172,2,4,0,3,5,0.152,NA,NA,NA
"2947","2022_08_CIN_CLE","202210310cle",2022,8,"REG","CLE","CIN","Jacoby Brissett","BrisJa00",2,0.105,NA,NA,0,0,2,12,3,3,8,0.32,NA,NA,NA
"2948","2022_08_CIN_CLE","202210310cle",2022,8,"REG","CLE","CIN","Amari Cooper","CoopAm00",0,0,NA,NA,1,1,0,1,0,1,1,1,NA,NA,NA
"2949","2022_08_CIN_CLE","202210310cle",2022,8,"REG","CIN","CLE","Joe Burrow","BurrJo01",2,0.059,NA,NA,2,0.059,5,6,1,2,8,0.2,NA,NA,NA
"2950","2022_09_PHI_HOU","202211030htx",2022,9,"REG","HOU","PHI","Davis Mills","MillDa02",0,0,NA,NA,6,0.273,3,4,2,1,6,0.214,NA,NA,NA
"2951","2022_09_PHI_HOU","202211030htx",2022,9,"REG","PHI","HOU","Jalen Hurts","HurtJa00",0,0,NA,NA,3,0.12,4,10,2,2,8,0.242,NA,NA,NA
"2952","2022_09_LAC_ATL","202211060atl",2022,9,"REG","ATL","LAC","Marcus Mariota","MariMa01",1,0.043,NA,NA,9,0.391,2,7,1,1,4,0.148,NA,NA,NA
"2953","2022_09_LAC_ATL","202211060atl",2022,9,"REG","LAC","ATL","Justin Herbert","HerbJu00",4,0.093,NA,NA,6,0.14,0,3,1,2,3,0.068,NA,NA,NA
"2954","2022_09_MIA_CHI","202211060chi",2022,9,"REG","CHI","MIA","Justin Fields","FielJu00",3,0.111,NA,NA,6,0.222,2,16,2,1,5,0.128,NA,NA,NA
"2955","2022_09_MIA_CHI","202211060chi",2022,9,"REG","MIA","CHI","Tua Tagovailoa","TagoTu00",2,0.071,NA,NA,5,0.179,0,4,1,2,3,0.097,NA,NA,NA
"2956","2022_09_CAR_CIN","202211060cin",2022,9,"REG","CIN","CAR","Joe Burrow","BurrJo01",1,0.037,NA,NA,1,0.037,1,7,0,1,2,0.069,NA,NA,NA
"2957","2022_09_CAR_CIN","202211060cin",2022,9,"REG","CIN","CAR","Brandon Allen","AlleBr00",0,0,NA,NA,0,0,1,3,0,0,1,0.25,NA,NA,NA
"2958","2022_09_CAR_CIN","202211060cin",2022,9,"REG","CAR","CIN","Baker Mayfield","MayfBa00",1,0.05,NA,NA,3,0.15,0,1,1,0,1,0.05,NA,NA,NA
"2959","2022_09_CAR_CIN","202211060cin",2022,9,"REG","CAR","CIN","P.J. Walker","WalkPh00",1,0.1,NA,NA,5,0.5,0,1,0,0,0,0,NA,NA,NA
"2960","2022_09_GB_DET","202211060det",2022,9,"REG","DET","GB","Jared Goff","GoffJa00",0,0,NA,NA,7,0.292,0,15,1,3,4,0.154,NA,NA,NA
"2961","2022_09_GB_DET","202211060det",2022,9,"REG","GB","DET","Aaron Rodgers","RodgAa00",2,0.05,NA,NA,9,0.225,1,10,1,4,6,0.128,NA,NA,NA
"2962","2022_09_LV_JAX","202211060jax",2022,9,"REG","JAX","LV","Trevor Lawrence","LawrTr00",2,0.069,NA,NA,0,0,0,15,4,4,8,0.242,NA,NA,NA
"2963","2022_09_LV_JAX","202211060jax",2022,9,"REG","LV","JAX","Derek Carr","CarrDe02",3,0.083,NA,NA,6,0.167,2,9,10,1,13,0.342,NA,NA,NA
"2964","2022_09_IND_NE","202211060nwe",2022,9,"REG","NE","IND","Mac Jones","JoneMa05",1,0.034,NA,NA,5,0.172,4,4,7,0,11,0.324,NA,NA,NA
"2965","2022_09_IND_NE","202211060nwe",2022,9,"REG","IND","NE","Sam Ehlinger","EhliSa00",3,0.107,NA,NA,3,0.107,9,9,5,0,14,0.333,NA,NA,NA
"2966","2022_09_BUF_NYJ","202211060nyj",2022,9,"REG","NYJ","BUF","Zach Wilson","WilsZa00",1,0.042,NA,NA,5,0.208,2,10,1,1,4,0.138,NA,NA,NA
"2967","2022_09_BUF_NYJ","202211060nyj",2022,9,"REG","BUF","NYJ","Josh Allen","AlleJo02",3,0.091,NA,NA,6,0.182,5,4,0,2,7,0.167,NA,NA,NA
"2968","2022_09_MIN_WAS","202211060was",2022,9,"REG","WAS","MIN","Taylor Heinicke","HeinTa00",0,0,NA,NA,5,0.192,3,4,2,4,9,0.265,NA,NA,NA
"2969","2022_09_MIN_WAS","202211060was",2022,9,"REG","MIN","WAS","Kirk Cousins","CousKi00",2,0.053,NA,NA,8,0.211,2,12,2,9,13,0.31,NA,NA,NA
"2970","2022_09_MIN_WAS","202211060was",2022,9,"REG","MIN","WAS","Nick Mullens","MullNi00",0,0,NA,NA,0,0,0,0,0,0,0,0,NA,NA,NA
"2971","2022_09_SEA_ARI","202211060crd",2022,9,"REG","ARI","SEA","Kyler Murray","MurrKy00",3,0.091,NA,NA,2,0.061,5,3,1,1,7,0.159,NA,NA,NA
"2972","2022_09_SEA_ARI","202211060crd",2022,9,"REG","SEA","ARI","Geno Smith","SmitGe00",1,0.031,NA,NA,2,0.063,2,13,0,5,7,0.184,NA,NA,NA
"2973","2022_09_LA_TB","202211060tam",2022,9,"REG","TB","LA","Tom Brady","BradTo00",7,0.127,NA,NA,4,0.073,1,13,2,2,5,0.085,NA,NA,NA
"2974","2022_09_LA_TB","202211060tam",2022,9,"REG","LA","TB","Matthew Stafford","StafMa00",3,0.115,NA,NA,8,0.308,4,6,2,4,10,0.323,NA,NA,NA
"2975","2022_09_TEN_KC","202211060kan",2022,9,"REG","KC","TEN","Patrick Mahomes","MahoPa00",7,0.113,NA,NA,9,0.145,4,5,6,3,13,0.167,NA,NA,NA
"2976","2022_09_TEN_KC","202211060kan",2022,9,"REG","TEN","KC","Malik Willis","WillMa12",1,0.077,NA,NA,5,0.385,3,6,5,0,8,0.364,NA,NA,NA
"2977","2022_09_BAL_NO","202211070nor",2022,9,"REG","NO","BAL","Andy Dalton","DaltAn00",1,0.037,NA,NA,2,0.074,4,7,2,2,8,0.235,NA,NA,NA
"2978","2022_09_BAL_NO","202211070nor",2022,9,"REG","NO","BAL","Taysom Hill","HillTa00",0,0,NA,NA,0,0,0,0,0,0,0,0,NA,NA,NA
"2979","2022_09_BAL_NO","202211070nor",2022,9,"REG","BAL","NO","Lamar Jackson","JackLa00",3,0.143,NA,NA,5,0.238,3,10,2,0,5,0.2,NA,NA,NA
"2980","2022_10_ATL_CAR","202211100car",2022,10,"REG","CAR","ATL","P.J. Walker","WalkPh00",1,0.063,NA,NA,1,0.063,1,5,0,1,2,0.118,NA,NA,NA
"2981","2022_10_ATL_CAR","202211100car",2022,10,"REG","ATL","CAR","Marcus Mariota","MariMa01",0,0,NA,NA,6,0.207,5,9,4,5,14,0.378,NA,NA,NA
"2982","2022_10_SEA_TB","202211130tam",2022,10,"REG","TB","SEA","Tom Brady","BradTo00",0,0,NA,NA,3,0.107,0,3,0,1,1,0.034,NA,NA,NA
"2983","2022_10_SEA_TB","202211130tam",2022,10,"REG","TB","SEA","Leonard Fournette","FourLe00",0,0,NA,NA,0,0,0,0,0,0,0,0,NA,NA,NA
"2984","2022_10_SEA_TB","202211130tam",2022,10,"REG","SEA","TB","Geno Smith","SmitGe00",1,0.03,NA,NA,7,0.212,3,9,2,3,8,0.2,NA,NA,NA
"2985","2022_10_MIN_BUF","202211130buf",2022,10,"REG","BUF","MIN","Josh Allen","AlleJo02",1,0.024,NA,NA,6,0.146,2,13,5,2,9,0.18,NA,NA,NA
"2986","2022_10_MIN_BUF","202211130buf",2022,10,"REG","MIN","BUF","Kirk Cousins","CousKi00",3,0.06,NA,NA,10,0.2,4,13,2,5,11,0.196,NA,NA,NA
"2987","2022_10_DET_CHI","202211130chi",2022,10,"REG","CHI","DET","Justin Fields","FielJu00",0,0,NA,NA,3,0.167,3,10,6,0,9,0.346,NA,NA,NA
"2988","2022_10_DET_CHI","202211130chi",2022,10,"REG","DET","CHI","Jared Goff","GoffJa00",0,0,NA,NA,3,0.12,2,13,5,0,7,0.233,NA,NA,NA
"2989","2022_10_JAX_KC","202211130kan",2022,10,"REG","KC","JAX","Patrick Mahomes","MahoPa00",3,0.086,NA,NA,4,0.114,0,3,0,4,4,0.1,NA,NA,NA
"2990","2022_10_JAX_KC","202211130kan",2022,10,"REG","JAX","KC","Trevor Lawrence","LawrTr00",2,0.051,NA,NA,3,0.077,5,14,1,0,6,0.125,NA,NA,NA
"2991","2022_10_CLE_MIA","202211130mia",2022,10,"REG","MIA","CLE","Tua Tagovailoa","TagoTu00",0,0,NA,NA,5,0.156,0,8,8,0,8,0.25,NA,NA,NA
"2992","2022_10_CLE_MIA","202211130mia",2022,10,"REG","MIA","CLE","Skylar Thompson","ThomSk00",0,0,NA,NA,0,0,0,0,0,0,0,0,NA,NA,NA
"2993","2022_10_CLE_MIA","202211130mia",2022,10,"REG","CLE","MIA","Jacoby Brissett","BrisJa00",0,0,NA,NA,5,0.147,3,11,8,8,19,0.452,NA,NA,NA
"2994","2022_10_HOU_NYG","202211130nyg",2022,10,"REG","NYG","HOU","Daniel Jones","JoneDa05",2,0.118,NA,NA,1,0.059,3,5,0,2,5,0.217,NA,NA,NA
"2995","2022_10_HOU_NYG","202211130nyg",2022,10,"REG","HOU","NYG","Davis Mills","MillDa02",1,0.027,NA,NA,8,0.216,4,18,0,6,10,0.244,NA,NA,NA
"2996","2022_10_NO_PIT","202211130pit",2022,10,"REG","PIT","NO","Kenny Pickett","PickKe00",1,0.038,NA,NA,5,0.192,6,6,3,0,9,0.225,NA,NA,NA
"2997","2022_10_NO_PIT","202211130pit",2022,10,"REG","NO","PIT","Andy Dalton","DaltAn00",4,0.148,NA,NA,4,0.148,2,6,0,1,3,0.1,NA,NA,NA
"2998","2022_10_NO_PIT","202211130pit",2022,10,"REG","NO","PIT","Taysom Hill","HillTa00",0,0,NA,NA,1,1,0,1,0,0,0,0,NA,NA,NA
"2999","2022_10_DEN_TEN","202211130oti",2022,10,"REG","TEN","DEN","Ryan Tannehill","TannRy00",4,0.111,NA,NA,1,0.028,1,15,0,3,4,0.105,NA,NA,NA
"3000","2022_10_DEN_TEN","202211130oti",2022,10,"REG","DEN","TEN","Russell Wilson","WilsRu00",2,0.056,NA,NA,6,0.167,6,5,1,12,19,0.388,NA,NA,NA
"3001","2022_10_IND_LV","202211130rai",2022,10,"REG","LV","IND","Derek Carr","CarrDe02",4,0.108,NA,NA,3,0.081,2,4,0,2,4,0.1,NA,NA,NA
"3002","2022_10_IND_LV","202211130rai",2022,10,"REG","IND","LV","Matt Ryan","RyanMa00",2,0.074,NA,NA,1,0.037,1,11,0,0,1,0.033,NA,NA,NA
"3003","2022_10_DAL_GB","202211130gnb",2022,10,"REG","GB","DAL","Aaron Rodgers","RodgAa00",1,0.053,NA,NA,3,0.158,2,14,1,0,3,0.13,NA,NA,NA
"3004","2022_10_DAL_GB","202211130gnb",2022,10,"REG","DAL","GB","Dak Prescott","PresDa01",2,0.045,NA,NA,9,0.205,2,17,5,3,10,0.208,NA,NA,NA
"3005","2022_10_ARI_LA","202211130ram",2022,10,"REG","LA","ARI","John Wolford","WolfJo00",1,0.028,NA,NA,6,0.167,3,16,7,9,19,0.487,NA,NA,NA
"3006","2022_10_ARI_LA","202211130ram",2022,10,"REG","LA","ARI","Bryce Perkins","PerkBr02",0,0,NA,NA,0,0,0,1,0,0,0,0,NA,NA,NA
"3007","2022_10_ARI_LA","202211130ram",2022,10,"REG","ARI","LA","Colt McCoy","McCoCo00",3,0.086,NA,NA,5,0.143,2,9,1,5,8,0.2,NA,NA,NA
"3008","2022_10_LAC_SF","202211130sfo",2022,10,"REG","SF","LAC","Jimmy Garoppolo","GaroJi00",1,0.036,NA,NA,7,0.25,1,3,1,0,2,0.067,NA,NA,NA
"3009","2022_10_LAC_SF","202211130sfo",2022,10,"REG","LAC","SF","Justin Herbert","HerbJu00",3,0.094,NA,NA,3,0.094,2,6,0,6,8,0.2,NA,NA,NA
"3010","2022_10_LAC_SF","202211130sfo",2022,10,"REG","LAC","SF","Chase Daniel","DaniCh00",1,0.5,NA,NA,1,0.5,1,0,0,1,2,0.667,NA,NA,NA
"3011","2022_10_WAS_PHI","202211140phi",2022,10,"REG","PHI","WAS","Jalen Hurts","HurtJa00",3,0.12,NA,NA,2,0.08,1,6,4,0,5,0.179,NA,NA,NA
"3012","2022_10_WAS_PHI","202211140phi",2022,10,"REG","WAS","PHI","Taylor Heinicke","HeinTa00",0,0,NA,NA,3,0.12,3,10,4,1,8,0.242,NA,NA,NA
"3013","2022_11_TEN_GB","202211170gnb",2022,11,"REG","GB","TEN","Aaron Rodgers","RodgAa00",3,0.079,NA,NA,8,0.211,1,5,0,2,3,0.075,NA,NA,NA
"3014","2022_11_TEN_GB","202211170gnb",2022,11,"REG","TEN","GB","Ryan Tannehill","TannRy00",0,0,NA,NA,2,0.083,3,18,3,1,7,0.233,NA,NA,NA
"3015","2022_11_TEN_GB","202211170gnb",2022,11,"REG","TEN","GB","Derrick Henry","HenrDe00",0,0,NA,NA,0,0,0,2,0,0,0,0,NA,NA,NA
"3016","2022_11_CHI_ATL","202211200atl",2022,11,"REG","ATL","CHI","Marcus Mariota","MariMa01",0,0,NA,NA,4,0.222,0,7,0,1,1,0.042,NA,NA,NA
"3017","2022_11_CHI_ATL","202211200atl",2022,11,"REG","CHI","ATL","Justin Fields","FielJu00",0,0,NA,NA,3,0.158,4,0,2,1,7,0.226,NA,NA,NA
"3018","2022_11_CAR_BAL","202211200rav",2022,11,"REG","BAL","CAR","Lamar Jackson","JackLa00",5,0.156,NA,NA,2,0.063,3,10,1,0,4,0.111,NA,NA,NA
"3019","2022_11_CAR_BAL","202211200rav",2022,11,"REG","CAR","BAL","Baker Mayfield","MayfBa00",2,0.065,NA,NA,4,0.129,4,8,0,3,7,0.179,NA,NA,NA
"3020","2022_11_CLE_BUF","202211200buf",2022,11,"REG","BUF","CLE","Josh Allen","AlleJo02",1,0.04,NA,NA,6,0.24,2,6,4,2,8,0.267,NA,NA,NA
"3021","2022_11_CLE_BUF","202211200buf",2022,11,"REG","CLE","BUF","Jacoby Brissett","BrisJa00",3,0.077,NA,NA,3,0.077,1,9,9,4,14,0.311,NA,NA,NA
"3022","2022_11_WAS_HOU","202211200htx",2022,11,"REG","HOU","WAS","Davis Mills","MillDa02",2,0.061,NA,NA,9,0.273,5,5,1,4,10,0.25,NA,NA,NA
"3023","2022_11_WAS_HOU","202211200htx",2022,11,"REG","WAS","HOU","Taylor Heinicke","HeinTa00",2,0.087,NA,NA,6,0.261,0,5,2,6,8,0.286,NA,NA,NA
"3024","2022_11_PHI_IND","202211200clt",2022,11,"REG","IND","PHI","Matt Ryan","RyanMa00",0,0,NA,NA,5,0.161,4,5,6,0,10,0.278,NA,NA,NA
"3025","2022_11_PHI_IND","202211200clt",2022,11,"REG","PHI","IND","Jalen Hurts","HurtJa00",0,0,NA,NA,1,0.043,3,5,3,0,6,0.194,NA,NA,NA
"3026","2022_11_NYJ_NE","202211200nwe",2022,11,"REG","NE","NYJ","Mac Jones","JoneMa05",2,0.074,NA,NA,1,0.037,6,6,1,0,7,0.212,NA,NA,NA
"3027","2022_11_NYJ_NE","202211200nwe",2022,11,"REG","NYJ","NE","Zach Wilson","WilsZa00",1,0.05,NA,NA,7,0.35,4,10,4,1,9,0.31,NA,NA,NA
"3028","2022_11_LA_NO","202211200nor",2022,11,"REG","NO","LA","Andy Dalton","DaltAn00",1,0.042,NA,NA,2,0.083,3,8,1,1,5,0.179,NA,NA,NA
"3029","2022_11_LA_NO","202211200nor",2022,11,"REG","NO","LA","Taysom Hill","HillTa00",0,0,NA,NA,1,0.333,1,2,0,1,2,0.5,NA,NA,NA
"3030","2022_11_LA_NO","202211200nor",2022,11,"REG","LA","NO","Matthew Stafford","StafMa00",1,0.056,NA,NA,3,0.167,1,5,1,1,3,0.15,NA,NA,NA
"3031","2022_11_LA_NO","202211200nor",2022,11,"REG","LA","NO","Bryce Perkins","PerkBr02",1,0.111,NA,NA,1,0.111,3,0,0,0,3,0.231,NA,NA,NA
"3032","2022_11_DET_NYG","202211200nyg",2022,11,"REG","NYG","DET","Daniel Jones","JoneDa05",4,0.1,NA,NA,8,0.2,2,15,10,3,15,0.313,NA,NA,NA
"3033","2022_11_DET_NYG","202211200nyg",2022,11,"REG","DET","NYG","Jared Goff","GoffJa00",2,0.08,NA,NA,4,0.16,0,14,3,2,5,0.192,NA,NA,NA
"3034","2022_11_LV_DEN","202211200den",2022,11,"REG","DEN","LV","Russell Wilson","WilsRu00",1,0.036,NA,NA,3,0.107,3,13,2,7,12,0.343,NA,NA,NA
"3035","2022_11_LV_DEN","202211200den",2022,11,"REG","LV","DEN","Derek Carr","CarrDe02",2,0.054,NA,NA,8,0.216,1,17,2,3,6,0.158,NA,NA,NA
"3036","2022_11_DAL_MIN","202211200min",2022,11,"REG","MIN","DAL","Kirk Cousins","CousKi00",1,0.048,NA,NA,4,0.19,7,4,0,5,12,0.4,NA,NA,NA
"3037","2022_11_DAL_MIN","202211200min",2022,11,"REG","MIN","DAL","Nick Mullens","MullNi00",0,0,NA,NA,2,0.286,0,0,0,1,1,0.143,NA,NA,NA
"3038","2022_11_DAL_MIN","202211200min",2022,11,"REG","DAL","MIN","Dak Prescott","PresDa01",0,0,NA,NA,3,0.12,0,5,0,1,1,0.037,NA,NA,NA
"3039","2022_11_DAL_MIN","202211200min",2022,11,"REG","DAL","MIN","Cooper Rush","RushCo00",0,0,NA,NA,0,0,0,4,0,0,0,0,NA,NA,NA
"3040","2022_11_CIN_PIT","202211200pit",2022,11,"REG","PIT","CIN","Kenny Pickett","PickKe00",1,0.026,NA,NA,9,0.237,2,9,5,5,12,0.273,NA,NA,NA
"3041","2022_11_CIN_PIT","202211200pit",2022,11,"REG","CIN","PIT","Joe Burrow","BurrJo01",1,0.027,NA,NA,6,0.162,2,19,3,4,9,0.214,NA,NA,NA
"3042","2022_11_KC_LAC","202211200sdg",2022,11,"REG","LAC","KC","Justin Herbert","HerbJu00",0,0,NA,NA,1,0.034,5,10,0,5,10,0.27,NA,NA,NA
"3043","2022_11_KC_LAC","202211200sdg",2022,11,"REG","KC","LAC","Patrick Mahomes","MahoPa00",1,0.031,NA,NA,6,0.188,1,13,0,5,6,0.158,NA,NA,NA
"3044","2022_11_SF_ARI","202211210crd",2022,11,"REG","ARI","SF","Colt McCoy","McCoCo00",3,0.091,NA,NA,4,0.121,3,5,1,5,9,0.231,NA,NA,NA
"3045","2022_11_SF_ARI","202211210crd",2022,11,"REG","ARI","SF","Trace McSorley","McSoTr00",0,0,NA,NA,2,0.222,0,3,2,0,2,0.2,NA,NA,NA
"3046","2022_11_SF_ARI","202211210crd",2022,11,"REG","SF","ARI","Jimmy Garoppolo","GaroJi00",1,0.034,NA,NA,4,0.138,0,8,1,4,5,0.172,NA,NA,NA
"3047","2022_12_BUF_DET","202211240det",2022,12,"REG","DET","BUF","Jared Goff","GoffJa00",3,0.086,NA,NA,8,0.229,2,19,4,8,14,0.359,NA,NA,NA
"3048","2022_12_BUF_DET","202211240det",2022,12,"REG","BUF","DET","Josh Allen","AlleJo02",6,0.154,NA,NA,7,0.179,3,17,6,5,14,0.269,NA,NA,NA
"3049","2022_12_NYG_DAL","202211240dal",2022,12,"REG","DAL","NYG","Dak Prescott","PresDa01",0,0,NA,NA,7,0.233,0,18,1,9,10,0.323,NA,NA,NA
"3050","2022_12_NYG_DAL","202211240dal",2022,12,"REG","NYG","DAL","Daniel Jones","JoneDa05",2,0.069,NA,NA,5,0.172,3,8,2,4,9,0.231,NA,NA,NA
"3051","2022_12_NE_MIN","202211240min",2022,12,"REG","MIN","NE","Kirk Cousins","CousKi00",1,0.028,NA,NA,4,0.111,1,9,1,3,5,0.132,NA,NA,NA
"3052","2022_12_NE_MIN","202211240min",2022,12,"REG","MIN","NE","Justin Jefferson","JeffJu00",0,0,NA,NA,0,0,0,0,0,0,0,0,NA,NA,NA
"3053","2022_12_NE_MIN","202211240min",2022,12,"REG","NE","MIN","Mac Jones","JoneMa05",1,0.029,NA,NA,2,0.057,3,6,3,0,6,0.143,NA,NA,NA
"3054","2022_12_DEN_CAR","202211270car",2022,12,"REG","CAR","DEN","Sam Darnold","DarnSa00",1,0.063,NA,NA,2,0.125,0,10,1,2,3,0.15,NA,NA,NA
"3055","2022_12_DEN_CAR","202211270car",2022,12,"REG","DEN","CAR","Russell Wilson","WilsRu00",3,0.094,NA,NA,6,0.188,3,11,3,8,14,0.35,NA,NA,NA
"3056","2022_12_TB_CLE","202211270cle",2022,12,"REG","CLE","TB","Jacoby Brissett","BrisJa00",3,0.086,NA,NA,5,0.143,4,8,1,5,10,0.233,NA,NA,NA
"3057","2022_12_TB_CLE","202211270cle",2022,12,"REG","TB","CLE","Tom Brady","BradTo00",0,0,NA,NA,8,0.186,3,8,1,2,6,0.13,NA,NA,NA
"3058","2022_12_BAL_JAX","202211270jax",2022,12,"REG","JAX","BAL","Trevor Lawrence","LawrTr00",3,0.081,NA,NA,4,0.108,4,9,4,2,10,0.238,NA,NA,NA
"3059","2022_12_BAL_JAX","202211270jax",2022,12,"REG","BAL","JAX","Lamar Jackson","JackLa00",5,0.167,NA,NA,7,0.233,1,7,7,2,10,0.27,NA,NA,NA
"3060","2022_12_HOU_MIA","202211270mia",2022,12,"REG","MIA","HOU","Tua Tagovailoa","TagoTu00",5,0.152,NA,NA,5,0.152,4,4,1,5,10,0.25,NA,NA,NA
"3061","2022_12_HOU_MIA","202211270mia",2022,12,"REG","MIA","HOU","Skylar Thompson","ThomSk00",0,0,NA,NA,4,0.8,1,0,0,1,2,0.25,NA,NA,NA
"3062","2022_12_HOU_MIA","202211270mia",2022,12,"REG","HOU","MIA","Kyle Allen","AlleKy00",1,0.026,NA,NA,5,0.132,5,12,2,5,12,0.261,NA,NA,NA
"3063","2022_12_CHI_NYJ","202211270nyj",2022,12,"REG","NYJ","CHI","Mike White","WhitMi01",0,0,NA,NA,3,0.107,1,3,1,0,2,0.069,NA,NA,NA
"3064","2022_12_CHI_NYJ","202211270nyj",2022,12,"REG","NYJ","CHI","Braden Mann","MannBr01",0,0,NA,NA,1,1,0,1,0,0,0,0,NA,NA,NA
"3065","2022_12_CHI_NYJ","202211270nyj",2022,12,"REG","CHI","NYJ","Trevor Siemian","SiemTr00",0,0,NA,NA,5,0.208,2,4,2,2,6,0.214,NA,NA,NA
"3066","2022_12_CIN_TEN","202211270oti",2022,12,"REG","TEN","CIN","Ryan Tannehill","TannRy00",3,0.088,NA,NA,4,0.118,1,9,3,1,5,0.135,NA,NA,NA
"3067","2022_12_CIN_TEN","202211270oti",2022,12,"REG","CIN","TEN","Joe Burrow","BurrJo01",1,0.028,NA,NA,7,0.194,1,4,2,3,6,0.143,NA,NA,NA
"3068","2022_12_ATL_WAS","202211270was",2022,12,"REG","WAS","ATL","Taylor Heinicke","HeinTa00",1,0.045,NA,NA,4,0.182,0,2,0,2,2,0.087,NA,NA,NA
"3069","2022_12_ATL_WAS","202211270was",2022,12,"REG","ATL","WAS","Marcus Mariota","MariMa01",1,0.042,NA,NA,6,0.25,1,3,0,3,4,0.154,NA,NA,NA
"3070","2022_12_LAC_ARI","202211270crd",2022,12,"REG","ARI","LAC","Kyler Murray","MurrKy00",0,0,NA,NA,4,0.148,1,11,3,0,4,0.121,NA,NA,NA
"3071","2022_12_LAC_ARI","202211270crd",2022,12,"REG","LAC","ARI","Justin Herbert","HerbJu00",1,0.021,NA,NA,5,0.106,4,12,3,9,16,0.302,NA,NA,NA
"3072","2022_12_LV_SEA","202211270sea",2022,12,"REG","SEA","LV","Geno Smith","SmitGe00",1,0.027,NA,NA,5,0.135,3,5,0,5,8,0.19,NA,NA,NA
"3073","2022_12_LV_SEA","202211270sea",2022,12,"REG","LV","SEA","Derek Carr","CarrDe02",1,0.028,NA,NA,5,0.139,1,8,0,3,4,0.103,NA,NA,NA
"3074","2022_12_LA_KC","202211270kan",2022,12,"REG","KC","LA","Patrick Mahomes","MahoPa00",1,0.027,NA,NA,7,0.189,0,8,7,2,9,0.196,NA,NA,NA
"3075","2022_12_LA_KC","202211270kan",2022,12,"REG","LA","KC","Bryce Perkins","PerkBr02",0,0,NA,NA,3,0.13,3,6,6,3,12,0.414,NA,NA,NA
"3076","2022_12_LA_KC","202211270kan",2022,12,"REG","LA","KC","Riley Dixon","DixoRi00",0,0,NA,NA,0,0,0,0,0,0,0,0,NA,NA,NA
"3077","2022_12_NO_SF","202211270sfo",2022,12,"REG","SF","NO","Jimmy Garoppolo","GaroJi00",1,0.027,NA,NA,5,0.135,1,11,0,5,6,0.158,NA,NA,NA
"3078","2022_12_NO_SF","202211270sfo",2022,12,"REG","NO","SF","Andy Dalton","DaltAn00",0,0,NA,NA,6,0.207,1,7,0,3,4,0.118,NA,NA,NA
"3079","2022_12_NO_SF","202211270sfo",2022,12,"REG","NO","SF","Taysom Hill","HillTa00",1,1,NA,NA,0,0,0,0,0,1,1,1,NA,NA,NA
"3080","2022_12_GB_PHI","202211270phi",2022,12,"REG","PHI","GB","Jalen Hurts","HurtJa00",4,0.16,NA,NA,3,0.12,2,10,3,1,6,0.171,NA,NA,NA
"3081","2022_12_GB_PHI","202211270phi",2022,12,"REG","GB","PHI","Aaron Rodgers","RodgAa00",2,0.125,NA,NA,1,0.063,3,5,1,1,5,0.263,NA,NA,NA
"3082","2022_12_GB_PHI","202211270phi",2022,12,"REG","GB","PHI","Jordan Love","LoveJo03",1,0.111,NA,NA,1,0.111,0,1,0,0,0,0,NA,NA,NA
"3083","2022_12_PIT_IND","202211280clt",2022,12,"REG","IND","PIT","Matt Ryan","RyanMa00",3,0.094,NA,NA,2,0.063,3,15,2,5,10,0.256,NA,NA,NA
"3084","2022_12_PIT_IND","202211280clt",2022,12,"REG","PIT","IND","Kenny Pickett","PickKe00",1,0.036,NA,NA,4,0.143,3,10,4,0,7,0.206,NA,NA,NA
"3085","2022_13_BUF_NE","202212010nwe",2022,13,"REG","NE","BUF","Mac Jones","JoneMa05",3,0.088,NA,NA,3,0.088,1,2,4,3,8,0.211,NA,NA,NA
"3086","2022_13_BUF_NE","202212010nwe",2022,13,"REG","BUF","NE","Josh Allen","AlleJo02",5,0.152,NA,NA,3,0.091,2,6,1,4,7,0.189,NA,NA,NA
"3087","2022_13_PIT_ATL","202212040atl",2022,13,"REG","ATL","PIT","Marcus Mariota","MariMa01",1,0.042,NA,NA,9,0.375,1,14,4,3,8,0.32,NA,NA,NA
"3088","2022_13_PIT_ATL","202212040atl",2022,13,"REG","PIT","ATL","Kenny Pickett","PickKe00",3,0.111,NA,NA,7,0.259,0,10,6,4,10,0.323,NA,NA,NA
"3089","2022_13_DEN_BAL","202212040rav",2022,13,"REG","BAL","DEN","Tyler Huntley","HuntTy01",1,0.032,NA,NA,1,0.032,2,6,3,0,5,0.128,NA,NA,NA
"3090","2022_13_DEN_BAL","202212040rav",2022,13,"REG","BAL","DEN","Lamar Jackson","JackLa00",0,0,NA,NA,1,0.25,2,3,0,2,4,0.667,NA,NA,NA
"3091","2022_13_DEN_BAL","202212040rav",2022,13,"REG","BAL","DEN","James Proche","ProcJa00",0,0,NA,NA,0,0,0,0,0,0,0,0,NA,NA,NA
"3092","2022_13_DEN_BAL","202212040rav",2022,13,"REG","DEN","BAL","Russell Wilson","WilsRu00",1,0.048,NA,NA,2,0.095,2,9,5,1,8,0.308,NA,NA,NA
"3093","2022_13_GB_CHI","202212040chi",2022,13,"REG","CHI","GB","Justin Fields","FielJu00",2,0.08,NA,NA,3,0.12,0,6,1,2,3,0.111,NA,NA,NA
"3094","2022_13_GB_CHI","202212040chi",2022,13,"REG","GB","CHI","Aaron Rodgers","RodgAa00",3,0.107,NA,NA,6,0.214,0,4,0,0,0,0,NA,NA,NA
"3095","2022_13_JAX_DET","202212040det",2022,13,"REG","DET","JAX","Jared Goff","GoffJa00",1,0.026,NA,NA,4,0.103,2,8,2,2,6,0.14,NA,NA,NA
"3096","2022_13_JAX_DET","202212040det",2022,13,"REG","JAX","DET","Trevor Lawrence","LawrTr00",4,0.133,NA,NA,6,0.2,2,14,2,1,5,0.139,NA,NA,NA
"3097","2022_13_JAX_DET","202212040det",2022,13,"REG","JAX","DET","C.J. Beathard","BeatC.00",0,0,NA,NA,1,0.333,0,0,0,0,0,0,NA,NA,NA
"3098","2022_13_CLE_HOU","202212040htx",2022,13,"REG","HOU","CLE","Kyle Allen","AlleKy00",3,0.081,NA,NA,9,0.243,0,10,0,2,2,0.051,NA,NA,NA
"3099","2022_13_CLE_HOU","202212040htx",2022,13,"REG","CLE","HOU","Deshaun Watson","WatsDe00",1,0.048,NA,NA,6,0.286,1,6,1,1,3,0.125,NA,NA,NA
"3100","2022_13_NYJ_MIN","202212040min",2022,13,"REG","MIN","NYJ","Kirk Cousins","CousKi00",3,0.091,NA,NA,5,0.152,2,6,0,7,9,0.237,NA,NA,NA
"3101","2022_13_NYJ_MIN","202212040min",2022,13,"REG","NYJ","MIN","Mike White","WhitMi01",1,0.018,NA,NA,12,0.218,1,11,0,7,8,0.136,NA,NA,NA
"3102","2022_13_NYJ_MIN","202212040min",2022,13,"REG","NYJ","MIN","Garrett Wilson","WilsGa00",0,0,NA,NA,0,0,0,0,0,0,0,0,NA,NA,NA
"3103","2022_13_WAS_NYG","202212040nyg",2022,13,"REG","NYG","WAS","Daniel Jones","JoneDa05",1,0.036,NA,NA,0,0,4,6,3,0,7,0.175,NA,NA,NA
"3104","2022_13_WAS_NYG","202212040nyg",2022,13,"REG","WAS","NYG","Taylor Heinicke","HeinTa00",0,0,NA,NA,8,0.2,5,13,4,7,16,0.34,NA,NA,NA
"3105","2022_13_TEN_PHI","202212040phi",2022,13,"REG","PHI","TEN","Jalen Hurts","HurtJa00",1,0.027,NA,NA,5,0.135,2,6,3,2,7,0.171,NA,NA,NA
"3106","2022_13_TEN_PHI","202212040phi",2022,13,"REG","PHI","TEN","Gardner Minshew II","MinsGa00",0,0,NA,NA,0,0,0,0,0,0,0,0,NA,NA,NA
"3107","2022_13_TEN_PHI","202212040phi",2022,13,"REG","TEN","PHI","Ryan Tannehill","TannRy00",1,0.045,NA,NA,3,0.136,6,2,0,2,8,0.258,NA,NA,NA
"3108","2022_13_TEN_PHI","202212040phi",2022,13,"REG","TEN","PHI","Malik Willis","WillMa12",2,0.5,NA,NA,0,0,0,0,1,0,1,0.25,NA,NA,NA
"3109","2022_13_SEA_LA","202212040ram",2022,13,"REG","LA","SEA","John Wolford","WolfJo00",0,0,NA,NA,4,0.16,4,3,0,5,9,0.257,NA,NA,NA
"3110","2022_13_SEA_LA","202212040ram",2022,13,"REG","SEA","LA","Geno Smith","SmitGe00",1,0.027,NA,NA,3,0.081,4,10,5,4,13,0.295,NA,NA,NA
"3111","2022_13_MIA_SF","202212040sfo",2022,13,"REG","SF","MIA","Brock Purdy","PurdBr00",2,0.056,NA,NA,5,0.139,3,12,2,4,9,0.225,NA,NA,NA
"3112","2022_13_MIA_SF","202212040sfo",2022,13,"REG","SF","MIA","Jimmy Garoppolo","GaroJi00",2,0.5,NA,NA,0,0,1,1,0,0,1,0.2,NA,NA,NA
"3113","2022_13_MIA_SF","202212040sfo",2022,13,"REG","MIA","SF","Tua Tagovailoa","TagoTu00",4,0.121,NA,NA,6,0.182,3,4,0,3,6,0.167,NA,NA,NA
"3114","2022_13_MIA_SF","202212040sfo",2022,13,"REG","MIA","SF","Skylar Thompson","ThomSk00",0,0,NA,NA,0,0,0,0,0,0,0,0,NA,NA,NA
"3115","2022_13_KC_CIN","202212040cin",2022,13,"REG","CIN","KC","Joe Burrow","BurrJo01",3,0.097,NA,NA,2,0.065,1,8,0,0,1,0.028,NA,NA,NA
"3116","2022_13_KC_CIN","202212040cin",2022,13,"REG","KC","CIN","Patrick Mahomes","MahoPa00",1,0.043,NA,NA,3,0.13,2,6,3,6,11,0.355,NA,NA,NA
"3117","2022_13_LAC_LV","202212040rai",2022,13,"REG","LV","LAC","Derek Carr","CarrDe02",1,0.037,NA,NA,6,0.222,0,12,2,2,4,0.133,NA,NA,NA
"3118","2022_13_LAC_LV","202212040rai",2022,13,"REG","LAC","LV","Justin Herbert","HerbJu00",2,0.044,NA,NA,11,0.244,5,15,3,8,16,0.296,NA,NA,NA
"3119","2022_13_IND_DAL","202212040dal",2022,13,"REG","DAL","IND","Dak Prescott","PresDa01",2,0.067,NA,NA,5,0.167,1,4,4,0,5,0.161,NA,NA,NA
"3120","2022_13_IND_DAL","202212040dal",2022,13,"REG","IND","DAL","Matt Ryan","RyanMa00",2,0.056,NA,NA,8,0.222,3,12,2,3,8,0.2,NA,NA,NA
"3121","2022_13_NO_TB","202212050tam",2022,13,"REG","TB","NO","Tom Brady","BradTo00",4,0.075,NA,NA,7,0.132,1,4,1,4,6,0.109,NA,NA,NA
"3122","2022_13_NO_TB","202212050tam",2022,13,"REG","NO","TB","Andy Dalton","DaltAn00",3,0.111,NA,NA,1,0.037,2,7,1,1,4,0.129,NA,NA,NA
"3123","2022_13_NO_TB","202212050tam",2022,13,"REG","NO","TB","Taysom Hill","HillTa00",0,0,NA,NA,0,0,0,1,0,0,0,0,NA,NA,NA
"3124","2022_14_LV_LA","202212080ram",2022,14,"REG","LA","LV","Baker Mayfield","MayfBa00",2,0.059,NA,NA,9,0.265,4,10,0,1,5,0.122,NA,NA,NA
"3125","2022_14_LV_LA","202212080ram",2022,14,"REG","LV","LA","Derek Carr","CarrDe02",3,0.158,NA,NA,4,0.211,0,3,0,3,3,0.13,NA,NA,NA
"3126","2022_14_NYJ_BUF","202212110buf",2022,14,"REG","BUF","NYJ","Josh Allen","AlleJo02",4,0.148,NA,NA,5,0.185,3,5,0,1,4,0.121,NA,NA,NA
"3127","2022_14_NYJ_BUF","202212110buf",2022,14,"REG","NYJ","BUF","Mike White","WhitMi01",1,0.024,NA,NA,8,0.195,3,7,0,4,7,0.149,NA,NA,NA
"3128","2022_14_NYJ_BUF","202212110buf",2022,14,"REG","NYJ","BUF","Joe Flacco","FlacJo00",1,0.333,NA,NA,0,0,1,0,0,0,1,0.25,NA,NA,NA
"3129","2022_14_CLE_CIN","202212110cin",2022,14,"REG","CIN","CLE","Joe Burrow","BurrJo01",3,0.094,NA,NA,5,0.156,1,4,2,2,5,0.139,NA,NA,NA
"3130","2022_14_CLE_CIN","202212110cin",2022,14,"REG","CLE","CIN","Deshaun Watson","WatsDe00",2,0.051,NA,NA,4,0.103,2,3,1,6,9,0.191,NA,NA,NA
"3131","2022_14_CLE_CIN","202212110cin",2022,14,"REG","CLE","CIN","Jacoby Brissett","BrisJa00",0,0,NA,NA,1,1,0,0,0,0,0,0,NA,NA,NA
"3132","2022_14_HOU_DAL","202212110dal",2022,14,"REG","DAL","HOU","Dak Prescott","PresDa01",4,0.103,NA,NA,5,0.128,1,0,1,5,7,0.167,NA,NA,NA
"3133","2022_14_HOU_DAL","202212110dal",2022,14,"REG","HOU","DAL","Davis Mills","MillDa02",0,0,NA,NA,2,0.105,0,3,0,1,1,0.045,NA,NA,NA
"3134","2022_14_HOU_DAL","202212110dal",2022,14,"REG","HOU","DAL","Jeff Driskel","DrisJe00",0,0,NA,NA,0,0,0,2,0,0,0,0,NA,NA,NA
"3135","2022_14_MIN_DET","202212110det",2022,14,"REG","DET","MIN","Jared Goff","GoffJa00",3,0.083,NA,NA,5,0.139,0,7,3,3,6,0.146,NA,NA,NA
"3136","2022_14_MIN_DET","202212110det",2022,14,"REG","MIN","DET","Kirk Cousins","CousKi00",1,0.025,NA,NA,4,0.1,3,10,1,5,9,0.205,NA,NA,NA
"3137","2022_14_PHI_NYG","202212110nyg",2022,14,"REG","NYG","PHI","Daniel Jones","JoneDa05",2,0.074,NA,NA,4,0.148,4,9,1,5,10,0.303,NA,NA,NA
"3138","2022_14_PHI_NYG","202212110nyg",2022,14,"REG","NYG","PHI","Tyrod Taylor","TaylTy00",0,0,NA,NA,0,0,3,0,0,1,4,0.4,NA,NA,NA
"3139","2022_14_PHI_NYG","202212110nyg",2022,14,"REG","PHI","NYG","Jalen Hurts","HurtJa00",2,0.065,NA,NA,6,0.194,4,18,0,1,5,0.139,NA,NA,NA
"3140","2022_14_BAL_PIT","202212110pit",2022,14,"REG","PIT","BAL","Mitchell Trubisky","TrubMi00",1,0.033,NA,NA,0,0,1,8,2,2,5,0.161,NA,NA,NA
"3141","2022_14_BAL_PIT","202212110pit",2022,14,"REG","PIT","BAL","Kenny Pickett","PickKe00",0,0,NA,NA,1,1,1,0,1,0,2,0.5,NA,NA,NA
"3142","2022_14_BAL_PIT","202212110pit",2022,14,"REG","BAL","PIT","Tyler Huntley","HuntTy01",0,0,NA,NA,1,0.091,1,4,4,0,5,0.294,NA,NA,NA
"3143","2022_14_BAL_PIT","202212110pit",2022,14,"REG","BAL","PIT","Anthony Brown","BrowAn06",0,0,NA,NA,1,0.2,1,6,0,1,2,0.333,NA,NA,NA
"3144","2022_14_JAX_TEN","202212110oti",2022,14,"REG","TEN","JAX","Ryan Tannehill","TannRy00",0,0,NA,NA,6,0.158,4,4,4,5,13,0.295,NA,NA,NA
"3145","2022_14_JAX_TEN","202212110oti",2022,14,"REG","JAX","TEN","Trevor Lawrence","LawrTr00",1,0.024,NA,NA,3,0.071,0,10,12,1,13,0.302,NA,NA,NA
"3146","2022_14_KC_DEN","202212110den",2022,14,"REG","DEN","KC","Russell Wilson","WilsRu00",3,0.086,NA,NA,5,0.143,6,11,0,2,8,0.178,NA,NA,NA
"3147","2022_14_KC_DEN","202212110den",2022,14,"REG","DEN","KC","Brett Rypien","RypiBr00",0,0,NA,NA,4,0.5,0,1,0,2,2,0.25,NA,NA,NA
"3148","2022_14_KC_DEN","202212110den",2022,14,"REG","KC","DEN","Patrick Mahomes","MahoPa00",2,0.048,NA,NA,9,0.214,2,14,1,3,6,0.136,NA,NA,NA
"3149","2022_14_CAR_SEA","202212110sea",2022,14,"REG","SEA","CAR","Geno Smith","SmitGe00",0,0,NA,NA,10,0.286,3,16,1,1,5,0.119,NA,NA,NA
"3150","2022_14_CAR_SEA","202212110sea",2022,14,"REG","CAR","SEA","Sam Darnold","DarnSa00",1,0.05,NA,NA,3,0.15,2,5,1,2,5,0.179,NA,NA,NA
"3151","2022_14_TB_SF","202212110sfo",2022,14,"REG","SF","TB","Brock Purdy","PurdBr00",0,0,NA,NA,3,0.15,0,7,0,4,4,0.182,NA,NA,NA
"3152","2022_14_TB_SF","202212110sfo",2022,14,"REG","SF","TB","Josh Johnson","JohnJo05",0,0,NA,NA,0,0,0,2,0,0,0,0,NA,NA,NA
"3153","2022_14_TB_SF","202212110sfo",2022,14,"REG","TB","SF","Tom Brady","BradTo00",1,0.02,NA,NA,13,0.255,0,9,1,7,8,0.143,NA,NA,NA
"3154","2022_14_MIA_LAC","202212110sdg",2022,14,"REG","LAC","MIA","Justin Herbert","HerbJu00",2,0.042,NA,NA,7,0.146,4,26,8,3,15,0.268,NA,NA,NA
"3155","2022_14_MIA_LAC","202212110sdg",2022,14,"REG","MIA","LAC","Tua Tagovailoa","TagoTu00",2,0.083,NA,NA,6,0.25,2,6,3,2,7,0.212,NA,NA,NA
"3156","2022_14_NE_ARI","202212120crd",2022,14,"REG","ARI","NE","Colt McCoy","McCoCo00",3,0.075,NA,NA,8,0.2,6,8,0,2,8,0.16,NA,NA,NA
"3157","2022_14_NE_ARI","202212120crd",2022,14,"REG","ARI","NE","Kyler Murray","MurrKy00",0,0,NA,NA,0,0,0,0,0,0,0,0,NA,NA,NA
"3158","2022_14_NE_ARI","202212120crd",2022,14,"REG","NE","ARI","Mac Jones","JoneMa05",3,0.091,NA,NA,2,0.061,1,7,3,0,4,0.108,NA,NA,NA
"3159","2022_15_SF_SEA","202212150sea",2022,15,"REG","SEA","SF","Geno Smith","SmitGe00",1,0.024,NA,NA,2,0.049,3,11,2,6,11,0.229,NA,NA,NA
"3160","2022_15_SF_SEA","202212150sea",2022,15,"REG","SF","SEA","Brock Purdy","PurdBr00",1,0.038,NA,NA,5,0.192,1,2,1,2,4,0.143,NA,NA,NA
"3161","2022_15_IND_MIN","202212170min",2022,15,"REG","MIN","IND","Kirk Cousins","CousKi00",1,0.019,NA,NA,9,0.17,7,6,0,4,11,0.177,NA,NA,NA
"3162","2022_15_IND_MIN","202212170min",2022,15,"REG","MIN","IND","Ryan Wright","WrigRy00",0,0,NA,NA,0,0,0,1,0,0,0,0,NA,NA,NA
"3163","2022_15_IND_MIN","202212170min",2022,15,"REG","IND","MIN","Matt Ryan","RyanMa00",2,0.061,NA,NA,8,0.242,3,14,1,5,9,0.243,NA,NA,NA
"3164","2022_15_BAL_CLE","202212170cle",2022,15,"REG","CLE","BAL","Deshaun Watson","WatsDe00",3,0.115,NA,NA,3,0.115,3,8,2,1,6,0.188,NA,NA,NA
"3165","2022_15_BAL_CLE","202212170cle",2022,15,"REG","BAL","CLE","Tyler Huntley","HuntTy01",1,0.036,NA,NA,4,0.143,3,6,1,2,6,0.171,NA,NA,NA
"3166","2022_15_MIA_BUF","202212170buf",2022,15,"REG","BUF","MIA","Josh Allen","AlleJo02",3,0.079,NA,NA,8,0.211,2,8,8,4,14,0.318,NA,NA,NA
"3167","2022_15_MIA_BUF","202212170buf",2022,15,"REG","MIA","BUF","Tua Tagovailoa","TagoTu00",3,0.1,NA,NA,4,0.133,2,13,5,1,8,0.242,NA,NA,NA
"3168","2022_15_PIT_CAR","202212180car",2022,15,"REG","CAR","PIT","Sam Darnold","DarnSa00",0,0,NA,NA,2,0.105,4,9,3,1,8,0.286,NA,NA,NA
"3169","2022_15_PIT_CAR","202212180car",2022,15,"REG","PIT","CAR","Mitchell Trubisky","TrubMi00",0,0,NA,NA,2,0.095,1,7,0,1,2,0.087,NA,NA,NA
"3170","2022_15_PHI_CHI","202212180chi",2022,15,"REG","CHI","PHI","Justin Fields","FielJu00",0,0,NA,NA,5,0.25,6,7,0,0,6,0.188,NA,NA,NA
"3171","2022_15_PHI_CHI","202212180chi",2022,15,"REG","CHI","PHI","Nathan Peterman","PeteNa00",0,0,NA,NA,0,0,0,0,0,0,0,0,NA,NA,NA
"3172","2022_15_PHI_CHI","202212180chi",2022,15,"REG","PHI","CHI","Jalen Hurts","HurtJa00",0,0,NA,NA,10,0.27,1,11,1,0,2,0.048,NA,NA,NA
"3173","2022_15_KC_HOU","202212180htx",2022,15,"REG","HOU","KC","Davis Mills","MillDa02",2,0.091,NA,NA,4,0.182,0,2,1,3,4,0.148,NA,NA,NA
"3174","2022_15_KC_HOU","202212180htx",2022,15,"REG","HOU","KC","Jeff Driskel","DrisJe00",0,0,NA,NA,0,0,1,1,0,0,1,0.2,NA,NA,NA
"3175","2022_15_KC_HOU","202212180htx",2022,15,"REG","HOU","KC","Phillip Dorsett","DorsPh00",0,0,NA,NA,0,0,0,0,0,1,1,1,NA,NA,NA
"3176","2022_15_KC_HOU","202212180htx",2022,15,"REG","KC","HOU","Patrick Mahomes","MahoPa00",1,0.024,NA,NA,2,0.049,2,10,0,1,3,0.065,NA,NA,NA
"3177","2022_15_DAL_JAX","202212180jax",2022,15,"REG","JAX","DAL","Trevor Lawrence","LawrTr00",3,0.073,NA,NA,9,0.22,1,12,3,3,7,0.156,NA,NA,NA
"3178","2022_15_DAL_JAX","202212180jax",2022,15,"REG","DAL","JAX","Dak Prescott","PresDa01",2,0.067,NA,NA,4,0.133,3,11,3,4,10,0.294,NA,NA,NA
"3179","2022_15_ATL_NO","202212180nor",2022,15,"REG","NO","ATL","Andy Dalton","DaltAn00",0,0,NA,NA,3,0.176,2,3,0,0,2,0.105,NA,NA,NA
"3180","2022_15_ATL_NO","202212180nor",2022,15,"REG","NO","ATL","Taysom Hill","HillTa00",0,0,NA,NA,0,0,0,0,0,0,0,0,NA,NA,NA
"3181","2022_15_ATL_NO","202212180nor",2022,15,"REG","ATL","NO","Desmond Ridder","RiddDe00",1,0.038,NA,NA,5,0.192,4,5,1,1,6,0.171,NA,NA,NA
"3182","2022_15_DET_NYJ","202212180nyj",2022,15,"REG","NYJ","DET","Zach Wilson","WilsZa00",0,0,NA,NA,12,0.353,4,16,4,6,14,0.35,NA,NA,NA
"3183","2022_15_DET_NYJ","202212180nyj",2022,15,"REG","DET","NYJ","Jared Goff","GoffJa00",2,0.056,NA,NA,8,0.222,0,5,2,5,7,0.184,NA,NA,NA
"3184","2022_15_ARI_DEN","202212180den",2022,15,"REG","DEN","ARI","Brett Rypien","RypiBr00",0,0,NA,NA,1,0.038,7,13,2,3,12,0.364,NA,NA,NA
"3185","2022_15_ARI_DEN","202212180den",2022,15,"REG","ARI","DEN","Colt McCoy","McCoCo00",2,0.095,NA,NA,5,0.238,2,3,2,3,7,0.292,NA,NA,NA
"3186","2022_15_ARI_DEN","202212180den",2022,15,"REG","ARI","DEN","Trace McSorley","McSoTr00",1,0.071,NA,NA,4,0.286,1,3,0,0,1,0.063,NA,NA,NA
"3187","2022_15_NE_LV","202212180rai",2022,15,"REG","LV","NE","Derek Carr","CarrDe02",2,0.063,NA,NA,6,0.188,3,7,4,1,8,0.195,NA,NA,NA
"3188","2022_15_NE_LV","202212180rai",2022,15,"REG","NE","LV","Mac Jones","JoneMa05",2,0.067,NA,NA,10,0.333,0,5,0,5,5,0.152,NA,NA,NA
"3189","2022_15_TEN_LAC","202212180sdg",2022,15,"REG","LAC","TEN","Justin Herbert","HerbJu00",3,0.079,NA,NA,3,0.079,3,12,0,5,8,0.178,NA,NA,NA
"3190","2022_15_TEN_LAC","202212180sdg",2022,15,"REG","TEN","LAC","Ryan Tannehill","TannRy00",1,0.045,NA,NA,3,0.136,4,11,0,1,5,0.185,NA,NA,NA
"3191","2022_15_TEN_LAC","202212180sdg",2022,15,"REG","TEN","LAC","Malik Willis","WillMa12",0,0,NA,NA,0,0,0,2,0,0,0,0,NA,NA,NA
"3192","2022_15_CIN_TB","202212180tam",2022,15,"REG","TB","CIN","Tom Brady","BradTo00",0,0,NA,NA,8,0.19,1,4,1,6,8,0.178,NA,NA,NA
"3193","2022_15_CIN_TB","202212180tam",2022,15,"REG","CIN","TB","Joe Burrow","BurrJo01",2,0.053,NA,NA,4,0.105,2,11,0,4,6,0.143,NA,NA,NA
"3194","2022_15_NYG_WAS","202212180was",2022,15,"REG","WAS","NYG","Taylor Heinicke","HeinTa00",1,0.037,NA,NA,4,0.148,3,9,3,5,11,0.324,NA,NA,NA
"3195","2022_15_NYG_WAS","202212180was",2022,15,"REG","NYG","WAS","Daniel Jones","JoneDa05",1,0.033,NA,NA,4,0.133,0,11,0,4,4,0.118,NA,NA,NA
"3196","2022_15_LA_GB","202212190gnb",2022,15,"REG","GB","LA","Aaron Rodgers","RodgAa00",1,0.036,NA,NA,4,0.143,3,8,3,2,8,0.242,NA,NA,NA
"3197","2022_15_LA_GB","202212190gnb",2022,15,"REG","LA","GB","Baker Mayfield","MayfBa00",2,0.1,NA,NA,3,0.15,5,5,4,3,12,0.444,NA,NA,NA
"3198","2022_16_JAX_NYJ","202212220nyj",2022,16,"REG","NYJ","JAX","Zach Wilson","WilsZa00",0,0,NA,NA,3,0.188,3,6,0,0,3,0.143,NA,NA,NA
"3199","2022_16_JAX_NYJ","202212220nyj",2022,16,"REG","NYJ","JAX","Chris Streveler","StreCh00",1,0.067,NA,NA,2,0.133,0,6,0,4,4,0.211,NA,NA,NA
"3200","2022_16_JAX_NYJ","202212220nyj",2022,16,"REG","JAX","NYJ","Trevor Lawrence","LawrTr00",4,0.133,NA,NA,4,0.133,1,4,0,6,7,0.194,NA,NA,NA
"3201","2022_16_ATL_BAL","202212240rav",2022,16,"REG","BAL","ATL","Tyler Huntley","HuntTy01",1,0.063,NA,NA,5,0.313,0,1,0,0,0,0,NA,NA,NA
"3202","2022_16_ATL_BAL","202212240rav",2022,16,"REG","ATL","BAL","Desmond Ridder","RiddDe00",0,0,NA,NA,5,0.161,2,9,0,1,3,0.081,NA,NA,NA
"3203","2022_16_DET_CAR","202212240car",2022,16,"REG","CAR","DET","Sam Darnold","DarnSa00",2,0.095,NA,NA,4,0.19,0,12,0,0,0,0,NA,NA,NA
"3204","2022_16_DET_CAR","202212240car",2022,16,"REG","DET","CAR","Jared Goff","GoffJa00",0,0,NA,NA,5,0.128,2,12,1,5,8,0.178,NA,NA,NA
"3205","2022_16_BUF_CHI","202212240chi",2022,16,"REG","CHI","BUF","Justin Fields","FielJu00",2,0.091,NA,NA,1,0.045,2,3,2,2,6,0.214,NA,NA,NA
"3206","2022_16_BUF_CHI","202212240chi",2022,16,"REG","CHI","BUF","Nathan Peterman","PeteNa00",0,0,NA,NA,0,0,0,0,0,0,0,0,NA,NA,NA
"3207","2022_16_BUF_CHI","202212240chi",2022,16,"REG","BUF","CHI","Josh Allen","AlleJo02",0,0,NA,NA,7,0.28,1,4,3,3,7,0.226,NA,NA,NA
"3208","2022_16_NO_CLE","202212240cle",2022,16,"REG","CLE","NO","Deshaun Watson","WatsDe00",4,0.154,NA,NA,4,0.154,2,5,0,1,3,0.091,NA,NA,NA
"3209","2022_16_NO_CLE","202212240cle",2022,16,"REG","NO","CLE","Andy Dalton","DaltAn00",3,0.2,NA,NA,1,0.067,0,3,1,0,1,0.067,NA,NA,NA
"3210","2022_16_SEA_KC","202212240kan",2022,16,"REG","KC","SEA","Patrick Mahomes","MahoPa00",3,0.111,NA,NA,3,0.111,1,2,3,2,6,0.194,NA,NA,NA
"3211","2022_16_SEA_KC","202212240kan",2022,16,"REG","SEA","KC","Geno Smith","SmitGe00",3,0.079,NA,NA,6,0.158,2,5,3,5,10,0.227,NA,NA,NA
"3212","2022_16_NYG_MIN","202212240min",2022,16,"REG","MIN","NYG","Kirk Cousins","CousKi00",1,0.021,NA,NA,6,0.128,4,19,3,7,14,0.269,NA,NA,NA
"3213","2022_16_NYG_MIN","202212240min",2022,16,"REG","NYG","MIN","Daniel Jones","JoneDa05",3,0.073,NA,NA,4,0.098,3,11,1,6,10,0.204,NA,NA,NA
"3214","2022_16_CIN_NE","202212240nwe",2022,16,"REG","NE","CIN","Mac Jones","JoneMa05",2,0.065,NA,NA,4,0.129,4,8,1,4,9,0.243,NA,NA,NA
"3215","2022_16_CIN_NE","202212240nwe",2022,16,"REG","CIN","NE","Joe Burrow","BurrJo01",4,0.082,NA,NA,3,0.061,2,4,2,2,6,0.109,NA,NA,NA
"3216","2022_16_HOU_TEN","202212240oti",2022,16,"REG","TEN","HOU","Malik Willis","WillMa12",1,0.045,NA,NA,3,0.136,4,4,3,1,8,0.286,NA,NA,NA
"3217","2022_16_HOU_TEN","202212240oti",2022,16,"REG","HOU","TEN","Davis Mills","MillDa02",0,0,NA,NA,5,0.185,1,8,1,2,4,0.133,NA,NA,NA
"3218","2022_16_HOU_TEN","202212240oti",2022,16,"REG","HOU","TEN","Jeff Driskel","DrisJe00",0,0,NA,NA,0,0,0,1,1,0,1,0.25,NA,NA,NA
"3219","2022_16_WAS_SF","202212240sfo",2022,16,"REG","SF","WAS","Brock Purdy","PurdBr00",2,0.095,NA,NA,1,0.048,3,10,1,1,5,0.192,NA,NA,NA
"3220","2022_16_WAS_SF","202212240sfo",2022,16,"REG","WAS","SF","Taylor Heinicke","HeinTa00",1,0.056,NA,NA,3,0.167,2,3,1,2,5,0.25,NA,NA,NA
"3221","2022_16_WAS_SF","202212240sfo",2022,16,"REG","WAS","SF","Carson Wentz","WentCa00",1,0.063,NA,NA,1,0.063,0,7,0,3,3,0.188,NA,NA,NA
"3222","2022_16_PHI_DAL","202212240dal",2022,16,"REG","DAL","PHI","Dak Prescott","PresDa01",6,0.171,NA,NA,2,0.057,6,14,2,2,10,0.227,NA,NA,NA
"3223","2022_16_PHI_DAL","202212240dal",2022,16,"REG","PHI","DAL","Gardner Minshew II","MinsGa00",1,0.029,NA,NA,5,0.147,0,7,1,0,1,0.024,NA,NA,NA
"3224","2022_16_LV_PIT","202212240pit",2022,16,"REG","PIT","LV","Kenny Pickett","PickKe00",3,0.083,NA,NA,5,0.139,0,4,5,4,9,0.225,NA,NA,NA
"3225","2022_16_LV_PIT","202212240pit",2022,16,"REG","LV","PIT","Derek Carr","CarrDe02",2,0.067,NA,NA,8,0.267,3,9,0,2,5,0.143,NA,NA,NA
"3226","2022_16_GB_MIA","202212250mia",2022,16,"REG","MIA","GB","Tua Tagovailoa","TagoTu00",0,0,NA,NA,5,0.208,2,2,2,4,8,0.296,NA,NA,NA
"3227","2022_16_GB_MIA","202212250mia",2022,16,"REG","GB","MIA","Aaron Rodgers","RodgAa00",3,0.079,NA,NA,5,0.132,2,23,1,1,4,0.095,NA,NA,NA
"3228","2022_16_DEN_LA","202212250ram",2022,16,"REG","LA","DEN","Baker Mayfield","MayfBa00",0,0,NA,NA,2,0.074,0,13,0,1,1,0.034,NA,NA,NA
"3229","2022_16_DEN_LA","202212250ram",2022,16,"REG","DEN","LA","Russell Wilson","WilsRu00",1,0.038,NA,NA,4,0.154,6,11,3,3,12,0.353,NA,NA,NA
"3230","2022_16_DEN_LA","202212250ram",2022,16,"REG","DEN","LA","Brett Rypien","RypiBr00",0,0,NA,NA,3,0.375,0,1,0,0,0,0,NA,NA,NA
"3231","2022_16_TB_ARI","202212250crd",2022,16,"REG","ARI","TB","Trace McSorley","McSoTr00",1,0.024,NA,NA,12,0.293,1,16,2,6,9,0.184,NA,NA,NA
"3232","2022_16_TB_ARI","202212250crd",2022,16,"REG","ARI","TB","Andy Lee","LeexAn20",0,0,NA,NA,0,0,0,1,0,0,0,0,NA,NA,NA
"3233","2022_16_TB_ARI","202212250crd",2022,16,"REG","TB","ARI","Tom Brady","BradTo00",2,0.043,NA,NA,8,0.17,0,10,0,4,4,0.083,NA,NA,NA
"3234","2022_16_LAC_IND","202212260clt",2022,16,"REG","IND","LAC","Nick Foles","FoleNi00",1,0.036,NA,NA,6,0.214,7,10,3,2,12,0.333,NA,NA,NA
"3235","2022_16_LAC_IND","202212260clt",2022,16,"REG","LAC","IND","Justin Herbert","HerbJu00",2,0.067,NA,NA,3,0.1,4,6,5,3,12,0.333,NA,NA,NA
"3236","2022_17_DAL_TEN","202212290oti",2022,17,"REG","TEN","DAL","Joshua Dobbs","DobbJo00",3,0.079,NA,NA,11,0.289,2,11,11,7,20,0.476,NA,NA,NA
"3237","2022_17_DAL_TEN","202212290oti",2022,17,"REG","DAL","TEN","Dak Prescott","PresDa01",2,0.049,NA,NA,5,0.122,1,9,5,2,8,0.182,NA,NA,NA
"3238","2022_17_ARI_ATL","202301010atl",2022,17,"REG","ATL","ARI","Desmond Ridder","RiddDe00",0,0,NA,NA,3,0.12,1,16,0,2,3,0.103,NA,NA,NA
"3239","2022_17_ARI_ATL","202301010atl",2022,17,"REG","ARI","ATL","David Blough","BlouDa00",1,0.026,NA,NA,9,0.237,2,9,0,5,7,0.159,NA,NA,NA
"3240","2022_17_CHI_DET","202301010det",2022,17,"REG","DET","CHI","Jared Goff","GoffJa00",1,0.034,NA,NA,6,0.207,1,7,1,1,3,0.1,NA,NA,NA
"3241","2022_17_CHI_DET","202301010det",2022,17,"REG","CHI","DET","Justin Fields","FielJu00",0,0,NA,NA,5,0.263,7,6,2,2,11,0.344,NA,NA,NA
"3242","2022_17_JAX_HOU","202301010htx",2022,17,"REG","HOU","JAX","Davis Mills","MillDa02",1,0.026,NA,NA,12,0.316,1,7,2,11,14,0.318,NA,NA,NA
"3243","2022_17_JAX_HOU","202301010htx",2022,17,"REG","HOU","JAX","Jeff Driskel","DrisJe00",1,0.25,NA,NA,0,0,1,0,0,1,2,0.4,NA,NA,NA
"3244","2022_17_JAX_HOU","202301010htx",2022,17,"REG","JAX","HOU","Trevor Lawrence","LawrTr00",0,0,NA,NA,1,0.05,1,2,0,1,2,0.091,NA,NA,NA
"3245","2022_17_JAX_HOU","202301010htx",2022,17,"REG","JAX","HOU","C.J. Beathard","BeatC.00",1,0.125,NA,NA,1,0.125,1,1,0,2,3,0.333,NA,NA,NA
"3246","2022_17_DEN_KC","202301010kan",2022,17,"REG","KC","DEN","Patrick Mahomes","MahoPa00",1,0.024,NA,NA,7,0.167,0,9,1,3,4,0.089,NA,NA,NA
"3247","2022_17_DEN_KC","202301010kan",2022,17,"REG","DEN","KC","Russell Wilson","WilsRu00",3,0.086,NA,NA,1,0.029,4,6,3,5,12,0.279,NA,NA,NA
"3248","2022_17_MIA_NE","202301010nwe",2022,17,"REG","NE","MIA","Mac Jones","JoneMa05",3,0.094,NA,NA,7,0.219,3,13,2,2,7,0.194,NA,NA,NA
"3249","2022_17_MIA_NE","202301010nwe",2022,17,"REG","MIA","NE","Skylar Thompson","ThomSk00",2,0.095,NA,NA,5,0.238,1,2,4,2,7,0.304,NA,NA,NA
"3250","2022_17_MIA_NE","202301010nwe",2022,17,"REG","MIA","NE","Teddy Bridgewater","BridTe00",0,0,NA,NA,6,0.316,1,4,2,1,4,0.19,NA,NA,NA
"3251","2022_17_IND_NYG","202301010nyg",2022,17,"REG","NYG","IND","Daniel Jones","JoneDa05",1,0.043,NA,NA,1,0.043,0,5,1,2,3,0.107,NA,NA,NA
"3252","2022_17_IND_NYG","202301010nyg",2022,17,"REG","IND","NYG","Sam Ehlinger","EhliSa00",0,0,NA,NA,2,0.143,1,2,0,1,2,0.133,NA,NA,NA
"3253","2022_17_IND_NYG","202301010nyg",2022,17,"REG","IND","NYG","Nick Foles","FoleNi00",1,0.077,NA,NA,3,0.231,1,3,1,1,3,0.2,NA,NA,NA
"3254","2022_17_NO_PHI","202301010phi",2022,17,"REG","PHI","NO","Gardner Minshew II","MinsGa00",1,0.031,NA,NA,8,0.25,6,6,3,1,10,0.263,NA,NA,NA
"3255","2022_17_NO_PHI","202301010phi",2022,17,"REG","NO","PHI","Andy Dalton","DaltAn00",1,0.048,NA,NA,0,0,6,6,3,1,10,0.357,NA,NA,NA
"3256","2022_17_NO_PHI","202301010phi",2022,17,"REG","NO","PHI","Taysom Hill","HillTa00",0,0,NA,NA,0,0,1,0,0,0,1,0.333,NA,NA,NA
"3257","2022_17_CAR_TB","202301010tam",2022,17,"REG","TB","CAR","Tom Brady","BradTo00",2,0.048,NA,NA,5,0.119,3,11,1,5,9,0.188,NA,NA,NA
"3258","2022_17_CAR_TB","202301010tam",2022,17,"REG","CAR","TB","Sam Darnold","DarnSa00",1,0.032,NA,NA,3,0.097,2,6,5,4,11,0.268,NA,NA,NA
"3259","2022_17_CLE_WAS","202301010was",2022,17,"REG","WAS","CLE","Carson Wentz","WentCa00",4,0.143,NA,NA,5,0.179,3,7,0,2,5,0.156,NA,NA,NA
"3260","2022_17_CLE_WAS","202301010was",2022,17,"REG","CLE","WAS","Deshaun Watson","WatsDe00",2,0.118,NA,NA,2,0.118,5,6,0,2,7,0.269,NA,NA,NA
"3261","2022_17_SF_LV","202301010rai",2022,17,"REG","LV","SF","Jarrett Stidham","StidJa00",2,0.063,NA,NA,5,0.156,0,7,2,9,11,0.289,NA,NA,NA
"3262","2022_17_SF_LV","202301010rai",2022,17,"REG","SF","LV","Brock Purdy","PurdBr00",4,0.121,NA,NA,3,0.091,0,11,0,3,3,0.086,NA,NA,NA
"3263","2022_17_NYJ_SEA","202301010sea",2022,17,"REG","SEA","NYJ","Geno Smith","SmitGe00",0,0,NA,NA,6,0.214,4,6,1,5,10,0.286,NA,NA,NA
"3264","2022_17_NYJ_SEA","202301010sea",2022,17,"REG","NYJ","SEA","Mike White","WhitMi01",1,0.022,NA,NA,15,0.333,4,7,4,5,13,0.26,NA,NA,NA
"3265","2022_17_MIN_GB","202301010gnb",2022,17,"REG","GB","MIN","Aaron Rodgers","RodgAa00",2,0.087,NA,NA,4,0.174,1,5,2,2,5,0.192,NA,NA,NA
"3266","2022_17_MIN_GB","202301010gnb",2022,17,"REG","GB","MIN","Jordan Love","LoveJo03",0,0,NA,NA,0,0,0,0,0,0,0,0,NA,NA,NA
"3267","2022_17_MIN_GB","202301010gnb",2022,17,"REG","MIN","GB","Kirk Cousins","CousKi00",2,0.065,NA,NA,3,0.097,2,3,0,6,8,0.229,NA,NA,NA
"3268","2022_17_MIN_GB","202301010gnb",2022,17,"REG","MIN","GB","Nick Mullens","MullNi00",0,0,NA,NA,0,0,0,0,0,1,1,0.25,NA,NA,NA
"3269","2022_17_LA_LAC","202301010sdg",2022,17,"REG","LAC","LA","Justin Herbert","HerbJu00",0,0,NA,NA,6,0.214,0,11,4,2,6,0.214,NA,NA,NA
"3270","2022_17_LA_LAC","202301010sdg",2022,17,"REG","LAC","LA","Chase Daniel","DaniCh00",0,0,NA,NA,0,0,0,0,0,0,0,0,NA,NA,NA
"3271","2022_17_LA_LAC","202301010sdg",2022,17,"REG","LA","LAC","Baker Mayfield","MayfBa00",0,0,NA,NA,5,0.278,3,13,6,2,11,0.458,NA,NA,NA
"3272","2022_17_PIT_BAL","202301010rav",2022,17,"REG","BAL","PIT","Tyler Huntley","HuntTy01",0,0,NA,NA,4,0.2,1,10,0,1,2,0.08,NA,NA,NA
"3273","2022_17_PIT_BAL","202301010rav",2022,17,"REG","PIT","BAL","Kenny Pickett","PickKe00",0,0,NA,NA,4,0.148,2,5,3,3,8,0.276,NA,NA,NA
"3274","2022_18_KC_LV","202301070rai",2022,18,"REG","LV","KC","Jarrett Stidham","StidJa00",2,0.059,NA,NA,5,0.147,6,8,4,7,17,0.347,NA,NA,NA
"3275","2022_18_KC_LV","202301070rai",2022,18,"REG","KC","LV","Patrick Mahomes","MahoPa00",1,0.042,NA,NA,2,0.083,2,8,6,2,10,0.323,NA,NA,NA
"3276","2022_18_TEN_JAX","202301070jax",2022,18,"REG","JAX","TEN","Trevor Lawrence","LawrTr00",4,0.133,NA,NA,4,0.133,1,12,0,3,4,0.121,NA,NA,NA
"3277","2022_18_TEN_JAX","202301070jax",2022,18,"REG","TEN","JAX","Joshua Dobbs","DobbJo00",0,0,NA,NA,3,0.111,4,14,0,9,13,0.371,NA,NA,NA
"3278","2022_18_TB_ATL","202301080atl",2022,18,"REG","ATL","TB","Desmond Ridder","RiddDe00",0,0,NA,NA,7,0.25,2,11,0,4,6,0.176,NA,NA,NA
"3279","2022_18_TB_ATL","202301080atl",2022,18,"REG","TB","ATL","Tom Brady","BradTo00",0,0,NA,NA,3,0.176,0,6,0,3,3,0.176,NA,NA,NA
"3280","2022_18_TB_ATL","202301080atl",2022,18,"REG","TB","ATL","Kyle Trask","TrasKy00",0,0,NA,NA,2,0.25,0,2,0,2,2,0.222,NA,NA,NA
"3281","2022_18_TB_ATL","202301080atl",2022,18,"REG","TB","ATL","Blaine Gabbert","GabbBl00",1,0.125,NA,NA,0,0,0,2,0,0,0,0,NA,NA,NA
"3282","2022_18_NE_BUF","202301080buf",2022,18,"REG","BUF","NE","Josh Allen","AlleJo02",3,0.097,NA,NA,6,0.194,2,4,2,1,5,0.139,NA,NA,NA
"3283","2022_18_NE_BUF","202301080buf",2022,18,"REG","NE","BUF","Mac Jones","JoneMa05",5,0.128,NA,NA,2,0.051,1,8,0,3,4,0.095,NA,NA,NA
"3284","2022_18_MIN_CHI","202301080chi",2022,18,"REG","CHI","MIN","Nathan Peterman","PeteNa00",2,0.105,NA,NA,5,0.263,1,5,1,1,3,0.136,NA,NA,NA
"3285","2022_18_MIN_CHI","202301080chi",2022,18,"REG","CHI","MIN","Tim Boyle","BoylTi00",0,0,NA,NA,3,0.375,0,1,0,1,1,0.125,NA,NA,NA
"3286","2022_18_MIN_CHI","202301080chi",2022,18,"REG","MIN","CHI","Kirk Cousins","CousKi00",0,0,NA,NA,3,0.15,0,5,2,0,2,0.1,NA,NA,NA
"3287","2022_18_MIN_CHI","202301080chi",2022,18,"REG","MIN","CHI","Nick Mullens","MullNi00",0,0,NA,NA,0,0,0,3,0,2,2,0.133,NA,NA,NA
"3288","2022_18_BAL_CIN","202301080cin",2022,18,"REG","CIN","BAL","Joe Burrow","BurrJo01",4,0.1,NA,NA,6,0.15,2,3,1,3,6,0.133,NA,NA,NA
"3289","2022_18_BAL_CIN","202301080cin",2022,18,"REG","BAL","CIN","Anthony Brown","BrowAn06",3,0.073,NA,NA,11,0.268,4,15,2,3,9,0.188,NA,NA,NA
"3290","2022_18_HOU_IND","202301080clt",2022,18,"REG","IND","HOU","Sam Ehlinger","EhliSa00",2,0.057,NA,NA,10,0.286,2,7,3,1,6,0.146,NA,NA,NA
"3291","2022_18_HOU_IND","202301080clt",2022,18,"REG","HOU","IND","Davis Mills","MillDa02",0,0,NA,NA,13,0.361,1,11,6,3,10,0.25,NA,NA,NA
"3292","2022_18_HOU_IND","202301080clt",2022,18,"REG","HOU","IND","Jeff Driskel","DrisJe00",0,0,NA,NA,0,0,0,0,1,0,1,0.5,NA,NA,NA
"3293","2022_18_NYJ_MIA","202301080mia",2022,18,"REG","MIA","NYJ","Skylar Thompson","ThomSk00",0,0,NA,NA,4,0.143,1,5,8,8,17,0.515,NA,NA,NA
"3294","2022_18_NYJ_MIA","202301080mia",2022,18,"REG","NYJ","MIA","Joe Flacco","FlacJo00",0,0,NA,NA,8,0.25,0,19,5,9,14,0.424,NA,NA,NA
"3295","2022_18_CAR_NO","202301080nor",2022,18,"REG","NO","CAR","Andy Dalton","DaltAn00",3,0.12,NA,NA,5,0.2,1,8,1,2,4,0.154,NA,NA,NA
"3296","2022_18_CAR_NO","202301080nor",2022,18,"REG","CAR","NO","Sam Darnold","DarnSa00",2,0.182,NA,NA,2,0.182,2,7,3,0,5,0.25,NA,NA,NA
"3297","2022_18_CLE_PIT","202301080pit",2022,18,"REG","PIT","CLE","Kenny Pickett","PickKe00",3,0.107,NA,NA,8,0.286,1,9,4,1,6,0.194,NA,NA,NA
"3298","2022_18_CLE_PIT","202301080pit",2022,18,"REG","CLE","PIT","Deshaun Watson","WatsDe00",0,0,NA,NA,3,0.111,7,7,1,1,9,0.214,NA,NA,NA
"3299","2022_18_LAC_DEN","202301080den",2022,18,"REG","DEN","LAC","Russell Wilson","WilsRu00",0,0,NA,NA,7,0.304,2,12,1,2,5,0.172,NA,NA,NA
"3300","2022_18_LAC_DEN","202301080den",2022,18,"REG","LAC","DEN","Justin Herbert","HerbJu00",5,0.139,NA,NA,3,0.083,1,13,0,1,2,0.053,NA,NA,NA
"3301","2022_18_LAC_DEN","202301080den",2022,18,"REG","LAC","DEN","Chase Daniel","DaniCh00",0,0,NA,NA,2,0.286,0,4,0,0,0,0,NA,NA,NA
"3302","2022_18_NYG_PHI","202301080phi",2022,18,"REG","PHI","NYG","Jalen Hurts","HurtJa00",1,0.032,NA,NA,7,0.226,3,21,6,0,9,0.214,NA,NA,NA
"3303","2022_18_NYG_PHI","202301080phi",2022,18,"REG","NYG","PHI","Davis Webb","WebbDa00",0,0,NA,NA,7,0.184,0,8,5,7,12,0.286,NA,NA,NA
"3304","2022_18_LA_SEA","202301080sea",2022,18,"REG","SEA","LA","Geno Smith","SmitGe00",1,0.036,NA,NA,4,0.143,3,14,3,3,9,0.237,NA,NA,NA
"3305","2022_18_LA_SEA","202301080sea",2022,18,"REG","LA","SEA","Baker Mayfield","MayfBa00",1,0.042,NA,NA,6,0.25,5,6,1,4,10,0.313,NA,NA,NA
"3306","2022_18_ARI_SF","202301080sfo",2022,18,"REG","SF","ARI","Brock Purdy","PurdBr00",3,0.15,NA,NA,0,0,4,10,1,1,6,0.231,NA,NA,NA
"3307","2022_18_ARI_SF","202301080sfo",2022,18,"REG","ARI","SF","David Blough","BlouDa00",1,0.056,NA,NA,1,0.056,3,6,0,2,5,0.238,NA,NA,NA
"3308","2022_18_ARI_SF","202301080sfo",2022,18,"REG","ARI","SF","Trace McSorley","McSoTr00",0,0,NA,NA,1,0.111,0,2,1,0,1,0.1,NA,NA,NA
"3309","2022_18_DAL_WAS","202301080was",2022,18,"REG","WAS","DAL","Sam Howell","HoweSa00",2,0.111,NA,NA,3,0.167,3,1,1,0,4,0.16,NA,NA,NA
"3310","2022_18_DAL_WAS","202301080was",2022,18,"REG","DAL","WAS","Dak Prescott","PresDa01",4,0.114,NA,NA,10,0.286,1,3,2,2,5,0.122,NA,NA,NA
"3311","2022_18_DAL_WAS","202301080was",2022,18,"REG","DAL","WAS","Cooper Rush","RushCo00",0,0,NA,NA,1,1,0,0,0,1,1,1,NA,NA,NA
"3312","2022_18_DET_GB","202301080gnb",2022,18,"REG","GB","DET","Aaron Rodgers","RodgAa00",5,0.192,NA,NA,3,0.115,2,7,3,5,10,0.323,NA,NA,NA
"3313","2022_18_DET_GB","202301080gnb",2022,18,"REG","DET","GB","Jared Goff","GoffJa00",5,0.152,NA,NA,3,0.091,1,13,3,2,6,0.167,NA,NA,NA
"3314","2022_19_SEA_SF","202301140sfo",2022,19,"WC","SF","SEA","Brock Purdy","PurdBr00",1,0.037,NA,NA,4,0.148,1,5,0,2,3,0.094,NA,NA,NA
"3315","2022_19_SEA_SF","202301140sfo",2022,19,"WC","SEA","SF","Geno Smith","SmitGe00",1,0.029,NA,NA,6,0.176,3,6,0,0,3,0.073,NA,NA,NA
"3316","2022_19_LAC_JAX","202301140jax",2022,19,"WC","JAX","LAC","Trevor Lawrence","LawrTr00",0,0,NA,NA,10,0.213,2,8,5,2,9,0.18,NA,NA,NA
"3317","2022_19_LAC_JAX","202301140jax",2022,19,"WC","LAC","JAX","Justin Herbert","HerbJu00",1,0.023,NA,NA,10,0.233,3,19,4,6,13,0.277,NA,NA,NA
"3318","2022_19_MIA_BUF","202301150buf",2022,19,"WC","BUF","MIA","Josh Allen","AlleJo02",1,0.027,NA,NA,9,0.243,7,18,0,5,12,0.245,NA,NA,NA
"3319","2022_19_MIA_BUF","202301150buf",2022,19,"WC","MIA","BUF","Skylar Thompson","ThomSk00",3,0.073,NA,NA,11,0.268,4,9,4,5,13,0.255,NA,NA,NA
"3320","2022_19_NYG_MIN","202301150min",2022,19,"WC","MIN","NYG","Kirk Cousins","CousKi00",1,0.026,NA,NA,4,0.105,0,5,1,12,13,0.333,NA,NA,NA
"3321","2022_19_NYG_MIN","202301150min",2022,19,"WC","MIN","NYG","Justin Jefferson","JeffJu00",0,0,NA,NA,0,0,0,0,0,0,0,0,NA,NA,NA
"3322","2022_19_NYG_MIN","202301150min",2022,19,"WC","NYG","MIN","Daniel Jones","JoneDa05",3,0.091,NA,NA,2,0.061,3,6,1,1,5,0.111,NA,NA,NA
"3323","2022_19_BAL_CIN","202301150cin",2022,19,"WC","CIN","BAL","Joe Burrow","BurrJo01",2,0.063,NA,NA,5,0.156,4,5,1,3,8,0.205,NA,NA,NA
"3324","2022_19_BAL_CIN","202301150cin",2022,19,"WC","BAL","CIN","Tyler Huntley","HuntTy01",0,0,NA,NA,6,0.214,2,16,2,3,7,0.212,NA,NA,NA
"3325","2022_19_DAL_TB","202301160tam",2022,19,"WC","TB","DAL","Tom Brady","BradTo00",4,0.066,NA,NA,12,0.197,2,5,3,4,9,0.132,NA,NA,NA
"3326","2022_19_DAL_TB","202301160tam",2022,19,"WC","DAL","TB","Dak Prescott","PresDa01",3,0.094,NA,NA,2,0.063,1,11,3,4,8,0.216,NA,NA,NA
"3327","2022_20_JAX_KC","202301210kan",2022,20,"DIV","KC","JAX","Patrick Mahomes","MahoPa00",0,0,NA,NA,4,0.143,0,8,0,6,6,0.188,NA,NA,NA
"3328","2022_20_JAX_KC","202301210kan",2022,20,"DIV","KC","JAX","Chad Henne","HennCh01",0,0,NA,NA,1,0.143,0,3,0,0,0,0,NA,NA,NA
"3329","2022_20_JAX_KC","202301210kan",2022,20,"DIV","JAX","KC","Trevor Lawrence","LawrTr00",1,0.026,NA,NA,8,0.211,2,8,2,5,9,0.209,NA,NA,NA
"3330","2022_20_NYG_PHI","202301210phi",2022,20,"DIV","PHI","NYG","Jalen Hurts","HurtJa00",2,0.083,NA,NA,4,0.167,1,11,2,0,3,0.115,NA,NA,NA
"3331","2022_20_NYG_PHI","202301210phi",2022,20,"DIV","NYG","PHI","Daniel Jones","JoneDa05",0,0,NA,NA,6,0.231,5,10,2,3,10,0.294,NA,NA,NA
"3332","2022_20_CIN_BUF","202301220buf",2022,20,"DIV","BUF","CIN","Josh Allen","AlleJo02",1,0.025,NA,NA,7,0.175,1,12,8,6,15,0.319,NA,NA,NA
"3333","2022_20_CIN_BUF","202301220buf",2022,20,"DIV","CIN","BUF","Joe Burrow","BurrJo01",1,0.03,NA,NA,4,0.121,1,8,4,2,7,0.179,NA,NA,NA
"3334","2022_20_DAL_SF","202301220sfo",2022,20,"DIV","SF","DAL","Brock Purdy","PurdBr00",0,0,NA,NA,5,0.192,2,6,0,2,4,0.118,NA,NA,NA
"3335","2022_20_DAL_SF","202301220sfo",2022,20,"DIV","DAL","SF","Dak Prescott","PresDa01",4,0.108,NA,NA,6,0.162,1,5,0,3,4,0.1,NA,NA,NA
"3336","2022_21_SF_PHI","202301290phi",2022,21,"CON","PHI","SF","Jalen Hurts","HurtJa00",1,0.042,NA,NA,4,0.167,1,5,2,2,5,0.185,NA,NA,NA
"3337","2022_21_SF_PHI","202301290phi",2022,21,"CON","SF","PHI","Josh Johnson","JohnJo05",1,0.091,NA,NA,2,0.182,2,4,2,4,8,0.533,NA,NA,NA
"3338","2022_21_SF_PHI","202301290phi",2022,21,"CON","SF","PHI","Brock Purdy","PurdBr00",0,0,NA,NA,0,0,1,2,0,0,1,0.2,NA,NA,NA
"3339","2022_21_SF_PHI","202301290phi",2022,21,"CON","SF","PHI","Christian McCaffrey","McCaCh01",0,0,NA,NA,0,0,0,1,0,1,1,1,NA,NA,NA
"3340","2022_21_CIN_KC","202301290kan",2022,21,"CON","KC","CIN","Patrick Mahomes","MahoPa00",3,0.073,NA,NA,7,0.171,3,12,0,2,5,0.102,NA,NA,NA
"3341","2022_21_CIN_KC","202301290kan",2022,21,"CON","CIN","KC","Joe Burrow","BurrJo01",1,0.027,NA,NA,3,0.081,5,12,0,6,11,0.224,NA,NA,NA
"3342","2022_22_KC_PHI","202302120phi",2022,22,"SB","PHI","KC","Jalen Hurts","HurtJa00",1,0.029,NA,NA,3,0.088,2,15,5,2,9,0.214,NA,NA,NA
"3343","2022_22_KC_PHI","202302120phi",2022,22,"SB","KC","PHI","Patrick Mahomes","MahoPa00",0,0,NA,NA,3,0.12,0,9,2,5,7,0.233,NA,NA,NA
"3344","2023_01_DET_KC","202309070kan",2023,1,"REG","KC","DET","Patrick Mahomes","MahoPa00",5,0.135,NA,NA,7,0.189,0,5,1,7,8,0.178,NA,NA,NA
"3345","2023_01_DET_KC","202309070kan",2023,1,"REG","DET","KC","Jared Goff","GoffJa00",3,0.091,NA,NA,4,0.121,1,12,0,3,4,0.111,NA,NA,NA
"3346","2023_01_CAR_ATL","202309100atl",2023,1,"REG","ATL","CAR","Desmond Ridder","RiddDe00",1,0.056,NA,NA,2,0.111,4,5,1,1,6,0.273,NA,NA,NA
"3347","2023_01_CAR_ATL","202309100atl",2023,1,"REG","CAR","ATL","Bryce Young","YounBr01",0,0,NA,NA,8,0.258,2,7,8,4,14,0.333,NA,NA,NA
"3348","2023_01_HOU_BAL","202309100rav",2023,1,"REG","BAL","HOU","Lamar Jackson","JackLa00",1,0.048,NA,NA,2,0.095,4,9,1,4,9,0.29,NA,NA,NA
"3349","2023_01_HOU_BAL","202309100rav",2023,1,"REG","HOU","BAL","C.J. Stroud","StroCJ00",2,0.047,NA,NA,10,0.233,5,14,4,5,14,0.264,NA,NA,NA
"3350","2023_01_CIN_CLE","202309100cle",2023,1,"REG","CLE","CIN","Deshaun Watson","WatsDe00",3,0.103,NA,NA,6,0.207,3,12,3,2,8,0.229,NA,NA,NA
"3351","2023_01_CIN_CLE","202309100cle",2023,1,"REG","CIN","CLE","Joe Burrow","BurrJo01",3,0.1,NA,NA,10,0.333,2,13,0,7,9,0.273,NA,NA,NA
"3352","2023_01_CIN_CLE","202309100cle",2023,1,"REG","CIN","CLE","Jake Browning","BrowJa08",0,0,NA,NA,0,0,0,1,0,1,1,1,NA,NA,NA
"3353","2023_01_JAX_IND","202309100clt",2023,1,"REG","IND","JAX","Anthony Richardson","RichAn03",2,0.054,NA,NA,8,0.216,4,15,4,2,10,0.222,NA,NA,NA
"3354","2023_01_JAX_IND","202309100clt",2023,1,"REG","IND","JAX","Gardner Minshew II","MinsGa00",0,0,NA,NA,1,0.5,0,2,1,0,1,0.5,NA,NA,NA
"3355","2023_01_JAX_IND","202309100clt",2023,1,"REG","JAX","IND","Trevor Lawrence","LawrTr00",1,0.031,NA,NA,5,0.156,2,3,1,1,4,0.111,NA,NA,NA
"3356","2023_01_TB_MIN","202309100min",2023,1,"REG","MIN","TB","Kirk Cousins","CousKi00",1,0.023,NA,NA,7,0.159,2,21,4,7,13,0.277,NA,NA,NA
"3357","2023_01_TB_MIN","202309100min",2023,1,"REG","TB","MIN","Baker Mayfield","MayfBa00",1,0.031,NA,NA,5,0.156,1,19,4,1,6,0.158,NA,NA,NA
"3358","2023_01_TEN_NO","202309100nor",2023,1,"REG","NO","TEN","Derek Carr","CarrDe02",0,0,NA,NA,6,0.182,4,8,1,3,8,0.211,NA,NA,NA
"3359","2023_01_TEN_NO","202309100nor",2023,1,"REG","TEN","NO","Ryan Tannehill","TannRy00",3,0.091,NA,NA,3,0.091,3,13,0,5,8,0.2,NA,NA,NA
"3360","2023_01_SF_PIT","202309100pit",2023,1,"REG","PIT","SF","Kenny Pickett","PickKe00",1,0.022,NA,NA,10,0.222,5,7,14,5,24,0.462,NA,NA,NA
"3361","2023_01_SF_PIT","202309100pit",2023,1,"REG","SF","PIT","Brock Purdy","PurdBr00",2,0.071,NA,NA,3,0.107,3,9,13,3,19,0.559,NA,NA,NA
"3362","2023_01_ARI_WAS","202309100was",2023,1,"REG","WAS","ARI","Sam Howell","HoweSa00",2,0.069,NA,NA,2,0.069,6,9,1,0,7,0.179,NA,NA,NA
"3363","2023_01_ARI_WAS","202309100was",2023,1,"REG","ARI","WAS","Joshua Dobbs","DobbJo00",0,0,NA,NA,1,0.033,3,9,1,1,5,0.152,NA,NA,NA
"3364","2023_01_GB_CHI","202309100chi",2023,1,"REG","CHI","GB","Justin Fields","FielJu00",2,0.056,NA,NA,6,0.167,4,14,4,1,9,0.188,NA,NA,NA
"3365","2023_01_GB_CHI","202309100chi",2023,1,"REG","GB","CHI","Jordan Love","LoveJo03",2,0.074,NA,NA,7,0.259,1,5,2,2,5,0.167,NA,NA,NA
"3366","2023_01_LV_DEN","202309100den",2023,1,"REG","DEN","LV","Russell Wilson","WilsRu00",0,0,NA,NA,4,0.125,2,10,2,0,4,0.108,NA,NA,NA
"3367","2023_01_LV_DEN","202309100den",2023,1,"REG","LV","DEN","Jimmy Garoppolo","GaroJi00",0,0,NA,NA,2,0.077,0,6,1,1,2,0.069,NA,NA,NA
"3368","2023_01_MIA_LAC","202309100sdg",2023,1,"REG","LAC","MIA","Justin Herbert","HerbJu00",1,0.032,NA,NA,6,0.194,3,7,4,1,8,0.222,NA,NA,NA
"3369","2023_01_MIA_LAC","202309100sdg",2023,1,"REG","MIA","LAC","Tua Tagovailoa","TagoTu00",2,0.045,NA,NA,4,0.091,0,16,3,2,5,0.111,NA,NA,NA
"3370","2023_01_PHI_NE","202309100nwe",2023,1,"REG","NE","PHI","Mac Jones","JoneMa05",5,0.093,NA,NA,7,0.13,2,13,17,4,23,0.397,NA,NA,NA
"3371","2023_01_PHI_NE","202309100nwe",2023,1,"REG","PHI","NE","Jalen Hurts","HurtJa00",2,0.067,NA,NA,4,0.133,3,15,9,2,14,0.368,NA,NA,NA
"3372","2023_01_LA_SEA","202309100sea",2023,1,"REG","SEA","LA","Geno Smith","SmitGe00",2,0.083,NA,NA,5,0.208,2,8,3,3,8,0.276,NA,NA,NA
"3373","2023_01_LA_SEA","202309100sea",2023,1,"REG","LA","SEA","Matthew Stafford","StafMa00",2,0.054,NA,NA,10,0.27,0,12,1,2,3,0.077,NA,NA,NA
"3374","2023_01_DAL_NYG","202309100nyg",2023,1,"REG","NYG","DAL","Daniel Jones","JoneDa05",3,0.111,NA,NA,4,0.148,7,9,3,6,16,0.381,NA,NA,NA
"3375","2023_01_DAL_NYG","202309100nyg",2023,1,"REG","NYG","DAL","Tyrod Taylor","TaylTy00",0,0,NA,NA,0,0,0,0,0,0,0,0,NA,NA,NA
"3376","2023_01_DAL_NYG","202309100nyg",2023,1,"REG","DAL","NYG","Dak Prescott","PresDa01",4,0.167,NA,NA,3,0.125,0,7,1,3,4,0.167,NA,NA,NA
"3377","2023_01_DAL_NYG","202309100nyg",2023,1,"REG","DAL","NYG","Cooper Rush","RushCo00",0,0,NA,NA,1,1,0,1,0,0,0,0,NA,NA,NA
"3378","2023_01_BUF_NYJ","202309110nyj",2023,1,"REG","NYJ","BUF","Zach Wilson","WilsZa00",0,0,NA,NA,3,0.167,2,3,3,3,8,0.333,NA,NA,NA
"3379","2023_01_BUF_NYJ","202309110nyj",2023,1,"REG","NYJ","BUF","Aaron Rodgers","RodgAa00",0,0,NA,NA,0,0,1,0,1,1,3,1.5,NA,NA,NA
"3380","2023_01_BUF_NYJ","202309110nyj",2023,1,"REG","BUF","NYJ","Josh Allen","AlleJo02",0,0,NA,NA,7,0.179,5,11,2,4,11,0.22,NA,NA,NA
"3381","2023_02_MIN_PHI","202309140phi",2023,2,"REG","PHI","MIN","Jalen Hurts","HurtJa00",0,0,NA,NA,2,0.091,4,14,0,0,4,0.129,NA,NA,NA
"3382","2023_02_MIN_PHI","202309140phi",2023,2,"REG","MIN","PHI","Kirk Cousins","CousKi00",3,0.068,NA,NA,8,0.182,2,8,0,9,11,0.239,NA,NA,NA
"3383","2023_02_GB_ATL","202309170atl",2023,2,"REG","ATL","GB","Desmond Ridder","RiddDe00",2,0.067,NA,NA,5,0.167,1,13,4,4,9,0.237,NA,NA,NA
"3384","2023_02_GB_ATL","202309170atl",2023,2,"REG","GB","ATL","Jordan Love","LoveJo03",0,0,NA,NA,6,0.24,1,12,0,2,3,0.111,NA,NA,NA
"3385","2023_02_LV_BUF","202309170buf",2023,2,"REG","BUF","LV","Josh Allen","AlleJo02",1,0.028,NA,NA,3,0.083,2,12,1,1,4,0.103,NA,NA,NA
"3386","2023_02_LV_BUF","202309170buf",2023,2,"REG","LV","BUF","Jimmy Garoppolo","GaroJi00",0,0,NA,NA,4,0.174,0,3,0,2,2,0.08,NA,NA,NA
"3387","2023_02_BAL_CIN","202309170cin",2023,2,"REG","CIN","BAL","Joe Burrow","BurrJo01",2,0.051,NA,NA,3,0.077,1,6,0,4,5,0.116,NA,NA,NA
"3388","2023_02_BAL_CIN","202309170cin",2023,2,"REG","BAL","CIN","Lamar Jackson","JackLa00",2,0.061,NA,NA,5,0.152,0,14,0,1,1,0.026,NA,NA,NA
"3389","2023_02_SEA_DET","202309170det",2023,2,"REG","DET","SEA","Jared Goff","GoffJa00",2,0.059,NA,NA,2,0.059,2,7,4,4,10,0.27,NA,NA,NA
"3390","2023_02_SEA_DET","202309170det",2023,2,"REG","SEA","DET","Geno Smith","SmitGe00",0,0,NA,NA,4,0.105,1,16,13,0,14,0.311,NA,NA,NA
"3391","2023_02_IND_HOU","202309170htx",2023,2,"REG","HOU","IND","C.J. Stroud","StroCJ00",1,0.023,NA,NA,10,0.233,6,8,10,3,19,0.352,NA,NA,NA
"3392","2023_02_IND_HOU","202309170htx",2023,2,"REG","IND","HOU","Gardner Minshew II","MinsGa00",0,0,NA,NA,3,0.136,0,8,5,0,5,0.2,NA,NA,NA
"3393","2023_02_IND_HOU","202309170htx",2023,2,"REG","IND","HOU","Anthony Richardson","RichAn03",1,0.111,NA,NA,1,0.111,0,0,1,1,2,0.2,NA,NA,NA
"3394","2023_02_KC_JAX","202309170jax",2023,2,"REG","JAX","KC","Trevor Lawrence","LawrTr00",3,0.075,NA,NA,10,0.25,4,18,11,2,17,0.354,NA,NA,NA
"3395","2023_02_KC_JAX","202309170jax",2023,2,"REG","JAX","KC","Christian Kirk","KirkCh01",0,0,NA,NA,0,0,0,1,0,0,0,0,NA,NA,NA
"3396","2023_02_KC_JAX","202309170jax",2023,2,"REG","KC","JAX","Patrick Mahomes","MahoPa00",2,0.05,NA,NA,2,0.05,1,8,12,2,15,0.333,NA,NA,NA
"3397","2023_02_CHI_TB","202309170tam",2023,2,"REG","TB","CHI","Baker Mayfield","MayfBa00",1,0.031,NA,NA,3,0.094,0,6,5,1,6,0.162,NA,NA,NA
"3398","2023_02_CHI_TB","202309170tam",2023,2,"REG","CHI","TB","Justin Fields","FielJu00",1,0.036,NA,NA,5,0.179,6,10,2,3,11,0.314,NA,NA,NA
"3399","2023_02_LAC_TEN","202309170oti",2023,2,"REG","TEN","LAC","Ryan Tannehill","TannRy00",2,0.083,NA,NA,1,0.042,5,12,0,0,5,0.172,NA,NA,NA
"3400","2023_02_LAC_TEN","202309170oti",2023,2,"REG","LAC","TEN","Justin Herbert","HerbJu00",1,0.026,NA,NA,6,0.154,3,6,1,1,5,0.114,NA,NA,NA
"3401","2023_02_NYG_ARI","202309170crd",2023,2,"REG","ARI","NYG","Joshua Dobbs","DobbJo00",1,0.032,NA,NA,6,0.194,0,16,1,6,7,0.219,NA,NA,NA
"3402","2023_02_NYG_ARI","202309170crd",2023,2,"REG","NYG","ARI","Daniel Jones","JoneDa05",1,0.029,NA,NA,3,0.086,3,6,4,1,8,0.178,NA,NA,NA
"3403","2023_02_SF_LA","202309170ram",2023,2,"REG","LA","SF","Matthew Stafford","StafMa00",6,0.115,NA,NA,6,0.115,1,16,7,2,10,0.169,NA,NA,NA
"3404","2023_02_SF_LA","202309170ram",2023,2,"REG","SF","LA","Brock Purdy","PurdBr00",1,0.042,NA,NA,6,0.25,1,4,2,2,5,0.192,NA,NA,NA
"3405","2023_02_NYJ_DAL","202309170dal",2023,2,"REG","DAL","NYJ","Dak Prescott","PresDa01",0,0,NA,NA,5,0.135,1,10,0,2,3,0.075,NA,NA,NA
"3406","2023_02_NYJ_DAL","202309170dal",2023,2,"REG","NYJ","DAL","Zach Wilson","WilsZa00",3,0.12,NA,NA,6,0.24,3,7,4,2,9,0.265,NA,NA,NA
"3407","2023_02_WAS_DEN","202309170den",2023,2,"REG","DEN","WAS","Russell Wilson","WilsRu00",0,0,NA,NA,7,0.259,7,9,5,2,14,0.333,NA,NA,NA
"3408","2023_02_WAS_DEN","202309170den",2023,2,"REG","WAS","DEN","Sam Howell","HoweSa00",1,0.029,NA,NA,1,0.029,4,13,2,2,8,0.178,NA,NA,NA
"3409","2023_02_MIA_NE","202309170nwe",2023,2,"REG","NE","MIA","Mac Jones","JoneMa05",0,0,NA,NA,4,0.095,4,20,0,1,5,0.106,NA,NA,NA
"3410","2023_02_MIA_NE","202309170nwe",2023,2,"REG","MIA","NE","Tua Tagovailoa","TagoTu00",3,0.103,NA,NA,0,0,1,15,0,1,2,0.063,NA,NA,NA
"3411","2023_02_NO_CAR","202309180car",2023,2,"REG","CAR","NO","Bryce Young","YounBr01",1,0.032,NA,NA,6,0.194,4,4,4,3,11,0.282,NA,NA,NA
"3412","2023_02_NO_CAR","202309180car",2023,2,"REG","NO","CAR","Derek Carr","CarrDe02",1,0.029,NA,NA,6,0.176,4,13,1,1,6,0.15,NA,NA,NA
"3413","2023_02_NO_CAR","202309180car",2023,2,"REG","NO","CAR","Taysom Hill","HillTa00",0,0,NA,NA,0,0,0,0,0,0,0,0,NA,NA,NA
"3414","2023_02_CLE_PIT","202309180pit",2023,2,"REG","PIT","CLE","Kenny Pickett","PickKe00",2,0.069,NA,NA,6,0.207,2,9,3,6,11,0.344,NA,NA,NA
"3415","2023_02_CLE_PIT","202309180pit",2023,2,"REG","CLE","PIT","Deshaun Watson","WatsDe00",3,0.075,NA,NA,9,0.225,6,21,2,5,13,0.265,NA,NA,NA
"3416","2023_03_NYG_SF","202309210sfo",2023,3,"REG","SF","NYG","Brock Purdy","PurdBr00",1,0.029,NA,NA,4,0.118,2,27,0,3,5,0.128,NA,NA,NA
"3417","2023_03_NYG_SF","202309210sfo",2023,3,"REG","NYG","SF","Daniel Jones","JoneDa05",2,0.065,NA,NA,5,0.161,2,12,1,3,6,0.176,NA,NA,NA
"3418","2023_03_NYG_SF","202309210sfo",2023,3,"REG","NYG","SF","Tyrod Taylor","TaylTy00",0,0,NA,NA,1,1,0,1,0,1,1,0.5,NA,NA,NA
"3419","2023_03_IND_BAL","202309240rav",2023,3,"REG","BAL","IND","Lamar Jackson","JackLa00",2,0.067,NA,NA,5,0.167,4,11,1,0,5,0.125,NA,NA,NA
"3420","2023_03_IND_BAL","202309240rav",2023,3,"REG","IND","BAL","Gardner Minshew II","MinsGa00",4,0.095,NA,NA,6,0.143,5,30,2,1,8,0.163,NA,NA,NA
"3421","2023_03_TEN_CLE","202309240cle",2023,3,"REG","CLE","TEN","Deshaun Watson","WatsDe00",1,0.032,NA,NA,3,0.097,3,11,3,2,8,0.216,NA,NA,NA
"3422","2023_03_TEN_CLE","202309240cle",2023,3,"REG","TEN","CLE","Ryan Tannehill","TannRy00",2,0.083,NA,NA,6,0.25,5,8,2,3,10,0.333,NA,NA,NA
"3423","2023_03_ATL_DET","202309240det",2023,3,"REG","DET","ATL","Jared Goff","GoffJa00",1,0.032,NA,NA,5,0.161,0,7,3,9,12,0.353,NA,NA,NA
"3424","2023_03_ATL_DET","202309240det",2023,3,"REG","ATL","DET","Desmond Ridder","RiddDe00",4,0.105,NA,NA,6,0.158,7,6,4,2,13,0.283,NA,NA,NA
"3425","2023_03_NO_GB","202309240gnb",2023,3,"REG","GB","NO","Jordan Love","LoveJo03",2,0.047,NA,NA,7,0.163,1,14,9,2,12,0.245,NA,NA,NA
"3426","2023_03_NO_GB","202309240gnb",2023,3,"REG","NO","GB","Derek Carr","CarrDe02",0,0,NA,NA,2,0.111,3,8,4,2,9,0.429,NA,NA,NA
"3427","2023_03_NO_GB","202309240gnb",2023,3,"REG","NO","GB","Jameis Winston","WinsJa00",0,0,NA,NA,3,0.188,1,8,2,0,3,0.176,NA,NA,NA
"3428","2023_03_HOU_JAX","202309240jax",2023,3,"REG","JAX","HOU","Trevor Lawrence","LawrTr00",4,0.105,NA,NA,4,0.105,0,7,3,5,8,0.19,NA,NA,NA
"3429","2023_03_HOU_JAX","202309240jax",2023,3,"REG","JAX","HOU","C.J. Beathard","BeatC.00",0,0,NA,NA,0,0,0,0,0,0,0,0,NA,NA,NA
"3430","2023_03_HOU_JAX","202309240jax",2023,3,"REG","HOU","JAX","C.J. Stroud","StroCJ00",2,0.069,NA,NA,6,0.207,0,9,2,4,6,0.194,NA,NA,NA
"3431","2023_03_DEN_MIA","202309240mia",2023,3,"REG","MIA","DEN","Tua Tagovailoa","TagoTu00",0,0,NA,NA,3,0.115,0,3,0,1,1,0.038,NA,NA,NA
"3432","2023_03_DEN_MIA","202309240mia",2023,3,"REG","MIA","DEN","Mike White","WhitMi01",0,0,NA,NA,0,0,0,1,0,0,0,0,NA,NA,NA
"3433","2023_03_DEN_MIA","202309240mia",2023,3,"REG","DEN","MIA","Russell Wilson","WilsRu00",0,0,NA,NA,6,0.167,1,10,5,11,17,0.436,NA,NA,NA
"3434","2023_03_LAC_MIN","202309240min",2023,3,"REG","MIN","LAC","Kirk Cousins","CousKi00",1,0.02,NA,NA,10,0.204,4,13,7,7,18,0.327,NA,NA,NA
"3435","2023_03_LAC_MIN","202309240min",2023,3,"REG","LAC","MIN","Justin Herbert","HerbJu00",1,0.021,NA,NA,4,0.085,1,39,3,3,7,0.143,NA,NA,NA
"3436","2023_03_LAC_MIN","202309240min",2023,3,"REG","LAC","MIN","Keenan Allen","AlleKe00",0,0,NA,NA,0,0,0,1,0,0,0,0,NA,NA,NA
"3437","2023_03_NE_NYJ","202309240nyj",2023,3,"REG","NYJ","NE","Zach Wilson","WilsZa00",2,0.069,NA,NA,4,0.138,3,16,7,5,15,0.375,NA,NA,NA
"3438","2023_03_NE_NYJ","202309240nyj",2023,3,"REG","NE","NYJ","Mac Jones","JoneMa05",1,0.037,NA,NA,7,0.259,0,3,3,5,8,0.267,NA,NA,NA
"3439","2023_03_BUF_WAS","202309240was",2023,3,"REG","WAS","BUF","Sam Howell","HoweSa00",1,0.034,NA,NA,6,0.207,9,10,0,6,15,0.385,NA,NA,NA
"3440","2023_03_BUF_WAS","202309240was",2023,3,"REG","BUF","WAS","Josh Allen","AlleJo02",3,0.097,NA,NA,1,0.032,0,7,0,2,2,0.057,NA,NA,NA
"3441","2023_03_CAR_SEA","202309240sea",2023,3,"REG","SEA","CAR","Geno Smith","SmitGe00",2,0.057,NA,NA,9,0.257,2,7,4,6,12,0.316,NA,NA,NA
"3442","2023_03_CAR_SEA","202309240sea",2023,3,"REG","CAR","SEA","Andy Dalton","DaltAn00",5,0.088,NA,NA,11,0.193,3,14,2,5,10,0.161,NA,NA,NA
"3443","2023_03_DAL_ARI","202309240crd",2023,3,"REG","ARI","DAL","Joshua Dobbs","DobbJo00",1,0.048,NA,NA,2,0.095,2,13,1,2,5,0.2,NA,NA,NA
"3444","2023_03_DAL_ARI","202309240crd",2023,3,"REG","DAL","ARI","Dak Prescott","PresDa01",2,0.054,NA,NA,1,0.027,2,8,3,2,7,0.156,NA,NA,NA
"3445","2023_03_CHI_KC","202309240kan",2023,3,"REG","KC","CHI","Patrick Mahomes","MahoPa00",3,0.094,NA,NA,4,0.125,0,3,1,3,4,0.111,NA,NA,NA
"3446","2023_03_CHI_KC","202309240kan",2023,3,"REG","KC","CHI","Blaine Gabbert","GabbBl00",1,0.2,NA,NA,1,0.2,0,1,0,2,2,0.4,NA,NA,NA
"3447","2023_03_CHI_KC","202309240kan",2023,3,"REG","CHI","KC","Justin Fields","FielJu00",1,0.05,NA,NA,6,0.3,3,9,5,1,9,0.3,NA,NA,NA
"3448","2023_03_PIT_LV","202309240rai",2023,3,"REG","LV","PIT","Jimmy Garoppolo","GaroJi00",1,0.023,NA,NA,10,0.227,4,8,0,4,8,0.163,NA,NA,NA
"3449","2023_03_PIT_LV","202309240rai",2023,3,"REG","PIT","LV","Kenny Pickett","PickKe00",0,0,NA,NA,8,0.296,1,6,1,4,6,0.2,NA,NA,NA
"3450","2023_03_PHI_TB","202309250tam",2023,3,"REG","TB","PHI","Baker Mayfield","MayfBa00",2,0.08,NA,NA,6,0.24,2,6,2,2,6,0.214,NA,NA,NA
"3451","2023_03_PHI_TB","202309250tam",2023,3,"REG","PHI","TB","Jalen Hurts","HurtJa00",2,0.057,NA,NA,8,0.229,1,22,4,3,8,0.2,NA,NA,NA
"3452","2023_03_LA_CIN","202309250cin",2023,3,"REG","CIN","LA","Joe Burrow","BurrJo01",4,0.087,NA,NA,9,0.196,2,9,3,2,7,0.137,NA,NA,NA
"3453","2023_03_LA_CIN","202309250cin",2023,3,"REG","LA","CIN","Matthew Stafford","StafMa00",3,0.094,NA,NA,6,0.188,6,15,1,4,11,0.275,NA,NA,NA
"3454","2023_04_DET_GB","202309280gnb",2023,4,"REG","GB","DET","Jordan Love","LoveJo03",0,0,NA,NA,8,0.235,5,3,2,5,12,0.293,NA,NA,NA
"3455","2023_04_DET_GB","202309280gnb",2023,4,"REG","DET","GB","Jared Goff","GoffJa00",2,0.071,NA,NA,6,0.214,2,9,1,4,7,0.226,NA,NA,NA
"3456","2023_04_ATL_JAX","202310010jax",2023,4,"REG","JAX","ATL","Trevor Lawrence","LawrTr00",2,0.067,NA,NA,5,0.167,2,8,3,4,9,0.25,NA,NA,NA
"3457","2023_04_ATL_JAX","202310010jax",2023,4,"REG","ATL","JAX","Desmond Ridder","RiddDe00",1,0.033,NA,NA,3,0.1,4,12,1,3,8,0.222,NA,NA,NA
"3458","2023_04_MIA_BUF","202310010buf",2023,4,"REG","BUF","MIA","Josh Allen","AlleJo02",0,0,NA,NA,1,0.04,2,7,5,1,8,0.276,NA,NA,NA
"3459","2023_04_MIA_BUF","202310010buf",2023,4,"REG","MIA","BUF","Tua Tagovailoa","TagoTu00",0,0,NA,NA,5,0.147,4,7,3,5,12,0.293,NA,NA,NA
"3460","2023_04_MIN_CAR","202310010car",2023,4,"REG","CAR","MIN","Bryce Young","YounBr01",1,0.032,NA,NA,2,0.065,5,14,0,1,6,0.154,NA,NA,NA
"3461","2023_04_MIN_CAR","202310010car",2023,4,"REG","MIN","CAR","Kirk Cousins","CousKi00",1,0.056,NA,NA,2,0.111,2,7,2,2,6,0.286,NA,NA,NA
"3462","2023_04_DEN_CHI","202310010chi",2023,4,"REG","CHI","DEN","Justin Fields","FielJu00",1,0.03,NA,NA,0,0,4,10,0,5,9,0.22,NA,NA,NA
"3463","2023_04_DEN_CHI","202310010chi",2023,4,"REG","DEN","CHI","Russell Wilson","WilsRu00",1,0.038,NA,NA,3,0.115,1,10,0,2,3,0.097,NA,NA,NA
"3464","2023_04_BAL_CLE","202310010cle",2023,4,"REG","CLE","BAL","Dorian Thompson-Robinson","ThomDo02",0,0,NA,NA,8,0.229,4,9,0,5,9,0.209,NA,NA,NA
"3465","2023_04_BAL_CLE","202310010cle",2023,4,"REG","BAL","CLE","Lamar Jackson","JackLa00",0,0,NA,NA,0,0,3,5,0,3,6,0.24,NA,NA,NA
"3466","2023_04_PIT_HOU","202310010htx",2023,4,"REG","HOU","PIT","C.J. Stroud","StroCJ00",1,0.038,NA,NA,6,0.231,0,8,2,5,7,0.219,NA,NA,NA
"3467","2023_04_PIT_HOU","202310010htx",2023,4,"REG","HOU","PIT","Devin Singletary","SingDe00",0,0,NA,NA,0,0,0,0,0,1,1,1,NA,NA,NA
"3468","2023_04_PIT_HOU","202310010htx",2023,4,"REG","PIT","HOU","Kenny Pickett","PickKe00",0,0,NA,NA,5,0.227,3,3,2,3,8,0.296,NA,NA,NA
"3469","2023_04_PIT_HOU","202310010htx",2023,4,"REG","PIT","HOU","Mitchell Trubisky","TrubMi00",0,0,NA,NA,0,0,0,0,0,0,0,0,NA,NA,NA
"3470","2023_04_LA_IND","202310010clt",2023,4,"REG","IND","LA","Anthony Richardson","RichAn03",3,0.125,NA,NA,6,0.25,2,6,5,2,9,0.3,NA,NA,NA
"3471","2023_04_LA_IND","202310010clt",2023,4,"REG","LA","IND","Matthew Stafford","StafMa00",0,0,NA,NA,5,0.128,2,7,1,6,9,0.205,NA,NA,NA
"3472","2023_04_TB_NO","202310010nor",2023,4,"REG","NO","TB","Derek Carr","CarrDe02",1,0.028,NA,NA,9,0.25,2,7,0,1,3,0.077,NA,NA,NA
"3473","2023_04_TB_NO","202310010nor",2023,4,"REG","NO","TB","Taysom Hill","HillTa00",0,0,NA,NA,0,0,1,2,0,0,1,0.333,NA,NA,NA
"3474","2023_04_TB_NO","202310010nor",2023,4,"REG","NO","TB","Jameis Winston","WinsJa00",0,0,NA,NA,1,1,0,0,0,1,1,1,NA,NA,NA
"3475","2023_04_TB_NO","202310010nor",2023,4,"REG","TB","NO","Baker Mayfield","MayfBa00",0,0,NA,NA,2,0.069,1,6,0,2,3,0.079,NA,NA,NA
"3476","2023_04_TB_NO","202310010nor",2023,4,"REG","TB","NO","Chris Godwin","GodwCh00",0,0,NA,NA,0,0,0,0,0,0,0,0,NA,NA,NA
"3477","2023_04_WAS_PHI","202310010phi",2023,4,"REG","PHI","WAS","Jalen Hurts","HurtJa00",1,0.029,NA,NA,5,0.147,3,11,4,6,13,0.302,NA,NA,NA
"3478","2023_04_WAS_PHI","202310010phi",2023,4,"REG","WAS","PHI","Sam Howell","HoweSa00",2,0.051,NA,NA,4,0.103,5,14,4,4,13,0.25,NA,NA,NA
"3479","2023_04_CIN_TEN","202310010oti",2023,4,"REG","TEN","CIN","Ryan Tannehill","TannRy00",1,0.04,NA,NA,6,0.24,3,8,1,4,8,0.267,NA,NA,NA
"3480","2023_04_CIN_TEN","202310010oti",2023,4,"REG","TEN","CIN","Derrick Henry","HenrDe00",0,0,NA,NA,0,0,0,1,0,0,0,0,NA,NA,NA
"3481","2023_04_CIN_TEN","202310010oti",2023,4,"REG","CIN","TEN","Joe Burrow","BurrJo01",1,0.036,NA,NA,4,0.143,3,10,1,7,11,0.314,NA,NA,NA
"3482","2023_04_LV_LAC","202310010sdg",2023,4,"REG","LAC","LV","Justin Herbert","HerbJu00",1,0.042,NA,NA,6,0.25,2,6,3,3,8,0.267,NA,NA,NA
"3483","2023_04_LV_LAC","202310010sdg",2023,4,"REG","LV","LAC","Aidan O'Connell","OConAi00",2,0.053,NA,NA,10,0.263,7,8,0,1,8,0.174,NA,NA,NA
"3484","2023_04_NE_DAL","202310010dal",2023,4,"REG","DAL","NE","Dak Prescott","PresDa01",2,0.059,NA,NA,2,0.059,3,17,0,4,7,0.189,NA,NA,NA
"3485","2023_04_NE_DAL","202310010dal",2023,4,"REG","DAL","NE","Cooper Rush","RushCo00",0,0,NA,NA,0,0,0,2,0,0,0,0,NA,NA,NA
"3486","2023_04_NE_DAL","202310010dal",2023,4,"REG","NE","DAL","Mac Jones","JoneMa05",1,0.048,NA,NA,4,0.19,1,6,0,0,1,0.042,NA,NA,NA
"3487","2023_04_NE_DAL","202310010dal",2023,4,"REG","NE","DAL","Bailey Zappe","ZappBa00",0,0,NA,NA,3,0.375,1,3,1,0,2,0.2,NA,NA,NA
"3488","2023_04_ARI_SF","202310010sfo",2023,4,"REG","SF","ARI","Brock Purdy","PurdBr00",0,0,NA,NA,1,0.048,1,3,1,0,2,0.091,NA,NA,NA
"3489","2023_04_ARI_SF","202310010sfo",2023,4,"REG","ARI","SF","Joshua Dobbs","DobbJo00",3,0.073,NA,NA,10,0.244,1,3,1,6,8,0.17,NA,NA,NA
"3490","2023_04_KC_NYJ","202310010nyj",2023,4,"REG","NYJ","KC","Zach Wilson","WilsZa00",2,0.051,NA,NA,6,0.154,2,14,6,8,16,0.381,NA,NA,NA
"3491","2023_04_KC_NYJ","202310010nyj",2023,4,"REG","KC","NYJ","Patrick Mahomes","MahoPa00",2,0.069,NA,NA,5,0.172,1,7,8,7,16,0.457,NA,NA,NA
"3492","2023_04_SEA_NYG","202310020nyg",2023,4,"REG","NYG","SEA","Daniel Jones","JoneDa05",0,0,NA,NA,3,0.091,10,9,7,4,21,0.42,NA,NA,NA
"3493","2023_04_SEA_NYG","202310020nyg",2023,4,"REG","SEA","NYG","Geno Smith","SmitGe00",0,0,NA,NA,2,0.1,2,8,4,1,7,0.318,NA,NA,NA
"3494","2023_04_SEA_NYG","202310020nyg",2023,4,"REG","SEA","NYG","Drew Lock","LockDr00",1,0.167,NA,NA,2,0.333,0,3,3,0,3,0.429,NA,NA,NA
"3495","2023_05_CHI_WAS","202310050was",2023,5,"REG","WAS","CHI","Sam Howell","HoweSa00",1,0.02,NA,NA,7,0.143,5,14,5,7,17,0.283,NA,NA,NA
"3496","2023_05_CHI_WAS","202310050was",2023,5,"REG","CHI","WAS","Justin Fields","FielJu00",0,0,NA,NA,6,0.231,3,12,8,5,16,0.485,NA,NA,NA
"3497","2023_05_JAX_BUF","202310080buf",2023,5,"REG","BUF","JAX","Josh Allen","AlleJo02",4,0.111,NA,NA,3,0.083,0,18,5,5,10,0.238,NA,NA,NA
"3498","2023_05_JAX_BUF","202310080buf",2023,5,"REG","JAX","BUF","Trevor Lawrence","LawrTr00",2,0.054,NA,NA,3,0.081,5,17,5,4,14,0.298,NA,NA,NA
"3499","2023_05_HOU_ATL","202310080atl",2023,5,"REG","ATL","HOU","Desmond Ridder","RiddDe00",1,0.027,NA,NA,5,0.135,0,6,3,5,8,0.211,NA,NA,NA
"3500","2023_05_HOU_ATL","202310080atl",2023,5,"REG","ATL","HOU","Drake London","LondDr00",0,0,NA,NA,0,0,0,0,1,0,1,1,NA,NA,NA
"3501","2023_05_HOU_ATL","202310080atl",2023,5,"REG","HOU","ATL","C.J. Stroud","StroCJ00",2,0.063,NA,NA,4,0.125,0,4,6,2,8,0.229,NA,NA,NA
"3502","2023_05_CAR_DET","202310080det",2023,5,"REG","DET","CAR","Jared Goff","GoffJa00",4,0.148,NA,NA,3,0.111,2,10,2,5,9,0.3,NA,NA,NA
"3503","2023_05_CAR_DET","202310080det",2023,5,"REG","CAR","DET","Bryce Young","YounBr01",0,0,NA,NA,9,0.257,1,9,4,4,9,0.209,NA,NA,NA
"3504","2023_05_TEN_IND","202310080clt",2023,5,"REG","IND","TEN","Gardner Minshew II","MinsGa00",0,0,NA,NA,1,0.077,0,5,0,0,0,0,NA,NA,NA
"3505","2023_05_TEN_IND","202310080clt",2023,5,"REG","IND","TEN","Anthony Richardson","RichAn03",0,0,NA,NA,2,0.182,1,3,0,0,1,0.067,NA,NA,NA
"3506","2023_05_TEN_IND","202310080clt",2023,5,"REG","TEN","IND","Ryan Tannehill","TannRy00",1,0.03,NA,NA,4,0.121,1,2,0,4,5,0.139,NA,NA,NA
"3507","2023_05_TEN_IND","202310080clt",2023,5,"REG","TEN","IND","Derrick Henry","HenrDe00",0,0,NA,NA,1,1,0,0,0,0,0,0,NA,NA,NA
"3508","2023_05_NYG_MIA","202310080mia",2023,5,"REG","MIA","NYG","Tua Tagovailoa","TagoTu00",0,0,NA,NA,2,0.071,1,3,4,1,6,0.188,NA,NA,NA
"3509","2023_05_NYG_MIA","202310080mia",2023,5,"REG","NYG","MIA","Daniel Jones","JoneDa05",0,0,NA,NA,2,0.105,6,4,3,3,12,0.444,NA,NA,NA
"3510","2023_05_NYG_MIA","202310080mia",2023,5,"REG","NYG","MIA","Tyrod Taylor","TaylTy00",1,0.083,NA,NA,0,0,1,1,3,2,6,0.375,NA,NA,NA
"3511","2023_05_NO_NE","202310080nwe",2023,5,"REG","NE","NO","Mac Jones","JoneMa05",0,0,NA,NA,4,0.182,2,3,0,1,3,0.125,NA,NA,NA
"3512","2023_05_NO_NE","202310080nwe",2023,5,"REG","NE","NO","Bailey Zappe","ZappBa00",0,0,NA,NA,5,0.556,0,2,2,0,2,0.222,NA,NA,NA
"3513","2023_05_NO_NE","202310080nwe",2023,5,"REG","NO","NE","Derek Carr","CarrDe02",1,0.04,NA,NA,5,0.2,2,13,1,0,3,0.103,NA,NA,NA
"3514","2023_05_BAL_PIT","202310080pit",2023,5,"REG","PIT","BAL","Kenny Pickett","PickKe00",2,0.065,NA,NA,6,0.194,3,7,0,0,3,0.083,NA,NA,NA
"3515","2023_05_BAL_PIT","202310080pit",2023,5,"REG","BAL","PIT","Lamar Jackson","JackLa00",3,0.079,NA,NA,7,0.184,4,27,0,3,7,0.152,NA,NA,NA
"3516","2023_05_CIN_ARI","202310080crd",2023,5,"REG","ARI","CIN","Joshua Dobbs","DobbJo00",1,0.032,NA,NA,4,0.129,3,11,4,5,12,0.343,NA,NA,NA
"3517","2023_05_CIN_ARI","202310080crd",2023,5,"REG","CIN","ARI","Joe Burrow","BurrJo01",0,0,NA,NA,8,0.178,3,12,2,1,6,0.118,NA,NA,NA
"3518","2023_05_PHI_LA","202310080ram",2023,5,"REG","LA","PHI","Matthew Stafford","StafMa00",3,0.086,NA,NA,9,0.257,4,13,1,4,9,0.22,NA,NA,NA
"3519","2023_05_PHI_LA","202310080ram",2023,5,"REG","PHI","LA","Jalen Hurts","HurtJa00",0,0,NA,NA,7,0.194,1,10,0,1,2,0.047,NA,NA,NA
"3520","2023_05_NYJ_DEN","202310080den",2023,5,"REG","DEN","NYJ","Russell Wilson","WilsRu00",0,0,NA,NA,4,0.143,4,5,3,3,10,0.244,NA,NA,NA
"3521","2023_05_NYJ_DEN","202310080den",2023,5,"REG","NYJ","DEN","Zach Wilson","WilsZa00",0,0,NA,NA,3,0.115,4,8,1,1,6,0.182,NA,NA,NA
"3522","2023_05_KC_MIN","202310080min",2023,5,"REG","MIN","KC","Kirk Cousins","CousKi00",3,0.065,NA,NA,7,0.152,3,20,1,9,13,0.26,NA,NA,NA
"3523","2023_05_KC_MIN","202310080min",2023,5,"REG","KC","MIN","Patrick Mahomes","MahoPa00",1,0.026,NA,NA,3,0.077,2,23,7,7,16,0.372,NA,NA,NA
"3524","2023_05_DAL_SF","202310080sfo",2023,5,"REG","SF","DAL","Brock Purdy","PurdBr00",0,0,NA,NA,2,0.083,1,7,0,1,2,0.08,NA,NA,NA
"3525","2023_05_DAL_SF","202310080sfo",2023,5,"REG","SF","DAL","Sam Darnold","DarnSa00",0,0,NA,NA,0,0,0,0,0,0,0,0,NA,NA,NA
"3526","2023_05_DAL_SF","202310080sfo",2023,5,"REG","DAL","SF","Dak Prescott","PresDa01",2,0.083,NA,NA,5,0.208,3,6,0,4,7,0.259,NA,NA,NA
"3527","2023_05_DAL_SF","202310080sfo",2023,5,"REG","DAL","SF","Cooper Rush","RushCo00",0,0,NA,NA,0,0,1,0,0,0,1,0.333,NA,NA,NA
"3528","2023_05_GB_LV","202310090rai",2023,5,"REG","LV","GB","Jimmy Garoppolo","GaroJi00",0,0,NA,NA,4,0.138,3,15,1,2,6,0.171,NA,NA,NA
"3529","2023_05_GB_LV","202310090rai",2023,5,"REG","GB","LV","Jordan Love","LoveJo03",5,0.172,NA,NA,6,0.207,2,5,3,0,5,0.147,NA,NA,NA
"3530","2023_06_DEN_KC","202310120kan",2023,6,"REG","KC","DEN","Patrick Mahomes","MahoPa00",2,0.053,NA,NA,2,0.053,2,11,6,1,9,0.2,NA,NA,NA
"3531","2023_06_DEN_KC","202310120kan",2023,6,"REG","KC","DEN","Kadarius Toney","ToneKa00",0,0,NA,NA,1,1,0,0,1,0,1,1,NA,NA,NA
"3532","2023_06_DEN_KC","202310120kan",2023,6,"REG","DEN","KC","Russell Wilson","WilsRu00",1,0.045,NA,NA,1,0.045,4,11,4,1,9,0.31,NA,NA,NA
"3533","2023_06_BAL_TEN","202310150oti",2023,6,"REG","TEN","BAL","Ryan Tannehill","TannRy00",1,0.067,NA,NA,3,0.2,2,4,0,4,6,0.333,NA,NA,NA
"3534","2023_06_BAL_TEN","202310150oti",2023,6,"REG","TEN","BAL","Malik Willis","WillMa12",0,0,NA,NA,1,0.2,4,0,0,0,4,0.333,NA,NA,NA
"3535","2023_06_BAL_TEN","202310150oti",2023,6,"REG","BAL","TEN","Lamar Jackson","JackLa00",1,0.034,NA,NA,6,0.207,1,10,4,0,5,0.135,NA,NA,NA
"3536","2023_06_WAS_ATL","202310150atl",2023,6,"REG","ATL","WAS","Desmond Ridder","RiddDe00",1,0.023,NA,NA,5,0.114,3,13,2,4,9,0.173,NA,NA,NA
"3537","2023_06_WAS_ATL","202310150atl",2023,6,"REG","WAS","ATL","Sam Howell","HoweSa00",0,0,NA,NA,4,0.19,5,6,2,4,11,0.379,NA,NA,NA
"3538","2023_06_MIN_CHI","202310150chi",2023,6,"REG","CHI","MIN","Tyson Bagent","BageTy00",0,0,NA,NA,1,0.071,1,12,1,1,3,0.2,NA,NA,NA
"3539","2023_06_MIN_CHI","202310150chi",2023,6,"REG","CHI","MIN","Justin Fields","FielJu00",1,0.1,NA,NA,2,0.2,4,10,2,1,7,0.412,NA,NA,NA
"3540","2023_06_MIN_CHI","202310150chi",2023,6,"REG","MIN","CHI","Kirk Cousins","CousKi00",4,0.133,NA,NA,2,0.067,2,11,2,2,6,0.182,NA,NA,NA
"3541","2023_06_SEA_CIN","202310150cin",2023,6,"REG","CIN","SEA","Joe Burrow","BurrJo01",2,0.057,NA,NA,3,0.086,3,8,1,2,6,0.154,NA,NA,NA
"3542","2023_06_SEA_CIN","202310150cin",2023,6,"REG","SEA","CIN","Geno Smith","SmitGe00",0,0,NA,NA,5,0.135,4,10,4,9,17,0.354,NA,NA,NA
"3543","2023_06_SF_CLE","202310150cle",2023,6,"REG","CLE","SF","P.J. Walker","WalkPh00",0,0,NA,NA,12,0.364,2,8,4,6,12,0.324,NA,NA,NA
"3544","2023_06_SF_CLE","202310150cle",2023,6,"REG","SF","CLE","Brock Purdy","PurdBr00",0,0,NA,NA,11,0.44,3,9,0,3,6,0.194,NA,NA,NA
"3545","2023_06_NO_HOU","202310150htx",2023,6,"REG","HOU","NO","C.J. Stroud","StroCJ00",0,0,NA,NA,9,0.36,2,7,0,1,3,0.1,NA,NA,NA
"3546","2023_06_NO_HOU","202310150htx",2023,6,"REG","NO","HOU","Derek Carr","CarrDe02",1,0.022,NA,NA,9,0.2,2,15,0,5,7,0.135,NA,NA,NA
"3547","2023_06_NO_HOU","202310150htx",2023,6,"REG","NO","HOU","Taysom Hill","HillTa00",0,0,NA,NA,0,0,0,1,0,0,0,0,NA,NA,NA
"3548","2023_06_IND_JAX","202310150jax",2023,6,"REG","JAX","IND","Trevor Lawrence","LawrTr00",0,0,NA,NA,6,0.214,3,7,0,2,5,0.143,NA,NA,NA
"3549","2023_06_IND_JAX","202310150jax",2023,6,"REG","IND","JAX","Gardner Minshew II","MinsGa00",2,0.038,NA,NA,6,0.115,3,19,0,5,8,0.133,NA,NA,NA
"3550","2023_06_CAR_MIA","202310150mia",2023,6,"REG","MIA","CAR","Tua Tagovailoa","TagoTu00",1,0.034,NA,NA,2,0.069,0,14,0,1,1,0.032,NA,NA,NA
"3551","2023_06_CAR_MIA","202310150mia",2023,6,"REG","MIA","CAR","Mike White","WhitMi01",0,0,NA,NA,0,0,0,0,0,0,0,0,NA,NA,NA
"3552","2023_06_CAR_MIA","202310150mia",2023,6,"REG","CAR","MIA","Bryce Young","YounBr01",1,0.029,NA,NA,10,0.286,4,6,0,5,9,0.214,NA,NA,NA
"3553","2023_06_CAR_MIA","202310150mia",2023,6,"REG","CAR","MIA","Johnny Hekker","HekkJo00",0,0,NA,NA,0,0,0,1,0,0,0,0,NA,NA,NA
"3554","2023_06_NE_LV","202310150rai",2023,6,"REG","LV","NE","Jimmy Garoppolo","GaroJi00",1,0.048,NA,NA,3,0.143,0,7,0,3,3,0.13,NA,NA,NA
"3555","2023_06_NE_LV","202310150rai",2023,6,"REG","LV","NE","Brian Hoyer","HoyeBr00",0,0,NA,NA,3,0.3,0,4,0,0,0,0,NA,NA,NA
"3556","2023_06_NE_LV","202310150rai",2023,6,"REG","NE","LV","Mac Jones","JoneMa05",2,0.065,NA,NA,4,0.129,3,10,3,0,6,0.167,NA,NA,NA
"3557","2023_06_ARI_LA","202310150ram",2023,6,"REG","LA","ARI","Matthew Stafford","StafMa00",1,0.048,NA,NA,4,0.19,3,9,0,0,3,0.107,NA,NA,NA
"3558","2023_06_ARI_LA","202310150ram",2023,6,"REG","ARI","LA","Joshua Dobbs","DobbJo00",0,0,NA,NA,10,0.263,2,9,1,8,11,0.239,NA,NA,NA
"3559","2023_06_PHI_NYJ","202310150nyj",2023,6,"REG","NYJ","PHI","Zach Wilson","WilsZa00",3,0.091,NA,NA,6,0.182,5,11,6,3,14,0.35,NA,NA,NA
"3560","2023_06_PHI_NYJ","202310150nyj",2023,6,"REG","PHI","NYJ","Jalen Hurts","HurtJa00",4,0.093,NA,NA,1,0.023,2,7,13,1,16,0.32,NA,NA,NA
"3561","2023_06_DET_TB","202310150tam",2023,6,"REG","TB","DET","Baker Mayfield","MayfBa00",1,0.028,NA,NA,9,0.25,1,11,6,2,9,0.225,NA,NA,NA
"3562","2023_06_DET_TB","202310150tam",2023,6,"REG","DET","TB","Jared Goff","GoffJa00",1,0.024,NA,NA,8,0.195,3,23,4,0,7,0.146,NA,NA,NA
"3563","2023_06_NYG_BUF","202310150buf",2023,6,"REG","BUF","NYG","Josh Allen","AlleJo02",2,0.069,NA,NA,6,0.207,0,6,5,1,6,0.188,NA,NA,NA
"3564","2023_06_NYG_BUF","202310150buf",2023,6,"REG","NYG","BUF","Tyrod Taylor","TaylTy00",0,0,NA,NA,5,0.161,3,13,5,3,11,0.25,NA,NA,NA
"3565","2023_06_DAL_LAC","202310160sdg",2023,6,"REG","LAC","DAL","Justin Herbert","HerbJu00",2,0.054,NA,NA,7,0.189,1,15,1,7,9,0.205,NA,NA,NA
"3566","2023_06_DAL_LAC","202310160sdg",2023,6,"REG","DAL","LAC","Dak Prescott","PresDa01",4,0.133,NA,NA,3,0.1,5,7,2,1,8,0.211,NA,NA,NA
"3567","2023_07_JAX_NO","202310190nor",2023,7,"REG","NO","JAX","Derek Carr","CarrDe02",3,0.057,NA,NA,11,0.208,1,16,6,3,10,0.169,NA,NA,NA
"3568","2023_07_JAX_NO","202310190nor",2023,7,"REG","JAX","NO","Trevor Lawrence","LawrTr00",0,0,NA,NA,5,0.172,0,5,1,0,1,0.029,NA,NA,NA
"3569","2023_07_JAX_NO","202310190nor",2023,7,"REG","JAX","NO","Logan Cooke","CookLo00",0,0,NA,NA,0,0,0,1,0,0,0,0,NA,NA,NA
"3570","2023_07_DET_BAL","202310220rav",2023,7,"REG","BAL","DET","Lamar Jackson","JackLa00",1,0.037,NA,NA,5,0.185,0,6,0,1,1,0.031,NA,NA,NA
"3571","2023_07_DET_BAL","202310220rav",2023,7,"REG","BAL","DET","Tyler Huntley","HuntTy01",0,0,NA,NA,1,1,0,0,0,0,0,0,NA,NA,NA
"3572","2023_07_DET_BAL","202310220rav",2023,7,"REG","DET","BAL","Jared Goff","GoffJa00",3,0.061,NA,NA,8,0.163,5,10,2,2,9,0.155,NA,NA,NA
"3573","2023_07_LV_CHI","202310220chi",2023,7,"REG","CHI","LV","Tyson Bagent","BageTy00",3,0.107,NA,NA,2,0.071,1,7,0,1,2,0.063,NA,NA,NA
"3574","2023_07_LV_CHI","202310220chi",2023,7,"REG","LV","CHI","Brian Hoyer","HoyeBr00",1,0.031,NA,NA,7,0.219,1,10,1,1,3,0.091,NA,NA,NA
"3575","2023_07_LV_CHI","202310220chi",2023,7,"REG","LV","CHI","Aidan O'Connell","OConAi00",0,0,NA,NA,2,0.154,0,3,0,0,0,0,NA,NA,NA
"3576","2023_07_CLE_IND","202310220clt",2023,7,"REG","IND","CLE","Gardner Minshew II","MinsGa00",1,0.045,NA,NA,3,0.136,4,12,3,1,8,0.276,NA,NA,NA
"3577","2023_07_CLE_IND","202310220clt",2023,7,"REG","CLE","IND","P.J. Walker","WalkPh00",4,0.133,NA,NA,5,0.167,2,9,2,5,9,0.257,NA,NA,NA
"3578","2023_07_CLE_IND","202310220clt",2023,7,"REG","CLE","IND","Deshaun Watson","WatsDe00",0,0,NA,NA,2,0.4,0,1,2,1,3,0.6,NA,NA,NA
"3579","2023_07_BUF_NE","202310220nwe",2023,7,"REG","NE","BUF","Mac Jones","JoneMa05",0,0,NA,NA,4,0.133,1,10,1,3,5,0.156,NA,NA,NA
"3580","2023_07_BUF_NE","202310220nwe",2023,7,"REG","BUF","NE","Josh Allen","AlleJo02",1,0.026,NA,NA,9,0.231,1,16,8,5,14,0.311,NA,NA,NA
"3581","2023_07_WAS_NYG","202310220nyg",2023,7,"REG","NYG","WAS","Tyrod Taylor","TaylTy00",0,0,NA,NA,5,0.179,4,14,4,0,8,0.222,NA,NA,NA
"3582","2023_07_WAS_NYG","202310220nyg",2023,7,"REG","WAS","NYG","Sam Howell","HoweSa00",2,0.054,NA,NA,7,0.189,6,27,4,4,14,0.286,NA,NA,NA
"3583","2023_07_ATL_TB","202310220tam",2023,7,"REG","TB","ATL","Baker Mayfield","MayfBa00",2,0.049,NA,NA,5,0.122,3,10,3,3,9,0.196,NA,NA,NA
"3584","2023_07_ATL_TB","202310220tam",2023,7,"REG","ATL","TB","Desmond Ridder","RiddDe00",0,0,NA,NA,1,0.043,1,7,3,0,4,0.143,NA,NA,NA
"3585","2023_07_PIT_LA","202310220ram",2023,7,"REG","LA","PIT","Matthew Stafford","StafMa00",4,0.148,NA,NA,7,0.259,2,15,3,2,7,0.219,NA,NA,NA
"3586","2023_07_PIT_LA","202310220ram",2023,7,"REG","PIT","LA","Kenny Pickett","PickKe00",2,0.087,NA,NA,2,0.087,2,10,1,5,8,0.286,NA,NA,NA
"3587","2023_07_ARI_SEA","202310220sea",2023,7,"REG","SEA","ARI","Geno Smith","SmitGe00",3,0.125,NA,NA,0,0,2,6,1,0,3,0.107,NA,NA,NA
"3588","2023_07_ARI_SEA","202310220sea",2023,7,"REG","ARI","SEA","Joshua Dobbs","DobbJo00",2,0.061,NA,NA,6,0.182,4,5,0,3,7,0.184,NA,NA,NA
"3589","2023_07_ARI_SEA","202310220sea",2023,7,"REG","ARI","SEA","Clayton Tune","TuneCl00",0,0,NA,NA,0,0,0,0,0,0,0,0,NA,NA,NA
"3590","2023_07_GB_DEN","202310220den",2023,7,"REG","DEN","GB","Russell Wilson","WilsRu00",2,0.083,NA,NA,2,0.083,1,10,4,2,7,0.226,NA,NA,NA
"3591","2023_07_GB_DEN","202310220den",2023,7,"REG","GB","DEN","Jordan Love","LoveJo03",1,0.032,NA,NA,4,0.129,0,14,1,3,4,0.121,NA,NA,NA
"3592","2023_07_GB_DEN","202310220den",2023,7,"REG","GB","DEN","Dontayvion Wicks","WickDo00",0,0,NA,NA,0,0,0,0,0,0,0,0,NA,NA,NA
"3593","2023_07_LAC_KC","202310220kan",2023,7,"REG","KC","LAC","Patrick Mahomes","MahoPa00",3,0.073,NA,NA,3,0.073,1,14,0,3,4,0.089,NA,NA,NA
"3594","2023_07_LAC_KC","202310220kan",2023,7,"REG","LAC","KC","Justin Herbert","HerbJu00",1,0.033,NA,NA,7,0.233,5,9,0,3,8,0.222,NA,NA,NA
"3595","2023_07_MIA_PHI","202310220phi",2023,7,"REG","PHI","MIA","Jalen Hurts","HurtJa00",1,0.033,NA,NA,2,0.067,3,11,1,2,6,0.167,NA,NA,NA
"3596","2023_07_MIA_PHI","202310220phi",2023,7,"REG","MIA","PHI","Tua Tagovailoa","TagoTu00",2,0.063,NA,NA,5,0.156,3,7,2,0,5,0.143,NA,NA,NA
"3597","2023_07_SF_MIN","202310230min",2023,7,"REG","MIN","SF","Kirk Cousins","CousKi00",1,0.023,NA,NA,3,0.068,0,12,5,6,11,0.244,NA,NA,NA
"3598","2023_07_SF_MIN","202310230min",2023,7,"REG","SF","MIN","Brock Purdy","PurdBr00",0,0,NA,NA,6,0.207,1,13,5,2,8,0.242,NA,NA,NA
"3599","2023_08_TB_BUF","202310260buf",2023,8,"REG","BUF","TB","Josh Allen","AlleJo02",0,0,NA,NA,4,0.103,2,12,3,1,6,0.133,NA,NA,NA
"3600","2023_08_TB_BUF","202310260buf",2023,8,"REG","TB","BUF","Baker Mayfield","MayfBa00",2,0.05,NA,NA,4,0.1,3,11,1,7,11,0.229,NA,NA,NA
"3601","2023_08_HOU_CAR","202310290car",2023,8,"REG","CAR","HOU","Bryce Young","YounBr01",5,0.161,NA,NA,2,0.065,6,13,3,2,11,0.275,NA,NA,NA
"3602","2023_08_HOU_CAR","202310290car",2023,8,"REG","HOU","CAR","C.J. Stroud","StroCJ00",0,0,NA,NA,4,0.167,2,5,1,1,4,0.148,NA,NA,NA
"3603","2023_08_LA_DAL","202310290dal",2023,8,"REG","DAL","LA","Dak Prescott","PresDa01",0,0,NA,NA,1,0.032,3,11,0,0,3,0.079,NA,NA,NA
"3604","2023_08_LA_DAL","202310290dal",2023,8,"REG","DAL","LA","Cooper Rush","RushCo00",0,0,NA,NA,1,0.333,0,2,0,0,0,0,NA,NA,NA
"3605","2023_08_LA_DAL","202310290dal",2023,8,"REG","LA","DAL","Matthew Stafford","StafMa00",0,0,NA,NA,5,0.227,1,7,0,2,3,0.125,NA,NA,NA
"3606","2023_08_LA_DAL","202310290dal",2023,8,"REG","LA","DAL","Brett Rypien","RypiBr00",1,0.1,NA,NA,3,0.3,1,3,0,1,2,0.182,NA,NA,NA
"3607","2023_08_MIN_GB","202310290gnb",2023,8,"REG","GB","MIN","Jordan Love","LoveJo03",3,0.075,NA,NA,6,0.15,4,16,0,2,6,0.122,NA,NA,NA
"3608","2023_08_MIN_GB","202310290gnb",2023,8,"REG","MIN","GB","Kirk Cousins","CousKi00",2,0.065,NA,NA,1,0.032,2,14,0,4,6,0.176,NA,NA,NA
"3609","2023_08_MIN_GB","202310290gnb",2023,8,"REG","MIN","GB","Jaren Hall","HallJa00",0,0,NA,NA,1,0.25,1,1,0,1,2,0.4,NA,NA,NA
"3610","2023_08_NO_IND","202310290clt",2023,8,"REG","IND","NO","Gardner Minshew II","MinsGa00",2,0.053,NA,NA,6,0.158,2,12,7,5,14,0.318,NA,NA,NA
"3611","2023_08_NO_IND","202310290clt",2023,8,"REG","NO","IND","Derek Carr","CarrDe02",4,0.148,NA,NA,3,0.111,1,6,0,1,2,0.071,NA,NA,NA
"3612","2023_08_NO_IND","202310290clt",2023,8,"REG","NO","IND","Taysom Hill","HillTa00",0,0,NA,NA,1,0.5,0,1,0,0,0,0,NA,NA,NA
"3613","2023_08_NE_MIA","202310290mia",2023,8,"REG","MIA","NE","Tua Tagovailoa","TagoTu00",3,0.068,NA,NA,6,0.136,2,14,5,0,7,0.143,NA,NA,NA
"3614","2023_08_NE_MIA","202310290mia",2023,8,"REG","NE","MIA","Mac Jones","JoneMa05",1,0.036,NA,NA,5,0.179,3,5,2,4,9,0.281,NA,NA,NA
"3615","2023_08_NYJ_NYG","202310290nyg",2023,8,"REG","NYG","NYJ","Tommy DeVito","DeViTo00",0,0,NA,NA,1,0.167,2,2,1,1,4,0.364,NA,NA,NA
"3616","2023_08_NYJ_NYG","202310290nyg",2023,8,"REG","NYG","NYJ","Tyrod Taylor","TaylTy00",1,0.167,NA,NA,0,0,2,2,2,2,6,0.429,NA,NA,NA
"3617","2023_08_NYJ_NYG","202310290nyg",2023,8,"REG","NYJ","NYG","Zach Wilson","WilsZa00",2,0.059,NA,NA,8,0.235,4,22,8,5,17,0.395,NA,NA,NA
"3618","2023_08_JAX_PIT","202310290pit",2023,8,"REG","PIT","JAX","Mitchell Trubisky","TrubMi00",2,0.077,NA,NA,4,0.154,2,3,1,2,5,0.156,NA,NA,NA
"3619","2023_08_JAX_PIT","202310290pit",2023,8,"REG","PIT","JAX","Kenny Pickett","PickKe00",1,0.067,NA,NA,2,0.133,1,3,1,4,6,0.333,NA,NA,NA
"3620","2023_08_JAX_PIT","202310290pit",2023,8,"REG","JAX","PIT","Trevor Lawrence","LawrTr00",2,0.063,NA,NA,4,0.125,3,16,2,2,7,0.194,NA,NA,NA
"3621","2023_08_ATL_TEN","202310290oti",2023,8,"REG","TEN","ATL","Will Levis","LeviWi00",1,0.037,NA,NA,4,0.148,2,12,0,9,11,0.344,NA,NA,NA
"3622","2023_08_ATL_TEN","202310290oti",2023,8,"REG","ATL","TEN","Taylor Heinicke","HeinTa00",1,0.05,NA,NA,5,0.25,1,6,1,3,5,0.208,NA,NA,NA
"3623","2023_08_ATL_TEN","202310290oti",2023,8,"REG","ATL","TEN","Desmond Ridder","RiddDe00",0,0,NA,NA,2,0.167,5,2,0,1,6,0.333,NA,NA,NA
"3624","2023_08_ATL_TEN","202310290oti",2023,8,"REG","ATL","TEN","Jonnu Smith","SmitJo01",0,0,NA,NA,1,1,0,0,0,0,0,0,NA,NA,NA
"3625","2023_08_PHI_WAS","202310290was",2023,8,"REG","WAS","PHI","Sam Howell","HoweSa00",4,0.078,NA,NA,4,0.078,1,14,1,5,7,0.127,NA,NA,NA
"3626","2023_08_PHI_WAS","202310290was",2023,8,"REG","PHI","WAS","Jalen Hurts","HurtJa00",0,0,NA,NA,3,0.086,2,9,2,2,6,0.146,NA,NA,NA
"3627","2023_08_CLE_SEA","202310290sea",2023,8,"REG","SEA","CLE","Geno Smith","SmitGe00",0,0,NA,NA,9,0.25,1,10,4,3,8,0.211,NA,NA,NA
"3628","2023_08_CLE_SEA","202310290sea",2023,8,"REG","CLE","SEA","P.J. Walker","WalkPh00",1,0.033,NA,NA,10,0.333,3,8,1,8,12,0.333,NA,NA,NA
"3629","2023_08_CLE_SEA","202310290sea",2023,8,"REG","CLE","SEA","Dorian Thompson-Robinson","ThomDo02",0,0,NA,NA,0,0,0,0,0,0,0,0,NA,NA,NA
"3630","2023_08_BAL_ARI","202310290crd",2023,8,"REG","ARI","BAL","Joshua Dobbs","DobbJo00",0,0,NA,NA,8,0.222,2,6,1,5,8,0.195,NA,NA,NA
"3631","2023_08_BAL_ARI","202310290crd",2023,8,"REG","BAL","ARI","Lamar Jackson","JackLa00",0,0,NA,NA,4,0.154,4,8,5,1,10,0.313,NA,NA,NA
"3632","2023_08_KC_DEN","202310290den",2023,8,"REG","DEN","KC","Russell Wilson","WilsRu00",1,0.056,NA,NA,4,0.222,6,5,0,1,7,0.226,NA,NA,NA
"3633","2023_08_KC_DEN","202310290den",2023,8,"REG","KC","DEN","Patrick Mahomes","MahoPa00",5,0.135,NA,NA,5,0.135,3,9,0,5,8,0.182,NA,NA,NA
"3634","2023_08_CIN_SF","202310290sfo",2023,8,"REG","SF","CIN","Brock Purdy","PurdBr00",2,0.067,NA,NA,5,0.167,2,3,0,5,7,0.179,NA,NA,NA
"3635","2023_08_CIN_SF","202310290sfo",2023,8,"REG","CIN","SF","Joe Burrow","BurrJo01",2,0.063,NA,NA,0,0,3,3,0,3,6,0.158,NA,NA,NA
"3636","2023_08_CHI_LAC","202310290sdg",2023,8,"REG","LAC","CHI","Justin Herbert","HerbJu00",1,0.026,NA,NA,3,0.079,0,14,5,2,7,0.171,NA,NA,NA
"3637","2023_08_CHI_LAC","202310290sdg",2023,8,"REG","CHI","LAC","Tyson Bagent","BageTy00",2,0.054,NA,NA,6,0.162,1,8,9,1,11,0.289,NA,NA,NA
"3638","2023_08_LV_DET","202310300det",2023,8,"REG","DET","LV","Jared Goff","GoffJa00",3,0.088,NA,NA,3,0.088,0,6,8,4,12,0.324,NA,NA,NA
"3639","2023_08_LV_DET","202310300det",2023,8,"REG","LV","DET","Jimmy Garoppolo","GaroJi00",3,0.143,NA,NA,6,0.286,6,10,3,3,12,0.429,NA,NA,NA
"3640","2023_09_TEN_PIT","202311020pit",2023,9,"REG","PIT","TEN","Kenny Pickett","PickKe00",2,0.069,NA,NA,5,0.172,0,6,3,2,5,0.167,NA,NA,NA
"3641","2023_09_TEN_PIT","202311020pit",2023,9,"REG","TEN","PIT","Will Levis","LeviWi00",1,0.027,NA,NA,7,0.189,4,15,4,7,15,0.341,NA,NA,NA
"3642","2023_09_MIA_KC","202311050kan",2023,9,"REG","KC","MIA","Patrick Mahomes","MahoPa00",1,0.033,NA,NA,6,0.2,2,10,5,3,10,0.286,NA,NA,NA
"3643","2023_09_MIA_KC","202311050kan",2023,9,"REG","MIA","KC","Tua Tagovailoa","TagoTu00",3,0.088,NA,NA,10,0.294,3,14,4,3,10,0.263,NA,NA,NA
"3644","2023_09_MIN_ATL","202311050atl",2023,9,"REG","ATL","MIN","Taylor Heinicke","HeinTa00",2,0.056,NA,NA,9,0.25,1,17,2,2,5,0.119,NA,NA,NA
"3645","2023_09_MIN_ATL","202311050atl",2023,9,"REG","MIN","ATL","Joshua Dobbs","DobbJo00",1,0.034,NA,NA,2,0.069,3,4,2,1,6,0.158,NA,NA,NA
"3646","2023_09_MIN_ATL","202311050atl",2023,9,"REG","MIN","ATL","Jaren Hall","HallJa00",0,0,NA,NA,1,0.167,0,2,1,0,1,0.125,NA,NA,NA
"3647","2023_09_SEA_BAL","202311050rav",2023,9,"REG","BAL","SEA","Lamar Jackson","JackLa00",1,0.04,NA,NA,2,0.08,1,8,0,0,1,0.032,NA,NA,NA
"3648","2023_09_SEA_BAL","202311050rav",2023,9,"REG","BAL","SEA","Tyler Huntley","HuntTy01",0,0,NA,NA,1,0.143,0,1,0,0,0,0,NA,NA,NA
"3649","2023_09_SEA_BAL","202311050rav",2023,9,"REG","SEA","BAL","Geno Smith","SmitGe00",1,0.04,NA,NA,4,0.16,4,6,0,1,5,0.152,NA,NA,NA
"3650","2023_09_ARI_CLE","202311050cle",2023,9,"REG","CLE","ARI","Deshaun Watson","WatsDe00",3,0.107,NA,NA,5,0.179,1,6,0,3,4,0.118,NA,NA,NA
"3651","2023_09_ARI_CLE","202311050cle",2023,9,"REG","ARI","CLE","Clayton Tune","TuneCl00",1,0.05,NA,NA,2,0.1,7,4,1,3,11,0.344,NA,NA,NA
"3652","2023_09_LA_GB","202311050gnb",2023,9,"REG","GB","LA","Jordan Love","LoveJo03",2,0.08,NA,NA,2,0.08,4,8,1,2,7,0.226,NA,NA,NA
"3653","2023_09_LA_GB","202311050gnb",2023,9,"REG","LA","GB","Brett Rypien","RypiBr00",1,0.037,NA,NA,3,0.111,1,5,2,3,6,0.188,NA,NA,NA
"3654","2023_09_TB_HOU","202311050htx",2023,9,"REG","HOU","TB","C.J. Stroud","StroCJ00",2,0.053,NA,NA,5,0.132,3,12,6,5,14,0.311,NA,NA,NA
"3655","2023_09_TB_HOU","202311050htx",2023,9,"REG","TB","HOU","Baker Mayfield","MayfBa00",0,0,NA,NA,6,0.2,2,5,7,3,12,0.353,NA,NA,NA
"3656","2023_09_WAS_NE","202311050nwe",2023,9,"REG","NE","WAS","Mac Jones","JoneMa05",3,0.07,NA,NA,7,0.163,0,6,1,1,2,0.043,NA,NA,NA
"3657","2023_09_WAS_NE","202311050nwe",2023,9,"REG","WAS","NE","Sam Howell","HoweSa00",2,0.045,NA,NA,8,0.182,3,12,5,3,11,0.216,NA,NA,NA
"3658","2023_09_CHI_NO","202311050nor",2023,9,"REG","NO","CHI","Derek Carr","CarrDe02",1,0.032,NA,NA,3,0.097,0,6,0,2,2,0.057,NA,NA,NA
"3659","2023_09_CHI_NO","202311050nor",2023,9,"REG","NO","CHI","Taysom Hill","HillTa00",0,0,NA,NA,0,0,0,1,0,0,0,0,NA,NA,NA
"3660","2023_09_CHI_NO","202311050nor",2023,9,"REG","CHI","NO","Tyson Bagent","BageTy00",0,0,NA,NA,3,0.115,2,9,1,3,6,0.162,NA,NA,NA
"3661","2023_09_IND_CAR","202311050car",2023,9,"REG","CAR","IND","Bryce Young","YounBr01",1,0.026,NA,NA,7,0.184,4,4,1,2,7,0.146,NA,NA,NA
"3662","2023_09_IND_CAR","202311050car",2023,9,"REG","IND","CAR","Gardner Minshew II","MinsGa00",0,0,NA,NA,4,0.167,1,8,1,2,4,0.143,NA,NA,NA
"3663","2023_09_NYG_LV","202311050rai",2023,9,"REG","LV","NYG","Aidan O'Connell","OConAi00",1,0.042,NA,NA,3,0.125,0,11,0,1,1,0.04,NA,NA,NA
"3664","2023_09_NYG_LV","202311050rai",2023,9,"REG","NYG","LV","Tommy DeVito","DeViTo00",1,0.05,NA,NA,2,0.1,6,6,0,1,7,0.233,NA,NA,NA
"3665","2023_09_NYG_LV","202311050rai",2023,9,"REG","NYG","LV","Daniel Jones","JoneDa05",0,0,NA,NA,4,0.444,2,7,0,0,2,0.167,NA,NA,NA
"3666","2023_09_DAL_PHI","202311050phi",2023,9,"REG","PHI","DAL","Jalen Hurts","HurtJa00",0,0,NA,NA,3,0.143,3,8,4,1,8,0.25,NA,NA,NA
"3667","2023_09_DAL_PHI","202311050phi",2023,9,"REG","DAL","PHI","Dak Prescott","PresDa01",4,0.091,NA,NA,9,0.205,5,6,5,4,14,0.264,NA,NA,NA
"3668","2023_09_BUF_CIN","202311050cin",2023,9,"REG","CIN","BUF","Joe Burrow","BurrJo01",4,0.095,NA,NA,4,0.095,1,13,0,5,6,0.13,NA,NA,NA
"3669","2023_09_BUF_CIN","202311050cin",2023,9,"REG","BUF","CIN","Josh Allen","AlleJo02",0,0,NA,NA,8,0.229,1,3,0,4,5,0.114,NA,NA,NA
"3670","2023_09_LAC_NYJ","202311060nyj",2023,9,"REG","NYJ","LAC","Zach Wilson","WilsZa00",3,0.063,NA,NA,5,0.104,8,8,2,2,12,0.207,NA,NA,NA
"3671","2023_09_LAC_NYJ","202311060nyj",2023,9,"REG","LAC","NYJ","Justin Herbert","HerbJu00",3,0.107,NA,NA,4,0.143,5,4,3,7,15,0.405,NA,NA,NA
"3672","2023_10_CAR_CHI","202311090chi",2023,10,"REG","CHI","CAR","Tyson Bagent","BageTy00",1,0.031,NA,NA,6,0.188,0,12,0,4,4,0.108,NA,NA,NA
"3673","2023_10_CAR_CHI","202311090chi",2023,10,"REG","CAR","CHI","Bryce Young","YounBr01",2,0.059,NA,NA,8,0.235,3,10,2,6,11,0.25,NA,NA,NA
"3674","2023_10_IND_NE","202311120nwe",2023,10,"REG","NE","IND","Mac Jones","JoneMa05",1,0.05,NA,NA,3,0.15,5,4,1,4,10,0.37,NA,NA,NA
"3675","2023_10_IND_NE","202311120nwe",2023,10,"REG","NE","IND","Bailey Zappe","ZappBa00",0,0,NA,NA,3,0.5,0,0,1,0,1,0.143,NA,NA,NA
"3676","2023_10_IND_NE","202311120nwe",2023,10,"REG","IND","NE","Gardner Minshew II","MinsGa00",0,0,NA,NA,5,0.192,0,7,4,1,5,0.179,NA,NA,NA
"3677","2023_10_CLE_BAL","202311120rav",2023,10,"REG","BAL","CLE","Lamar Jackson","JackLa00",2,0.087,NA,NA,3,0.13,3,9,2,1,6,0.2,NA,NA,NA
"3678","2023_10_CLE_BAL","202311120rav",2023,10,"REG","CLE","BAL","Deshaun Watson","WatsDe00",2,0.063,NA,NA,9,0.281,4,8,3,5,12,0.267,NA,NA,NA
"3679","2023_10_CLE_BAL","202311120rav",2023,10,"REG","CLE","BAL","P.J. Walker","WalkPh00",0,0,NA,NA,0,0,0,0,0,0,0,0,NA,NA,NA
"3680","2023_10_HOU_CIN","202311120cin",2023,10,"REG","CIN","HOU","Joe Burrow","BurrJo01",3,0.077,NA,NA,8,0.205,4,8,6,4,14,0.298,NA,NA,NA
"3681","2023_10_HOU_CIN","202311120cin",2023,10,"REG","HOU","CIN","C.J. Stroud","StroCJ00",2,0.051,NA,NA,7,0.179,1,12,7,4,12,0.293,NA,NA,NA
"3682","2023_10_SF_JAX","202311120jax",2023,10,"REG","JAX","SF","Trevor Lawrence","LawrTr00",0,0,NA,NA,7,0.25,5,4,0,4,9,0.25,NA,NA,NA
"3683","2023_10_SF_JAX","202311120jax",2023,10,"REG","JAX","SF","C.J. Beathard","BeatC.00",1,0.5,NA,NA,0,0,0,0,0,0,0,0,NA,NA,NA
"3684","2023_10_SF_JAX","202311120jax",2023,10,"REG","JAX","SF","Christian Kirk","KirkCh01",0,0,NA,NA,1,1,0,0,0,0,0,0,NA,NA,NA
"3685","2023_10_SF_JAX","202311120jax",2023,10,"REG","SF","JAX","Brock Purdy","PurdBr00",0,0,NA,NA,3,0.12,2,6,1,5,8,0.286,NA,NA,NA
"3686","2023_10_SF_JAX","202311120jax",2023,10,"REG","SF","JAX","Sam Darnold","DarnSa00",0,0,NA,NA,0,0,0,0,0,0,0,0,NA,NA,NA
"3687","2023_10_NO_MIN","202311120min",2023,10,"REG","MIN","NO","Joshua Dobbs","DobbJo00",2,0.063,NA,NA,2,0.063,1,9,3,3,7,0.171,NA,NA,NA
"3688","2023_10_NO_MIN","202311120min",2023,10,"REG","NO","MIN","Jameis Winston","WinsJa00",2,0.083,NA,NA,4,0.167,1,9,1,1,3,0.115,NA,NA,NA
"3689","2023_10_NO_MIN","202311120min",2023,10,"REG","NO","MIN","Derek Carr","CarrDe02",1,0.059,NA,NA,2,0.118,2,6,0,3,5,0.238,NA,NA,NA
"3690","2023_10_GB_PIT","202311120pit",2023,10,"REG","PIT","GB","Kenny Pickett","PickKe00",1,0.045,NA,NA,2,0.091,1,3,0,3,4,0.154,NA,NA,NA
"3691","2023_10_GB_PIT","202311120pit",2023,10,"REG","GB","PIT","Jordan Love","LoveJo03",3,0.081,NA,NA,7,0.189,1,14,1,3,5,0.116,NA,NA,NA
"3692","2023_10_TEN_TB","202311120tam",2023,10,"REG","TB","TEN","Baker Mayfield","MayfBa00",2,0.069,NA,NA,6,0.207,3,10,0,2,5,0.147,NA,NA,NA
"3693","2023_10_TEN_TB","202311120tam",2023,10,"REG","TEN","TB","Will Levis","LeviWi00",4,0.105,NA,NA,8,0.211,4,25,0,9,13,0.302,NA,NA,NA
"3694","2023_10_ATL_ARI","202311120crd",2023,10,"REG","ARI","ATL","Kyler Murray","MurrKy00",2,0.065,NA,NA,5,0.161,2,12,2,0,4,0.105,NA,NA,NA
"3695","2023_10_ATL_ARI","202311120crd",2023,10,"REG","ATL","ARI","Taylor Heinicke","HeinTa00",1,0.083,NA,NA,1,0.083,3,4,2,1,6,0.286,NA,NA,NA
"3696","2023_10_ATL_ARI","202311120crd",2023,10,"REG","ATL","ARI","Desmond Ridder","RiddDe00",0,0,NA,NA,2,0.333,0,0,0,1,1,0.167,NA,NA,NA
"3697","2023_10_DET_LAC","202311120sdg",2023,10,"REG","LAC","DET","Justin Herbert","HerbJu00",1,0.025,NA,NA,8,0.2,0,14,3,5,8,0.195,NA,NA,NA
"3698","2023_10_DET_LAC","202311120sdg",2023,10,"REG","DET","LAC","Jared Goff","GoffJa00",4,0.125,NA,NA,3,0.094,0,12,0,2,2,0.061,NA,NA,NA
"3699","2023_10_NYG_DAL","202311120dal",2023,10,"REG","DAL","NYG","Dak Prescott","PresDa01",1,0.029,NA,NA,6,0.171,0,11,1,4,5,0.135,NA,NA,NA
"3700","2023_10_NYG_DAL","202311120dal",2023,10,"REG","DAL","NYG","Cooper Rush","RushCo00",0,0,NA,NA,2,0.222,0,6,0,0,0,0,NA,NA,NA
"3701","2023_10_NYG_DAL","202311120dal",2023,10,"REG","NYG","DAL","Tommy DeVito","DeViTo00",0,0,NA,NA,7,0.269,5,15,2,2,9,0.237,NA,NA,NA
"3702","2023_10_WAS_SEA","202311120sea",2023,10,"REG","SEA","WAS","Geno Smith","SmitGe00",1,0.024,NA,NA,4,0.095,1,15,5,4,10,0.204,NA,NA,NA
"3703","2023_10_WAS_SEA","202311120sea",2023,10,"REG","WAS","SEA","Sam Howell","HoweSa00",1,0.024,NA,NA,5,0.119,3,13,11,2,16,0.34,NA,NA,NA
"3704","2023_10_NYJ_LV","202311120rai",2023,10,"REG","LV","NYJ","Aidan O'Connell","OConAi00",1,0.04,NA,NA,5,0.2,3,5,0,3,6,0.2,NA,NA,NA
"3705","2023_10_NYJ_LV","202311120rai",2023,10,"REG","NYJ","LV","Zach Wilson","WilsZa00",2,0.054,NA,NA,7,0.189,2,3,0,4,6,0.133,NA,NA,NA
"3706","2023_10_NYJ_LV","202311120rai",2023,10,"REG","NYJ","LV","Garrett Wilson","WilsGa00",0,0,NA,NA,1,1,0,0,0,0,0,0,NA,NA,NA
"3707","2023_10_DEN_BUF","202311130buf",2023,10,"REG","BUF","DEN","Josh Allen","AlleJo02",4,0.16,NA,NA,3,0.12,0,6,1,3,4,0.148,NA,NA,NA
"3708","2023_10_DEN_BUF","202311130buf",2023,10,"REG","DEN","BUF","Russell Wilson","WilsRu00",2,0.069,NA,NA,3,0.103,4,9,4,3,11,0.297,NA,NA,NA
"3709","2023_11_CIN_BAL","202311160rav",2023,11,"REG","BAL","CIN","Lamar Jackson","JackLa00",0,0,NA,NA,5,0.217,3,2,0,2,5,0.156,NA,NA,NA
"3710","2023_11_CIN_BAL","202311160rav",2023,11,"REG","CIN","BAL","Joe Burrow","BurrJo01",0,0,NA,NA,3,0.176,2,0,0,2,4,0.2,NA,NA,NA
"3711","2023_11_CIN_BAL","202311160rav",2023,11,"REG","CIN","BAL","Jake Browning","BrowJa08",1,0.071,NA,NA,1,0.071,3,2,1,0,4,0.19,NA,NA,NA
"3712","2023_11_DAL_CAR","202311190car",2023,11,"REG","CAR","DAL","Bryce Young","YounBr01",1,0.036,NA,NA,10,0.357,7,14,0,3,10,0.27,NA,NA,NA
"3713","2023_11_DAL_CAR","202311190car",2023,11,"REG","DAL","CAR","Dak Prescott","PresDa01",2,0.053,NA,NA,4,0.105,0,17,1,4,5,0.128,NA,NA,NA
"3714","2023_11_DAL_CAR","202311190car",2023,11,"REG","DAL","CAR","Cooper Rush","RushCo00",0,0,NA,NA,1,0.333,0,0,0,0,0,0,NA,NA,NA
"3715","2023_11_PIT_CLE","202311190cle",2023,11,"REG","CLE","PIT","Dorian Thompson-Robinson","ThomDo02",9,0.22,NA,NA,5,0.122,1,14,2,3,6,0.133,NA,NA,NA
"3716","2023_11_PIT_CLE","202311190cle",2023,11,"REG","PIT","CLE","Kenny Pickett","PickKe00",0,0,NA,NA,6,0.24,3,13,7,1,11,0.333,NA,NA,NA
"3717","2023_11_CHI_DET","202311190det",2023,11,"REG","DET","CHI","Jared Goff","GoffJa00",0,0,NA,NA,7,0.226,2,9,1,5,8,0.211,NA,NA,NA
"3718","2023_11_CHI_DET","202311190det",2023,11,"REG","CHI","DET","Justin Fields","FielJu00",0,0,NA,NA,4,0.182,2,4,0,2,4,0.138,NA,NA,NA
"3719","2023_11_LAC_GB","202311190gnb",2023,11,"REG","GB","LAC","Jordan Love","LoveJo03",1,0.026,NA,NA,6,0.158,3,23,6,4,13,0.295,NA,NA,NA
"3720","2023_11_LAC_GB","202311190gnb",2023,11,"REG","LAC","GB","Justin Herbert","HerbJu00",4,0.111,NA,NA,6,0.167,2,8,4,3,9,0.205,NA,NA,NA
"3721","2023_11_ARI_HOU","202311190htx",2023,11,"REG","HOU","ARI","C.J. Stroud","StroCJ00",1,0.027,NA,NA,5,0.135,3,6,1,1,5,0.125,NA,NA,NA
"3722","2023_11_ARI_HOU","202311190htx",2023,11,"REG","HOU","ARI","Davis Mills","MillDa02",0,0,NA,NA,0,0,0,0,1,0,1,1,NA,NA,NA
"3723","2023_11_ARI_HOU","202311190htx",2023,11,"REG","ARI","HOU","Kyler Murray","MurrKy00",1,0.033,NA,NA,2,0.067,3,11,1,4,8,0.216,NA,NA,NA
"3724","2023_11_TEN_JAX","202311190jax",2023,11,"REG","JAX","TEN","Trevor Lawrence","LawrTr00",0,0,NA,NA,7,0.226,1,8,4,2,7,0.194,NA,NA,NA
"3725","2023_11_TEN_JAX","202311190jax",2023,11,"REG","TEN","JAX","Will Levis","LeviWi00",0,0,NA,NA,1,0.059,2,9,1,1,4,0.2,NA,NA,NA
"3726","2023_11_LV_MIA","202311190mia",2023,11,"REG","MIA","LV","Tua Tagovailoa","TagoTu00",1,0.028,NA,NA,4,0.111,1,4,2,2,5,0.122,NA,NA,NA
"3727","2023_11_LV_MIA","202311190mia",2023,11,"REG","LV","MIA","Aidan O'Connell","OConAi00",2,0.051,NA,NA,7,0.179,2,5,1,4,7,0.163,NA,NA,NA
"3728","2023_11_NYG_WAS","202311190was",2023,11,"REG","WAS","NYG","Sam Howell","HoweSa00",2,0.048,NA,NA,6,0.143,4,13,3,2,9,0.173,NA,NA,NA
"3729","2023_11_NYG_WAS","202311190was",2023,11,"REG","NYG","WAS","Tommy DeVito","DeViTo00",0,0,NA,NA,3,0.115,9,15,1,0,10,0.278,NA,NA,NA
"3730","2023_11_TB_SF","202311190sfo",2023,11,"REG","SF","TB","Brock Purdy","PurdBr00",0,0,NA,NA,4,0.16,4,13,0,2,6,0.2,NA,NA,NA
"3731","2023_11_TB_SF","202311190sfo",2023,11,"REG","TB","SF","Baker Mayfield","MayfBa00",2,0.045,NA,NA,7,0.159,4,8,0,3,7,0.14,NA,NA,NA
"3732","2023_11_NYJ_BUF","202311190buf",2023,11,"REG","BUF","NYJ","Josh Allen","AlleJo02",4,0.133,NA,NA,3,0.1,1,5,2,3,6,0.171,NA,NA,NA
"3733","2023_11_NYJ_BUF","202311190buf",2023,11,"REG","NYJ","BUF","Zach Wilson","WilsZa00",2,0.154,NA,NA,1,0.077,5,4,1,0,6,0.261,NA,NA,NA
"3734","2023_11_NYJ_BUF","202311190buf",2023,11,"REG","NYJ","BUF","Tim Boyle","BoylTi00",2,0.143,NA,NA,3,0.214,1,1,1,1,3,0.2,NA,NA,NA
"3735","2023_11_NYJ_BUF","202311190buf",2023,11,"REG","NYJ","BUF","Thomas Morstead","MorsTh00",0,0,NA,NA,0,0,0,1,0,0,0,0,NA,NA,NA
"3736","2023_11_SEA_LA","202311190ram",2023,11,"REG","LA","SEA","Matthew Stafford","StafMa00",4,0.138,NA,NA,3,0.103,1,6,6,2,9,0.273,NA,NA,NA
"3737","2023_11_SEA_LA","202311190ram",2023,11,"REG","SEA","LA","Geno Smith","SmitGe00",2,0.063,NA,NA,3,0.094,2,11,2,5,9,0.25,NA,NA,NA
"3738","2023_11_SEA_LA","202311190ram",2023,11,"REG","SEA","LA","Drew Lock","LockDr00",0,0,NA,NA,3,0.5,0,3,0,0,0,0,NA,NA,NA
"3739","2023_11_MIN_DEN","202311190den",2023,11,"REG","DEN","MIN","Russell Wilson","WilsRu00",0,0,NA,NA,3,0.094,2,11,0,5,7,0.189,NA,NA,NA
"3740","2023_11_MIN_DEN","202311190den",2023,11,"REG","MIN","DEN","Joshua Dobbs","DobbJo00",1,0.032,NA,NA,4,0.129,2,16,0,8,10,0.263,NA,NA,NA
"3741","2023_11_PHI_KC","202311200kan",2023,11,"REG","KC","PHI","Patrick Mahomes","MahoPa00",3,0.077,NA,NA,8,0.205,1,10,9,7,17,0.34,NA,NA,NA
"3742","2023_11_PHI_KC","202311200kan",2023,11,"REG","PHI","KC","Jalen Hurts","HurtJa00",0,0,NA,NA,5,0.238,5,12,6,0,11,0.393,NA,NA,NA
"3743","2023_12_GB_DET","202311230det",2023,12,"REG","DET","GB","Jared Goff","GoffJa00",0,0,NA,NA,0,0,3,0,0,0,3,0.06,NA,NA,NA
"3744","2023_12_GB_DET","202311230det",2023,12,"REG","GB","DET","Jordan Love","LoveJo03",0,0,NA,NA,0,0,0,0,0,0,0,0,NA,NA,NA
"3745","2023_12_WAS_DAL","202311230dal",2023,12,"REG","DAL","WAS","Dak Prescott","PresDa01",0,0,NA,NA,0,0,0,0,0,0,0,0,NA,NA,NA
"3746","2023_12_WAS_DAL","202311230dal",2023,12,"REG","WAS","DAL","Sam Howell","HoweSa00",0,0,NA,NA,0,0,4,0,0,0,4,0.082,NA,NA,NA
"3747","2023_12_SF_SEA","202311230sea",2023,12,"REG","SEA","SF","Geno Smith","SmitGe00",0,0,NA,NA,0,0,6,0,0,0,6,0.171,NA,NA,NA
"3748","2023_12_SF_SEA","202311230sea",2023,12,"REG","SF","SEA","Brock Purdy","PurdBr00",0,0,NA,NA,0,0,1,0,0,0,1,0.031,NA,NA,NA
"3749","2023_12_SF_SEA","202311230sea",2023,12,"REG","SF","SEA","Deebo Samuel","SamuDe00",0,0,NA,NA,0,0,0,0,0,0,0,0,NA,NA,NA
"3750","2023_12_MIA_NYJ","202311240nyj",2023,12,"REG","NYJ","MIA","Tim Boyle","BoylTi00",0,0,NA,NA,0,0,7,0,0,0,7,0.156,NA,NA,NA
"3751","2023_12_MIA_NYJ","202311240nyj",2023,12,"REG","MIA","NYJ","Tua Tagovailoa","TagoTu00",0,0,NA,NA,0,0,2,0,0,0,2,0.061,NA,NA,NA
"3752","2023_12_NO_ATL","202311260atl",2023,12,"REG","ATL","NO","Desmond Ridder","RiddDe00",2,0.1,NA,NA,1,0.05,0,5,0,1,1,0.042,NA,NA,NA
"3753","2023_12_NO_ATL","202311260atl",2023,12,"REG","NO","ATL","Derek Carr","CarrDe02",1,0.028,NA,NA,6,0.167,1,15,0,1,2,0.05,NA,NA,NA
"3754","2023_12_PIT_CIN","202311260cin",2023,12,"REG","CIN","PIT","Jake Browning","BrowJa08",0,0,NA,NA,1,0.04,4,8,1,1,6,0.188,NA,NA,NA
"3755","2023_12_PIT_CIN","202311260cin",2023,12,"REG","PIT","CIN","Kenny Pickett","PickKe00",0,0,NA,NA,5,0.156,2,9,1,2,5,0.135,NA,NA,NA
"3756","2023_12_JAX_HOU","202311260htx",2023,12,"REG","HOU","JAX","C.J. Stroud","StroCJ00",0,0,NA,NA,8,0.222,4,10,2,2,8,0.174,NA,NA,NA
"3757","2023_12_JAX_HOU","202311260htx",2023,12,"REG","JAX","HOU","Trevor Lawrence","LawrTr00",3,0.081,NA,NA,7,0.189,0,9,0,2,2,0.053,NA,NA,NA
"3758","2023_12_TB_IND","202311260clt",2023,12,"REG","IND","TB","Gardner Minshew II","MinsGa00",4,0.1,NA,NA,6,0.15,2,15,1,1,4,0.089,NA,NA,NA
"3759","2023_12_TB_IND","202311260clt",2023,12,"REG","TB","IND","Baker Mayfield","MayfBa00",3,0.103,NA,NA,1,0.034,6,5,2,1,9,0.243,NA,NA,NA
"3760","2023_12_TB_IND","202311260clt",2023,12,"REG","TB","IND","Kyle Trask","TrasKy00",1,1,NA,NA,0,0,0,0,0,0,0,0,NA,NA,NA
"3761","2023_12_NE_NYG","202311260nyg",2023,12,"REG","NYG","NE","Tommy DeVito","DeViTo00",3,0.125,NA,NA,0,0,6,8,3,0,9,0.273,NA,NA,NA
"3762","2023_12_NE_NYG","202311260nyg",2023,12,"REG","NE","NYG","Mac Jones","JoneMa05",2,0.095,NA,NA,5,0.238,1,12,2,1,4,0.182,NA,NA,NA
"3763","2023_12_NE_NYG","202311260nyg",2023,12,"REG","NE","NYG","Bailey Zappe","ZappBa00",1,0.071,NA,NA,1,0.071,1,7,2,0,3,0.2,NA,NA,NA
"3764","2023_12_CAR_TEN","202311260oti",2023,12,"REG","TEN","CAR","Will Levis","LeviWi00",1,0.037,NA,NA,3,0.111,1,5,0,3,4,0.138,NA,NA,NA
"3765","2023_12_CAR_TEN","202311260oti",2023,12,"REG","CAR","TEN","Bryce Young","YounBr01",1,0.042,NA,NA,4,0.167,4,4,5,2,11,0.289,NA,NA,NA
"3766","2023_12_LA_ARI","202311260crd",2023,12,"REG","ARI","LA","Kyler Murray","MurrKy00",0,0,NA,NA,7,0.159,4,10,5,2,11,0.224,NA,NA,NA
"3767","2023_12_LA_ARI","202311260crd",2023,12,"REG","LA","ARI","Matthew Stafford","StafMa00",0,0,NA,NA,5,0.161,0,6,2,3,5,0.147,NA,NA,NA
"3768","2023_12_CLE_DEN","202311260den",2023,12,"REG","DEN","CLE","Russell Wilson","WilsRu00",3,0.143,NA,NA,3,0.143,1,10,4,3,8,0.32,NA,NA,NA
"3769","2023_12_CLE_DEN","202311260den",2023,12,"REG","CLE","DEN","Dorian Thompson-Robinson","ThomDo02",2,0.077,NA,NA,7,0.269,0,14,5,2,7,0.226,NA,NA,NA
"3770","2023_12_CLE_DEN","202311260den",2023,12,"REG","CLE","DEN","P.J. Walker","WalkPh00",1,0.077,NA,NA,5,0.385,4,4,0,1,5,0.294,NA,NA,NA
"3771","2023_12_KC_LV","202311260rai",2023,12,"REG","LV","KC","Aidan O'Connell","OConAi00",2,0.063,NA,NA,5,0.156,1,11,0,3,4,0.118,NA,NA,NA
"3772","2023_12_KC_LV","202311260rai",2023,12,"REG","LV","KC","Jakobi Meyers","MeyeJa01",0,0,NA,NA,0,0,0,1,0,0,0,0,NA,NA,NA
"3773","2023_12_KC_LV","202311260rai",2023,12,"REG","KC","LV","Patrick Mahomes","MahoPa00",2,0.063,NA,NA,3,0.094,1,2,0,1,2,0.053,NA,NA,NA
"3774","2023_12_BUF_PHI","202311260phi",2023,12,"REG","PHI","BUF","Jalen Hurts","HurtJa00",1,0.036,NA,NA,6,0.214,2,4,1,0,3,0.079,NA,NA,NA
"3775","2023_12_BUF_PHI","202311260phi",2023,12,"REG","BUF","PHI","Josh Allen","AlleJo02",3,0.061,NA,NA,8,0.163,1,17,0,3,4,0.069,NA,NA,NA
"3776","2023_12_BAL_LAC","202311260sdg",2023,12,"REG","LAC","BAL","Justin Herbert","HerbJu00",2,0.048,NA,NA,4,0.095,3,14,7,4,14,0.275,NA,NA,NA
"3777","2023_12_BAL_LAC","202311260sdg",2023,12,"REG","BAL","LAC","Lamar Jackson","JackLa00",1,0.033,NA,NA,7,0.233,2,11,7,2,11,0.297,NA,NA,NA
"3778","2023_12_CHI_MIN","202311270min",2023,12,"REG","MIN","CHI","Joshua Dobbs","DobbJo00",1,0.033,NA,NA,3,0.1,2,10,7,6,15,0.417,NA,NA,NA
"3779","2023_12_CHI_MIN","202311270min",2023,12,"REG","CHI","MIN","Justin Fields","FielJu00",0,0,NA,NA,2,0.063,3,22,9,2,14,0.318,NA,NA,NA
"3780","2023_13_SEA_DAL","202311300dal",2023,13,"REG","DAL","SEA","Dak Prescott","PresDa01",3,0.075,NA,NA,4,0.1,4,10,1,2,7,0.152,NA,NA,NA
"3781","2023_13_SEA_DAL","202311300dal",2023,13,"REG","SEA","DAL","Geno Smith","SmitGe00",3,0.077,NA,NA,7,0.179,0,15,7,3,10,0.238,NA,NA,NA
"3782","2023_13_DEN_HOU","202312030htx",2023,13,"REG","HOU","DEN","C.J. Stroud","StroCJ00",2,0.08,NA,NA,6,0.24,5,14,4,0,9,0.265,NA,NA,NA
"3783","2023_13_DEN_HOU","202312030htx",2023,13,"REG","HOU","DEN","Davis Mills","MillDa02",0,0,NA,NA,0,0,0,0,0,0,0,0,NA,NA,NA
"3784","2023_13_DEN_HOU","202312030htx",2023,13,"REG","DEN","HOU","Russell Wilson","WilsRu00",1,0.042,NA,NA,2,0.083,3,2,4,5,12,0.333,NA,NA,NA
"3785","2023_13_LAC_NE","202312030nwe",2023,13,"REG","NE","LAC","Bailey Zappe","ZappBa00",2,0.083,NA,NA,6,0.25,5,16,2,1,8,0.242,NA,NA,NA
"3786","2023_13_LAC_NE","202312030nwe",2023,13,"REG","LAC","NE","Justin Herbert","HerbJu00",4,0.111,NA,NA,4,0.111,0,14,1,1,2,0.053,NA,NA,NA
"3787","2023_13_DET_NO","202312030nor",2023,13,"REG","NO","DET","Derek Carr","CarrDe02",2,0.091,NA,NA,1,0.045,2,5,1,5,8,0.333,NA,NA,NA
"3788","2023_13_DET_NO","202312030nor",2023,13,"REG","NO","DET","Jameis Winston","WinsJa00",1,0.2,NA,NA,2,0.4,0,2,0,0,0,0,NA,NA,NA
"3789","2023_13_DET_NO","202312030nor",2023,13,"REG","NO","DET","Taysom Hill","HillTa00",0,0,NA,NA,1,0.5,0,2,0,0,0,0,NA,NA,NA
"3790","2023_13_DET_NO","202312030nor",2023,13,"REG","DET","NO","Jared Goff","GoffJa00",3,0.12,NA,NA,4,0.16,1,5,3,3,7,0.269,NA,NA,NA
"3791","2023_13_ATL_NYJ","202312030nyj",2023,13,"REG","NYJ","ATL","Tim Boyle","BoylTi00",1,0.042,NA,NA,9,0.375,1,2,5,1,7,0.269,NA,NA,NA
"3792","2023_13_ATL_NYJ","202312030nyj",2023,13,"REG","NYJ","ATL","Trevor Siemian","SiemTr00",0,0,NA,NA,6,0.462,3,5,0,2,5,0.294,NA,NA,NA
"3793","2023_13_ATL_NYJ","202312030nyj",2023,13,"REG","ATL","NYJ","Desmond Ridder","RiddDe00",1,0.04,NA,NA,9,0.36,3,6,6,4,13,0.433,NA,NA,NA
"3794","2023_13_ARI_PIT","202312030pit",2023,13,"REG","PIT","ARI","Mitchell Trubisky","TrubMi00",2,0.118,NA,NA,2,0.118,0,6,0,3,3,0.167,NA,NA,NA
"3795","2023_13_ARI_PIT","202312030pit",2023,13,"REG","PIT","ARI","Kenny Pickett","PickKe00",0,0,NA,NA,0,0,0,5,0,2,2,0.167,NA,NA,NA
"3796","2023_13_ARI_PIT","202312030pit",2023,13,"REG","ARI","PIT","Kyler Murray","MurrKy00",2,0.087,NA,NA,3,0.13,2,15,0,2,4,0.148,NA,NA,NA
"3797","2023_13_IND_TEN","202312030oti",2023,13,"REG","TEN","IND","Will Levis","LeviWi00",2,0.061,NA,NA,10,0.303,6,10,0,5,11,0.275,NA,NA,NA
"3798","2023_13_IND_TEN","202312030oti",2023,13,"REG","IND","TEN","Gardner Minshew II","MinsGa00",1,0.024,NA,NA,8,0.195,3,12,0,4,7,0.149,NA,NA,NA
"3799","2023_13_MIA_WAS","202312030was",2023,13,"REG","WAS","MIA","Sam Howell","HoweSa00",1,0.048,NA,NA,5,0.238,3,5,1,5,9,0.31,NA,NA,NA
"3800","2023_13_MIA_WAS","202312030was",2023,13,"REG","MIA","WAS","Tua Tagovailoa","TagoTu00",1,0.042,NA,NA,3,0.125,0,4,0,1,1,0.042,NA,NA,NA
"3801","2023_13_MIA_WAS","202312030was",2023,13,"REG","MIA","WAS","Mike White","WhitMi01",0,0,NA,NA,0,0,0,0,0,0,0,0,NA,NA,NA
"3802","2023_13_CAR_TB","202312030tam",2023,13,"REG","TB","CAR","Baker Mayfield","MayfBa00",3,0.111,NA,NA,5,0.185,1,11,0,2,3,0.1,NA,NA,NA
"3803","2023_13_CAR_TB","202312030tam",2023,13,"REG","CAR","TB","Bryce Young","YounBr01",1,0.038,NA,NA,7,0.269,4,21,1,2,7,0.2,NA,NA,NA
"3804","2023_13_CLE_LA","202312030ram",2023,13,"REG","LA","CLE","Matthew Stafford","StafMa00",2,0.059,NA,NA,8,0.235,0,8,3,2,5,0.135,NA,NA,NA
"3805","2023_13_CLE_LA","202312030ram",2023,13,"REG","CLE","LA","Joe Flacco","FlacJo00",2,0.049,NA,NA,11,0.268,2,8,8,2,12,0.261,NA,NA,NA
"3806","2023_13_SF_PHI","202312030phi",2023,13,"REG","PHI","SF","Jalen Hurts","HurtJa00",0,0,NA,NA,4,0.1,3,3,1,6,10,0.192,NA,NA,NA
"3807","2023_13_SF_PHI","202312030phi",2023,13,"REG","PHI","SF","Marcus Mariota","MariMa01",0,0,NA,NA,0,0,0,0,0,0,0,0,NA,NA,NA
"3808","2023_13_SF_PHI","202312030phi",2023,13,"REG","SF","PHI","Brock Purdy","PurdBr00",0,0,NA,NA,5,0.2,2,12,1,1,4,0.133,NA,NA,NA
"3809","2023_13_KC_GB","202312030gnb",2023,13,"REG","GB","KC","Jordan Love","LoveJo03",1,0.029,NA,NA,9,0.257,2,15,5,2,9,0.231,NA,NA,NA
"3810","2023_13_KC_GB","202312030gnb",2023,13,"REG","KC","GB","Patrick Mahomes","MahoPa00",2,0.065,NA,NA,4,0.129,3,3,0,2,5,0.128,NA,NA,NA
"3811","2023_13_CIN_JAX","202312040jax",2023,13,"REG","JAX","CIN","Trevor Lawrence","LawrTr00",1,0.034,NA,NA,2,0.069,2,4,4,1,7,0.212,NA,NA,NA
"3812","2023_13_CIN_JAX","202312040jax",2023,13,"REG","JAX","CIN","C.J. Beathard","BeatC.00",0,0,NA,NA,1,0.1,2,1,0,2,4,0.308,NA,NA,NA
"3813","2023_13_CIN_JAX","202312040jax",2023,13,"REG","CIN","JAX","Jake Browning","BrowJa08",2,0.057,NA,NA,0,0,2,12,6,3,11,0.275,NA,NA,NA
"3814","2023_13_CIN_JAX","202312040jax",2023,13,"REG","CIN","JAX","Tyler Boyd","BoydTy00",0,0,NA,NA,1,1,0,1,0,1,1,1,NA,NA,NA
"3815","2023_13_CIN_JAX","202312040jax",2023,13,"REG","CIN","JAX","Ja'Marr Chase","ChasJa00",0,0,NA,NA,0,0,0,0,0,0,0,0,NA,NA,NA
"3816","2023_14_NE_PIT","202312070pit",2023,14,"REG","PIT","NE","Mitchell Trubisky","TrubMi00",1,0.029,NA,NA,7,0.206,2,8,5,0,7,0.171,NA,NA,NA
"3817","2023_14_NE_PIT","202312070pit",2023,14,"REG","PIT","NE","Connor Heyward","HeywCo00",0,0,NA,NA,0,0,0,1,0,0,0,0,NA,NA,NA
"3818","2023_14_NE_PIT","202312070pit",2023,14,"REG","NE","PIT","Bailey Zappe","ZappBa00",2,0.077,NA,NA,3,0.115,2,11,1,0,3,0.094,NA,NA,NA
"3819","2023_14_TB_ATL","202312100atl",2023,14,"REG","ATL","TB","Desmond Ridder","RiddDe00",1,0.026,NA,NA,4,0.103,3,12,0,0,3,0.067,NA,NA,NA
"3820","2023_14_TB_ATL","202312100atl",2023,14,"REG","TB","ATL","Baker Mayfield","MayfBa00",1,0.034,NA,NA,9,0.31,1,2,0,0,1,0.032,NA,NA,NA
"3821","2023_14_LA_BAL","202312100rav",2023,14,"REG","BAL","LA","Lamar Jackson","JackLa00",3,0.075,NA,NA,10,0.25,2,13,1,3,6,0.118,NA,NA,NA
"3822","2023_14_LA_BAL","202312100rav",2023,14,"REG","LA","BAL","Matthew Stafford","StafMa00",2,0.053,NA,NA,11,0.289,2,9,0,8,10,0.233,NA,NA,NA
"3823","2023_14_DET_CHI","202312100chi",2023,14,"REG","CHI","DET","Justin Fields","FielJu00",3,0.097,NA,NA,5,0.161,3,9,3,5,11,0.275,NA,NA,NA
"3824","2023_14_DET_CHI","202312100chi",2023,14,"REG","DET","CHI","Jared Goff","GoffJa00",3,0.088,NA,NA,6,0.176,4,8,2,3,9,0.231,NA,NA,NA
"3825","2023_14_IND_CIN","202312100cin",2023,14,"REG","CIN","IND","Jake Browning","BrowJa08",2,0.083,NA,NA,1,0.042,0,2,0,3,3,0.115,NA,NA,NA
"3826","2023_14_IND_CIN","202312100cin",2023,14,"REG","CIN","IND","A.J. McCarron","McCaA.00",0,0,NA,NA,0,0,0,0,0,0,0,0,NA,NA,NA
"3827","2023_14_IND_CIN","202312100cin",2023,14,"REG","IND","CIN","Gardner Minshew II","MinsGa00",3,0.079,NA,NA,3,0.079,3,7,1,0,4,0.093,NA,NA,NA
"3828","2023_14_JAX_CLE","202312100cle",2023,14,"REG","CLE","JAX","Joe Flacco","FlacJo00",1,0.023,NA,NA,10,0.233,1,13,5,2,8,0.174,NA,NA,NA
"3829","2023_14_JAX_CLE","202312100cle",2023,14,"REG","JAX","CLE","Trevor Lawrence","LawrTr00",0,0,NA,NA,11,0.229,4,10,2,8,14,0.25,NA,NA,NA
"3830","2023_14_CAR_NO","202312100nor",2023,14,"REG","NO","CAR","Derek Carr","CarrDe02",0,0,NA,NA,1,0.045,1,8,0,5,6,0.222,NA,NA,NA
"3831","2023_14_CAR_NO","202312100nor",2023,14,"REG","CAR","NO","Bryce Young","YounBr01",1,0.031,NA,NA,10,0.313,4,13,3,4,11,0.256,NA,NA,NA
"3832","2023_14_HOU_NYJ","202312100nyj",2023,14,"REG","NYJ","HOU","Zach Wilson","WilsZa00",1,0.029,NA,NA,4,0.114,4,14,5,5,14,0.333,NA,NA,NA
"3833","2023_14_HOU_NYJ","202312100nyj",2023,14,"REG","HOU","NYJ","C.J. Stroud","StroCJ00",2,0.091,NA,NA,3,0.136,4,6,2,2,8,0.296,NA,NA,NA
"3834","2023_14_HOU_NYJ","202312100nyj",2023,14,"REG","HOU","NYJ","Davis Mills","MillDa02",0,0,NA,NA,1,0.2,1,1,1,0,2,0.333,NA,NA,NA
"3835","2023_14_MIN_LV","202312100rai",2023,14,"REG","LV","MIN","Aidan O'Connell","OConAi00",1,0.034,NA,NA,5,0.172,4,16,2,1,7,0.194,NA,NA,NA
"3836","2023_14_MIN_LV","202312100rai",2023,14,"REG","MIN","LV","Joshua Dobbs","DobbJo00",2,0.091,NA,NA,7,0.318,5,10,1,5,11,0.333,NA,NA,NA
"3837","2023_14_MIN_LV","202312100rai",2023,14,"REG","MIN","LV","Nick Mullens","MullNi00",0,0,NA,NA,4,0.308,0,3,0,1,1,0.077,NA,NA,NA
"3838","2023_14_SEA_SF","202312100sfo",2023,14,"REG","SF","SEA","Brock Purdy","PurdBr00",1,0.037,NA,NA,3,0.111,3,7,0,4,7,0.226,NA,NA,NA
"3839","2023_14_SEA_SF","202312100sfo",2023,14,"REG","SEA","SF","Drew Lock","LockDr00",3,0.097,NA,NA,1,0.032,4,6,2,0,6,0.162,NA,NA,NA
"3840","2023_14_BUF_KC","202312100kan",2023,14,"REG","KC","BUF","Patrick Mahomes","MahoPa00",2,0.051,NA,NA,8,0.205,1,12,3,6,10,0.222,NA,NA,NA
"3841","2023_14_BUF_KC","202312100kan",2023,14,"REG","BUF","KC","Josh Allen","AlleJo02",2,0.054,NA,NA,6,0.162,3,16,9,7,19,0.388,NA,NA,NA
"3842","2023_14_DEN_LAC","202312100sdg",2023,14,"REG","LAC","DEN","Easton Stick","SticEa00",0,0,NA,NA,5,0.208,2,15,0,2,4,0.154,NA,NA,NA
"3843","2023_14_DEN_LAC","202312100sdg",2023,14,"REG","LAC","DEN","Justin Herbert","HerbJu00",0,0,NA,NA,6,0.353,4,8,1,2,7,0.333,NA,NA,NA
"3844","2023_14_DEN_LAC","202312100sdg",2023,14,"REG","LAC","DEN","Keenan Allen","AlleKe00",0,0,NA,NA,1,1,0,1,0,0,0,0,NA,NA,NA
"3845","2023_14_DEN_LAC","202312100sdg",2023,14,"REG","DEN","LAC","Russell Wilson","WilsRu00",1,0.033,NA,NA,4,0.133,2,17,0,1,3,0.083,NA,NA,NA
"3846","2023_14_PHI_DAL","202312100dal",2023,14,"REG","DAL","PHI","Dak Prescott","PresDa01",4,0.103,NA,NA,2,0.051,3,5,3,0,6,0.14,NA,NA,NA
"3847","2023_14_PHI_DAL","202312100dal",2023,14,"REG","PHI","DAL","Jalen Hurts","HurtJa00",4,0.148,NA,NA,2,0.074,1,9,1,1,3,0.107,NA,NA,NA
"3848","2023_14_PHI_DAL","202312100dal",2023,14,"REG","PHI","DAL","Braden Mann","MannBr01",0,0,NA,NA,0,0,0,0,0,0,0,0,NA,NA,NA
"3849","2023_14_TEN_MIA","202312110mia",2023,14,"REG","MIA","TEN","Tua Tagovailoa","TagoTu00",0,0,NA,NA,7,0.212,5,3,6,2,13,0.317,NA,NA,NA
"3850","2023_14_TEN_MIA","202312110mia",2023,14,"REG","TEN","MIA","Will Levis","LeviWi00",1,0.028,NA,NA,5,0.139,1,3,2,6,9,0.22,NA,NA,NA
"3851","2023_14_GB_NYG","202312110nyg",2023,14,"REG","NYG","GB","Tommy DeVito","DeViTo00",1,0.05,NA,NA,2,0.1,0,8,5,2,7,0.259,NA,NA,NA
"3852","2023_14_GB_NYG","202312110nyg",2023,14,"REG","GB","NYG","Jordan Love","LoveJo03",2,0.053,NA,NA,6,0.158,2,20,5,4,11,0.262,NA,NA,NA
"3853","2023_15_LAC_LV","202312140rai",2023,15,"REG","LV","LAC","Aidan O'Connell","OConAi00",0,0,NA,NA,3,0.094,1,11,0,1,2,0.057,NA,NA,NA
"3854","2023_15_LAC_LV","202312140rai",2023,15,"REG","LV","LAC","Jakobi Meyers","MeyeJa01",0,0,NA,NA,0,0,0,1,0,0,0,0,NA,NA,NA
"3855","2023_15_LAC_LV","202312140rai",2023,15,"REG","LAC","LV","Easton Stick","SticEa00",0,0,NA,NA,5,0.161,3,8,3,2,8,0.222,NA,NA,NA
"3856","2023_15_MIN_CIN","202312160cin",2023,15,"REG","CIN","MIN","Jake Browning","BrowJa08",1,0.025,NA,NA,4,0.1,4,23,8,3,15,0.326,NA,NA,NA
"3857","2023_15_MIN_CIN","202312160cin",2023,15,"REG","MIN","CIN","Nick Mullens","MullNi00",0,0,NA,NA,3,0.094,3,7,3,5,11,0.289,NA,NA,NA
"3858","2023_15_MIN_CIN","202312160cin",2023,15,"REG","MIN","CIN","Justin Jefferson","JeffJu00",0,0,NA,NA,0,0,0,1,0,1,1,1,NA,NA,NA
"3859","2023_15_PIT_IND","202312160clt",2023,15,"REG","IND","PIT","Gardner Minshew II","MinsGa00",2,0.074,NA,NA,3,0.111,3,9,1,2,6,0.188,NA,NA,NA
"3860","2023_15_PIT_IND","202312160clt",2023,15,"REG","PIT","IND","Mitchell Trubisky","TrubMi00",0,0,NA,NA,6,0.261,3,1,0,3,6,0.231,NA,NA,NA
"3861","2023_15_PIT_IND","202312160clt",2023,15,"REG","PIT","IND","Mason Rudolph","RudoMa00",0,0,NA,NA,1,0.333,1,0,0,0,1,0.25,NA,NA,NA
"3862","2023_15_DEN_DET","202312160det",2023,15,"REG","DET","DEN","Jared Goff","GoffJa00",0,0,NA,NA,5,0.156,2,18,1,5,8,0.222,NA,NA,NA
"3863","2023_15_DEN_DET","202312160det",2023,15,"REG","DEN","DET","Russell Wilson","WilsRu00",2,0.063,NA,NA,3,0.094,2,15,5,6,13,0.371,NA,NA,NA
"3864","2023_15_ATL_CAR","202312170car",2023,15,"REG","CAR","ATL","Bryce Young","YounBr01",2,0.091,NA,NA,2,0.091,3,3,0,2,5,0.179,NA,NA,NA
"3865","2023_15_ATL_CAR","202312170car",2023,15,"REG","ATL","CAR","Desmond Ridder","RiddDe00",2,0.105,NA,NA,4,0.211,0,1,1,1,2,0.095,NA,NA,NA
"3866","2023_15_CHI_CLE","202312170cle",2023,15,"REG","CLE","CHI","Joe Flacco","FlacJo00",1,0.023,NA,NA,5,0.116,4,14,1,3,8,0.167,NA,NA,NA
"3867","2023_15_CHI_CLE","202312170cle",2023,15,"REG","CLE","CHI","Dorian Thompson-Robinson","ThomDo02",0,0,NA,NA,0,0,0,1,0,0,0,0,NA,NA,NA
"3868","2023_15_CHI_CLE","202312170cle",2023,15,"REG","CHI","CLE","Justin Fields","FielJu00",2,0.054,NA,NA,10,0.27,3,17,0,5,8,0.178,NA,NA,NA
"3869","2023_15_TB_GB","202312170gnb",2023,15,"REG","GB","TB","Jordan Love","LoveJo03",0,0,NA,NA,5,0.139,2,17,5,4,11,0.268,NA,NA,NA
"3870","2023_15_TB_GB","202312170gnb",2023,15,"REG","TB","GB","Baker Mayfield","MayfBa00",0,0,NA,NA,2,0.074,5,7,3,0,8,0.242,NA,NA,NA
"3871","2023_15_NYJ_MIA","202312170mia",2023,15,"REG","MIA","NYJ","Tua Tagovailoa","TagoTu00",0,0,NA,NA,1,0.042,3,3,1,1,5,0.185,NA,NA,NA
"3872","2023_15_NYJ_MIA","202312170mia",2023,15,"REG","MIA","NYJ","Mike White","WhitMi01",0,0,NA,NA,0,0,0,0,0,0,0,0,NA,NA,NA
"3873","2023_15_NYJ_MIA","202312170mia",2023,15,"REG","NYJ","MIA","Trevor Siemian","SiemTr00",0,0,NA,NA,7,0.28,2,6,0,4,6,0.214,NA,NA,NA
"3874","2023_15_NYJ_MIA","202312170mia",2023,15,"REG","NYJ","MIA","Zach Wilson","WilsZa00",0,0,NA,NA,1,0.125,4,4,4,3,11,0.733,NA,NA,NA
"3875","2023_15_KC_NE","202312170nwe",2023,15,"REG","NE","KC","Bailey Zappe","ZappBa00",0,0,NA,NA,3,0.097,4,14,0,1,5,0.143,NA,NA,NA
"3876","2023_15_KC_NE","202312170nwe",2023,15,"REG","KC","NE","Patrick Mahomes","MahoPa00",3,0.088,NA,NA,2,0.059,3,10,3,0,6,0.15,NA,NA,NA
"3877","2023_15_KC_NE","202312170nwe",2023,15,"REG","KC","NE","Jerick McKinnon","McKiJe00",0,0,NA,NA,0,0,0,0,0,0,0,0,NA,NA,NA
"3878","2023_15_NYG_NO","202312170nor",2023,15,"REG","NO","NYG","Derek Carr","CarrDe02",0,0,NA,NA,4,0.148,1,13,1,1,3,0.103,NA,NA,NA
"3879","2023_15_NYG_NO","202312170nor",2023,15,"REG","NO","NYG","Taysom Hill","HillTa00",0,0,NA,NA,1,1,0,1,0,0,0,0,NA,NA,NA
"3880","2023_15_NYG_NO","202312170nor",2023,15,"REG","NYG","NO","Tommy DeVito","DeViTo00",2,0.065,NA,NA,4,0.129,7,11,4,1,12,0.279,NA,NA,NA
"3881","2023_15_NYG_NO","202312170nor",2023,15,"REG","NYG","NO","Tyrod Taylor","TaylTy00",1,0.333,NA,NA,0,0,0,0,0,0,0,0,NA,NA,NA
"3882","2023_15_HOU_TEN","202312170oti",2023,15,"REG","TEN","HOU","Will Levis","LeviWi00",1,0.038,NA,NA,2,0.077,7,7,0,4,11,0.306,NA,NA,NA
"3883","2023_15_HOU_TEN","202312170oti",2023,15,"REG","HOU","TEN","Case Keenum","KeenCa00",1,0.029,NA,NA,5,0.147,3,10,1,2,6,0.154,NA,NA,NA
"3884","2023_15_SF_ARI","202312170crd",2023,15,"REG","ARI","SF","Kyler Murray","MurrKy00",1,0.027,NA,NA,7,0.189,3,3,0,3,6,0.133,NA,NA,NA
"3885","2023_15_SF_ARI","202312170crd",2023,15,"REG","SF","ARI","Brock Purdy","PurdBr00",0,0,NA,NA,4,0.167,0,5,0,1,1,0.04,NA,NA,NA
"3886","2023_15_SF_ARI","202312170crd",2023,15,"REG","SF","ARI","Sam Darnold","DarnSa00",0,0,NA,NA,0,0,0,1,0,0,0,0,NA,NA,NA
"3887","2023_15_WAS_LA","202312170ram",2023,15,"REG","LA","WAS","Matthew Stafford","StafMa00",1,0.031,NA,NA,4,0.125,3,11,0,3,6,0.162,NA,NA,NA
"3888","2023_15_WAS_LA","202312170ram",2023,15,"REG","WAS","LA","Sam Howell","HoweSa00",0,0,NA,NA,7,0.28,1,5,0,1,2,0.067,NA,NA,NA
"3889","2023_15_WAS_LA","202312170ram",2023,15,"REG","WAS","LA","Jacoby Brissett","BrisJa00",0,0,NA,NA,0,0,0,0,0,2,2,0.182,NA,NA,NA
"3890","2023_15_DAL_BUF","202312170buf",2023,15,"REG","BUF","DAL","Josh Allen","AlleJo02",3,0.231,NA,NA,2,0.154,1,8,2,2,5,0.263,NA,NA,NA
"3891","2023_15_DAL_BUF","202312170buf",2023,15,"REG","DAL","BUF","Dak Prescott","PresDa01",2,0.063,NA,NA,4,0.125,3,6,0,3,6,0.146,NA,NA,NA
"3892","2023_15_BAL_JAX","202312170jax",2023,15,"REG","JAX","BAL","Trevor Lawrence","LawrTr00",4,0.093,NA,NA,10,0.233,1,15,0,2,3,0.063,NA,NA,NA
"3893","2023_15_BAL_JAX","202312170jax",2023,15,"REG","BAL","JAX","Lamar Jackson","JackLa00",1,0.043,NA,NA,6,0.261,3,14,1,6,10,0.313,NA,NA,NA
"3894","2023_15_PHI_SEA","202312180sea",2023,15,"REG","SEA","PHI","Drew Lock","LockDr00",2,0.063,NA,NA,6,0.188,2,2,2,1,5,0.143,NA,NA,NA
"3895","2023_15_PHI_SEA","202312180sea",2023,15,"REG","PHI","SEA","Jalen Hurts","HurtJa00",0,0,NA,NA,7,0.233,0,5,3,0,3,0.081,NA,NA,NA
"3896","2023_16_NO_LA","202312210ram",2023,16,"REG","LA","NO","Matthew Stafford","StafMa00",2,0.061,NA,NA,4,0.121,1,11,2,1,4,0.114,NA,NA,NA
"3897","2023_16_NO_LA","202312210ram",2023,16,"REG","NO","LA","Derek Carr","CarrDe02",1,0.025,NA,NA,8,0.2,2,15,4,1,7,0.163,NA,NA,NA
"3898","2023_16_CIN_PIT","202312230pit",2023,16,"REG","PIT","CIN","Mason Rudolph","RudoMa00",0,0,NA,NA,5,0.2,1,12,1,2,4,0.138,NA,NA,NA
"3899","2023_16_CIN_PIT","202312230pit",2023,16,"REG","CIN","PIT","Jake Browning","BrowJa08",0,0,NA,NA,6,0.146,3,13,3,6,12,0.267,NA,NA,NA
"3900","2023_16_BUF_LAC","202312230sdg",2023,16,"REG","LAC","BUF","Easton Stick","SticEa00",0,0,NA,NA,0,0,5,0,0,0,5,0.125,NA,NA,NA
"3901","2023_16_BUF_LAC","202312230sdg",2023,16,"REG","BUF","LAC","Josh Allen","AlleJo02",0,0,NA,NA,0,0,1,0,0,0,1,0.043,NA,NA,NA
"3902","2023_16_IND_ATL","202312240atl",2023,16,"REG","ATL","IND","Taylor Heinicke","HeinTa00",2,0.065,NA,NA,2,0.065,1,5,1,3,5,0.143,NA,NA,NA
"3903","2023_16_IND_ATL","202312240atl",2023,16,"REG","IND","ATL","Gardner Minshew II","MinsGa00",4,0.114,NA,NA,8,0.229,6,11,1,5,12,0.261,NA,NA,NA
"3904","2023_16_GB_CAR","202312240car",2023,16,"REG","CAR","GB","Bryce Young","YounBr01",0,0,NA,NA,8,0.242,2,17,1,7,10,0.25,NA,NA,NA
"3905","2023_16_GB_CAR","202312240car",2023,16,"REG","GB","CAR","Jordan Love","LoveJo03",2,0.077,NA,NA,6,0.231,1,10,1,1,3,0.1,NA,NA,NA
"3906","2023_16_CLE_HOU","202312240htx",2023,16,"REG","HOU","CLE","Davis Mills","MillDa02",4,0.129,NA,NA,7,0.226,0,6,0,1,1,0.03,NA,NA,NA
"3907","2023_16_CLE_HOU","202312240htx",2023,16,"REG","HOU","CLE","Case Keenum","KeenCa00",1,0.059,NA,NA,2,0.118,3,6,0,3,6,0.3,NA,NA,NA
"3908","2023_16_CLE_HOU","202312240htx",2023,16,"REG","CLE","HOU","Joe Flacco","FlacJo00",3,0.073,NA,NA,4,0.098,0,7,0,7,7,0.167,NA,NA,NA
"3909","2023_16_CLE_HOU","202312240htx",2023,16,"REG","CLE","HOU","Dorian Thompson-Robinson","ThomDo02",0,0,NA,NA,1,0.5,1,0,0,0,1,0.333,NA,NA,NA
"3910","2023_16_DET_MIN","202312240min",2023,16,"REG","MIN","DET","Nick Mullens","MullNi00",0,0,NA,NA,9,0.257,4,14,4,6,14,0.341,NA,NA,NA
"3911","2023_16_DET_MIN","202312240min",2023,16,"REG","DET","MIN","Jared Goff","GoffJa00",3,0.077,NA,NA,3,0.077,1,28,5,2,8,0.195,NA,NA,NA
"3912","2023_16_WAS_NYJ","202312240nyj",2023,16,"REG","NYJ","WAS","Trevor Siemian","SiemTr00",0,0,NA,NA,10,0.222,0,9,0,4,4,0.078,NA,NA,NA
"3913","2023_16_WAS_NYJ","202312240nyj",2023,16,"REG","WAS","NYJ","Sam Howell","HoweSa00",3,0.158,NA,NA,4,0.211,1,7,0,2,3,0.13,NA,NA,NA
"3914","2023_16_WAS_NYJ","202312240nyj",2023,16,"REG","WAS","NYJ","Jacoby Brissett","BrisJa00",1,0.077,NA,NA,1,0.077,0,2,0,0,0,0,NA,NA,NA
"3915","2023_16_SEA_TEN","202312240oti",2023,16,"REG","TEN","SEA","Ryan Tannehill","TannRy00",0,0,NA,NA,2,0.087,6,8,4,3,13,0.382,NA,NA,NA
"3916","2023_16_SEA_TEN","202312240oti",2023,16,"REG","TEN","SEA","Derrick Henry","HenrDe00",0,0,NA,NA,0,0,0,0,0,0,0,0,NA,NA,NA
"3917","2023_16_SEA_TEN","202312240oti",2023,16,"REG","SEA","TEN","Geno Smith","SmitGe00",1,0.028,NA,NA,8,0.222,3,10,6,0,9,0.225,NA,NA,NA
"3918","2023_16_JAX_TB","202312240tam",2023,16,"REG","TB","JAX","Baker Mayfield","MayfBa00",2,0.057,NA,NA,2,0.057,2,10,1,2,5,0.128,NA,NA,NA
"3919","2023_16_JAX_TB","202312240tam",2023,16,"REG","JAX","TB","Trevor Lawrence","LawrTr00",1,0.034,NA,NA,10,0.345,3,15,1,1,5,0.143,NA,NA,NA
"3920","2023_16_JAX_TB","202312240tam",2023,16,"REG","JAX","TB","C.J. Beathard","BeatC.00",1,0.071,NA,NA,0,0,1,7,1,0,2,0.118,NA,NA,NA
"3921","2023_16_ARI_CHI","202312240chi",2023,16,"REG","CHI","ARI","Justin Fields","FielJu00",1,0.04,NA,NA,3,0.12,1,8,7,1,9,0.273,NA,NA,NA
"3922","2023_16_ARI_CHI","202312240chi",2023,16,"REG","ARI","CHI","Kyler Murray","MurrKy00",1,0.027,NA,NA,5,0.135,2,5,4,3,9,0.214,NA,NA,NA
"3923","2023_16_DAL_MIA","202312240mia",2023,16,"REG","MIA","DAL","Tua Tagovailoa","TagoTu00",1,0.028,NA,NA,11,0.306,1,6,1,3,5,0.132,NA,NA,NA
"3924","2023_16_DAL_MIA","202312240mia",2023,16,"REG","DAL","MIA","Dak Prescott","PresDa01",2,0.069,NA,NA,5,0.172,4,9,3,7,14,0.368,NA,NA,NA
"3925","2023_16_NE_DEN","202312240den",2023,16,"REG","DEN","NE","Russell Wilson","WilsRu00",2,0.056,NA,NA,5,0.139,5,10,2,3,10,0.233,NA,NA,NA
"3926","2023_16_NE_DEN","202312240den",2023,16,"REG","NE","DEN","Bailey Zappe","ZappBa00",2,0.065,NA,NA,3,0.097,2,13,1,2,5,0.139,NA,NA,NA
"3927","2023_16_LV_KC","202312250kan",2023,16,"REG","KC","LV","Patrick Mahomes","MahoPa00",2,0.05,NA,NA,7,0.175,4,2,2,6,12,0.214,NA,NA,NA
"3928","2023_16_LV_KC","202312250kan",2023,16,"REG","KC","LV","Tommy Townsend","TownTo01",0,0,NA,NA,0,0,0,1,0,0,0,0,NA,NA,NA
"3929","2023_16_LV_KC","202312250kan",2023,16,"REG","LV","KC","Aidan O'Connell","OConAi00",4,0.211,NA,NA,4,0.211,2,7,1,4,7,0.304,NA,NA,NA
"3930","2023_16_NYG_PHI","202312250phi",2023,16,"REG","PHI","NYG","Jalen Hurts","HurtJa00",2,0.056,NA,NA,7,0.194,1,25,4,1,6,0.146,NA,NA,NA
"3931","2023_16_NYG_PHI","202312250phi",2023,16,"REG","NYG","PHI","Tommy DeVito","DeViTo00",1,0.077,NA,NA,2,0.154,1,2,0,2,3,0.176,NA,NA,NA
"3932","2023_16_NYG_PHI","202312250phi",2023,16,"REG","NYG","PHI","Tyrod Taylor","TaylTy00",1,0.071,NA,NA,6,0.429,0,3,1,3,4,0.222,NA,NA,NA
"3933","2023_16_BAL_SF","202312250sfo",2023,16,"REG","SF","BAL","Brock Purdy","PurdBr00",2,0.065,NA,NA,5,0.161,2,8,1,5,8,0.235,NA,NA,NA
"3934","2023_16_BAL_SF","202312250sfo",2023,16,"REG","SF","BAL","Sam Darnold","DarnSa00",0,0,NA,NA,6,0.429,2,1,1,0,3,0.176,NA,NA,NA
"3935","2023_16_BAL_SF","202312250sfo",2023,16,"REG","BAL","SF","Lamar Jackson","JackLa00",2,0.059,NA,NA,6,0.176,2,15,0,1,3,0.077,NA,NA,NA
"3936","2023_17_NYJ_CLE","202312280cle",2023,17,"REG","CLE","NYJ","Joe Flacco","FlacJo00",2,0.069,NA,NA,5,0.172,1,4,5,0,6,0.2,NA,NA,NA
"3937","2023_17_NYJ_CLE","202312280cle",2023,17,"REG","NYJ","CLE","Trevor Siemian","SiemTr00",1,0.023,NA,NA,4,0.091,2,9,1,2,5,0.1,NA,NA,NA
"3938","2023_17_DET_DAL","202312300dal",2023,17,"REG","DAL","DET","Dak Prescott","PresDa01",2,0.053,NA,NA,7,0.184,3,17,7,4,14,0.333,NA,NA,NA
"3939","2023_17_DET_DAL","202312300dal",2023,17,"REG","DET","DAL","Jared Goff","GoffJa00",1,0.032,NA,NA,6,0.194,1,4,2,7,10,0.286,NA,NA,NA
"3940","2023_17_DET_DAL","202312300dal",2023,17,"REG","DET","DAL","Jalen Reeves-Maybin","ReevJa00",0,0,NA,NA,0,0,0,0,0,0,0,0,NA,NA,NA
"3941","2023_17_MIA_BAL","202312310rav",2023,17,"REG","BAL","MIA","Lamar Jackson","JackLa00",2,0.095,NA,NA,0,0,1,7,0,1,2,0.08,NA,NA,NA
"3942","2023_17_MIA_BAL","202312310rav",2023,17,"REG","BAL","MIA","Tyler Huntley","HuntTy01",0,0,NA,NA,0,0,0,0,0,0,0,0,NA,NA,NA
"3943","2023_17_MIA_BAL","202312310rav",2023,17,"REG","MIA","BAL","Tua Tagovailoa","TagoTu00",3,0.083,NA,NA,8,0.222,3,1,2,2,7,0.163,NA,NA,NA
"3944","2023_17_NE_BUF","202312310buf",2023,17,"REG","BUF","NE","Josh Allen","AlleJo02",3,0.107,NA,NA,7,0.25,1,13,1,3,5,0.147,NA,NA,NA
"3945","2023_17_NE_BUF","202312310buf",2023,17,"REG","NE","BUF","Bailey Zappe","ZappBa00",0,0,NA,NA,5,0.208,3,11,1,4,8,0.258,NA,NA,NA
"3946","2023_17_ATL_CHI","202312310chi",2023,17,"REG","CHI","ATL","Justin Fields","FielJu00",1,0.033,NA,NA,7,0.233,3,14,3,2,8,0.211,NA,NA,NA
"3947","2023_17_ATL_CHI","202312310chi",2023,17,"REG","ATL","CHI","Taylor Heinicke","HeinTa00",2,0.071,NA,NA,13,0.464,2,5,3,4,9,0.257,NA,NA,NA
"3948","2023_17_ATL_CHI","202312310chi",2023,17,"REG","ATL","CHI","Desmond Ridder","RiddDe00",0,0,NA,NA,0,0,0,0,0,0,0,0,NA,NA,NA
"3949","2023_17_TEN_HOU","202312310htx",2023,17,"REG","HOU","TEN","C.J. Stroud","StroCJ00",1,0.032,NA,NA,5,0.161,1,5,0,1,2,0.059,NA,NA,NA
"3950","2023_17_TEN_HOU","202312310htx",2023,17,"REG","TEN","HOU","Ryan Tannehill","TannRy00",0,0,NA,NA,2,0.105,5,1,1,3,9,0.36,NA,NA,NA
"3951","2023_17_TEN_HOU","202312310htx",2023,17,"REG","TEN","HOU","Will Levis","LeviWi00",1,0.167,NA,NA,1,0.167,1,2,1,2,4,0.571,NA,NA,NA
"3952","2023_17_LV_IND","202312310clt",2023,17,"REG","IND","LV","Gardner Minshew II","MinsGa00",2,0.1,NA,NA,2,0.1,1,7,4,1,6,0.24,NA,NA,NA
"3953","2023_17_LV_IND","202312310clt",2023,17,"REG","LV","IND","Aidan O'Connell","OConAi00",1,0.022,NA,NA,9,0.196,2,9,3,2,7,0.143,NA,NA,NA
"3954","2023_17_CAR_JAX","202312310jax",2023,17,"REG","JAX","CAR","C.J. Beathard","BeatC.00",0,0,NA,NA,3,0.136,3,6,0,3,6,0.207,NA,NA,NA
"3955","2023_17_CAR_JAX","202312310jax",2023,17,"REG","CAR","JAX","Bryce Young","YounBr01",2,0.065,NA,NA,7,0.226,6,13,0,1,7,0.179,NA,NA,NA
"3956","2023_17_LA_NYG","202312310nyg",2023,17,"REG","NYG","LA","Tyrod Taylor","TaylTy00",5,0.128,NA,NA,3,0.077,6,14,1,3,10,0.2,NA,NA,NA
"3957","2023_17_LA_NYG","202312310nyg",2023,17,"REG","LA","NYG","Matthew Stafford","StafMa00",3,0.088,NA,NA,6,0.176,4,27,0,2,6,0.158,NA,NA,NA
"3958","2023_17_ARI_PHI","202312310phi",2023,17,"REG","PHI","ARI","Jalen Hurts","HurtJa00",1,0.043,NA,NA,3,0.13,0,9,2,2,4,0.167,NA,NA,NA
"3959","2023_17_ARI_PHI","202312310phi",2023,17,"REG","PHI","ARI","Kenneth Gainwell","GainKe00",0,0,NA,NA,0,0,0,0,0,0,0,0,NA,NA,NA
"3960","2023_17_ARI_PHI","202312310phi",2023,17,"REG","ARI","PHI","Kyler Murray","MurrKy00",1,0.032,NA,NA,3,0.097,1,10,6,2,9,0.265,NA,NA,NA
"3961","2023_17_NO_TB","202312310tam",2023,17,"REG","TB","NO","Baker Mayfield","MayfBa00",2,0.061,NA,NA,4,0.121,2,3,1,1,4,0.114,NA,NA,NA
"3962","2023_17_NO_TB","202312310tam",2023,17,"REG","NO","TB","Derek Carr","CarrDe02",2,0.063,NA,NA,4,0.125,1,12,2,0,3,0.091,NA,NA,NA
"3963","2023_17_NO_TB","202312310tam",2023,17,"REG","NO","TB","Taysom Hill","HillTa00",0,0,NA,NA,0,0,0,1,0,0,0,0,NA,NA,NA
"3964","2023_17_SF_WAS","202312310was",2023,17,"REG","WAS","SF","Sam Howell","HoweSa00",1,0.038,NA,NA,7,0.269,1,4,0,5,6,0.207,NA,NA,NA
"3965","2023_17_SF_WAS","202312310was",2023,17,"REG","SF","WAS","Brock Purdy","PurdBr00",0,0,NA,NA,2,0.074,0,6,0,1,1,0.034,NA,NA,NA
"3966","2023_17_PIT_SEA","202312310sea",2023,17,"REG","SEA","PIT","Geno Smith","SmitGe00",4,0.121,NA,NA,3,0.091,1,6,5,8,14,0.378,NA,NA,NA
"3967","2023_17_PIT_SEA","202312310sea",2023,17,"REG","PIT","SEA","Mason Rudolph","RudoMa00",0,0,NA,NA,0,0,1,5,2,1,4,0.154,NA,NA,NA
"3968","2023_17_LAC_DEN","202312310den",2023,17,"REG","DEN","LAC","Jarrett Stidham","StidJa00",0,0,NA,NA,4,0.133,2,13,1,2,5,0.139,NA,NA,NA
"3969","2023_17_LAC_DEN","202312310den",2023,17,"REG","LAC","DEN","Easton Stick","SticEa00",1,0.027,NA,NA,10,0.27,1,19,0,1,2,0.051,NA,NA,NA
"3970","2023_17_CIN_KC","202312310kan",2023,17,"REG","KC","CIN","Patrick Mahomes","MahoPa00",1,0.036,NA,NA,6,0.214,2,4,3,5,10,0.303,NA,NA,NA
"3971","2023_17_CIN_KC","202312310kan",2023,17,"REG","CIN","KC","Jake Browning","BrowJa08",1,0.032,NA,NA,7,0.226,6,11,3,7,16,0.364,NA,NA,NA
"3972","2023_17_GB_MIN","202312310min",2023,17,"REG","MIN","GB","Nick Mullens","MullNi00",1,0.045,NA,NA,6,0.273,1,2,4,2,7,0.292,NA,NA,NA
"3973","2023_17_GB_MIN","202312310min",2023,17,"REG","MIN","GB","Jaren Hall","HallJa00",0,0,NA,NA,3,0.333,3,6,0,1,4,0.286,NA,NA,NA
"3974","2023_17_GB_MIN","202312310min",2023,17,"REG","GB","MIN","Jordan Love","LoveJo03",3,0.091,NA,NA,5,0.152,0,20,2,2,4,0.121,NA,NA,NA
"3975","2023_17_GB_MIN","202312310min",2023,17,"REG","GB","MIN","Sean Clifford","ClifSe00",0,0,NA,NA,0,0,0,1,0,0,0,0,NA,NA,NA
"3976","2023_18_PIT_BAL","202401060rav",2023,18,"REG","BAL","PIT","Tyler Huntley","HuntTy01",4,0.154,NA,NA,5,0.192,4,10,0,1,5,0.128,NA,NA,NA
"3977","2023_18_PIT_BAL","202401060rav",2023,18,"REG","PIT","BAL","Mason Rudolph","RudoMa00",0,0,NA,NA,1,0.05,3,7,0,0,3,0.13,NA,NA,NA
"3978","2023_18_HOU_IND","202401060clt",2023,18,"REG","IND","HOU","Gardner Minshew II","MinsGa00",1,0.043,NA,NA,5,0.217,1,5,1,2,4,0.154,NA,NA,NA
"3979","2023_18_HOU_IND","202401060clt",2023,18,"REG","HOU","IND","C.J. Stroud","StroCJ00",0,0,NA,NA,5,0.192,2,6,0,3,5,0.161,NA,NA,NA
"3980","2023_18_TB_CAR","202401070car",2023,18,"REG","CAR","TB","Bryce Young","YounBr01",4,0.222,NA,NA,3,0.167,3,14,6,2,11,0.478,NA,NA,NA
"3981","2023_18_TB_CAR","202401070car",2023,18,"REG","TB","CAR","Baker Mayfield","MayfBa00",0,0,NA,NA,5,0.161,3,10,2,3,8,0.216,NA,NA,NA
"3982","2023_18_CLE_CIN","202401070cin",2023,18,"REG","CIN","CLE","Jake Browning","BrowJa08",2,0.083,NA,NA,3,0.125,2,8,3,2,7,0.25,NA,NA,NA
"3983","2023_18_CLE_CIN","202401070cin",2023,18,"REG","CIN","CLE","A.J. McCarron","McCaA.00",0,0,NA,NA,1,0.25,1,3,0,0,1,0.2,NA,NA,NA
"3984","2023_18_CLE_CIN","202401070cin",2023,18,"REG","CLE","CIN","Jeff Driskel","DrisJe00",4,0.16,NA,NA,4,0.16,3,3,0,5,8,0.25,NA,NA,NA
"3985","2023_18_MIN_DET","202401070det",2023,18,"REG","DET","MIN","Jared Goff","GoffJa00",0,0,NA,NA,5,0.161,1,28,4,2,7,0.212,NA,NA,NA
"3986","2023_18_MIN_DET","202401070det",2023,18,"REG","MIN","DET","Nick Mullens","MullNi00",0,0,NA,NA,6,0.14,4,18,3,11,18,0.367,NA,NA,NA
"3987","2023_18_NYJ_NE","202401070nwe",2023,18,"REG","NE","NYJ","Bailey Zappe","ZappBa00",0,0,NA,NA,9,0.3,7,5,3,3,13,0.342,NA,NA,NA
"3988","2023_18_NYJ_NE","202401070nwe",2023,18,"REG","NYJ","NE","Trevor Siemian","SiemTr00",1,0.056,NA,NA,6,0.333,1,17,3,4,8,0.381,NA,NA,NA
"3989","2023_18_ATL_NO","202401070nor",2023,18,"REG","NO","ATL","Derek Carr","CarrDe02",0,0,NA,NA,0,0,2,6,3,1,6,0.2,NA,NA,NA
"3990","2023_18_ATL_NO","202401070nor",2023,18,"REG","ATL","NO","Desmond Ridder","RiddDe00",1,0.033,NA,NA,6,0.2,0,2,1,1,2,0.067,NA,NA,NA
"3991","2023_18_ATL_NO","202401070nor",2023,18,"REG","ATL","NO","Logan Woodside","WoodLo00",0,0,NA,NA,0,0,1,0,0,1,2,0.4,NA,NA,NA
"3992","2023_18_JAX_TEN","202401070oti",2023,18,"REG","TEN","JAX","Ryan Tannehill","TannRy00",2,0.08,NA,NA,4,0.16,2,9,2,4,8,0.286,NA,NA,NA
"3993","2023_18_JAX_TEN","202401070oti",2023,18,"REG","TEN","JAX","DeAndre Hopkins","HopkDe00",0,0,NA,NA,1,1,0,1,0,1,1,1,NA,NA,NA
"3994","2023_18_JAX_TEN","202401070oti",2023,18,"REG","JAX","TEN","Trevor Lawrence","LawrTr00",1,0.024,NA,NA,8,0.195,0,13,2,2,4,0.089,NA,NA,NA
"3995","2023_18_SEA_ARI","202401070crd",2023,18,"REG","ARI","SEA","Kyler Murray","MurrKy00",2,0.069,NA,NA,3,0.103,1,7,2,3,6,0.188,NA,NA,NA
"3996","2023_18_SEA_ARI","202401070crd",2023,18,"REG","SEA","ARI","Geno Smith","SmitGe00",4,0.154,NA,NA,1,0.038,0,8,4,0,4,0.133,NA,NA,NA
"3997","2023_18_CHI_GB","202401070gnb",2023,18,"REG","GB","CHI","Jordan Love","LoveJo03",0,0,NA,NA,2,0.063,1,3,0,0,1,0.029,NA,NA,NA
"3998","2023_18_CHI_GB","202401070gnb",2023,18,"REG","CHI","GB","Justin Fields","FielJu00",0,0,NA,NA,2,0.125,5,4,2,0,7,0.292,NA,NA,NA
"3999","2023_18_KC_LAC","202401070sdg",2023,18,"REG","LAC","KC","Easton Stick","SticEa00",6,0.133,NA,NA,5,0.111,3,12,1,5,9,0.161,NA,NA,NA
"4000","2023_18_KC_LAC","202401070sdg",2023,18,"REG","KC","LAC","Blaine Gabbert","GabbBl00",4,0.138,NA,NA,5,0.172,1,9,0,8,9,0.257,NA,NA,NA
"4001","2023_18_DEN_LV","202401070rai",2023,18,"REG","LV","DEN","Aidan O'Connell","OConAi00",1,0.038,NA,NA,3,0.115,2,15,0,2,4,0.121,NA,NA,NA
"4002","2023_18_DEN_LV","202401070rai",2023,18,"REG","LV","DEN","Jimmy Garoppolo","GaroJi00",0,0,NA,NA,1,1,1,2,0,0,1,0.5,NA,NA,NA
"4003","2023_18_DEN_LV","202401070rai",2023,18,"REG","DEN","LV","Jarrett Stidham","StidJa00",2,0.063,NA,NA,8,0.25,5,5,2,6,13,0.325,NA,NA,NA
"4004","2023_18_PHI_NYG","202401070nyg",2023,18,"REG","NYG","PHI","Tyrod Taylor","TaylTy00",2,0.065,NA,NA,4,0.129,1,7,3,1,5,0.132,NA,NA,NA
"4005","2023_18_PHI_NYG","202401070nyg",2023,18,"REG","NYG","PHI","Tommy DeVito","DeViTo00",0,0,NA,NA,0,0,1,1,0,0,1,0.333,NA,NA,NA
"4006","2023_18_PHI_NYG","202401070nyg",2023,18,"REG","PHI","NYG","Marcus Mariota","MariMa01",0,0,NA,NA,2,0.1,3,9,2,1,6,0.25,NA,NA,NA
"4007","2023_18_PHI_NYG","202401070nyg",2023,18,"REG","PHI","NYG","Jalen Hurts","HurtJa00",1,0.077,NA,NA,3,0.231,2,11,5,2,9,0.474,NA,NA,NA
"4008","2023_18_LA_SF","202401070sfo",2023,18,"REG","SF","LA","Sam Darnold","DarnSa00",0,0,NA,NA,6,0.24,3,6,0,2,5,0.161,NA,NA,NA
"4009","2023_18_LA_SF","202401070sfo",2023,18,"REG","LA","SF","Carson Wentz","WentCa00",1,0.042,NA,NA,6,0.25,2,6,0,1,3,0.1,NA,NA,NA
"4010","2023_18_DAL_WAS","202401070was",2023,18,"REG","WAS","DAL","Sam Howell","HoweSa00",0,0,NA,NA,3,0.111,4,3,0,2,6,0.188,NA,NA,NA
"4011","2023_18_DAL_WAS","202401070was",2023,18,"REG","WAS","DAL","Dyami Brown","BrowDy00",0,0,NA,NA,0,0,0,1,0,0,0,0,NA,NA,NA
"4012","2023_18_DAL_WAS","202401070was",2023,18,"REG","DAL","WAS","Dak Prescott","PresDa01",2,0.056,NA,NA,2,0.056,0,8,0,0,0,0,NA,NA,NA
"4013","2023_18_DAL_WAS","202401070was",2023,18,"REG","DAL","WAS","Cooper Rush","RushCo00",0,0,NA,NA,1,0.25,0,1,0,0,0,0,NA,NA,NA
"4014","2023_18_BUF_MIA","202401070mia",2023,18,"REG","MIA","BUF","Tua Tagovailoa","TagoTu00",1,0.037,NA,NA,5,0.185,0,1,6,2,8,0.286,NA,NA,NA
"4015","2023_18_BUF_MIA","202401070mia",2023,18,"REG","BUF","MIA","Josh Allen","AlleJo02",1,0.027,NA,NA,3,0.081,3,16,4,5,12,0.267,NA,NA,NA
"4016","2023_19_CLE_HOU","202401130htx",2023,19,"WC","HOU","CLE","C.J. Stroud","StroCJ00",0,0,NA,NA,0,0,0,0,0,0,0,0,NA,NA,NA
"4017","2023_19_CLE_HOU","202401130htx",2023,19,"WC","HOU","CLE","Davis Mills","MillDa02",0,0,NA,NA,0,0,0,0,0,0,0,0,NA,NA,NA
"4018","2023_19_CLE_HOU","202401130htx",2023,19,"WC","CLE","HOU","Joe Flacco","FlacJo00",0,0,NA,NA,0,0,4,0,0,0,4,0.077,NA,NA,NA
"4019","2023_19_MIA_KC","202401130kan",2023,19,"WC","KC","MIA","Patrick Mahomes","MahoPa00",0,0,NA,NA,0,0,0,0,0,0,0,0,NA,NA,NA
"4020","2023_19_MIA_KC","202401130kan",2023,19,"WC","MIA","KC","Tua Tagovailoa","TagoTu00",0,0,NA,NA,0,0,2,0,0,0,2,0.047,NA,NA,NA
"4021","2023_19_GB_DAL","202401140dal",2023,19,"WC","DAL","GB","Dak Prescott","PresDa01",2,0.034,NA,NA,10,0.169,4,9,2,5,11,0.157,NA,NA,NA
"4022","2023_19_GB_DAL","202401140dal",2023,19,"WC","GB","DAL","Jordan Love","LoveJo03",1,0.048,NA,NA,3,0.143,0,7,1,5,6,0.286,NA,NA,NA
"4023","2023_19_LA_DET","202401140det",2023,19,"WC","DET","LA","Jared Goff","GoffJa00",1,0.038,NA,NA,3,0.115,3,7,1,2,6,0.2,NA,NA,NA
"4024","2023_19_LA_DET","202401140det",2023,19,"WC","LA","DET","Matthew Stafford","StafMa00",0,0,NA,NA,6,0.176,2,10,0,5,7,0.184,NA,NA,NA
"4025","2023_19_PIT_BUF","202401150buf",2023,19,"WC","BUF","PIT","Josh Allen","AlleJo02",3,0.1,NA,NA,4,0.133,2,13,3,1,6,0.176,NA,NA,NA
"4026","2023_19_PIT_BUF","202401150buf",2023,19,"WC","PIT","BUF","Mason Rudolph","RudoMa00",0,0,NA,NA,8,0.211,1,8,3,3,7,0.167,NA,NA,NA
"4027","2023_19_PHI_TB","202401150tam",2023,19,"WC","TB","PHI","Baker Mayfield","MayfBa00",8,0.229,NA,NA,3,0.086,4,12,1,1,6,0.143,NA,NA,NA
"4028","2023_19_PHI_TB","202401150tam",2023,19,"WC","PHI","TB","Jalen Hurts","HurtJa00",2,0.061,NA,NA,1,0.03,3,24,8,1,12,0.308,NA,NA,NA
"4029","2023_20_HOU_BAL","202401200rav",2023,20,"DIV","BAL","HOU","Lamar Jackson","JackLa00",1,0.048,NA,NA,3,0.143,3,20,2,2,7,0.233,NA,NA,NA
"4030","2023_20_HOU_BAL","202401200rav",2023,20,"DIV","HOU","BAL","C.J. Stroud","StroCJ00",1,0.032,NA,NA,7,0.226,0,8,3,5,8,0.229,NA,NA,NA
"4031","2023_20_GB_SF","202401200sfo",2023,20,"DIV","SF","GB","Brock Purdy","PurdBr00",1,0.027,NA,NA,11,0.297,1,12,2,4,7,0.167,NA,NA,NA
"4032","2023_20_GB_SF","202401200sfo",2023,20,"DIV","GB","SF","Jordan Love","LoveJo03",1,0.03,NA,NA,7,0.212,0,2,4,5,9,0.257,NA,NA,NA
"4033","2023_20_TB_DET","202401210det",2023,20,"DIV","DET","TB","Jared Goff","GoffJa00",1,0.024,NA,NA,7,0.167,2,18,1,3,6,0.13,NA,NA,NA
"4034","2023_20_TB_DET","202401210det",2023,20,"DIV","TB","DET","Baker Mayfield","MayfBa00",4,0.103,NA,NA,5,0.128,4,13,4,3,11,0.239,NA,NA,NA
"4035","2023_20_KC_BUF","202401210buf",2023,20,"DIV","BUF","KC","Josh Allen","AlleJo02",4,0.108,NA,NA,4,0.108,0,10,2,2,4,0.089,NA,NA,NA
"4036","2023_20_KC_BUF","202401210buf",2023,20,"DIV","KC","BUF","Patrick Mahomes","MahoPa00",0,0,NA,NA,3,0.143,0,2,4,2,6,0.24,NA,NA,NA
"4037","2023_21_KC_BAL","202401280rav",2023,21,"CON","BAL","KC","Lamar Jackson","JackLa00",2,0.059,NA,NA,9,0.265,4,17,2,3,9,0.196,NA,NA,NA
"4038","2023_21_KC_BAL","202401280rav",2023,21,"CON","KC","BAL","Patrick Mahomes","MahoPa00",1,0.028,NA,NA,4,0.111,2,8,8,5,15,0.341,NA,NA,NA
"4039","2023_21_DET_SF","202401280sfo",2023,21,"CON","SF","DET","Brock Purdy","PurdBr00",0,0,NA,NA,7,0.233,2,11,1,3,6,0.167,NA,NA,NA
"4040","2023_21_DET_SF","202401280sfo",2023,21,"CON","DET","SF","Jared Goff","GoffJa00",3,0.075,NA,NA,10,0.25,2,4,2,3,7,0.163,NA,NA,NA
"4041","2023_22_SF_KC","202402110kan",2023,22,"SB","KC","SF","Patrick Mahomes","MahoPa00",1,0.024,NA,NA,6,0.143,3,7,2,4,9,0.164,NA,NA,NA
"4042","2023_22_SF_KC","202402110kan",2023,22,"SB","SF","KC","Brock Purdy","PurdBr00",2,0.056,NA,NA,5,0.139,1,18,0,8,9,0.22,NA,NA,NA
"4043","2023_22_SF_KC","202402110kan",2023,22,"SB","SF","KC","Jauan Jennings","JennJa00",0,0,NA,NA,0,0,0,0,0,1,1,1,NA,NA,NA
"4044","2024_01_BAL_KC","202409050kan",2024,1,"REG","KC","BAL","Patrick Mahomes","MahoPa00",2,0.074,NA,NA,2,0.074,2,4,5,4,11,0.367,NA,NA,NA
"4045","2024_01_BAL_KC","202409050kan",2024,1,"REG","BAL","KC","Lamar Jackson","JackLa00",0,0,NA,NA,11,0.275,1,13,10,1,12,0.235,NA,NA,NA
"4046","2024_01_GB_PHI","202409060phi",2024,1,"REG","PHI","GB","Jalen Hurts","HurtJa00",0,0,NA,NA,5,0.172,2,7,4,3,9,0.231,NA,NA,NA
"4047","2024_01_GB_PHI","202409060phi",2024,1,"REG","GB","PHI","Jordan Love","LoveJo03",4,0.129,NA,NA,6,0.194,1,10,2,3,6,0.171,NA,NA,NA
"4048","2024_01_GB_PHI","202409060phi",2024,1,"REG","GB","PHI","Malik Willis","WillMa12",0,0,NA,NA,1,1,1,0,1,0,2,1,NA,NA,NA
"4049","2024_01_PIT_ATL","202409080atl",2024,1,"REG","ATL","PIT","Kirk Cousins","CousKi00",0,0,NA,NA,4,0.174,2,3,2,5,9,0.321,NA,NA,NA
"4050","2024_01_PIT_ATL","202409080atl",2024,1,"REG","PIT","ATL","Justin Fields","FielJu00",0,0,NA,NA,4,0.182,2,4,1,1,4,0.138,NA,NA,NA
"4051","2024_01_ARI_BUF","202409080buf",2024,1,"REG","BUF","ARI","Josh Allen","AlleJo02",0,0,NA,NA,3,0.13,2,7,1,1,4,0.138,NA,NA,NA
"4052","2024_01_ARI_BUF","202409080buf",2024,1,"REG","ARI","BUF","Kyler Murray","MurrKy00",4,0.129,NA,NA,3,0.097,4,9,4,2,10,0.263,NA,NA,NA
"4053","2024_01_TEN_CHI","202409080chi",2024,1,"REG","CHI","TEN","Caleb Williams","WillCa03",1,0.037,NA,NA,9,0.333,2,9,4,3,9,0.273,NA,NA,NA
"4054","2024_01_TEN_CHI","202409080chi",2024,1,"REG","TEN","CHI","Will Levis","LeviWi00",2,0.069,NA,NA,8,0.276,3,5,7,7,17,0.447,NA,NA,NA
"4055","2024_01_NE_CIN","202409080cin",2024,1,"REG","CIN","NE","Joe Burrow","BurrJo01",1,0.034,NA,NA,4,0.138,3,7,0,0,3,0.086,NA,NA,NA
"4056","2024_01_NE_CIN","202409080cin",2024,1,"REG","NE","CIN","Jacoby Brissett","BrisJa00",0,0,NA,NA,6,0.261,1,5,1,6,8,0.276,NA,NA,NA
"4057","2024_01_HOU_IND","202409080clt",2024,1,"REG","IND","HOU","Anthony Richardson","RichAn03",0,0,NA,NA,5,0.263,2,2,2,0,4,0.167,NA,NA,NA
"4058","2024_01_HOU_IND","202409080clt",2024,1,"REG","HOU","IND","C.J. Stroud","StroCJ00",1,0.032,NA,NA,5,0.161,4,9,5,4,13,0.342,NA,NA,NA
"4059","2024_01_JAX_MIA","202409080mia",2024,1,"REG","MIA","JAX","Tua Tagovailoa","TagoTu00",1,0.028,NA,NA,7,0.194,3,11,2,1,6,0.146,NA,NA,NA
"4060","2024_01_JAX_MIA","202409080mia",2024,1,"REG","JAX","MIA","Trevor Lawrence","LawrTr00",0,0,NA,NA,7,0.35,3,10,1,1,5,0.2,NA,NA,NA
"4061","2024_01_CAR_NO","202409080nor",2024,1,"REG","NO","CAR","Derek Carr","CarrDe02",0,0,NA,NA,2,0.087,1,8,1,0,2,0.08,NA,NA,NA
"4062","2024_01_CAR_NO","202409080nor",2024,1,"REG","NO","CAR","Jake Haener","HaenJa00",0,0,NA,NA,0,0,0,1,0,0,0,0,NA,NA,NA
"4063","2024_01_CAR_NO","202409080nor",2024,1,"REG","CAR","NO","Bryce Young","YounBr01",1,0.037,NA,NA,11,0.407,4,13,6,2,12,0.316,NA,NA,NA
"4064","2024_01_CAR_NO","202409080nor",2024,1,"REG","CAR","NO","Andy Dalton","DaltAn00",0,0,NA,NA,0,0,0,1,0,0,0,0,NA,NA,NA
"4065","2024_01_MIN_NYG","202409080nyg",2024,1,"REG","NYG","MIN","Daniel Jones","JoneDa05",5,0.132,NA,NA,5,0.132,5,12,7,7,19,0.388,NA,NA,NA
"4066","2024_01_MIN_NYG","202409080nyg",2024,1,"REG","MIN","NYG","Sam Darnold","DarnSa00",0,0,NA,NA,2,0.083,1,5,3,1,5,0.192,NA,NA,NA
"4067","2024_01_LV_LAC","202409080sdg",2024,1,"REG","LAC","LV","Justin Herbert","HerbJu00",3,0.115,NA,NA,4,0.154,1,12,0,4,5,0.179,NA,NA,NA
"4068","2024_01_LV_LAC","202409080sdg",2024,1,"REG","LV","LAC","Gardner Minshew II","MinsGa00",0,0,NA,NA,3,0.094,4,10,1,2,7,0.175,NA,NA,NA
"4069","2024_01_DEN_SEA","202409080sea",2024,1,"REG","SEA","DEN","Geno Smith","SmitGe00",0,0,NA,NA,7,0.28,2,10,3,5,10,0.357,NA,NA,NA
"4070","2024_01_DEN_SEA","202409080sea",2024,1,"REG","DEN","SEA","Bo Nix","NixxBo00",2,0.048,NA,NA,9,0.214,2,10,4,7,13,0.265,NA,NA,NA
"4071","2024_01_DAL_CLE","202409080cle",2024,1,"REG","CLE","DAL","Deshaun Watson","WatsDe00",5,0.116,NA,NA,10,0.233,6,12,7,12,25,0.446,NA,NA,NA
"4072","2024_01_DAL_CLE","202409080cle",2024,1,"REG","DAL","CLE","Dak Prescott","PresDa01",2,0.063,NA,NA,5,0.156,3,9,4,2,9,0.257,NA,NA,NA
"4073","2024_01_WAS_TB","202409080tam",2024,1,"REG","TB","WAS","Baker Mayfield","MayfBa00",1,0.033,NA,NA,3,0.1,1,14,5,3,9,0.265,NA,NA,NA
"4074","2024_01_WAS_TB","202409080tam",2024,1,"REG","WAS","TB","Jayden Daniels","DaniJa02",1,0.042,NA,NA,4,0.167,2,11,3,1,6,0.182,NA,NA,NA
"4075","2024_01_LA_DET","202409080det",2024,1,"REG","DET","LA","Jared Goff","GoffJa00",3,0.107,NA,NA,4,0.143,2,4,0,3,5,0.161,NA,NA,NA
"4076","2024_01_LA_DET","202409080det",2024,1,"REG","LA","DET","Matthew Stafford","StafMa00",4,0.083,NA,NA,6,0.125,2,14,5,9,16,0.314,NA,NA,NA
"4077","2024_01_NYJ_SF","202409090sfo",2024,1,"REG","SF","NYJ","Brock Purdy","PurdBr00",1,0.034,NA,NA,5,0.172,2,7,3,1,6,0.188,NA,NA,NA
"4078","2024_01_NYJ_SF","202409090sfo",2024,1,"REG","NYJ","SF","Aaron Rodgers","RodgAa00",2,0.095,NA,NA,4,0.19,1,2,1,2,4,0.182,NA,NA,NA
"4079","2024_01_NYJ_SF","202409090sfo",2024,1,"REG","NYJ","SF","Tyrod Taylor","TaylTy00",0,0,NA,NA,1,0.125,0,1,1,1,2,0.222,NA,NA,NA
"4080","2024_02_BUF_MIA","202409120mia",2024,2,"REG","MIA","BUF","Tua Tagovailoa","TagoTu00",0,0,NA,NA,7,0.28,1,0,0,1,2,0.071,NA,NA,NA
"4081","2024_02_BUF_MIA","202409120mia",2024,2,"REG","MIA","BUF","Skylar Thompson","ThomSk00",1,0.071,NA,NA,4,0.286,1,1,0,2,3,0.188,NA,NA,NA
"4082","2024_02_BUF_MIA","202409120mia",2024,2,"REG","BUF","MIA","Josh Allen","AlleJo02",0,0,NA,NA,3,0.158,0,4,2,0,2,0.1,NA,NA,NA
"4083","2024_02_LV_BAL","202409150rav",2024,2,"REG","BAL","LV","Lamar Jackson","JackLa00",0,0,NA,NA,4,0.129,2,5,2,0,4,0.105,NA,NA,NA
"4084","2024_02_LV_BAL","202409150rav",2024,2,"REG","LV","BAL","Gardner Minshew II","MinsGa00",1,0.028,NA,NA,3,0.083,5,10,3,4,12,0.279,NA,NA,NA
"4085","2024_02_LAC_CAR","202409150car",2024,2,"REG","CAR","LAC","Bryce Young","YounBr01",0,0,NA,NA,4,0.154,2,6,0,0,2,0.069,NA,NA,NA
"4086","2024_02_LAC_CAR","202409150car",2024,2,"REG","LAC","CAR","Justin Herbert","HerbJu00",0,0,NA,NA,4,0.2,1,8,0,1,2,0.091,NA,NA,NA
"4087","2024_02_NO_DAL","202409150dal",2024,2,"REG","DAL","NO","Dak Prescott","PresDa01",0,0,NA,NA,5,0.132,3,6,7,0,10,0.233,NA,NA,NA
"4088","2024_02_NO_DAL","202409150dal",2024,2,"REG","DAL","NO","Cooper Rush","RushCo00",0,0,NA,NA,0,0,0,0,0,0,0,0,NA,NA,NA
"4089","2024_02_NO_DAL","202409150dal",2024,2,"REG","NO","DAL","Derek Carr","CarrDe02",1,0.067,NA,NA,1,0.067,1,7,7,1,9,0.529,NA,NA,NA
"4090","2024_02_TB_DET","202409150det",2024,2,"REG","DET","TB","Jared Goff","GoffJa00",0,0,NA,NA,11,0.212,0,12,3,10,13,0.228,NA,NA,NA
"4091","2024_02_TB_DET","202409150det",2024,2,"REG","DET","TB","Jack Fox","FoxxJa01",0,0,NA,NA,0,0,0,0,0,0,0,0,NA,NA,NA
"4092","2024_02_TB_DET","202409150det",2024,2,"REG","TB","DET","Baker Mayfield","MayfBa00",1,0.053,NA,NA,3,0.158,5,11,3,0,8,0.286,NA,NA,NA
"4093","2024_02_IND_GB","202409150gnb",2024,2,"REG","GB","IND","Malik Willis","WillMa12",0,0,NA,NA,1,0.071,0,6,1,0,1,0.063,NA,NA,NA
"4094","2024_02_IND_GB","202409150gnb",2024,2,"REG","IND","GB","Anthony Richardson","RichAn03",1,0.031,NA,NA,8,0.25,1,4,4,2,7,0.189,NA,NA,NA
"4095","2024_02_CLE_JAX","202409150jax",2024,2,"REG","JAX","CLE","Trevor Lawrence","LawrTr00",4,0.143,NA,NA,6,0.214,4,9,1,4,9,0.25,NA,NA,NA
"4096","2024_02_CLE_JAX","202409150jax",2024,2,"REG","CLE","JAX","Deshaun Watson","WatsDe00",5,0.147,NA,NA,3,0.088,2,9,4,6,12,0.316,NA,NA,NA
"4097","2024_02_SF_MIN","202409150min",2024,2,"REG","MIN","SF","Sam Darnold","DarnSa00",0,0,NA,NA,3,0.125,3,3,3,2,8,0.258,NA,NA,NA
"4098","2024_02_SF_MIN","202409150min",2024,2,"REG","SF","MIN","Brock Purdy","PurdBr00",0,0,NA,NA,4,0.111,6,21,7,3,16,0.364,NA,NA,NA
"4099","2024_02_SEA_NE","202409150nwe",2024,2,"REG","NE","SEA","Jacoby Brissett","BrisJa00",2,0.083,NA,NA,5,0.208,3,7,7,4,14,0.438,NA,NA,NA
"4100","2024_02_SEA_NE","202409150nwe",2024,2,"REG","SEA","NE","Geno Smith","SmitGe00",4,0.093,NA,NA,2,0.047,3,15,5,3,11,0.229,NA,NA,NA
"4101","2024_02_NYJ_TEN","202409150oti",2024,2,"REG","TEN","NYJ","Will Levis","LeviWi00",1,0.037,NA,NA,3,0.111,4,4,0,2,6,0.171,NA,NA,NA
"4102","2024_02_NYJ_TEN","202409150oti",2024,2,"REG","NYJ","TEN","Aaron Rodgers","RodgAa00",3,0.103,NA,NA,7,0.241,2,8,1,1,4,0.121,NA,NA,NA
"4103","2024_02_NYG_WAS","202409150was",2024,2,"REG","WAS","NYG","Jayden Daniels","DaniJa02",0,0,NA,NA,3,0.103,5,12,3,2,10,0.263,NA,NA,NA
"4104","2024_02_NYG_WAS","202409150was",2024,2,"REG","NYG","WAS","Daniel Jones","JoneDa05",1,0.037,NA,NA,6,0.222,1,7,2,3,6,0.2,NA,NA,NA
"4105","2024_02_LA_ARI","202409150crd",2024,2,"REG","ARI","LA","Kyler Murray","MurrKy00",1,0.048,NA,NA,3,0.143,1,4,2,0,3,0.115,NA,NA,NA
"4106","2024_02_LA_ARI","202409150crd",2024,2,"REG","LA","ARI","Matthew Stafford","StafMa00",2,0.074,NA,NA,5,0.185,5,6,1,4,10,0.313,NA,NA,NA
"4107","2024_02_PIT_DEN","202409150den",2024,2,"REG","DEN","PIT","Bo Nix","NixxBo00",2,0.059,NA,NA,9,0.265,2,8,2,4,8,0.205,NA,NA,NA
"4108","2024_02_PIT_DEN","202409150den",2024,2,"REG","PIT","DEN","Justin Fields","FielJu00",0,0,NA,NA,4,0.222,2,12,0,4,6,0.231,NA,NA,NA
"4109","2024_02_CIN_KC","202409150kan",2024,2,"REG","KC","CIN","Patrick Mahomes","MahoPa00",0,0,NA,NA,4,0.174,2,5,0,2,4,0.129,NA,NA,NA
"4110","2024_02_CIN_KC","202409150kan",2024,2,"REG","CIN","KC","Joe Burrow","BurrJo01",3,0.088,NA,NA,5,0.147,3,15,0,3,6,0.146,NA,NA,NA
"4111","2024_02_CHI_HOU","202409150htx",2024,2,"REG","HOU","CHI","C.J. Stroud","StroCJ00",1,0.029,NA,NA,5,0.147,3,9,5,1,9,0.231,NA,NA,NA
"4112","2024_02_CHI_HOU","202409150htx",2024,2,"REG","CHI","HOU","Caleb Williams","WillCa03",2,0.059,NA,NA,8,0.235,7,15,3,3,13,0.271,NA,NA,NA
"4113","2024_02_ATL_PHI","202409160phi",2024,2,"REG","PHI","ATL","Jalen Hurts","HurtJa00",1,0.034,NA,NA,1,0.034,1,9,3,4,8,0.229,NA,NA,NA
"4114","2024_02_ATL_PHI","202409160phi",2024,2,"REG","ATL","PHI","Kirk Cousins","CousKi00",1,0.034,NA,NA,4,0.138,1,6,3,1,5,0.161,NA,NA,NA
"4115","2024_03_NE_NYJ","202409190nyj",2024,3,"REG","NYJ","NE","Aaron Rodgers","RodgAa00",2,0.057,NA,NA,5,0.143,2,6,0,2,4,0.1,NA,NA,NA
"4116","2024_03_NE_NYJ","202409190nyj",2024,3,"REG","NE","NYJ","Jacoby Brissett","BrisJa00",1,0.056,NA,NA,4,0.222,5,7,2,4,11,0.478,NA,NA,NA
"4117","2024_03_NE_NYJ","202409190nyj",2024,3,"REG","NE","NYJ","Drake Maye","MayeDr00",1,0.125,NA,NA,2,0.25,2,2,0,1,3,0.25,NA,NA,NA
"4118","2024_03_NYG_CLE","202409220cle",2024,3,"REG","CLE","NYG","Deshaun Watson","WatsDe00",4,0.114,NA,NA,7,0.2,8,19,0,7,15,0.319,NA,NA,NA
"4119","2024_03_NYG_CLE","202409220cle",2024,3,"REG","NYG","CLE","Daniel Jones","JoneDa05",4,0.121,NA,NA,2,0.061,2,9,1,7,10,0.263,NA,NA,NA
"4120","2024_03_NYG_CLE","202409220cle",2024,3,"REG","NYG","CLE","Malik Nabers","NabeMa00",0,0,NA,NA,1,1,0,1,1,0,1,1,NA,NA,NA
"4121","2024_03_CHI_IND","202409220clt",2024,3,"REG","IND","CHI","Anthony Richardson","RichAn03",2,0.111,NA,NA,3,0.167,1,3,4,2,7,0.318,NA,NA,NA
"4122","2024_03_CHI_IND","202409220clt",2024,3,"REG","CHI","IND","Caleb Williams","WillCa03",1,0.021,NA,NA,11,0.229,4,7,7,1,12,0.214,NA,NA,NA
"4123","2024_03_HOU_MIN","202409220min",2024,3,"REG","MIN","HOU","Sam Darnold","DarnSa00",2,0.08,NA,NA,3,0.12,4,6,5,3,12,0.375,NA,NA,NA
"4124","2024_03_HOU_MIN","202409220min",2024,3,"REG","HOU","MIN","C.J. Stroud","StroCJ00",1,0.033,NA,NA,5,0.167,4,14,2,2,8,0.211,NA,NA,NA
"4125","2024_03_HOU_MIN","202409220min",2024,3,"REG","HOU","MIN","Davis Mills","MillDa02",1,0.083,NA,NA,2,0.167,1,9,1,1,3,0.231,NA,NA,NA
"4126","2024_03_HOU_MIN","202409220min",2024,3,"REG","HOU","MIN","Stefon Diggs","DiggSt00",0,0,NA,NA,0,0,0,0,0,0,0,0,NA,NA,NA
"4127","2024_03_PHI_NO","202409220nor",2024,3,"REG","NO","PHI","Derek Carr","CarrDe02",0,0,NA,NA,1,0.042,1,6,2,3,6,0.222,NA,NA,NA
"4128","2024_03_PHI_NO","202409220nor",2024,3,"REG","PHI","NO","Jalen Hurts","HurtJa00",0,0,NA,NA,5,0.139,4,13,3,4,11,0.244,NA,NA,NA
"4129","2024_03_LAC_PIT","202409220pit",2024,3,"REG","PIT","LAC","Justin Fields","FielJu00",2,0.065,NA,NA,3,0.097,2,10,1,3,6,0.171,NA,NA,NA
"4130","2024_03_LAC_PIT","202409220pit",2024,3,"REG","LAC","PIT","Justin Herbert","HerbJu00",2,0.111,NA,NA,3,0.167,2,6,2,2,6,0.3,NA,NA,NA
"4131","2024_03_LAC_PIT","202409220pit",2024,3,"REG","LAC","PIT","Taylor Heinicke","HeinTa00",0,0,NA,NA,0,0,3,0,0,0,3,0.6,NA,NA,NA
"4132","2024_03_DEN_TB","202409220tam",2024,3,"REG","TB","DEN","Baker Mayfield","MayfBa00",2,0.063,NA,NA,3,0.094,7,17,6,2,15,0.375,NA,NA,NA
"4133","2024_03_DEN_TB","202409220tam",2024,3,"REG","DEN","TB","Bo Nix","NixxBo00",0,0,NA,NA,4,0.118,0,17,6,2,8,0.205,NA,NA,NA
"4134","2024_03_GB_TEN","202409220oti",2024,3,"REG","TEN","GB","Will Levis","LeviWi00",3,0.091,NA,NA,4,0.121,8,7,0,2,10,0.227,NA,NA,NA
"4135","2024_03_GB_TEN","202409220oti",2024,3,"REG","GB","TEN","Malik Willis","WillMa12",2,0.105,NA,NA,4,0.211,3,6,0,0,3,0.12,NA,NA,NA
"4136","2024_03_CAR_LV","202409220rai",2024,3,"REG","LV","CAR","Gardner Minshew II","MinsGa00",0,0,NA,NA,4,0.148,2,8,1,2,5,0.156,NA,NA,NA
"4137","2024_03_CAR_LV","202409220rai",2024,3,"REG","LV","CAR","Aidan O'Connell","OConAi00",0,0,NA,NA,2,0.167,1,2,1,1,3,0.231,NA,NA,NA
"4138","2024_03_CAR_LV","202409220rai",2024,3,"REG","CAR","LV","Andy Dalton","DaltAn00",2,0.054,NA,NA,4,0.108,2,22,3,2,7,0.179,NA,NA,NA
"4139","2024_03_MIA_SEA","202409220sea",2024,3,"REG","SEA","MIA","Geno Smith","SmitGe00",0,0,NA,NA,4,0.121,3,8,4,3,10,0.27,NA,NA,NA
"4140","2024_03_MIA_SEA","202409220sea",2024,3,"REG","MIA","SEA","Skylar Thompson","ThomSk00",1,0.056,NA,NA,2,0.111,5,6,2,4,11,0.458,NA,NA,NA
"4141","2024_03_MIA_SEA","202409220sea",2024,3,"REG","MIA","SEA","Tim Boyle","BoylTi00",1,0.077,NA,NA,3,0.231,1,0,0,2,3,0.2,NA,NA,NA
"4142","2024_03_DET_ARI","202409220crd",2024,3,"REG","ARI","DET","Kyler Murray","MurrKy00",0,0,NA,NA,8,0.235,1,8,3,3,7,0.189,NA,NA,NA
"4143","2024_03_DET_ARI","202409220crd",2024,3,"REG","DET","ARI","Jared Goff","GoffJa00",0,0,NA,NA,4,0.174,2,7,0,0,2,0.077,NA,NA,NA
"4144","2024_03_BAL_DAL","202409220dal",2024,3,"REG","DAL","BAL","Dak Prescott","PresDa01",1,0.02,NA,NA,12,0.24,3,16,2,5,10,0.182,NA,NA,NA
"4145","2024_03_BAL_DAL","202409220dal",2024,3,"REG","BAL","DAL","Lamar Jackson","JackLa00",0,0,NA,NA,3,0.2,0,6,0,1,1,0.059,NA,NA,NA
"4146","2024_03_SF_LA","202409220ram",2024,3,"REG","LA","SF","Matthew Stafford","StafMa00",0,0,NA,NA,3,0.136,3,7,3,2,8,0.286,NA,NA,NA
"4147","2024_03_SF_LA","202409220ram",2024,3,"REG","LA","SF","Tutu Atwell","AtweTu00",0,0,NA,NA,0,0,0,0,0,0,0,0,NA,NA,NA
"4148","2024_03_SF_LA","202409220ram",2024,3,"REG","SF","LA","Brock Purdy","PurdBr00",3,0.1,NA,NA,3,0.1,1,6,4,4,9,0.237,NA,NA,NA
"4149","2024_03_KC_ATL","202409220atl",2024,3,"REG","ATL","KC","Kirk Cousins","CousKi00",0,0,NA,NA,3,0.111,2,12,3,8,13,0.419,NA,NA,NA
"4150","2024_03_KC_ATL","202409220atl",2024,3,"REG","KC","ATL","Patrick Mahomes","MahoPa00",2,0.056,NA,NA,6,0.167,0,7,1,7,8,0.19,NA,NA,NA
"4151","2024_03_JAX_BUF","202409230buf",2024,3,"REG","BUF","JAX","Josh Allen","AlleJo02",1,0.034,NA,NA,2,0.069,0,9,1,1,2,0.059,NA,NA,NA
"4152","2024_03_JAX_BUF","202409230buf",2024,3,"REG","BUF","JAX","Mitchell Trubisky","TrubMi00",0,0,NA,NA,0,0,0,0,0,0,0,0,NA,NA,NA
"4153","2024_03_JAX_BUF","202409230buf",2024,3,"REG","JAX","BUF","Trevor Lawrence","LawrTr00",2,0.056,NA,NA,7,0.194,4,8,3,3,10,0.233,NA,NA,NA
"4154","2024_03_JAX_BUF","202409230buf",2024,3,"REG","JAX","BUF","Mac Jones","JoneMa05",0,0,NA,NA,1,0.125,1,0,0,0,1,0.111,NA,NA,NA
"4155","2024_03_WAS_CIN","202409230cin",2024,3,"REG","CIN","WAS","Joe Burrow","BurrJo01",1,0.026,NA,NA,5,0.132,2,6,0,2,4,0.098,NA,NA,NA
"4156","2024_03_WAS_CIN","202409230cin",2024,3,"REG","WAS","CIN","Jayden Daniels","DaniJa02",0,0,NA,NA,2,0.087,2,8,1,1,4,0.133,NA,NA,NA
"4157","2024_04_DAL_NYG","202409260nyg",2024,4,"REG","NYG","DAL","Daniel Jones","JoneDa05",2,0.05,NA,NA,3,0.075,1,11,0,2,3,0.073,NA,NA,NA
"4158","2024_04_DAL_NYG","202409260nyg",2024,4,"REG","DAL","NYG","Dak Prescott","PresDa01",0,0,NA,NA,2,0.074,1,6,1,2,4,0.143,NA,NA,NA
"4159","2024_04_NO_ATL","202409290atl",2024,4,"REG","ATL","NO","Kirk Cousins","CousKi00",3,0.088,NA,NA,3,0.088,1,4,1,3,5,0.139,NA,NA,NA
"4160","2024_04_NO_ATL","202409290atl",2024,4,"REG","NO","ATL","Derek Carr","CarrDe02",2,0.056,NA,NA,4,0.111,1,10,1,2,4,0.105,NA,NA,NA
"4161","2024_04_CIN_CAR","202409290car",2024,4,"REG","CAR","CIN","Andy Dalton","DaltAn00",3,0.077,NA,NA,6,0.154,0,12,1,2,3,0.071,NA,NA,NA
"4162","2024_04_CIN_CAR","202409290car",2024,4,"REG","CAR","CIN","Johnny Hekker","HekkJo00",0,0,NA,NA,0,0,0,0,0,0,0,0,NA,NA,NA
"4163","2024_04_CIN_CAR","202409290car",2024,4,"REG","CIN","CAR","Joe Burrow","BurrJo01",0,0,NA,NA,5,0.167,0,9,2,2,4,0.125,NA,NA,NA
"4164","2024_04_LA_CHI","202409290chi",2024,4,"REG","CHI","LA","Caleb Williams","WillCa03",0,0,NA,NA,6,0.261,3,9,2,1,6,0.231,NA,NA,NA
"4165","2024_04_LA_CHI","202409290chi",2024,4,"REG","LA","CHI","Matthew Stafford","StafMa00",0,0,NA,NA,6,0.207,3,11,1,4,8,0.25,NA,NA,NA
"4166","2024_04_MIN_GB","202409290gnb",2024,4,"REG","GB","MIN","Jordan Love","LoveJo03",4,0.074,NA,NA,9,0.167,1,25,9,9,19,0.339,NA,NA,NA
"4167","2024_04_MIN_GB","202409290gnb",2024,4,"REG","MIN","GB","Sam Darnold","DarnSa00",0,0,NA,NA,6,0.222,2,7,6,1,9,0.273,NA,NA,NA
"4168","2024_04_JAX_HOU","202409290htx",2024,4,"REG","HOU","JAX","C.J. Stroud","StroCJ00",2,0.051,NA,NA,7,0.179,2,2,7,5,14,0.311,NA,NA,NA
"4169","2024_04_JAX_HOU","202409290htx",2024,4,"REG","JAX","HOU","Trevor Lawrence","LawrTr00",2,0.063,NA,NA,7,0.219,1,13,3,2,6,0.171,NA,NA,NA
"4170","2024_04_PIT_IND","202409290clt",2024,4,"REG","IND","PIT","Joe Flacco","FlacJo00",1,0.042,NA,NA,4,0.167,2,10,0,4,6,0.207,NA,NA,NA
"4171","2024_04_PIT_IND","202409290clt",2024,4,"REG","IND","PIT","Anthony Richardson","RichAn03",0,0,NA,NA,1,0.25,0,1,0,0,0,0,NA,NA,NA
"4172","2024_04_PIT_IND","202409290clt",2024,4,"REG","PIT","IND","Justin Fields","FielJu00",2,0.063,NA,NA,3,0.094,4,5,4,3,11,0.262,NA,NA,NA
"4173","2024_04_DEN_NYJ","202409290nyj",2024,4,"REG","NYJ","DEN","Aaron Rodgers","RodgAa00",2,0.049,NA,NA,11,0.268,5,21,1,8,14,0.275,NA,NA,NA
"4174","2024_04_DEN_NYJ","202409290nyj",2024,4,"REG","DEN","NYJ","Bo Nix","NixxBo00",2,0.08,NA,NA,10,0.4,0,7,5,2,7,0.259,NA,NA,NA
"4175","2024_04_PHI_TB","202409290tam",2024,4,"REG","TB","PHI","Baker Mayfield","MayfBa00",3,0.064,NA,NA,6,0.128,2,12,1,1,4,0.08,NA,NA,NA
"4176","2024_04_PHI_TB","202409290tam",2024,4,"REG","PHI","TB","Jalen Hurts","HurtJa00",1,0.034,NA,NA,6,0.207,6,15,4,2,12,0.324,NA,NA,NA
"4177","2024_04_WAS_ARI","202409290crd",2024,4,"REG","ARI","WAS","Kyler Murray","MurrKy00",3,0.136,NA,NA,2,0.091,4,6,2,1,7,0.259,NA,NA,NA
"4178","2024_04_WAS_ARI","202409290crd",2024,4,"REG","WAS","ARI","Jayden Daniels","DaniJa02",0,0,NA,NA,3,0.1,0,5,0,1,1,0.028,NA,NA,NA
"4179","2024_04_NE_SF","202409290sfo",2024,4,"REG","SF","NE","Brock Purdy","PurdBr00",1,0.038,NA,NA,5,0.192,1,9,2,3,6,0.2,NA,NA,NA
"4180","2024_04_NE_SF","202409290sfo",2024,4,"REG","NE","SF","Jacoby Brissett","BrisJa00",3,0.094,NA,NA,5,0.156,6,13,4,6,16,0.41,NA,NA,NA
"4181","2024_04_KC_LAC","202409290sdg",2024,4,"REG","LAC","KC","Justin Herbert","HerbJu00",4,0.148,NA,NA,5,0.185,2,8,1,8,11,0.379,NA,NA,NA
"4182","2024_04_KC_LAC","202409290sdg",2024,4,"REG","KC","LAC","Patrick Mahomes","MahoPa00",1,0.036,NA,NA,4,0.143,3,6,2,1,6,0.176,NA,NA,NA
"4183","2024_04_CLE_LV","202409290rai",2024,4,"REG","LV","CLE","Gardner Minshew II","MinsGa00",3,0.125,NA,NA,6,0.25,2,15,1,2,5,0.192,NA,NA,NA
"4184","2024_04_CLE_LV","202409290rai",2024,4,"REG","CLE","LV","Deshaun Watson","WatsDe00",3,0.094,NA,NA,2,0.063,3,7,1,7,11,0.262,NA,NA,NA
"4185","2024_04_BUF_BAL","202409290rav",2024,4,"REG","BAL","BUF","Lamar Jackson","JackLa00",4,0.235,NA,NA,0,0,1,3,0,1,2,0.105,NA,NA,NA
"4186","2024_04_BUF_BAL","202409290rav",2024,4,"REG","BAL","BUF","Josh Johnson","JohnJo05",0,0,NA,NA,0,0,0,0,0,1,1,1,NA,NA,NA
"4187","2024_04_BUF_BAL","202409290rav",2024,4,"REG","BUF","BAL","Josh Allen","AlleJo02",5,0.2,NA,NA,4,0.16,3,9,0,6,9,0.265,NA,NA,NA
"4188","2024_04_BUF_BAL","202409290rav",2024,4,"REG","BUF","BAL","Mitchell Trubisky","TrubMi00",0,0,NA,NA,1,0.5,0,1,0,0,0,0,NA,NA,NA
"4189","2024_04_TEN_MIA","202409300mia",2024,4,"REG","MIA","TEN","Tyler Huntley","HuntTy01",1,0.048,NA,NA,5,0.238,2,0,1,3,6,0.231,NA,NA,NA
"4190","2024_04_TEN_MIA","202409300mia",2024,4,"REG","TEN","MIA","Mason Rudolph","RudoMa00",2,0.143,NA,NA,0,0,1,2,1,2,4,0.222,NA,NA,NA
"4191","2024_04_TEN_MIA","202409300mia",2024,4,"REG","TEN","MIA","Will Levis","LeviWi00",0,0,NA,NA,1,0.25,0,0,1,0,1,0.2,NA,NA,NA
"4192","2024_04_SEA_DET","202409300det",2024,4,"REG","DET","SEA","Jared Goff","GoffJa00",0,0,NA,NA,0,0,3,10,3,1,7,0.333,NA,NA,NA
"4193","2024_04_SEA_DET","202409300det",2024,4,"REG","DET","SEA","Amon-Ra St. Brown","StxxAm00",0,0,NA,NA,0,0,0,1,0,0,0,0,NA,NA,NA
"4194","2024_04_SEA_DET","202409300det",2024,4,"REG","SEA","DET","Geno Smith","SmitGe00",2,0.038,NA,NA,4,0.075,3,21,5,5,13,0.21,NA,NA,NA
"4195","2024_05_TB_ATL","202410030atl",2024,5,"REG","ATL","TB","Kirk Cousins","CousKi00",4,0.074,NA,NA,0,0,4,12,0,6,10,0.161,NA,NA,NA
"4196","2024_05_TB_ATL","202410030atl",2024,5,"REG","ATL","TB","Darnell Mooney","MoonDa00",0,0,NA,NA,0,0,0,1,0,1,1,1,NA,NA,NA
"4197","2024_05_TB_ATL","202410030atl",2024,5,"REG","TB","ATL","Baker Mayfield","MayfBa00",2,0.083,NA,NA,2,0.083,1,10,0,0,1,0.033,NA,NA,NA
"4198","2024_05_NYJ_MIN","202410060min",2024,5,"REG","MIN","NYJ","Sam Darnold","DarnSa00",1,0.037,NA,NA,6,0.222,4,11,6,2,12,0.333,NA,NA,NA
"4199","2024_05_NYJ_MIN","202410060min",2024,5,"REG","MIN","NYJ","Nick Mullens","MullNi00",0,0,NA,NA,0,0,0,0,0,1,1,1,NA,NA,NA
"4200","2024_05_NYJ_MIN","202410060min",2024,5,"REG","NYJ","MIN","Aaron Rodgers","RodgAa00",2,0.039,NA,NA,12,0.235,3,24,4,8,15,0.263,NA,NA,NA
"4201","2024_05_CAR_CHI","202410060chi",2024,5,"REG","CHI","CAR","Caleb Williams","WillCa03",0,0,NA,NA,6,0.214,1,12,0,1,2,0.057,NA,NA,NA
"4202","2024_05_CAR_CHI","202410060chi",2024,5,"REG","CAR","CHI","Andy Dalton","DaltAn00",1,0.036,NA,NA,5,0.179,3,9,1,4,8,0.25,NA,NA,NA
"4203","2024_05_CAR_CHI","202410060chi",2024,5,"REG","CAR","CHI","Bryce Young","YounBr01",0,0,NA,NA,1,0.143,1,1,2,0,3,0.333,NA,NA,NA
"4204","2024_05_BAL_CIN","202410060cin",2024,5,"REG","CIN","BAL","Joe Burrow","BurrJo01",1,0.026,NA,NA,3,0.077,3,6,0,3,6,0.14,NA,NA,NA
"4205","2024_05_BAL_CIN","202410060cin",2024,5,"REG","BAL","CIN","Lamar Jackson","JackLa00",1,0.024,NA,NA,13,0.31,1,19,5,6,12,0.255,NA,NA,NA
"4206","2024_05_BUF_HOU","202410060htx",2024,5,"REG","HOU","BUF","C.J. Stroud","StroCJ00",4,0.114,NA,NA,2,0.057,1,9,1,6,8,0.19,NA,NA,NA
"4207","2024_05_BUF_HOU","202410060htx",2024,5,"REG","BUF","HOU","Josh Allen","AlleJo02",4,0.138,NA,NA,12,0.414,1,10,2,8,11,0.314,NA,NA,NA
"4208","2024_05_IND_JAX","202410060jax",2024,5,"REG","JAX","IND","Trevor Lawrence","LawrTr00",0,0,NA,NA,1,0.029,0,5,0,0,0,0,NA,NA,NA
"4209","2024_05_IND_JAX","202410060jax",2024,5,"REG","IND","JAX","Joe Flacco","FlacJo00",2,0.045,NA,NA,5,0.114,4,6,1,2,7,0.143,NA,NA,NA
"4210","2024_05_IND_JAX","202410060jax",2024,5,"REG","IND","JAX","Adonai Mitchell","MitcAd00",0,0,NA,NA,0,0,0,0,0,0,0,0,NA,NA,NA
"4211","2024_05_MIA_NE","202410060nwe",2024,5,"REG","NE","MIA","Jacoby Brissett","BrisJa00",3,0.097,NA,NA,5,0.161,2,14,1,7,10,0.27,NA,NA,NA
"4212","2024_05_MIA_NE","202410060nwe",2024,5,"REG","MIA","NE","Tyler Huntley","HuntTy01",4,0.129,NA,NA,4,0.129,3,7,1,1,5,0.139,NA,NA,NA
"4213","2024_05_CLE_WAS","202410060was",2024,5,"REG","WAS","CLE","Jayden Daniels","DaniJa02",2,0.08,NA,NA,5,0.2,3,15,0,0,3,0.088,NA,NA,NA
"4214","2024_05_CLE_WAS","202410060was",2024,5,"REG","WAS","CLE","Marcus Mariota","MariMa01",0,0,NA,NA,0,0,0,1,1,0,1,0.333,NA,NA,NA
"4215","2024_05_CLE_WAS","202410060was",2024,5,"REG","CLE","WAS","Deshaun Watson","WatsDe00",2,0.074,NA,NA,6,0.222,7,12,1,3,11,0.289,NA,NA,NA
"4216","2024_05_CLE_WAS","202410060was",2024,5,"REG","CLE","WAS","Jameis Winston","WinsJa00",0,0,NA,NA,0,0,0,1,0,0,0,0,NA,NA,NA
"4217","2024_05_LV_DEN","202410060den",2024,5,"REG","DEN","LV","Bo Nix","NixxBo00",1,0.038,NA,NA,3,0.115,3,10,1,1,5,0.156,NA,NA,NA
"4218","2024_05_LV_DEN","202410060den",2024,5,"REG","LV","DEN","Aidan O'Connell","OConAi00",1,0.053,NA,NA,7,0.368,1,2,7,3,11,0.524,NA,NA,NA
"4219","2024_05_LV_DEN","202410060den",2024,5,"REG","LV","DEN","Gardner Minshew II","MinsGa00",0,0,NA,NA,3,0.176,2,8,0,0,2,0.095,NA,NA,NA
"4220","2024_05_ARI_SF","202410060sfo",2024,5,"REG","SF","ARI","Brock Purdy","PurdBr00",2,0.063,NA,NA,5,0.156,2,5,2,3,7,0.171,NA,NA,NA
"4221","2024_05_ARI_SF","202410060sfo",2024,5,"REG","ARI","SF","Kyler Murray","MurrKy00",0,0,NA,NA,5,0.167,1,12,1,1,3,0.091,NA,NA,NA
"4222","2024_05_GB_LA","202410060ram",2024,5,"REG","LA","GB","Matthew Stafford","StafMa00",0,0,NA,NA,11,0.244,3,14,5,6,14,0.292,NA,NA,NA
"4223","2024_05_GB_LA","202410060ram",2024,5,"REG","GB","LA","Jordan Love","LoveJo03",3,0.115,NA,NA,5,0.192,2,10,4,1,7,0.241,NA,NA,NA
"4224","2024_05_NYG_SEA","202410060sea",2024,5,"REG","SEA","NYG","Geno Smith","SmitGe00",5,0.128,NA,NA,2,0.051,7,10,1,1,9,0.176,NA,NA,NA
"4225","2024_05_NYG_SEA","202410060sea",2024,5,"REG","NYG","SEA","Daniel Jones","JoneDa05",3,0.097,NA,NA,4,0.129,3,15,5,4,12,0.308,NA,NA,NA
"4226","2024_05_DAL_PIT","202410060pit",2024,5,"REG","PIT","DAL","Justin Fields","FielJu00",2,0.08,NA,NA,4,0.16,3,7,4,3,10,0.333,NA,NA,NA
"4227","2024_05_DAL_PIT","202410060pit",2024,5,"REG","PIT","DAL","Kyle Allen","AlleKy00",0,0,NA,NA,0,0,0,1,0,0,0,0,NA,NA,NA
"4228","2024_05_DAL_PIT","202410060pit",2024,5,"REG","DAL","PIT","Dak Prescott","PresDa01",0,0,NA,NA,8,0.195,2,5,5,3,10,0.222,NA,NA,NA
"4229","2024_05_NO_KC","202410070kan",2024,5,"REG","KC","NO","Patrick Mahomes","MahoPa00",0,0,NA,NA,5,0.147,2,8,3,4,9,0.205,NA,NA,NA
"4230","2024_05_NO_KC","202410070kan",2024,5,"REG","NO","KC","Derek Carr","CarrDe02",1,0.038,NA,NA,6,0.231,1,11,6,4,11,0.379,NA,NA,NA
"4231","2024_05_NO_KC","202410070kan",2024,5,"REG","NO","KC","Jake Haener","HaenJa00",1,0.167,NA,NA,1,0.167,0,3,1,4,5,0.556,NA,NA,NA
"4232","2024_06_SF_SEA","202410100sea",2024,6,"REG","SEA","SF","Geno Smith","SmitGe00",4,0.082,NA,NA,6,0.122,1,4,2,4,7,0.132,NA,NA,NA
"4233","2024_06_SF_SEA","202410100sea",2024,6,"REG","SF","SEA","Brock Purdy","PurdBr00",2,0.074,NA,NA,3,0.111,0,4,0,4,4,0.129,NA,NA,NA
"4234","2024_06_JAX_CHI","202410130chi",2024,6,"REG","CHI","JAX","Caleb Williams","WillCa03",0,0,NA,NA,2,0.077,3,5,1,1,5,0.147,NA,NA,NA
"4235","2024_06_JAX_CHI","202410130chi",2024,6,"REG","JAX","CHI","Trevor Lawrence","LawrTr00",3,0.088,NA,NA,3,0.088,3,9,0,3,6,0.146,NA,NA,NA
"4236","2024_06_JAX_CHI","202410130chi",2024,6,"REG","JAX","CHI","Mac Jones","JoneMa05",0,0,NA,NA,0,0,1,0,0,0,1,0.5,NA,NA,NA
"4237","2024_06_WAS_BAL","202410130rav",2024,6,"REG","BAL","WAS","Lamar Jackson","JackLa00",1,0.04,NA,NA,2,0.08,2,12,5,2,9,0.3,NA,NA,NA
"4238","2024_06_WAS_BAL","202410130rav",2024,6,"REG","WAS","BAL","Jayden Daniels","DaniJa02",1,0.03,NA,NA,3,0.091,3,10,3,4,10,0.238,NA,NA,NA
"4239","2024_06_ARI_GB","202410130gnb",2024,6,"REG","GB","ARI","Jordan Love","LoveJo03",1,0.031,NA,NA,5,0.156,0,9,4,2,6,0.171,NA,NA,NA
"4240","2024_06_ARI_GB","202410130gnb",2024,6,"REG","ARI","GB","Kyler Murray","MurrKy00",1,0.031,NA,NA,8,0.25,0,6,5,1,6,0.167,NA,NA,NA
"4241","2024_06_HOU_NE","202410130nwe",2024,6,"REG","NE","HOU","Drake Maye","MayeDr00",1,0.032,NA,NA,6,0.194,4,11,4,4,12,0.286,NA,NA,NA
"4242","2024_06_HOU_NE","202410130nwe",2024,6,"REG","HOU","NE","C.J. Stroud","StroCJ00",2,0.067,NA,NA,5,0.167,2,14,9,1,12,0.353,NA,NA,NA
"4243","2024_06_HOU_NE","202410130nwe",2024,6,"REG","HOU","NE","Davis Mills","MillDa02",0,0,NA,NA,0,0,0,0,0,0,0,0,NA,NA,NA
"4244","2024_06_TB_NO","202410130nor",2024,6,"REG","NO","TB","Spencer Rattler","RattSp00",2,0.053,NA,NA,9,0.237,5,11,1,5,11,0.229,NA,NA,NA
"4245","2024_06_TB_NO","202410130nor",2024,6,"REG","TB","NO","Baker Mayfield","MayfBa00",0,0,NA,NA,5,0.139,1,7,2,1,4,0.1,NA,NA,NA
"4246","2024_06_CLE_PHI","202410130phi",2024,6,"REG","PHI","CLE","Jalen Hurts","HurtJa00",0,0,NA,NA,5,0.208,1,15,3,1,5,0.192,NA,NA,NA
"4247","2024_06_CLE_PHI","202410130phi",2024,6,"REG","CLE","PHI","Deshaun Watson","WatsDe00",0,0,NA,NA,4,0.174,5,11,1,2,8,0.267,NA,NA,NA
"4248","2024_06_IND_TEN","202410130oti",2024,6,"REG","TEN","IND","Will Levis","LeviWi00",0,0,NA,NA,4,0.148,0,10,0,4,4,0.133,NA,NA,NA
"4249","2024_06_IND_TEN","202410130oti",2024,6,"REG","IND","TEN","Joe Flacco","FlacJo00",1,0.028,NA,NA,11,0.306,0,12,3,2,5,0.128,NA,NA,NA
"4250","2024_06_LAC_DEN","202410130den",2024,6,"REG","DEN","LAC","Bo Nix","NixxBo00",2,0.063,NA,NA,6,0.188,2,9,1,4,7,0.171,NA,NA,NA
"4251","2024_06_LAC_DEN","202410130den",2024,6,"REG","LAC","DEN","Justin Herbert","HerbJu00",0,0,NA,NA,4,0.129,3,18,3,3,9,0.237,NA,NA,NA
"4252","2024_06_PIT_LV","202410130rai",2024,6,"REG","LV","PIT","Aidan O'Connell","OConAi00",0,0,NA,NA,6,0.162,1,5,1,2,4,0.098,NA,NA,NA
"4253","2024_06_PIT_LV","202410130rai",2024,6,"REG","PIT","LV","Justin Fields","FielJu00",1,0.043,NA,NA,5,0.217,3,10,1,2,6,0.194,NA,NA,NA
"4254","2024_06_ATL_CAR","202410130car",2024,6,"REG","CAR","ATL","Andy Dalton","DaltAn00",3,0.081,NA,NA,3,0.081,0,8,1,3,4,0.1,NA,NA,NA
"4255","2024_06_ATL_CAR","202410130car",2024,6,"REG","ATL","CAR","Kirk Cousins","CousKi00",0,0,NA,NA,3,0.1,0,5,0,3,3,0.1,NA,NA,NA
"4256","2024_06_DET_DAL","202410130dal",2024,6,"REG","DAL","DET","Dak Prescott","PresDa01",1,0.031,NA,NA,9,0.281,4,12,10,7,21,0.553,NA,NA,NA
"4257","2024_06_DET_DAL","202410130dal",2024,6,"REG","DAL","DET","Cooper Rush","RushCo00",0,0,NA,NA,3,0.273,0,2,1,0,1,0.091,NA,NA,NA
"4258","2024_06_DET_DAL","202410130dal",2024,6,"REG","DET","DAL","Jared Goff","GoffJa00",1,0.04,NA,NA,5,0.2,2,10,2,3,7,0.241,NA,NA,NA
"4259","2024_06_DET_DAL","202410130dal",2024,6,"REG","DET","DAL","Hendon Hooker","HookHe00",0,0,NA,NA,0,0,1,1,1,0,2,0.667,NA,NA,NA
"4260","2024_06_CIN_NYG","202410130nyg",2024,6,"REG","NYG","CIN","Daniel Jones","JoneDa05",1,0.027,NA,NA,7,0.189,2,14,2,4,8,0.178,NA,NA,NA
"4261","2024_06_CIN_NYG","202410130nyg",2024,6,"REG","CIN","NYG","Joe Burrow","BurrJo01",1,0.042,NA,NA,1,0.042,4,3,2,3,9,0.265,NA,NA,NA
"4262","2024_06_BUF_NYJ","202410140nyj",2024,6,"REG","NYJ","BUF","Aaron Rodgers","RodgAa00",3,0.088,NA,NA,1,0.029,3,6,2,2,7,0.184,NA,NA,NA
"4263","2024_06_BUF_NYJ","202410140nyj",2024,6,"REG","BUF","NYJ","Josh Allen","AlleJo02",1,0.043,NA,NA,1,0.043,2,9,5,0,7,0.233,NA,NA,NA
"4264","2024_07_DEN_NO","202410170nor",2024,7,"REG","NO","DEN","Spencer Rattler","RattSp00",3,0.086,NA,NA,4,0.114,6,6,0,4,10,0.227,NA,NA,NA
"4265","2024_07_DEN_NO","202410170nor",2024,7,"REG","NO","DEN","Jake Haener","HaenJa00",1,0.25,NA,NA,0,0,0,3,0,0,0,0,NA,NA,NA
"4266","2024_07_DEN_NO","202410170nor",2024,7,"REG","DEN","NO","Bo Nix","NixxBo00",2,0.08,NA,NA,5,0.2,0,8,2,0,2,0.061,NA,NA,NA
"4267","2024_07_NE_JAX","202410200jax",2024,7,"REG","JAX","NE","Trevor Lawrence","LawrTr00",1,0.05,NA,NA,2,0.1,0,4,0,0,0,0,NA,NA,NA
"4268","2024_07_NE_JAX","202410200jax",2024,7,"REG","NE","JAX","Drake Maye","MayeDr00",2,0.056,NA,NA,4,0.111,2,4,1,1,4,0.095,NA,NA,NA
"4269","2024_07_SEA_ATL","202410200atl",2024,7,"REG","ATL","SEA","Kirk Cousins","CousKi00",2,0.057,NA,NA,6,0.171,3,6,0,6,9,0.237,NA,NA,NA
"4270","2024_07_SEA_ATL","202410200atl",2024,7,"REG","ATL","SEA","Michael Penix","PeniMi00",0,0,NA,NA,0,0,0,0,0,0,0,0,NA,NA,NA
"4271","2024_07_SEA_ATL","202410200atl",2024,7,"REG","SEA","ATL","Geno Smith","SmitGe00",1,0.037,NA,NA,3,0.111,1,9,6,4,11,0.344,NA,NA,NA
"4272","2024_07_SEA_ATL","202410200atl",2024,7,"REG","SEA","ATL","Jaxon Smith-Njigba","SmitJa06",0,0,NA,NA,0,0,0,0,0,1,1,1,NA,NA,NA
"4273","2024_07_TEN_BUF","202410200buf",2024,7,"REG","BUF","TEN","Josh Allen","AlleJo02",1,0.03,NA,NA,4,0.121,1,10,0,3,4,0.114,NA,NA,NA
"4274","2024_07_TEN_BUF","202410200buf",2024,7,"REG","TEN","BUF","Mason Rudolph","RudoMa00",2,0.05,NA,NA,8,0.2,3,12,3,7,13,0.295,NA,NA,NA
"4275","2024_07_CIN_CLE","202410200cle",2024,7,"REG","CLE","CIN","Dorian Thompson-Robinson","ThomDo02",1,0.05,NA,NA,3,0.15,1,8,3,6,10,0.4,NA,NA,NA
"4276","2024_07_CIN_CLE","202410200cle",2024,7,"REG","CLE","CIN","Deshaun Watson","WatsDe00",0,0,NA,NA,2,0.118,2,2,2,1,5,0.263,NA,NA,NA
"4277","2024_07_CIN_CLE","202410200cle",2024,7,"REG","CLE","CIN","Jameis Winston","WinsJa00",1,0.091,NA,NA,2,0.182,1,0,1,0,2,0.167,NA,NA,NA
"4278","2024_07_CIN_CLE","202410200cle",2024,7,"REG","CIN","CLE","Joe Burrow","BurrJo01",1,0.04,NA,NA,4,0.16,3,5,1,3,7,0.25,NA,NA,NA
"4279","2024_07_HOU_GB","202410200gnb",2024,7,"REG","GB","HOU","Jordan Love","LoveJo03",2,0.061,NA,NA,5,0.152,3,12,0,3,6,0.167,NA,NA,NA
"4280","2024_07_HOU_GB","202410200gnb",2024,7,"REG","HOU","GB","C.J. Stroud","StroCJ00",3,0.158,NA,NA,5,0.263,4,5,5,3,12,0.414,NA,NA,NA
"4281","2024_07_MIA_IND","202410200clt",2024,7,"REG","IND","MIA","Anthony Richardson","RichAn03",1,0.045,NA,NA,7,0.318,0,11,6,4,10,0.345,NA,NA,NA
"4282","2024_07_MIA_IND","202410200clt",2024,7,"REG","MIA","IND","Tim Boyle","BoylTi00",1,0.091,NA,NA,1,0.091,0,0,1,1,2,0.143,NA,NA,NA
"4283","2024_07_MIA_IND","202410200clt",2024,7,"REG","MIA","IND","Tyler Huntley","HuntTy01",1,0.091,NA,NA,2,0.182,2,1,5,2,9,0.529,NA,NA,NA
"4284","2024_07_DET_MIN","202410200min",2024,7,"REG","MIN","DET","Sam Darnold","DarnSa00",1,0.038,NA,NA,1,0.038,4,15,1,1,6,0.171,NA,NA,NA
"4285","2024_07_DET_MIN","202410200min",2024,7,"REG","DET","MIN","Jared Goff","GoffJa00",0,0,NA,NA,1,0.04,4,16,0,5,9,0.31,NA,NA,NA
"4286","2024_07_PHI_NYG","202410200nyg",2024,7,"REG","NYG","PHI","Daniel Jones","JoneDa05",0,0,NA,NA,3,0.158,7,0,0,3,10,0.333,NA,NA,NA
"4287","2024_07_PHI_NYG","202410200nyg",2024,7,"REG","NYG","PHI","Drew Lock","LockDr00",1,0.125,NA,NA,2,0.25,1,0,0,0,1,0.1,NA,NA,NA
"4288","2024_07_PHI_NYG","202410200nyg",2024,7,"REG","PHI","NYG","Jalen Hurts","HurtJa00",0,0,NA,NA,2,0.154,4,4,1,1,6,0.286,NA,NA,NA
"4289","2024_07_PHI_NYG","202410200nyg",2024,7,"REG","PHI","NYG","Kenny Pickett","PickKe00",0,0,NA,NA,1,1,1,0,0,1,2,1,NA,NA,NA
"4290","2024_07_LV_LA","202410200ram",2024,7,"REG","LA","LV","Matthew Stafford","StafMa00",1,0.045,NA,NA,4,0.182,1,10,0,1,2,0.083,NA,NA,NA
"4291","2024_07_LV_LA","202410200ram",2024,7,"REG","LV","LA","Gardner Minshew II","MinsGa00",1,0.036,NA,NA,6,0.214,2,19,6,6,14,0.389,NA,NA,NA
"4292","2024_07_LV_LA","202410200ram",2024,7,"REG","LV","LA","Aidan O'Connell","OConAi00",0,0,NA,NA,2,0.25,0,5,1,2,3,0.3,NA,NA,NA
"4293","2024_07_CAR_WAS","202410200was",2024,7,"REG","WAS","CAR","Marcus Mariota","MariMa01",2,0.087,NA,NA,2,0.087,1,8,1,1,3,0.115,NA,NA,NA
"4294","2024_07_CAR_WAS","202410200was",2024,7,"REG","WAS","CAR","Jayden Daniels","DaniJa02",0,0,NA,NA,0,0,0,0,0,0,0,0,NA,NA,NA
"4295","2024_07_CAR_WAS","202410200was",2024,7,"REG","CAR","WAS","Andy Dalton","DaltAn00",0,0,NA,NA,3,0.2,2,4,4,0,6,0.316,NA,NA,NA
"4296","2024_07_CAR_WAS","202410200was",2024,7,"REG","CAR","WAS","Bryce Young","YounBr01",0,0,NA,NA,0,0,0,1,0,0,0,0,NA,NA,NA
"4297","2024_07_KC_SF","202410200sfo",2024,7,"REG","SF","KC","Brock Purdy","PurdBr00",1,0.032,NA,NA,7,0.226,1,8,0,5,6,0.162,NA,NA,NA
"4298","2024_07_KC_SF","202410200sfo",2024,7,"REG","KC","SF","Patrick Mahomes","MahoPa00",0,0,NA,NA,5,0.2,2,3,0,4,6,0.188,NA,NA,NA
"4299","2024_07_NYJ_PIT","202410200pit",2024,7,"REG","PIT","NYJ","Russell Wilson","WilsRu00",2,0.074,NA,NA,6,0.222,1,11,5,4,10,0.323,NA,NA,NA
"4300","2024_07_NYJ_PIT","202410200pit",2024,7,"REG","NYJ","PIT","Aaron Rodgers","RodgAa00",1,0.026,NA,NA,9,0.231,1,9,0,7,8,0.2,NA,NA,NA
"4301","2024_07_BAL_TB","202410210tam",2024,7,"REG","TB","BAL","Baker Mayfield","MayfBa00",2,0.044,NA,NA,8,0.178,3,7,1,1,5,0.096,NA,NA,NA
"4302","2024_07_BAL_TB","202410210tam",2024,7,"REG","BAL","TB","Lamar Jackson","JackLa00",2,0.095,NA,NA,1,0.048,2,14,1,0,3,0.111,NA,NA,NA
"4303","2024_07_LAC_ARI","202410210crd",2024,7,"REG","ARI","LAC","Kyler Murray","MurrKy00",2,0.08,NA,NA,4,0.16,0,10,1,1,2,0.069,NA,NA,NA
"4304","2024_07_LAC_ARI","202410210crd",2024,7,"REG","LAC","ARI","Justin Herbert","HerbJu00",5,0.135,NA,NA,3,0.081,3,8,0,4,7,0.159,NA,NA,NA
"4305","2024_08_MIN_LA","202410240ram",2024,8,"REG","LA","MIN","Matthew Stafford","StafMa00",2,0.059,NA,NA,3,0.088,0,11,2,2,4,0.118,NA,NA,NA
"4306","2024_08_MIN_LA","202410240ram",2024,8,"REG","MIN","LA","Sam Darnold","DarnSa00",1,0.043,NA,NA,4,0.174,3,6,6,2,11,0.379,NA,NA,NA
"4307","2024_08_PHI_CIN","202410270cin",2024,8,"REG","CIN","PHI","Joe Burrow","BurrJo01",1,0.027,NA,NA,5,0.135,1,11,2,2,5,0.125,NA,NA,NA
"4308","2024_08_PHI_CIN","202410270cin",2024,8,"REG","PHI","CIN","Jalen Hurts","HurtJa00",0,0,NA,NA,1,0.053,0,5,0,1,1,0.048,NA,NA,NA
"4309","2024_08_BAL_CLE","202410270cle",2024,8,"REG","CLE","BAL","Jameis Winston","WinsJa00",1,0.024,NA,NA,8,0.195,2,17,3,5,10,0.233,NA,NA,NA
"4310","2024_08_BAL_CLE","202410270cle",2024,8,"REG","BAL","CLE","Lamar Jackson","JackLa00",4,0.114,NA,NA,3,0.086,3,11,9,3,15,0.349,NA,NA,NA
"4311","2024_08_TEN_DET","202410270det",2024,8,"REG","DET","TEN","Jared Goff","GoffJa00",0,0,NA,NA,1,0.071,4,5,0,1,5,0.263,NA,NA,NA
"4312","2024_08_TEN_DET","202410270det",2024,8,"REG","DET","TEN","Hendon Hooker","HookHe00",0,0,NA,NA,1,0.333,0,0,1,0,1,0.333,NA,NA,NA
"4313","2024_08_TEN_DET","202410270det",2024,8,"REG","DET","TEN","David Montgomery","MontDa01",0,0,NA,NA,0,0,0,1,0,0,0,0,NA,NA,NA
"4314","2024_08_TEN_DET","202410270det",2024,8,"REG","TEN","DET","Mason Rudolph","RudoMa00",1,0.026,NA,NA,13,0.342,1,8,4,4,9,0.22,NA,NA,NA
"4315","2024_08_IND_HOU","202410270htx",2024,8,"REG","HOU","IND","C.J. Stroud","StroCJ00",1,0.028,NA,NA,8,0.222,2,14,4,7,13,0.333,NA,NA,NA
"4316","2024_08_IND_HOU","202410270htx",2024,8,"REG","IND","HOU","Anthony Richardson","RichAn03",2,0.065,NA,NA,10,0.323,5,11,7,4,16,0.41,NA,NA,NA
"4317","2024_08_GB_JAX","202410270jax",2024,8,"REG","JAX","GB","Trevor Lawrence","LawrTr00",0,0,NA,NA,5,0.167,1,5,1,3,5,0.147,NA,NA,NA
"4318","2024_08_GB_JAX","202410270jax",2024,8,"REG","GB","JAX","Jordan Love","LoveJo03",1,0.05,NA,NA,5,0.25,0,1,1,2,3,0.136,NA,NA,NA
"4319","2024_08_GB_JAX","202410270jax",2024,8,"REG","GB","JAX","Malik Willis","WillMa12",1,0.2,NA,NA,0,0,1,0,0,0,1,0.125,NA,NA,NA
"4320","2024_08_ARI_MIA","202410270mia",2024,8,"REG","MIA","ARI","Tua Tagovailoa","TagoTu00",3,0.079,NA,NA,3,0.079,1,2,1,3,5,0.125,NA,NA,NA
"4321","2024_08_ARI_MIA","202410270mia",2024,8,"REG","ARI","MIA","Kyler Murray","MurrKy00",0,0,NA,NA,2,0.061,0,10,7,1,8,0.211,NA,NA,NA
"4322","2024_08_NYJ_NE","202410270nwe",2024,8,"REG","NE","NYJ","Jacoby Brissett","BrisJa00",4,0.174,NA,NA,3,0.13,1,7,1,1,3,0.115,NA,NA,NA
"4323","2024_08_NYJ_NE","202410270nwe",2024,8,"REG","NE","NYJ","Drake Maye","MayeDr00",1,0.167,NA,NA,1,0.167,1,1,0,0,1,0.1,NA,NA,NA
"4324","2024_08_NYJ_NE","202410270nwe",2024,8,"REG","NYJ","NE","Aaron Rodgers","RodgAa00",2,0.08,NA,NA,4,0.16,1,5,2,4,7,0.241,NA,NA,NA
"4325","2024_08_ATL_TB","202410270tam",2024,8,"REG","TB","ATL","Baker Mayfield","MayfBa00",0,0,NA,NA,7,0.152,0,9,2,0,2,0.039,NA,NA,NA
"4326","2024_08_ATL_TB","202410270tam",2024,8,"REG","ATL","TB","Kirk Cousins","CousKi00",2,0.071,NA,NA,2,0.071,2,6,3,2,7,0.219,NA,NA,NA
"4327","2024_08_NO_LAC","202410270sdg",2024,8,"REG","LAC","NO","Justin Herbert","HerbJu00",3,0.1,NA,NA,3,0.1,3,11,1,3,7,0.184,NA,NA,NA
"4328","2024_08_NO_LAC","202410270sdg",2024,8,"REG","NO","LAC","Spencer Rattler","RattSp00",2,0.1,NA,NA,3,0.15,3,9,1,0,4,0.148,NA,NA,NA
"4329","2024_08_NO_LAC","202410270sdg",2024,8,"REG","NO","LAC","Jake Haener","HaenJa00",2,0.118,NA,NA,4,0.235,2,4,0,2,4,0.19,NA,NA,NA
"4330","2024_08_NO_LAC","202410270sdg",2024,8,"REG","NO","LAC","Taysom Hill","HillTa00",0,0,NA,NA,0,0,0,1,0,0,0,0,NA,NA,NA
"4331","2024_08_BUF_SEA","202410270sea",2024,8,"REG","SEA","BUF","Geno Smith","SmitGe00",0,0,NA,NA,1,0.037,1,5,1,4,6,0.188,NA,NA,NA
"4332","2024_08_BUF_SEA","202410270sea",2024,8,"REG","BUF","SEA","Josh Allen","AlleJo02",1,0.031,NA,NA,4,0.125,1,6,0,0,1,0.027,NA,NA,NA
"4333","2024_08_CAR_DEN","202410270den",2024,8,"REG","DEN","CAR","Bo Nix","NixxBo00",1,0.028,NA,NA,5,0.139,2,11,3,0,5,0.125,NA,NA,NA
"4334","2024_08_CAR_DEN","202410270den",2024,8,"REG","DEN","CAR","Riley Dixon","DixoRi00",0,0,NA,NA,0,0,0,1,0,0,0,0,NA,NA,NA
"4335","2024_08_CAR_DEN","202410270den",2024,8,"REG","DEN","CAR","Courtland Sutton","SuttCo00",0,0,NA,NA,0,0,0,0,0,0,0,0,NA,NA,NA
"4336","2024_08_CAR_DEN","202410270den",2024,8,"REG","CAR","DEN","Bryce Young","YounBr01",1,0.029,NA,NA,7,0.206,2,11,5,4,11,0.268,NA,NA,NA
"4337","2024_08_CAR_DEN","202410270den",2024,8,"REG","CAR","DEN","Johnny Hekker","HekkJo00",0,0,NA,NA,1,1,0,1,0,0,0,0,NA,NA,NA
"4338","2024_08_KC_LV","202410270rai",2024,8,"REG","LV","KC","Gardner Minshew II","MinsGa00",0,0,NA,NA,1,0.037,5,18,1,3,9,0.25,NA,NA,NA
"4339","2024_08_KC_LV","202410270rai",2024,8,"REG","KC","LV","Patrick Mahomes","MahoPa00",2,0.057,NA,NA,3,0.086,1,9,3,2,6,0.143,NA,NA,NA
"4340","2024_08_CHI_WAS","202410270was",2024,8,"REG","WAS","CHI","Jayden Daniels","DaniJa02",2,0.059,NA,NA,9,0.265,2,12,6,6,14,0.304,NA,NA,NA
"4341","2024_08_CHI_WAS","202410270was",2024,8,"REG","CHI","WAS","Caleb Williams","WillCa03",0,0,NA,NA,12,0.545,2,11,5,5,12,0.375,NA,NA,NA
"4342","2024_08_DAL_SF","202410270sfo",2024,8,"REG","SF","DAL","Brock Purdy","PurdBr00",2,0.08,NA,NA,4,0.16,2,11,2,1,5,0.152,NA,NA,NA
"4343","2024_08_DAL_SF","202410270sfo",2024,8,"REG","DAL","SF","Dak Prescott","PresDa01",1,0.027,NA,NA,7,0.189,2,4,2,6,10,0.25,NA,NA,NA
"4344","2024_08_NYG_PIT","202410280pit",2024,8,"REG","PIT","NYG","Russell Wilson","WilsRu00",1,0.037,NA,NA,4,0.148,4,11,0,4,8,0.242,NA,NA,NA
"4345","2024_08_NYG_PIT","202410280pit",2024,8,"REG","NYG","PIT","Daniel Jones","JoneDa05",4,0.108,NA,NA,6,0.162,4,10,2,9,15,0.349,NA,NA,NA
"4346","2024_09_HOU_NYJ","202410310nyj",2024,9,"REG","NYJ","HOU","Aaron Rodgers","RodgAa00",2,0.063,NA,NA,4,0.125,2,13,1,2,5,0.147,NA,NA,NA
"4347","2024_09_HOU_NYJ","202410310nyj",2024,9,"REG","HOU","NYJ","C.J. Stroud","StroCJ00",1,0.036,NA,NA,12,0.429,8,9,3,4,15,0.333,NA,NA,NA
"4348","2024_09_HOU_NYJ","202410310nyj",2024,9,"REG","HOU","NYJ","Joe Mixon","MixoJo00",0,0,NA,NA,1,1,0,0,0,0,0,0,NA,NA,NA
"4349","2024_09_DAL_ATL","202411030atl",2024,9,"REG","ATL","DAL","Kirk Cousins","CousKi00",0,0,NA,NA,2,0.083,2,11,3,2,7,0.269,NA,NA,NA
"4350","2024_09_DAL_ATL","202411030atl",2024,9,"REG","DAL","ATL","Cooper Rush","RushCo00",2,0.08,NA,NA,7,0.28,0,6,4,2,6,0.24,NA,NA,NA
"4351","2024_09_DAL_ATL","202411030atl",2024,9,"REG","DAL","ATL","Dak Prescott","PresDa01",1,0.045,NA,NA,2,0.091,3,4,2,3,8,0.276,NA,NA,NA
"4352","2024_09_DAL_ATL","202411030atl",2024,9,"REG","DAL","ATL","Bryan Anger","AngeBr00",0,0,NA,NA,1,1,0,0,0,0,0,0,NA,NA,NA
"4353","2024_09_DEN_BAL","202411030rav",2024,9,"REG","BAL","DEN","Lamar Jackson","JackLa00",1,0.053,NA,NA,1,0.053,1,5,0,0,1,0.045,NA,NA,NA
"4354","2024_09_DEN_BAL","202411030rav",2024,9,"REG","DEN","BAL","Bo Nix","NixxBo00",1,0.031,NA,NA,6,0.188,4,7,1,2,7,0.171,NA,NA,NA
"4355","2024_09_DEN_BAL","202411030rav",2024,9,"REG","DEN","BAL","Courtland Sutton","SuttCo00",0,0,NA,NA,0,0,0,1,0,0,0,0,NA,NA,NA
"4356","2024_09_MIA_BUF","202411030buf",2024,9,"REG","BUF","MIA","Josh Allen","AlleJo02",5,0.139,NA,NA,4,0.111,1,8,1,2,4,0.098,NA,NA,NA
"4357","2024_09_MIA_BUF","202411030buf",2024,9,"REG","MIA","BUF","Tua Tagovailoa","TagoTu00",0,0,NA,NA,1,0.037,1,2,1,1,3,0.1,NA,NA,NA
"4358","2024_09_NO_CAR","202411030car",2024,9,"REG","CAR","NO","Bryce Young","YounBr01",1,0.042,NA,NA,5,0.208,1,7,2,2,5,0.172,NA,NA,NA
"4359","2024_09_NO_CAR","202411030car",2024,9,"REG","NO","CAR","Derek Carr","CarrDe02",1,0.037,NA,NA,6,0.222,1,9,2,3,6,0.188,NA,NA,NA
"4360","2024_09_NO_CAR","202411030car",2024,9,"REG","NO","CAR","Taysom Hill","HillTa00",0,0,NA,NA,1,1,0,0,0,1,1,1,NA,NA,NA
"4361","2024_09_LV_CIN","202411030cin",2024,9,"REG","CIN","LV","Joe Burrow","BurrJo01",2,0.054,NA,NA,3,0.081,1,7,10,5,16,0.39,NA,NA,NA
"4362","2024_09_LV_CIN","202411030cin",2024,9,"REG","LV","CIN","Gardner Minshew II","MinsGa00",1,0.063,NA,NA,3,0.188,1,6,4,4,9,0.5,NA,NA,NA
"4363","2024_09_LV_CIN","202411030cin",2024,9,"REG","LV","CIN","Desmond Ridder","RiddDe00",1,0.063,NA,NA,3,0.188,4,5,2,3,9,0.429,NA,NA,NA
"4364","2024_09_LAC_CLE","202411030cle",2024,9,"REG","CLE","LAC","Jameis Winston","WinsJa00",4,0.087,NA,NA,10,0.217,6,2,2,2,10,0.179,NA,NA,NA
"4365","2024_09_LAC_CLE","202411030cle",2024,9,"REG","LAC","CLE","Justin Herbert","HerbJu00",0,0,NA,NA,4,0.154,6,6,4,5,15,0.441,NA,NA,NA
"4366","2024_09_WAS_NYG","202411030nyg",2024,9,"REG","NYG","WAS","Daniel Jones","JoneDa05",3,0.115,NA,NA,0,0,2,4,0,2,4,0.138,NA,NA,NA
"4367","2024_09_WAS_NYG","202411030nyg",2024,9,"REG","WAS","NYG","Jayden Daniels","DaniJa02",0,0,NA,NA,3,0.15,0,7,0,2,2,0.08,NA,NA,NA
"4368","2024_09_NE_TEN","202411030oti",2024,9,"REG","TEN","NE","Mason Rudolph","RudoMa00",2,0.074,NA,NA,3,0.111,1,7,5,3,9,0.25,NA,NA,NA
"4369","2024_09_NE_TEN","202411030oti",2024,9,"REG","NE","TEN","Drake Maye","MayeDr00",1,0.026,NA,NA,3,0.077,4,9,5,4,13,0.25,NA,NA,NA
"4370","2024_09_CHI_ARI","202411030crd",2024,9,"REG","ARI","CHI","Kyler Murray","MurrKy00",1,0.053,NA,NA,2,0.105,3,3,2,0,5,0.217,NA,NA,NA
"4371","2024_09_CHI_ARI","202411030crd",2024,9,"REG","CHI","ARI","Caleb Williams","WillCa03",2,0.056,NA,NA,8,0.222,6,13,8,3,17,0.34,NA,NA,NA
"4372","2024_09_JAX_PHI","202411030phi",2024,9,"REG","PHI","JAX","Jalen Hurts","HurtJa00",1,0.043,NA,NA,2,0.087,3,5,2,0,5,0.152,NA,NA,NA
"4373","2024_09_JAX_PHI","202411030phi",2024,9,"REG","JAX","PHI","Trevor Lawrence","LawrTr00",2,0.067,NA,NA,5,0.167,2,6,4,1,7,0.2,NA,NA,NA
"4374","2024_09_DET_GB","202411030gnb",2024,9,"REG","GB","DET","Jordan Love","LoveJo03",5,0.135,NA,NA,7,0.189,0,8,6,2,8,0.205,NA,NA,NA
"4375","2024_09_DET_GB","202411030gnb",2024,9,"REG","DET","GB","Jared Goff","GoffJa00",0,0,NA,NA,2,0.1,1,6,1,2,4,0.174,NA,NA,NA
"4376","2024_09_LA_SEA","202411030sea",2024,9,"REG","SEA","LA","Geno Smith","SmitGe00",2,0.059,NA,NA,6,0.176,7,6,0,4,11,0.256,NA,NA,NA
"4377","2024_09_LA_SEA","202411030sea",2024,9,"REG","LA","SEA","Matthew Stafford","StafMa00",1,0.024,NA,NA,9,0.214,0,8,2,7,9,0.205,NA,NA,NA
"4378","2024_09_IND_MIN","202411030min",2024,9,"REG","MIN","IND","Sam Darnold","DarnSa00",1,0.031,NA,NA,1,0.031,4,6,3,4,11,0.282,NA,NA,NA
"4379","2024_09_IND_MIN","202411030min",2024,9,"REG","MIN","IND","Justin Jefferson","JeffJu00",0,0,NA,NA,0,0,0,0,0,0,0,0,NA,NA,NA
"4380","2024_09_IND_MIN","202411030min",2024,9,"REG","IND","MIN","Joe Flacco","FlacJo00",2,0.074,NA,NA,4,0.148,3,7,2,4,9,0.3,NA,NA,NA
"4381","2024_09_TB_KC","202411040kan",2024,9,"REG","KC","TB","Patrick Mahomes","MahoPa00",1,0.024,NA,NA,4,0.095,4,3,0,3,7,0.14,NA,NA,NA
"4382","2024_09_TB_KC","202411040kan",2024,9,"REG","TB","KC","Baker Mayfield","MayfBa00",2,0.065,NA,NA,2,0.065,2,12,0,2,4,0.108,NA,NA,NA
"4383","2024_10_CIN_BAL","202411070rav",2024,10,"REG","BAL","CIN","Lamar Jackson","JackLa00",2,0.061,NA,NA,2,0.061,0,3,1,1,2,0.054,NA,NA,NA
"4384","2024_10_CIN_BAL","202411070rav",2024,10,"REG","CIN","BAL","Joe Burrow","BurrJo01",4,0.073,NA,NA,9,0.164,3,5,1,10,14,0.233,NA,NA,NA
"4385","2024_10_NYG_CAR","202411100car",2024,10,"REG","CAR","NYG","Bryce Young","YounBr01",1,0.04,NA,NA,8,0.32,1,10,7,2,10,0.357,NA,NA,NA
"4386","2024_10_NYG_CAR","202411100car",2024,10,"REG","NYG","CAR","Daniel Jones","JoneDa05",1,0.031,NA,NA,4,0.125,2,7,2,3,7,0.175,NA,NA,NA
"4387","2024_10_NE_CHI","202411100chi",2024,10,"REG","CHI","NE","Caleb Williams","WillCa03",1,0.038,NA,NA,4,0.154,9,9,1,4,14,0.341,NA,NA,NA
"4388","2024_10_NE_CHI","202411100chi",2024,10,"REG","NE","CHI","Drake Maye","MayeDr00",1,0.043,NA,NA,4,0.174,1,6,2,6,9,0.31,NA,NA,NA
"4389","2024_10_BUF_IND","202411100clt",2024,10,"REG","IND","BUF","Joe Flacco","FlacJo00",3,0.086,NA,NA,4,0.114,4,9,4,2,10,0.256,NA,NA,NA
"4390","2024_10_BUF_IND","202411100clt",2024,10,"REG","BUF","IND","Josh Allen","AlleJo02",0,0,NA,NA,10,0.286,2,8,5,3,10,0.244,NA,NA,NA
"4391","2024_10_MIN_JAX","202411100jax",2024,10,"REG","JAX","MIN","Mac Jones","JoneMa05",2,0.095,NA,NA,3,0.143,3,7,0,1,4,0.148,NA,NA,NA
"4392","2024_10_MIN_JAX","202411100jax",2024,10,"REG","MIN","JAX","Sam Darnold","DarnSa00",2,0.054,NA,NA,6,0.162,1,1,3,2,6,0.143,NA,NA,NA
"4393","2024_10_DEN_KC","202411100kan",2024,10,"REG","KC","DEN","Patrick Mahomes","MahoPa00",1,0.025,NA,NA,9,0.225,4,18,4,5,13,0.265,NA,NA,NA
"4394","2024_10_DEN_KC","202411100kan",2024,10,"REG","DEN","KC","Bo Nix","NixxBo00",2,0.074,NA,NA,3,0.111,2,10,2,3,7,0.212,NA,NA,NA
"4395","2024_10_ATL_NO","202411100nor",2024,10,"REG","NO","ATL","Derek Carr","CarrDe02",1,0.048,NA,NA,3,0.143,0,9,6,1,7,0.259,NA,NA,NA
"4396","2024_10_ATL_NO","202411100nor",2024,10,"REG","ATL","NO","Kirk Cousins","CousKi00",0,0,NA,NA,5,0.135,3,4,2,4,9,0.22,NA,NA,NA
"4397","2024_10_SF_TB","202411100tam",2024,10,"REG","TB","SF","Baker Mayfield","MayfBa00",1,0.034,NA,NA,5,0.172,2,8,3,0,5,0.156,NA,NA,NA
"4398","2024_10_SF_TB","202411100tam",2024,10,"REG","SF","TB","Brock Purdy","PurdBr00",0,0,NA,NA,6,0.176,3,16,3,4,10,0.238,NA,NA,NA
"4399","2024_10_PIT_WAS","202411100was",2024,10,"REG","WAS","PIT","Jayden Daniels","DaniJa02",4,0.125,NA,NA,5,0.156,3,20,2,3,8,0.211,NA,NA,NA
"4400","2024_10_PIT_WAS","202411100was",2024,10,"REG","PIT","WAS","Russell Wilson","WilsRu00",2,0.08,NA,NA,8,0.32,3,15,0,3,6,0.188,NA,NA,NA
"4401","2024_10_PIT_WAS","202411100was",2024,10,"REG","PIT","WAS","Miles Killebrew","KillMi00",1,1,NA,NA,0,0,0,0,0,0,0,0,NA,NA,NA
"4402","2024_10_TEN_LAC","202411100sdg",2024,10,"REG","LAC","TEN","Justin Herbert","HerbJu00",1,0.056,NA,NA,0,0,0,1,0,2,2,0.087,NA,NA,NA
"4403","2024_10_TEN_LAC","202411100sdg",2024,10,"REG","TEN","LAC","Will Levis","LeviWi00",0,0,NA,NA,4,0.174,7,5,1,2,10,0.303,NA,NA,NA
"4404","2024_10_NYJ_ARI","202411100crd",2024,10,"REG","ARI","NYJ","Kyler Murray","MurrKy00",1,0.042,NA,NA,1,0.042,1,5,0,2,3,0.12,NA,NA,NA
"4405","2024_10_NYJ_ARI","202411100crd",2024,10,"REG","NYJ","ARI","Aaron Rodgers","RodgAa00",1,0.03,NA,NA,5,0.152,3,8,4,2,9,0.237,NA,NA,NA
"4406","2024_10_PHI_DAL","202411100dal",2024,10,"REG","DAL","PHI","Cooper Rush","RushCo00",0,0,NA,NA,4,0.174,1,4,0,3,4,0.167,NA,NA,NA
"4407","2024_10_PHI_DAL","202411100dal",2024,10,"REG","DAL","PHI","Trey Lance","LancTr00",0,0,NA,NA,1,0.167,2,2,1,1,4,0.5,NA,NA,NA
"4408","2024_10_PHI_DAL","202411100dal",2024,10,"REG","PHI","DAL","Jalen Hurts","HurtJa00",0,0,NA,NA,1,0.056,5,11,3,2,10,0.357,NA,NA,NA
"4409","2024_10_PHI_DAL","202411100dal",2024,10,"REG","PHI","DAL","Kenny Pickett","PickKe00",0,0,NA,NA,1,0.5,0,2,0,1,1,0.5,NA,NA,NA
"4410","2024_10_DET_HOU","202411100htx",2024,10,"REG","HOU","DET","C.J. Stroud","StroCJ00",2,0.063,NA,NA,5,0.156,4,16,6,3,13,0.342,NA,NA,NA
"4411","2024_10_DET_HOU","202411100htx",2024,10,"REG","DET","HOU","Jared Goff","GoffJa00",1,0.04,NA,NA,2,0.08,0,4,4,5,9,0.29,NA,NA,NA
"4412","2024_10_MIA_LA","202411110ram",2024,10,"REG","LA","MIA","Matthew Stafford","StafMa00",1,0.022,NA,NA,8,0.178,4,7,3,3,10,0.2,NA,NA,NA
"4413","2024_10_MIA_LA","202411110ram",2024,10,"REG","MIA","LA","Tua Tagovailoa","TagoTu00",1,0.036,NA,NA,4,0.143,3,7,3,1,7,0.226,NA,NA,NA
"4414","2024_11_WAS_PHI","202411140phi",2024,11,"REG","PHI","WAS","Jalen Hurts","HurtJa00",1,0.038,NA,NA,5,0.192,2,9,0,2,4,0.118,NA,NA,NA
"4415","2024_11_WAS_PHI","202411140phi",2024,11,"REG","WAS","PHI","Jayden Daniels","DaniJa02",3,0.094,NA,NA,3,0.094,3,1,0,0,3,0.077,NA,NA,NA
"4416","2024_11_GB_CHI","202411170chi",2024,11,"REG","CHI","GB","Caleb Williams","WillCa03",1,0.032,NA,NA,6,0.194,3,8,0,3,6,0.154,NA,NA,NA
"4417","2024_11_GB_CHI","202411170chi",2024,11,"REG","GB","CHI","Jordan Love","LoveJo03",1,0.059,NA,NA,2,0.118,1,3,0,2,3,0.15,NA,NA,NA
"4418","2024_11_JAX_DET","202411170det",2024,11,"REG","DET","JAX","Jared Goff","GoffJa00",1,0.037,NA,NA,1,0.037,0,2,2,2,4,0.125,NA,NA,NA
"4419","2024_11_JAX_DET","202411170det",2024,11,"REG","DET","JAX","Hendon Hooker","HookHe00",1,0.25,NA,NA,0,0,0,0,0,0,0,0,NA,NA,NA
"4420","2024_11_JAX_DET","202411170det",2024,11,"REG","JAX","DET","Mac Jones","JoneMa05",0,0,NA,NA,9,0.321,1,15,2,1,4,0.129,NA,NA,NA
"4421","2024_11_LV_MIA","202411170mia",2024,11,"REG","MIA","LV","Tua Tagovailoa","TagoTu00",2,0.057,NA,NA,3,0.086,2,6,1,0,3,0.079,NA,NA,NA
"4422","2024_11_LV_MIA","202411170mia",2024,11,"REG","LV","MIA","Gardner Minshew II","MinsGa00",2,0.051,NA,NA,4,0.103,3,6,2,1,6,0.125,NA,NA,NA
"4423","2024_11_LA_NE","202411170nwe",2024,11,"REG","NE","LA","Drake Maye","MayeDr00",1,0.026,NA,NA,1,0.026,3,15,0,2,5,0.109,NA,NA,NA
"4424","2024_11_LA_NE","202411170nwe",2024,11,"REG","LA","NE","Matthew Stafford","StafMa00",0,0,NA,NA,7,0.259,0,16,0,4,4,0.148,NA,NA,NA
"4425","2024_11_CLE_NO","202411170nor",2024,11,"REG","NO","CLE","Derek Carr","CarrDe02",0,0,NA,NA,3,0.115,1,4,6,2,9,0.321,NA,NA,NA
"4426","2024_11_CLE_NO","202411170nor",2024,11,"REG","NO","CLE","Taysom Hill","HillTa00",0,0,NA,NA,0,0,0,1,0,0,0,0,NA,NA,NA
"4427","2024_11_CLE_NO","202411170nor",2024,11,"REG","CLE","NO","Jameis Winston","WinsJa00",0,0,NA,NA,10,0.227,3,7,7,1,11,0.22,NA,NA,NA
"4428","2024_11_CLE_NO","202411170nor",2024,11,"REG","CLE","NO","Dorian Thompson-Robinson","ThomDo02",0,0,NA,NA,0,0,0,0,0,0,0,0,NA,NA,NA
"4429","2024_11_IND_NYJ","202411170nyj",2024,11,"REG","NYJ","IND","Aaron Rodgers","RodgAa00",1,0.034,NA,NA,4,0.138,3,7,0,2,5,0.152,NA,NA,NA
"4430","2024_11_IND_NYJ","202411170nyj",2024,11,"REG","IND","NYJ","Anthony Richardson","RichAn03",2,0.071,NA,NA,5,0.179,2,6,1,3,6,0.188,NA,NA,NA
"4431","2024_11_BAL_PIT","202411170pit",2024,11,"REG","PIT","BAL","Russell Wilson","WilsRu00",1,0.031,NA,NA,3,0.094,4,9,3,3,10,0.244,NA,NA,NA
"4432","2024_11_BAL_PIT","202411170pit",2024,11,"REG","BAL","PIT","Lamar Jackson","JackLa00",2,0.065,NA,NA,7,0.226,2,15,4,4,10,0.286,NA,NA,NA
"4433","2024_11_MIN_TEN","202411170oti",2024,11,"REG","TEN","MIN","Will Levis","LeviWi00",2,0.069,NA,NA,9,0.31,5,10,4,4,13,0.342,NA,NA,NA
"4434","2024_11_MIN_TEN","202411170oti",2024,11,"REG","MIN","TEN","Sam Darnold","DarnSa00",3,0.1,NA,NA,5,0.167,2,7,2,2,6,0.162,NA,NA,NA
"4435","2024_11_ATL_DEN","202411170den",2024,11,"REG","DEN","ATL","Bo Nix","NixxBo00",0,0,NA,NA,2,0.063,1,5,4,2,7,0.2,NA,NA,NA
"4436","2024_11_ATL_DEN","202411170den",2024,11,"REG","ATL","DEN","Kirk Cousins","CousKi00",0,0,NA,NA,4,0.154,3,7,2,1,6,0.2,NA,NA,NA
"4437","2024_11_ATL_DEN","202411170den",2024,11,"REG","ATL","DEN","Michael Penix","PeniMi00",0,0,NA,NA,2,0.5,1,1,0,1,2,0.4,NA,NA,NA
"4438","2024_11_SEA_SF","202411170sfo",2024,11,"REG","SF","SEA","Brock Purdy","PurdBr00",0,0,NA,NA,2,0.071,2,14,2,2,6,0.171,NA,NA,NA
"4439","2024_11_SEA_SF","202411170sfo",2024,11,"REG","SEA","SF","Geno Smith","SmitGe00",1,0.032,NA,NA,3,0.097,4,1,3,2,9,0.237,NA,NA,NA
"4440","2024_11_KC_BUF","202411170buf",2024,11,"REG","BUF","KC","Josh Allen","AlleJo02",0,0,NA,NA,10,0.263,0,15,6,4,10,0.222,NA,NA,NA
"4441","2024_11_KC_BUF","202411170buf",2024,11,"REG","KC","BUF","Patrick Mahomes","MahoPa00",1,0.032,NA,NA,3,0.097,2,10,10,5,17,0.486,NA,NA,NA
"4442","2024_11_CIN_LAC","202411170sdg",2024,11,"REG","LAC","CIN","Justin Herbert","HerbJu00",2,0.061,NA,NA,5,0.152,2,9,1,3,6,0.143,NA,NA,NA
"4443","2024_11_CIN_LAC","202411170sdg",2024,11,"REG","CIN","LAC","Joe Burrow","BurrJo01",1,0.022,NA,NA,8,0.174,3,16,3,10,16,0.291,NA,NA,NA
"4444","2024_11_HOU_DAL","202411180dal",2024,11,"REG","DAL","HOU","Cooper Rush","RushCo00",3,0.057,NA,NA,10,0.189,5,4,6,1,12,0.197,NA,NA,NA
"4445","2024_11_HOU_DAL","202411180dal",2024,11,"REG","DAL","HOU","Bryan Anger","AngeBr00",0,0,NA,NA,0,0,0,1,0,0,0,0,NA,NA,NA
"4446","2024_11_HOU_DAL","202411180dal",2024,11,"REG","HOU","DAL","C.J. Stroud","StroCJ00",2,0.061,NA,NA,4,0.121,1,8,6,0,7,0.184,NA,NA,NA
"4447","2024_12_PIT_CLE","202411210cle",2024,12,"REG","CLE","PIT","Jameis Winston","WinsJa00",3,0.111,NA,NA,1,0.037,1,4,0,5,6,0.207,NA,NA,NA
"4448","2024_12_PIT_CLE","202411210cle",2024,12,"REG","PIT","CLE","Russell Wilson","WilsRu00",0,0,NA,NA,5,0.192,4,3,0,7,11,0.333,NA,NA,NA
"4449","2024_12_PIT_CLE","202411210cle",2024,12,"REG","PIT","CLE","Justin Fields","FielJu00",0,0,NA,NA,1,1,0,0,0,0,0,0,NA,NA,NA
"4450","2024_12_KC_CAR","202411240car",2024,12,"REG","CAR","KC","Bryce Young","YounBr01",3,0.091,NA,NA,7,0.212,2,15,3,4,9,0.225,NA,NA,NA
"4451","2024_12_KC_CAR","202411240car",2024,12,"REG","KC","CAR","Patrick Mahomes","MahoPa00",3,0.083,NA,NA,3,0.083,5,12,2,2,9,0.191,NA,NA,NA
"4452","2024_12_MIN_CHI","202411240chi",2024,12,"REG","CHI","MIN","Caleb Williams","WillCa03",3,0.065,NA,NA,9,0.196,3,19,5,2,10,0.182,NA,NA,NA
"4453","2024_12_MIN_CHI","202411240chi",2024,12,"REG","CHI","MIN","D.J. Moore","MoorD.00",0,0,NA,NA,0,0,0,0,0,0,0,0,NA,NA,NA
"4454","2024_12_MIN_CHI","202411240chi",2024,12,"REG","MIN","CHI","Sam Darnold","DarnSa00",2,0.065,NA,NA,2,0.065,3,9,4,6,13,0.351,NA,NA,NA
"4455","2024_12_MIN_CHI","202411240chi",2024,12,"REG","MIN","CHI","Nick Mullens","MullNi00",0,0,NA,NA,0,0,0,0,0,0,0,0,NA,NA,NA
"4456","2024_12_TEN_HOU","202411240htx",2024,12,"REG","HOU","TEN","C.J. Stroud","StroCJ00",1,0.032,NA,NA,5,0.161,4,6,3,2,9,0.225,NA,NA,NA
"4457","2024_12_TEN_HOU","202411240htx",2024,12,"REG","TEN","HOU","Will Levis","LeviWi00",1,0.042,NA,NA,4,0.167,8,4,0,1,9,0.273,NA,NA,NA
"4458","2024_12_TEN_HOU","202411240htx",2024,12,"REG","TEN","HOU","Tyler Boyd","BoydTy00",0,0,NA,NA,1,1,0,0,0,0,0,0,NA,NA,NA
"4459","2024_12_DET_IND","202411240clt",2024,12,"REG","IND","DET","Anthony Richardson","RichAn03",1,0.038,NA,NA,10,0.385,0,12,4,6,10,0.333,NA,NA,NA
"4460","2024_12_DET_IND","202411240clt",2024,12,"REG","DET","IND","Jared Goff","GoffJa00",0,0,NA,NA,6,0.182,3,3,9,6,18,0.45,NA,NA,NA
"4461","2024_12_NE_MIA","202411240mia",2024,12,"REG","MIA","NE","Tua Tagovailoa","TagoTu00",1,0.025,NA,NA,2,0.05,2,8,3,0,5,0.119,NA,NA,NA
"4462","2024_12_NE_MIA","202411240mia",2024,12,"REG","NE","MIA","Drake Maye","MayeDr00",1,0.028,NA,NA,8,0.222,4,8,3,2,9,0.2,NA,NA,NA
"4463","2024_12_NE_MIA","202411240mia",2024,12,"REG","NE","MIA","Kendrick Bourne","BourKe00",0,0,NA,NA,1,1,0,0,0,0,0,0,NA,NA,NA
"4464","2024_12_TB_NYG","202411240nyg",2024,12,"REG","NYG","TB","Tommy DeVito","DeViTo00",1,0.034,NA,NA,4,0.138,4,9,0,4,8,0.205,NA,NA,NA
"4465","2024_12_TB_NYG","202411240nyg",2024,12,"REG","NYG","TB","Drew Lock","LockDr00",0,0,NA,NA,0,0,0,1,0,0,0,0,NA,NA,NA
"4466","2024_12_TB_NYG","202411240nyg",2024,12,"REG","TB","NYG","Baker Mayfield","MayfBa00",3,0.1,NA,NA,1,0.033,0,4,1,2,3,0.094,NA,NA,NA
"4467","2024_12_DAL_WAS","202411240was",2024,12,"REG","WAS","DAL","Jayden Daniels","DaniJa02",2,0.057,NA,NA,4,0.114,4,14,9,6,19,0.432,NA,NA,NA
"4468","2024_12_DAL_WAS","202411240was",2024,12,"REG","DAL","WAS","Cooper Rush","RushCo00",1,0.031,NA,NA,2,0.063,1,10,2,1,4,0.121,NA,NA,NA
"4469","2024_12_DEN_LV","202411240rai",2024,12,"REG","LV","DEN","Gardner Minshew II","MinsGa00",0,0,NA,NA,5,0.139,3,9,6,3,12,0.261,NA,NA,NA
"4470","2024_12_DEN_LV","202411240rai",2024,12,"REG","LV","DEN","Desmond Ridder","RiddDe00",0,0,NA,NA,3,0.333,2,4,1,1,4,0.308,NA,NA,NA
"4471","2024_12_DEN_LV","202411240rai",2024,12,"REG","LV","DEN","AJ Cole III","ColeAJ01",0,0,NA,NA,0,0,0,0,0,0,0,0,NA,NA,NA
"4472","2024_12_DEN_LV","202411240rai",2024,12,"REG","DEN","LV","Bo Nix","NixxBo00",3,0.077,NA,NA,4,0.103,1,17,5,2,8,0.182,NA,NA,NA
"4473","2024_12_SF_GB","202411240gnb",2024,12,"REG","GB","SF","Jordan Love","LoveJo03",2,0.091,NA,NA,5,0.227,2,3,2,2,6,0.24,NA,NA,NA
"4474","2024_12_SF_GB","202411240gnb",2024,12,"REG","SF","GB","Brandon Allen","AlleBr00",4,0.154,NA,NA,4,0.154,2,6,3,2,7,0.219,NA,NA,NA
"4475","2024_12_ARI_SEA","202411240sea",2024,12,"REG","SEA","ARI","Geno Smith","SmitGe00",0,0,NA,NA,2,0.071,5,8,0,2,7,0.189,NA,NA,NA
"4476","2024_12_ARI_SEA","202411240sea",2024,12,"REG","ARI","SEA","Kyler Murray","MurrKy00",0,0,NA,NA,5,0.147,5,7,2,1,8,0.186,NA,NA,NA
"4477","2024_12_PHI_LA","202411240ram",2024,12,"REG","LA","PHI","Matthew Stafford","StafMa00",0,0,NA,NA,3,0.088,5,7,1,6,12,0.286,NA,NA,NA
"4478","2024_12_PHI_LA","202411240ram",2024,12,"REG","PHI","LA","Jalen Hurts","HurtJa00",0,0,NA,NA,2,0.105,1,6,5,1,7,0.269,NA,NA,NA
"4479","2024_12_BAL_LAC","202411250sdg",2024,12,"REG","LAC","BAL","Justin Herbert","HerbJu00",3,0.083,NA,NA,7,0.194,4,12,1,3,8,0.182,NA,NA,NA
"4480","2024_12_BAL_LAC","202411250sdg",2024,12,"REG","BAL","LAC","Lamar Jackson","JackLa00",0,0,NA,NA,3,0.143,1,9,4,1,6,0.261,NA,NA,NA
"4481","2024_13_CHI_DET","202411280det",2024,13,"REG","DET","CHI","Jared Goff","GoffJa00",0,0,NA,NA,5,0.161,1,11,1,2,4,0.114,NA,NA,NA
"4482","2024_13_CHI_DET","202411280det",2024,13,"REG","CHI","DET","Caleb Williams","WillCa03",1,0.028,NA,NA,9,0.25,5,8,0,4,9,0.188,NA,NA,NA
"4483","2024_13_NYG_DAL","202411280dal",2024,13,"REG","DAL","NYG","Cooper Rush","RushCo00",0,0,NA,NA,0,0,0,0,0,0,0,0,NA,NA,NA
"4484","2024_13_NYG_DAL","202411280dal",2024,13,"REG","NYG","DAL","Drew Lock","LockDr00",0,0,NA,NA,0,0,6,0,0,0,6,0.146,NA,NA,NA
"4485","2024_13_MIA_GB","202411280gnb",2024,13,"REG","GB","MIA","Jordan Love","LoveJo03",0,0,NA,NA,0,0,0,0,0,0,0,0,NA,NA,NA
"4486","2024_13_MIA_GB","202411280gnb",2024,13,"REG","MIA","GB","Tua Tagovailoa","TagoTu00",0,0,NA,NA,0,0,5,0,0,0,5,0.096,NA,NA,NA
"4487","2024_13_LV_KC","202411290kan",2024,13,"REG","KC","LV","Patrick Mahomes","MahoPa00",0,0,NA,NA,0,0,5,0,0,0,5,0.096,NA,NA,NA
"4488","2024_13_LV_KC","202411290kan",2024,13,"REG","LV","KC","Aidan O'Connell","OConAi00",0,0,NA,NA,0,0,3,0,0,0,3,0.079,NA,NA,NA
"4489","2024_13_LAC_ATL","202412010atl",2024,13,"REG","ATL","LAC","Kirk Cousins","CousKi00",0,0,NA,NA,7,0.184,1,5,4,3,8,0.2,NA,NA,NA
"4490","2024_13_LAC_ATL","202412010atl",2024,13,"REG","LAC","ATL","Justin Herbert","HerbJu00",0,0,NA,NA,1,0.043,5,5,3,3,11,0.393,NA,NA,NA
"4491","2024_13_LAC_ATL","202412010atl",2024,13,"REG","LAC","ATL","JK Scott","ScotJK00",0,0,NA,NA,0,0,0,1,0,0,0,0,NA,NA,NA
"4492","2024_13_PIT_CIN","202412010cin",2024,13,"REG","CIN","PIT","Joe Burrow","BurrJo01",3,0.081,NA,NA,3,0.081,4,10,7,7,18,0.409,NA,NA,NA
"4493","2024_13_PIT_CIN","202412010cin",2024,13,"REG","PIT","CIN","Russell Wilson","WilsRu00",1,0.028,NA,NA,5,0.139,2,10,8,7,17,0.415,NA,NA,NA
"4494","2024_13_HOU_JAX","202412010jax",2024,13,"REG","JAX","HOU","Mac Jones","JoneMa05",1,0.031,NA,NA,8,0.25,0,6,0,3,3,0.088,NA,NA,NA
"4495","2024_13_HOU_JAX","202412010jax",2024,13,"REG","JAX","HOU","Trevor Lawrence","LawrTr00",1,0.1,NA,NA,3,0.3,0,2,0,0,0,0,NA,NA,NA
"4496","2024_13_HOU_JAX","202412010jax",2024,13,"REG","HOU","JAX","C.J. Stroud","StroCJ00",2,0.061,NA,NA,3,0.091,2,11,2,1,5,0.132,NA,NA,NA
"4497","2024_13_ARI_MIN","202412010min",2024,13,"REG","MIN","ARI","Sam Darnold","DarnSa00",1,0.033,NA,NA,5,0.167,5,10,0,3,8,0.205,NA,NA,NA
"4498","2024_13_ARI_MIN","202412010min",2024,13,"REG","ARI","MIN","Kyler Murray","MurrKy00",1,0.023,NA,NA,5,0.116,1,20,1,3,5,0.098,NA,NA,NA
"4499","2024_13_IND_NE","202412010nwe",2024,13,"REG","NE","IND","Drake Maye","MayeDr00",0,0,NA,NA,4,0.133,4,6,1,0,5,0.128,NA,NA,NA
"4500","2024_13_IND_NE","202412010nwe",2024,13,"REG","IND","NE","Anthony Richardson","RichAn03",1,0.042,NA,NA,5,0.208,0,5,1,2,3,0.12,NA,NA,NA
"4501","2024_13_SEA_NYJ","202412010nyj",2024,13,"REG","NYJ","SEA","Aaron Rodgers","RodgAa00",3,0.079,NA,NA,11,0.289,2,10,3,4,9,0.214,NA,NA,NA
"4502","2024_13_SEA_NYJ","202412010nyj",2024,13,"REG","SEA","NYJ","Geno Smith","SmitGe00",0,0,NA,NA,7,0.233,3,10,2,3,8,0.229,NA,NA,NA
"4503","2024_13_TEN_WAS","202412010was",2024,13,"REG","WAS","TEN","Jayden Daniels","DaniJa02",0,0,NA,NA,4,0.133,2,8,1,0,3,0.079,NA,NA,NA
"4504","2024_13_TEN_WAS","202412010was",2024,13,"REG","TEN","WAS","Will Levis","LeviWi00",6,0.167,NA,NA,11,0.306,2,8,3,6,11,0.282,NA,NA,NA
"4505","2024_13_TB_CAR","202412010car",2024,13,"REG","CAR","TB","Bryce Young","YounBr01",4,0.098,NA,NA,10,0.244,1,23,3,10,14,0.28,NA,NA,NA
"4506","2024_13_TB_CAR","202412010car",2024,13,"REG","TB","CAR","Baker Mayfield","MayfBa00",4,0.121,NA,NA,2,0.061,4,12,3,2,9,0.237,NA,NA,NA
"4507","2024_13_TB_CAR","202412010car",2024,13,"REG","TB","CAR","Kyle Trask","TrasKy00",0,0,NA,NA,0,0,0,0,0,0,0,0,NA,NA,NA
"4508","2024_13_LA_NO","202412010nor",2024,13,"REG","NO","LA","Derek Carr","CarrDe02",2,0.059,NA,NA,3,0.088,0,3,5,3,8,0.205,NA,NA,NA
"4509","2024_13_LA_NO","202412010nor",2024,13,"REG","LA","NO","Matthew Stafford","StafMa00",0,0,NA,NA,8,0.348,2,4,0,4,6,0.231,NA,NA,NA
"4510","2024_13_PHI_BAL","202412010rav",2024,13,"REG","BAL","PHI","Lamar Jackson","JackLa00",4,0.114,NA,NA,5,0.143,3,6,2,2,7,0.159,NA,NA,NA
"4511","2024_13_PHI_BAL","202412010rav",2024,13,"REG","PHI","BAL","Jalen Hurts","HurtJa00",1,0.059,NA,NA,3,0.176,2,3,2,0,4,0.19,NA,NA,NA
"4512","2024_13_SF_BUF","202412010buf",2024,13,"REG","BUF","SF","Josh Allen","AlleJo02",0,0,NA,NA,2,0.118,0,5,0,1,1,0.056,NA,NA,NA
"4513","2024_13_SF_BUF","202412010buf",2024,13,"REG","BUF","SF","Mitchell Trubisky","TrubMi00",0,0,NA,NA,0,0,0,1,0,0,0,0,NA,NA,NA
"4514","2024_13_SF_BUF","202412010buf",2024,13,"REG","SF","BUF","Brock Purdy","PurdBr00",2,0.118,NA,NA,3,0.176,2,1,0,0,2,0.091,NA,NA,NA
"4515","2024_13_CLE_DEN","202412020den",2024,13,"REG","DEN","CLE","Bo Nix","NixxBo00",2,0.065,NA,NA,6,0.194,0,12,5,2,7,0.194,NA,NA,NA
"4516","2024_13_CLE_DEN","202412020den",2024,13,"REG","CLE","DEN","Jameis Winston","WinsJa00",4,0.07,NA,NA,8,0.14,3,10,7,6,16,0.258,NA,NA,NA
"4517","2024_14_GB_DET","202412050det",2024,14,"REG","DET","GB","Jared Goff","GoffJa00",1,0.025,NA,NA,4,0.1,1,8,2,2,5,0.116,NA,NA,NA
"4518","2024_14_GB_DET","202412050det",2024,14,"REG","GB","DET","Jordan Love","LoveJo03",1,0.053,NA,NA,5,0.263,1,12,0,6,7,0.292,NA,NA,NA
"4519","2024_14_NYJ_MIA","202412080mia",2024,14,"REG","MIA","NYJ","Tua Tagovailoa","TagoTu00",3,0.067,NA,NA,5,0.111,0,12,7,0,7,0.146,NA,NA,NA
"4520","2024_14_NYJ_MIA","202412080mia",2024,14,"REG","NYJ","MIA","Aaron Rodgers","RodgAa00",3,0.077,NA,NA,5,0.128,3,10,10,3,16,0.381,NA,NA,NA
"4521","2024_14_ATL_MIN","202412080min",2024,14,"REG","MIN","ATL","Sam Darnold","DarnSa00",0,0,NA,NA,4,0.143,4,5,1,3,8,0.235,NA,NA,NA
"4522","2024_14_ATL_MIN","202412080min",2024,14,"REG","ATL","MIN","Kirk Cousins","CousKi00",3,0.081,NA,NA,5,0.135,1,18,0,3,4,0.105,NA,NA,NA
"4523","2024_14_NO_NYG","202412080nyg",2024,14,"REG","NYG","NO","Drew Lock","LockDr00",3,0.064,NA,NA,11,0.234,2,7,9,11,22,0.393,NA,NA,NA
"4524","2024_14_NO_NYG","202412080nyg",2024,14,"REG","NO","NYG","Derek Carr","CarrDe02",2,0.065,NA,NA,8,0.258,1,12,6,2,9,0.273,NA,NA,NA
"4525","2024_14_CAR_PHI","202412080phi",2024,14,"REG","PHI","CAR","Jalen Hurts","HurtJa00",0,0,NA,NA,2,0.105,4,12,0,0,4,0.143,NA,NA,NA
"4526","2024_14_CAR_PHI","202412080phi",2024,14,"REG","CAR","PHI","Bryce Young","YounBr01",1,0.03,NA,NA,9,0.273,1,10,0,7,8,0.195,NA,NA,NA
"4527","2024_14_CLE_PIT","202412080pit",2024,14,"REG","PIT","CLE","Russell Wilson","WilsRu00",0,0,NA,NA,9,0.36,1,9,2,6,9,0.31,NA,NA,NA
"4528","2024_14_CLE_PIT","202412080pit",2024,14,"REG","CLE","PIT","Jameis Winston","WinsJa00",0,0,NA,NA,12,0.3,3,11,3,3,9,0.2,NA,NA,NA
"4529","2024_14_LV_TB","202412080tam",2024,14,"REG","TB","LV","Baker Mayfield","MayfBa00",1,0.036,NA,NA,3,0.107,4,7,0,3,7,0.2,NA,NA,NA
"4530","2024_14_LV_TB","202412080tam",2024,14,"REG","LV","TB","Aidan O'Connell","OConAi00",0,0,NA,NA,6,0.333,1,6,2,2,5,0.238,NA,NA,NA
"4531","2024_14_LV_TB","202412080tam",2024,14,"REG","LV","TB","Desmond Ridder","RiddDe00",1,0.056,NA,NA,4,0.222,1,7,0,2,3,0.15,NA,NA,NA
"4532","2024_14_JAX_TEN","202412080oti",2024,14,"REG","TEN","JAX","Will Levis","LeviWi00",3,0.094,NA,NA,3,0.094,2,5,1,1,4,0.118,NA,NA,NA
"4533","2024_14_JAX_TEN","202412080oti",2024,14,"REG","JAX","TEN","Mac Jones","JoneMa05",2,0.067,NA,NA,1,0.033,1,5,0,5,6,0.176,NA,NA,NA
"4534","2024_14_SEA_ARI","202412080crd",2024,14,"REG","ARI","SEA","Kyler Murray","MurrKy00",0,0,NA,NA,4,0.105,2,8,3,3,8,0.19,NA,NA,NA
"4535","2024_14_SEA_ARI","202412080crd",2024,14,"REG","SEA","ARI","Geno Smith","SmitGe00",0,0,NA,NA,3,0.103,0,5,2,2,4,0.133,NA,NA,NA
"4536","2024_14_BUF_LA","202412080ram",2024,14,"REG","LA","BUF","Matthew Stafford","StafMa00",1,0.033,NA,NA,4,0.133,0,8,2,3,5,0.167,NA,NA,NA
"4537","2024_14_BUF_LA","202412080ram",2024,14,"REG","BUF","LA","Josh Allen","AlleJo02",0,0,NA,NA,12,0.324,0,6,1,1,2,0.049,NA,NA,NA
"4538","2024_14_CHI_SF","202412080sfo",2024,14,"REG","SF","CHI","Brock Purdy","PurdBr00",0,0,NA,NA,2,0.08,1,8,1,2,4,0.148,NA,NA,NA
"4539","2024_14_CHI_SF","202412080sfo",2024,14,"REG","SF","CHI","Brandon Allen","AlleBr00",0,0,NA,NA,1,1,0,1,0,0,0,0,NA,NA,NA
"4540","2024_14_CHI_SF","202412080sfo",2024,14,"REG","CHI","SF","Caleb Williams","WillCa03",1,0.043,NA,NA,2,0.087,7,3,0,1,8,0.25,NA,NA,NA
"4541","2024_14_CHI_SF","202412080sfo",2024,14,"REG","CHI","SF","Tyson Bagent","BageTy00",0,0,NA,NA,0,0,0,0,0,0,0,0,NA,NA,NA
"4542","2024_14_LAC_KC","202412080kan",2024,14,"REG","KC","LAC","Patrick Mahomes","MahoPa00",1,0.028,NA,NA,7,0.194,3,12,4,9,16,0.381,NA,NA,NA
"4543","2024_14_LAC_KC","202412080kan",2024,14,"REG","LAC","KC","Justin Herbert","HerbJu00",2,0.069,NA,NA,4,0.138,3,10,0,4,7,0.2,NA,NA,NA
"4544","2024_14_CIN_DAL","202412090dal",2024,14,"REG","DAL","CIN","Cooper Rush","RushCo00",2,0.065,NA,NA,9,0.29,3,9,4,4,11,0.314,NA,NA,NA
"4545","2024_14_CIN_DAL","202412090dal",2024,14,"REG","CIN","DAL","Joe Burrow","BurrJo01",2,0.047,NA,NA,3,0.07,2,18,3,6,11,0.239,NA,NA,NA
"4546","2024_15_LA_SF","202412120sfo",2024,15,"REG","SF","LA","Brock Purdy","PurdBr00",3,0.097,NA,NA,5,0.161,3,5,0,0,3,0.088,NA,NA,NA
"4547","2024_15_LA_SF","202412120sfo",2024,15,"REG","LA","SF","Matthew Stafford","StafMa00",2,0.077,NA,NA,4,0.154,0,8,0,5,5,0.179,NA,NA,NA
"4548","2024_15_DAL_CAR","202412150car",2024,15,"REG","CAR","DAL","Bryce Young","YounBr01",1,0.037,NA,NA,5,0.185,6,5,3,4,13,0.351,NA,NA,NA
"4549","2024_15_DAL_CAR","202412150car",2024,15,"REG","DAL","CAR","Cooper Rush","RushCo00",2,0.071,NA,NA,3,0.107,1,8,0,2,3,0.097,NA,NA,NA
"4550","2024_15_KC_CLE","202412150cle",2024,15,"REG","CLE","KC","Jameis Winston","WinsJa00",1,0.042,NA,NA,1,0.042,5,9,0,2,7,0.233,NA,NA,NA
"4551","2024_15_KC_CLE","202412150cle",2024,15,"REG","CLE","KC","Dorian Thompson-Robinson","ThomDo02",0,0,NA,NA,3,0.333,0,1,0,3,3,0.273,NA,NA,NA
"4552","2024_15_KC_CLE","202412150cle",2024,15,"REG","KC","CLE","Patrick Mahomes","MahoPa00",6,0.167,NA,NA,7,0.194,0,5,1,10,11,0.282,NA,NA,NA
"4553","2024_15_KC_CLE","202412150cle",2024,15,"REG","KC","CLE","Carson Wentz","WentCa00",0,0,NA,NA,0,0,0,1,0,1,1,0.333,NA,NA,NA
"4554","2024_15_MIA_HOU","202412150htx",2024,15,"REG","HOU","MIA","C.J. Stroud","StroCJ00",0,0,NA,NA,6,0.24,4,6,4,2,10,0.313,NA,NA,NA
"4555","2024_15_MIA_HOU","202412150htx",2024,15,"REG","MIA","HOU","Tua Tagovailoa","TagoTu00",0,0,NA,NA,6,0.15,3,7,2,2,7,0.163,NA,NA,NA
"4556","2024_15_NYJ_JAX","202412150jax",2024,15,"REG","JAX","NYJ","Mac Jones","JoneMa05",1,0.023,NA,NA,9,0.209,2,15,4,1,7,0.137,NA,NA,NA
"4557","2024_15_NYJ_JAX","202412150jax",2024,15,"REG","NYJ","JAX","Aaron Rodgers","RodgAa00",2,0.071,NA,NA,4,0.143,1,2,3,2,6,0.167,NA,NA,NA
"4558","2024_15_WAS_NO","202412150nor",2024,15,"REG","NO","WAS","Spencer Rattler","RattSp00",1,0.053,NA,NA,5,0.263,0,6,1,1,2,0.095,NA,NA,NA
"4559","2024_15_WAS_NO","202412150nor",2024,15,"REG","NO","WAS","Jake Haener","HaenJa00",2,0.222,NA,NA,2,0.222,3,4,1,3,7,0.5,NA,NA,NA
"4560","2024_15_WAS_NO","202412150nor",2024,15,"REG","NO","WAS","Cedrick Wilson Jr.","WilsCe01",0,0,NA,NA,0,0,0,0,0,0,0,0,NA,NA,NA
"4561","2024_15_WAS_NO","202412150nor",2024,15,"REG","WAS","NO","Jayden Daniels","DaniJa02",1,0.033,NA,NA,2,0.067,8,6,1,0,9,0.205,NA,NA,NA
"4562","2024_15_BAL_NYG","202412150nyg",2024,15,"REG","NYG","BAL","Tim Boyle","BoylTi00",1,0.045,NA,NA,4,0.182,1,8,8,4,13,0.52,NA,NA,NA
"4563","2024_15_BAL_NYG","202412150nyg",2024,15,"REG","NYG","BAL","Tommy DeVito","DeViTo00",0,0,NA,NA,2,0.167,2,2,2,0,4,0.267,NA,NA,NA
"4564","2024_15_BAL_NYG","202412150nyg",2024,15,"REG","BAL","NYG","Lamar Jackson","JackLa00",0,0,NA,NA,2,0.083,2,12,7,1,10,0.357,NA,NA,NA
"4565","2024_15_CIN_TEN","202412150oti",2024,15,"REG","TEN","CIN","Mason Rudolph","RudoMa00",0,0,NA,NA,2,0.08,0,2,2,2,4,0.148,NA,NA,NA
"4566","2024_15_CIN_TEN","202412150oti",2024,15,"REG","TEN","CIN","Will Levis","LeviWi00",0,0,NA,NA,1,0.083,1,5,0,2,3,0.231,NA,NA,NA
"4567","2024_15_CIN_TEN","202412150oti",2024,15,"REG","CIN","TEN","Joe Burrow","BurrJo01",2,0.057,NA,NA,5,0.143,1,6,2,3,6,0.158,NA,NA,NA
"4568","2024_15_NE_ARI","202412150crd",2024,15,"REG","ARI","NE","Kyler Murray","MurrKy00",1,0.034,NA,NA,2,0.069,0,5,0,0,0,0,NA,NA,NA
"4569","2024_15_NE_ARI","202412150crd",2024,15,"REG","ARI","NE","Clayton Tune","TuneCl00",0,0,NA,NA,0,0,0,2,0,0,0,0,NA,NA,NA
"4570","2024_15_NE_ARI","202412150crd",2024,15,"REG","NE","ARI","Drake Maye","MayeDr00",1,0.043,NA,NA,3,0.13,2,8,0,0,2,0.071,NA,NA,NA
"4571","2024_15_IND_DEN","202412150den",2024,15,"REG","DEN","IND","Bo Nix","NixxBo00",5,0.156,NA,NA,2,0.063,1,6,1,0,2,0.054,NA,NA,NA
"4572","2024_15_IND_DEN","202412150den",2024,15,"REG","IND","DEN","Anthony Richardson","RichAn03",1,0.028,NA,NA,12,0.333,2,10,9,7,18,0.419,NA,NA,NA
"4573","2024_15_BUF_DET","202412150det",2024,15,"REG","DET","BUF","Jared Goff","GoffJa00",2,0.037,NA,NA,10,0.185,3,10,5,7,15,0.234,NA,NA,NA
"4574","2024_15_BUF_DET","202412150det",2024,15,"REG","BUF","DET","Josh Allen","AlleJo02",0,0,NA,NA,4,0.125,0,12,7,3,10,0.278,NA,NA,NA
"4575","2024_15_TB_LAC","202412150sdg",2024,15,"REG","LAC","TB","Justin Herbert","HerbJu00",4,0.133,NA,NA,4,0.133,3,20,1,6,10,0.278,NA,NA,NA
"4576","2024_15_TB_LAC","202412150sdg",2024,15,"REG","LAC","TB","Taylor Heinicke","HeinTa00",0,0,NA,NA,0,0,0,0,0,0,0,0,NA,NA,NA
"4577","2024_15_TB_LAC","202412150sdg",2024,15,"REG","TB","LAC","Baker Mayfield","MayfBa00",0,0,NA,NA,2,0.077,1,8,1,1,3,0.1,NA,NA,NA
"4578","2024_15_PIT_PHI","202412150phi",2024,15,"REG","PHI","PIT","Jalen Hurts","HurtJa00",1,0.032,NA,NA,3,0.097,3,11,0,2,5,0.132,NA,NA,NA
"4579","2024_15_PIT_PHI","202412150phi",2024,15,"REG","PIT","PHI","Russell Wilson","WilsRu00",2,0.095,NA,NA,2,0.095,2,0,1,2,5,0.192,NA,NA,NA
"4580","2024_15_GB_SEA","202412150sea",2024,15,"REG","SEA","GB","Geno Smith","SmitGe00",0,0,NA,NA,0,0,3,3,1,4,8,0.348,NA,NA,NA
"4581","2024_15_GB_SEA","202412150sea",2024,15,"REG","SEA","GB","Sam Howell","HoweSa00",1,0.071,NA,NA,5,0.357,4,1,2,1,7,0.368,NA,NA,NA
"4582","2024_15_GB_SEA","202412150sea",2024,15,"REG","GB","SEA","Jordan Love","LoveJo03",0,0,NA,NA,5,0.192,0,8,4,6,10,0.357,NA,NA,NA
"4583","2024_15_CHI_MIN","202412160min",2024,15,"REG","MIN","CHI","Sam Darnold","DarnSa00",1,0.027,NA,NA,8,0.216,2,9,4,5,11,0.262,NA,NA,NA
"4584","2024_15_CHI_MIN","202412160min",2024,15,"REG","CHI","MIN","Caleb Williams","WillCa03",3,0.1,NA,NA,5,0.167,2,15,7,1,10,0.286,NA,NA,NA
"4585","2024_15_CHI_MIN","202412160min",2024,15,"REG","CHI","MIN","Tyson Bagent","BageTy00",0,0,NA,NA,0,0,0,0,0,0,0,0,NA,NA,NA
"4586","2024_15_ATL_LV","202412160rai",2024,15,"REG","LV","ATL","Desmond Ridder","RiddDe00",0,0,NA,NA,5,0.139,3,5,3,2,8,0.178,NA,NA,NA
"4587","2024_15_ATL_LV","202412160rai",2024,15,"REG","ATL","LV","Kirk Cousins","CousKi00",1,0.063,NA,NA,1,0.063,3,7,2,0,5,0.238,NA,NA,NA
"4588","2024_16_DEN_LAC","202412190sdg",2024,16,"REG","LAC","DEN","Justin Herbert","HerbJu00",1,0.033,NA,NA,2,0.067,2,6,0,6,8,0.216,NA,NA,NA
"4589","2024_16_DEN_LAC","202412190sdg",2024,16,"REG","DEN","LAC","Bo Nix","NixxBo00",6,0.15,NA,NA,1,0.025,2,8,1,2,5,0.114,NA,NA,NA
"4590","2024_16_HOU_KC","202412210kan",2024,16,"REG","KC","HOU","Patrick Mahomes","MahoPa00",2,0.049,NA,NA,8,0.195,1,13,0,3,4,0.089,NA,NA,NA
"4591","2024_16_HOU_KC","202412210kan",2024,16,"REG","HOU","KC","C.J. Stroud","StroCJ00",2,0.054,NA,NA,7,0.189,2,14,3,10,15,0.349,NA,NA,NA
"4592","2024_16_PIT_BAL","202412210rav",2024,16,"REG","BAL","PIT","Lamar Jackson","JackLa00",2,0.087,NA,NA,4,0.174,1,15,1,0,2,0.08,NA,NA,NA
"4593","2024_16_PIT_BAL","202412210rav",2024,16,"REG","PIT","BAL","Russell Wilson","WilsRu00",1,0.038,NA,NA,2,0.077,3,6,3,2,8,0.205,NA,NA,NA
"4594","2024_16_NYG_ATL","202412220atl",2024,16,"REG","ATL","NYG","Michael Penix","PeniMi00",2,0.077,NA,NA,3,0.115,0,8,2,2,4,0.138,NA,NA,NA
"4595","2024_16_NYG_ATL","202412220atl",2024,16,"REG","NYG","ATL","Drew Lock","LockDr00",0,0,NA,NA,8,0.216,3,9,8,3,14,0.333,NA,NA,NA
"4596","2024_16_ARI_CAR","202412220car",2024,16,"REG","CAR","ARI","Bryce Young","YounBr01",1,0.042,NA,NA,4,0.167,3,13,5,1,9,0.273,NA,NA,NA
"4597","2024_16_ARI_CAR","202412220car",2024,16,"REG","ARI","CAR","Kyler Murray","MurrKy00",1,0.034,NA,NA,5,0.172,3,13,4,0,7,0.171,NA,NA,NA
"4598","2024_16_DET_CHI","202412220chi",2024,16,"REG","CHI","DET","Caleb Williams","WillCa03",0,0,NA,NA,6,0.162,2,19,3,3,8,0.174,NA,NA,NA
"4599","2024_16_DET_CHI","202412220chi",2024,16,"REG","DET","CHI","Jared Goff","GoffJa00",1,0.031,NA,NA,7,0.219,1,8,1,2,4,0.121,NA,NA,NA
"4600","2024_16_CLE_CIN","202412220cin",2024,16,"REG","CIN","CLE","Joe Burrow","BurrJo01",0,0,NA,NA,3,0.107,4,11,2,4,10,0.278,NA,NA,NA
"4601","2024_16_CLE_CIN","202412220cin",2024,16,"REG","CLE","CIN","Dorian Thompson-Robinson","ThomDo02",3,0.097,NA,NA,5,0.161,5,6,4,5,14,0.333,NA,NA,NA
"4602","2024_16_TEN_IND","202412220clt",2024,16,"REG","IND","TEN","Anthony Richardson","RichAn03",1,0.091,NA,NA,3,0.273,1,2,0,0,1,0.071,NA,NA,NA
"4603","2024_16_TEN_IND","202412220clt",2024,16,"REG","TEN","IND","Mason Rudolph","RudoMa00",2,0.061,NA,NA,6,0.182,1,2,0,3,4,0.114,NA,NA,NA
"4604","2024_16_LA_NYJ","202412220nyj",2024,16,"REG","NYJ","LA","Aaron Rodgers","RodgAa00",4,0.095,NA,NA,6,0.143,1,1,0,0,1,0.023,NA,NA,NA
"4605","2024_16_LA_NYJ","202412220nyj",2024,16,"REG","LA","NYJ","Matthew Stafford","StafMa00",1,0.053,NA,NA,2,0.105,0,5,0,1,1,0.053,NA,NA,NA
"4606","2024_16_PHI_WAS","202412220was",2024,16,"REG","WAS","PHI","Jayden Daniels","DaniJa02",0,0,NA,NA,8,0.216,1,14,2,1,4,0.089,NA,NA,NA
"4607","2024_16_PHI_WAS","202412220was",2024,16,"REG","PHI","WAS","Kenny Pickett","PickKe00",1,0.043,NA,NA,2,0.087,3,16,2,3,8,0.267,NA,NA,NA
"4608","2024_16_PHI_WAS","202412220was",2024,16,"REG","PHI","WAS","Jalen Hurts","HurtJa00",0,0,NA,NA,2,0.667,0,1,0,0,0,0,NA,NA,NA
"4609","2024_16_MIN_SEA","202412220sea",2024,16,"REG","SEA","MIN","Geno Smith","SmitGe00",1,0.024,NA,NA,3,0.071,2,9,1,6,9,0.196,NA,NA,NA
"4610","2024_16_MIN_SEA","202412220sea",2024,16,"REG","MIN","SEA","Sam Darnold","DarnSa00",3,0.086,NA,NA,4,0.114,3,6,0,4,7,0.175,NA,NA,NA
"4611","2024_16_NE_BUF","202412220buf",2024,16,"REG","BUF","NE","Josh Allen","AlleJo02",1,0.037,NA,NA,5,0.185,1,9,4,1,6,0.176,NA,NA,NA
"4612","2024_16_NE_BUF","202412220buf",2024,16,"REG","NE","BUF","Drake Maye","MayeDr00",1,0.031,NA,NA,9,0.281,2,16,6,4,12,0.3,NA,NA,NA
"4613","2024_16_JAX_LV","202412220rai",2024,16,"REG","LV","JAX","Aidan O'Connell","OConAi00",2,0.054,NA,NA,5,0.135,2,4,3,3,8,0.195,NA,NA,NA
"4614","2024_16_JAX_LV","202412220rai",2024,16,"REG","JAX","LV","Mac Jones","JoneMa05",0,0,NA,NA,4,0.114,1,6,2,3,6,0.15,NA,NA,NA
"4615","2024_16_SF_MIA","202412220mia",2024,16,"REG","MIA","SF","Tua Tagovailoa","TagoTu00",2,0.065,NA,NA,2,0.065,0,5,3,1,4,0.118,NA,NA,NA
"4616","2024_16_SF_MIA","202412220mia",2024,16,"REG","SF","MIA","Brock Purdy","PurdBr00",2,0.054,NA,NA,5,0.135,3,12,2,3,8,0.174,NA,NA,NA
"4617","2024_16_TB_DAL","202412220dal",2024,16,"REG","DAL","TB","Cooper Rush","RushCo00",0,0,NA,NA,6,0.182,1,13,8,2,11,0.306,NA,NA,NA
"4618","2024_16_TB_DAL","202412220dal",2024,16,"REG","TB","DAL","Baker Mayfield","MayfBa00",1,0.023,NA,NA,5,0.116,4,16,13,1,18,0.36,NA,NA,NA
"4619","2024_16_NO_GB","202412230gnb",2024,16,"REG","GB","NO","Jordan Love","LoveJo03",1,0.04,NA,NA,5,0.2,0,10,2,3,5,0.179,NA,NA,NA
"4620","2024_16_NO_GB","202412230gnb",2024,16,"REG","GB","NO","Malik Willis","WillMa12",0,0,NA,NA,0,0,0,0,0,0,0,0,NA,NA,NA
"4621","2024_16_NO_GB","202412230gnb",2024,16,"REG","NO","GB","Spencer Rattler","RattSp00",3,0.103,NA,NA,8,0.276,3,2,3,3,9,0.237,NA,NA,NA
"4622","2024_17_KC_PIT","202412250pit",2024,17,"REG","PIT","KC","Russell Wilson","WilsRu00",0,0,NA,NA,0,0,5,0,0,0,5,0.104,NA,NA,NA
"4623","2024_17_KC_PIT","202412250pit",2024,17,"REG","KC","PIT","Patrick Mahomes","MahoPa00",0,0,NA,NA,0,0,0,0,0,0,0,0,NA,NA,NA
"4624","2024_17_BAL_HOU","202412250htx",2024,17,"REG","HOU","BAL","C.J. Stroud","StroCJ00",1,0.032,NA,NA,10,0.323,5,6,1,5,11,0.297,NA,NA,NA
"4625","2024_17_BAL_HOU","202412250htx",2024,17,"REG","HOU","BAL","Davis Mills","MillDa02",0,0,NA,NA,0,0,0,0,0,0,0,0,NA,NA,NA
"4626","2024_17_BAL_HOU","202412250htx",2024,17,"REG","BAL","HOU","Lamar Jackson","JackLa00",0,0,NA,NA,3,0.214,1,9,2,3,6,0.333,NA,NA,NA
"4627","2024_17_BAL_HOU","202412250htx",2024,17,"REG","BAL","HOU","Josh Johnson","JohnJo05",0,0,NA,NA,0,0,0,0,0,0,0,0,NA,NA,NA
"4628","2024_17_SEA_CHI","202412260chi",2024,17,"REG","CHI","SEA","Caleb Williams","WillCa03",0,0,NA,NA,0,0,7,0,0,0,7,0.184,NA,NA,NA
"4629","2024_17_SEA_CHI","202412260chi",2024,17,"REG","SEA","CHI","Geno Smith","SmitGe00",0,0,NA,NA,0,0,3,0,0,0,3,0.107,NA,NA,NA
"4630","2024_17_LAC_NE","202412280nwe",2024,17,"REG","NE","LAC","Drake Maye","MayeDr00",0,0,NA,NA,6,0.286,4,10,2,2,8,0.258,NA,NA,NA
"4631","2024_17_LAC_NE","202412280nwe",2024,17,"REG","NE","LAC","Jacoby Brissett","BrisJa00",0,0,NA,NA,1,0.5,0,2,0,0,0,0,NA,NA,NA
"4632","2024_17_LAC_NE","202412280nwe",2024,17,"REG","LAC","NE","Justin Herbert","HerbJu00",1,0.026,NA,NA,10,0.263,0,9,1,3,4,0.1,NA,NA,NA
"4633","2024_17_LAC_NE","202412280nwe",2024,17,"REG","LAC","NE","Taylor Heinicke","HeinTa00",1,0.5,NA,NA,1,0.5,0,1,0,0,0,0,NA,NA,NA
"4634","2024_17_DEN_CIN","202412280cin",2024,17,"REG","CIN","DEN","Joe Burrow","BurrJo01",4,0.082,NA,NA,5,0.102,7,19,0,5,12,0.207,NA,NA,NA
"4635","2024_17_DEN_CIN","202412280cin",2024,17,"REG","DEN","CIN","Bo Nix","NixxBo00",0,0,NA,NA,6,0.194,2,1,2,2,6,0.154,NA,NA,NA
"4636","2024_17_ARI_LA","202412280ram",2024,17,"REG","LA","ARI","Matthew Stafford","StafMa00",0,0,NA,NA,0,0,0,0,0,0,0,0,NA,NA,NA
"4637","2024_17_ARI_LA","202412280ram",2024,17,"REG","ARI","LA","Kyler Murray","MurrKy00",0,0,NA,NA,0,0,4,0,0,0,4,0.074,NA,NA,NA
"4638","2024_17_NYJ_BUF","202412290buf",2024,17,"REG","BUF","NYJ","Josh Allen","AlleJo02",1,0.038,NA,NA,6,0.231,0,9,2,3,5,0.179,NA,NA,NA
"4639","2024_17_NYJ_BUF","202412290buf",2024,17,"REG","BUF","NYJ","Mitchell Trubisky","TrubMi00",0,0,NA,NA,0,0,0,1,0,0,0,0,NA,NA,NA
"4640","2024_17_NYJ_BUF","202412290buf",2024,17,"REG","NYJ","BUF","Aaron Rodgers","RodgAa00",2,0.118,NA,NA,2,0.118,4,1,1,1,6,0.273,NA,NA,NA
"4641","2024_17_NYJ_BUF","202412290buf",2024,17,"REG","NYJ","BUF","Tyrod Taylor","TaylTy00",1,0.077,NA,NA,1,0.077,0,3,2,1,3,0.2,NA,NA,NA
"4642","2024_17_TEN_JAX","202412290jax",2024,17,"REG","JAX","TEN","Mac Jones","JoneMa05",0,0,NA,NA,3,0.143,2,4,0,1,3,0.115,NA,NA,NA
"4643","2024_17_TEN_JAX","202412290jax",2024,17,"REG","TEN","JAX","Mason Rudolph","RudoMa00",0,0,NA,NA,6,0.2,3,4,1,2,6,0.158,NA,NA,NA
"4644","2024_17_LV_NO","202412290nor",2024,17,"REG","NO","LV","Spencer Rattler","RattSp00",3,0.088,NA,NA,4,0.118,3,7,9,1,13,0.317,NA,NA,NA
"4645","2024_17_LV_NO","202412290nor",2024,17,"REG","LV","NO","Aidan O'Connell","OConAi00",2,0.057,NA,NA,9,0.257,1,8,5,1,7,0.194,NA,NA,NA
"4646","2024_17_IND_NYG","202412290nyg",2024,17,"REG","NYG","IND","Drew Lock","LockDr00",1,0.045,NA,NA,4,0.182,0,5,0,1,1,0.042,NA,NA,NA
"4647","2024_17_IND_NYG","202412290nyg",2024,17,"REG","IND","NYG","Joe Flacco","FlacJo00",1,0.027,NA,NA,6,0.162,2,10,2,2,6,0.15,NA,NA,NA
"4648","2024_17_DAL_PHI","202412290phi",2024,17,"REG","PHI","DAL","Kenny Pickett","PickKe00",0,0,NA,NA,2,0.143,0,5,0,1,1,0.067,NA,NA,NA
"4649","2024_17_DAL_PHI","202412290phi",2024,17,"REG","PHI","DAL","Tanner McKee","McKeTa01",0,0,NA,NA,0,0,0,2,0,0,0,0,NA,NA,NA
"4650","2024_17_DAL_PHI","202412290phi",2024,17,"REG","DAL","PHI","Cooper Rush","RushCo00",0,0,NA,NA,8,0.286,1,7,1,1,3,0.103,NA,NA,NA
"4651","2024_17_DAL_PHI","202412290phi",2024,17,"REG","DAL","PHI","Trey Lance","LancTr00",0,0,NA,NA,0,0,0,0,1,0,1,0.5,NA,NA,NA
"4652","2024_17_CAR_TB","202412290tam",2024,17,"REG","TB","CAR","Baker Mayfield","MayfBa00",2,0.063,NA,NA,2,0.063,2,10,5,1,8,0.229,NA,NA,NA
"4653","2024_17_CAR_TB","202412290tam",2024,17,"REG","CAR","TB","Bryce Young","YounBr01",1,0.045,NA,NA,4,0.182,5,16,14,2,21,0.6,NA,NA,NA
"4654","2024_17_MIA_CLE","202412290cle",2024,17,"REG","CLE","MIA","Dorian Thompson-Robinson","ThomDo02",7,0.159,NA,NA,7,0.159,1,9,0,4,5,0.102,NA,NA,NA
"4655","2024_17_MIA_CLE","202412290cle",2024,17,"REG","MIA","CLE","Tyler Huntley","HuntTy01",1,0.042,NA,NA,1,0.042,4,2,0,4,8,0.229,NA,NA,NA
"4656","2024_17_GB_MIN","202412290min",2024,17,"REG","MIN","GB","Sam Darnold","DarnSa00",0,0,NA,NA,4,0.098,1,9,2,3,6,0.136,NA,NA,NA
"4657","2024_17_GB_MIN","202412290min",2024,17,"REG","GB","MIN","Jordan Love","LoveJo03",2,0.069,NA,NA,7,0.241,3,16,1,4,8,0.235,NA,NA,NA
"4658","2024_17_ATL_WAS","202412290was",2024,17,"REG","WAS","ATL","Jayden Daniels","DaniJa02",3,0.086,NA,NA,6,0.171,5,7,2,1,8,0.163,NA,NA,NA
"4659","2024_17_ATL_WAS","202412290was",2024,17,"REG","ATL","WAS","Michael Penix","PeniMi00",0,0,NA,NA,12,0.343,2,12,0,1,3,0.079,NA,NA,NA
"4660","2024_17_DET_SF","202412300sfo",2024,17,"REG","SF","DET","Brock Purdy","PurdBr00",0,0,NA,NA,2,0.063,2,15,4,3,9,0.237,NA,NA,NA
"4661","2024_17_DET_SF","202412300sfo",2024,17,"REG","SF","DET","Joshua Dobbs","DobbJo00",0,0,NA,NA,1,0.25,0,1,0,1,1,0.2,NA,NA,NA
"4662","2024_17_DET_SF","202412300sfo",2024,17,"REG","SF","DET","Ricky Pearsall","PearRi00",0,0,NA,NA,0,0,0,0,0,0,0,0,NA,NA,NA
"4663","2024_17_DET_SF","202412300sfo",2024,17,"REG","DET","SF","Jared Goff","GoffJa00",1,0.03,NA,NA,5,0.152,2,7,1,2,5,0.139,NA,NA,NA
"4664","2024_18_CLE_BAL","202501040rav",2024,18,"REG","BAL","CLE","Lamar Jackson","JackLa00",5,0.167,NA,NA,5,0.167,0,5,0,5,5,0.132,NA,NA,NA
"4665","2024_18_CLE_BAL","202501040rav",2024,18,"REG","CLE","BAL","Bailey Zappe","ZappBa00",4,0.133,NA,NA,3,0.1,1,2,1,1,3,0.091,NA,NA,NA
"4666","2024_18_CLE_BAL","202501040rav",2024,18,"REG","CLE","BAL","Dorian Thompson-Robinson","ThomDo02",0,0,NA,NA,1,0.333,1,0,0,0,1,0.25,NA,NA,NA
"4667","2024_18_CIN_PIT","202501040pit",2024,18,"REG","PIT","CIN","Russell Wilson","WilsRu00",3,0.103,NA,NA,4,0.138,4,5,2,3,9,0.243,NA,NA,NA
"4668","2024_18_CIN_PIT","202501040pit",2024,18,"REG","CIN","PIT","Joe Burrow","BurrJo01",2,0.043,NA,NA,2,0.043,4,10,3,1,8,0.16,NA,NA,NA
"4669","2024_18_CAR_ATL","202501050atl",2024,18,"REG","ATL","CAR","Michael Penix","PeniMi00",5,0.135,NA,NA,6,0.162,1,11,2,4,7,0.175,NA,NA,NA
"4670","2024_18_CAR_ATL","202501050atl",2024,18,"REG","CAR","ATL","Bryce Young","YounBr01",0,0,NA,NA,5,0.147,0,5,3,0,3,0.079,NA,NA,NA
"4671","2024_18_CAR_ATL","202501050atl",2024,18,"REG","CAR","ATL","Jalen Coker","CokeJa01",0,0,NA,NA,0,0,0,0,1,0,1,1,NA,NA,NA
"4672","2024_18_WAS_DAL","202501050dal",2024,18,"REG","DAL","WAS","Trey Lance","LancTr00",1,0.03,NA,NA,5,0.152,2,13,6,0,8,0.216,NA,NA,NA
"4673","2024_18_WAS_DAL","202501050dal",2024,18,"REG","WAS","DAL","Marcus Mariota","MariMa01",0,0,NA,NA,1,0.059,2,8,3,1,6,0.273,NA,NA,NA
"4674","2024_18_WAS_DAL","202501050dal",2024,18,"REG","WAS","DAL","Jayden Daniels","DaniJa02",1,0.083,NA,NA,3,0.25,4,3,6,0,10,0.588,NA,NA,NA
"4675","2024_18_WAS_DAL","202501050dal",2024,18,"REG","WAS","DAL","Dyami Brown","BrowDy00",1,1,NA,NA,0,0,0,1,0,0,0,0,NA,NA,NA
"4676","2024_18_CHI_GB","202501050gnb",2024,18,"REG","GB","CHI","Malik Willis","WillMa12",0,0,NA,NA,1,0.083,3,4,0,2,5,0.313,NA,NA,NA
"4677","2024_18_CHI_GB","202501050gnb",2024,18,"REG","GB","CHI","Jordan Love","LoveJo03",1,0.083,NA,NA,2,0.167,0,4,1,2,3,0.25,NA,NA,NA
"4678","2024_18_CHI_GB","202501050gnb",2024,18,"REG","CHI","GB","Caleb Williams","WillCa03",1,0.043,NA,NA,1,0.043,1,3,4,1,6,0.188,NA,NA,NA
"4679","2024_18_CHI_GB","202501050gnb",2024,18,"REG","CHI","GB","Keenan Allen","AlleKe00",0,0,NA,NA,1,1,0,0,0,0,0,0,NA,NA,NA
"4680","2024_18_JAX_IND","202501050clt",2024,18,"REG","IND","JAX","Joe Flacco","FlacJo00",1,0.026,NA,NA,8,0.205,3,7,1,2,6,0.14,NA,NA,NA
"4681","2024_18_JAX_IND","202501050clt",2024,18,"REG","JAX","IND","Mac Jones","JoneMa05",1,0.032,NA,NA,7,0.226,2,4,1,3,6,0.167,NA,NA,NA
"4682","2024_18_BUF_NE","202501050nwe",2024,18,"REG","NE","BUF","Joe Milton","MiltJo00",1,0.037,NA,NA,2,0.074,0,7,4,2,6,0.194,NA,NA,NA
"4683","2024_18_BUF_NE","202501050nwe",2024,18,"REG","NE","BUF","Drake Maye","MayeDr00",0,0,NA,NA,1,1,1,0,0,0,1,0.5,NA,NA,NA
"4684","2024_18_BUF_NE","202501050nwe",2024,18,"REG","BUF","NE","Mitchell Trubisky","TrubMi00",0,0,NA,NA,3,0.15,0,5,2,1,3,0.136,NA,NA,NA
"4685","2024_18_BUF_NE","202501050nwe",2024,18,"REG","BUF","NE","Mike White","WhitMi01",1,0.091,NA,NA,1,0.091,0,2,1,1,2,0.182,NA,NA,NA
"4686","2024_18_NYG_PHI","202501050phi",2024,18,"REG","PHI","NYG","Tanner McKee","McKeTa01",0,0,NA,NA,9,0.22,2,15,0,5,7,0.163,NA,NA,NA
"4687","2024_18_NYG_PHI","202501050phi",2024,18,"REG","NYG","PHI","Drew Lock","LockDr00",0,0,NA,NA,4,0.138,0,4,1,2,3,0.103,NA,NA,NA
"4688","2024_18_NO_TB","202501050tam",2024,18,"REG","TB","NO","Baker Mayfield","MayfBa00",1,0.032,NA,NA,4,0.129,1,11,4,0,5,0.125,NA,NA,NA
"4689","2024_18_NO_TB","202501050tam",2024,18,"REG","NO","TB","Spencer Rattler","RattSp00",1,0.026,NA,NA,6,0.154,2,20,2,3,7,0.156,NA,NA,NA
"4690","2024_18_HOU_TEN","202501050oti",2024,18,"REG","TEN","HOU","Will Levis","LeviWi00",1,0.059,NA,NA,3,0.176,1,6,0,3,4,0.211,NA,NA,NA
"4691","2024_18_HOU_TEN","202501050oti",2024,18,"REG","TEN","HOU","Mason Rudolph","RudoMa00",0,0,NA,NA,1,0.111,1,1,0,0,1,0.091,NA,NA,NA
"4692","2024_18_HOU_TEN","202501050oti",2024,18,"REG","HOU","TEN","Davis Mills","MillDa02",0,0,NA,NA,8,0.364,1,9,1,1,3,0.125,NA,NA,NA
"4693","2024_18_HOU_TEN","202501050oti",2024,18,"REG","HOU","TEN","C.J. Stroud","StroCJ00",0,0,NA,NA,0,0,0,2,0,0,0,0,NA,NA,NA
"4694","2024_18_SF_ARI","202501050crd",2024,18,"REG","ARI","SF","Kyler Murray","MurrKy00",0,0,NA,NA,2,0.063,0,10,3,2,5,0.139,NA,NA,NA
"4695","2024_18_SF_ARI","202501050crd",2024,18,"REG","SF","ARI","Joshua Dobbs","DobbJo00",1,0.024,NA,NA,8,0.19,2,9,6,1,9,0.188,NA,NA,NA
"4696","2024_18_KC_DEN","202501050den",2024,18,"REG","DEN","KC","Bo Nix","NixxBo00",0,0,NA,NA,1,0.034,0,2,0,0,0,0,NA,NA,NA
"4697","2024_18_KC_DEN","202501050den",2024,18,"REG","KC","DEN","Carson Wentz","WentCa00",1,0.059,NA,NA,5,0.294,4,2,1,4,9,0.429,NA,NA,NA
"4698","2024_18_SEA_LA","202501050ram",2024,18,"REG","LA","SEA","Jimmy Garoppolo","GaroJi00",0,0,NA,NA,8,0.2,3,13,0,5,8,0.178,NA,NA,NA
"4699","2024_18_SEA_LA","202501050ram",2024,18,"REG","SEA","LA","Geno Smith","SmitGe00",0,0,NA,NA,2,0.074,2,7,2,1,5,0.172,NA,NA,NA
"4700","2024_18_LAC_LV","202501050rai",2024,18,"REG","LV","LAC","Aidan O'Connell","OConAi00",1,0.03,NA,NA,7,0.212,0,7,3,4,7,0.2,NA,NA,NA
"4701","2024_18_LAC_LV","202501050rai",2024,18,"REG","LV","LAC","Desmond Ridder","RiddDe00",0,0,NA,NA,0,0,0,0,0,1,1,0.5,NA,NA,NA
"4702","2024_18_LAC_LV","202501050rai",2024,18,"REG","LAC","LV","Justin Herbert","HerbJu00",1,0.029,NA,NA,4,0.114,1,7,2,2,5,0.132,NA,NA,NA
"4703","2024_18_MIA_NYJ","202501050nyj",2024,18,"REG","NYJ","MIA","Aaron Rodgers","RodgAa00",4,0.114,NA,NA,4,0.114,3,8,2,2,7,0.179,NA,NA,NA
"4704","2024_18_MIA_NYJ","202501050nyj",2024,18,"REG","NYJ","MIA","Allen Lazard","LazaAl00",0,0,NA,NA,0,0,0,1,0,0,0,0,NA,NA,NA
"4705","2024_18_MIA_NYJ","202501050nyj",2024,18,"REG","MIA","NYJ","Tyler Huntley","HuntTy01",1,0.026,NA,NA,8,0.211,4,9,3,7,14,0.292,NA,NA,NA
"4706","2024_18_MIN_DET","202501050det",2024,18,"REG","DET","MIN","Jared Goff","GoffJa00",0,0,NA,NA,1,0.031,2,20,0,4,6,0.171,NA,NA,NA
"4707","2024_18_MIN_DET","202501050det",2024,18,"REG","MIN","DET","Sam Darnold","DarnSa00",1,0.026,NA,NA,13,0.342,2,23,3,8,13,0.289,NA,NA,NA
"4708","2024_19_LAC_HOU","202501110htx",2024,19,"WC","HOU","LAC","C.J. Stroud","StroCJ00",0,0,NA,NA,6,0.188,3,8,8,2,13,0.333,NA,NA,NA
"4709","2024_19_LAC_HOU","202501110htx",2024,19,"WC","LAC","HOU","Justin Herbert","HerbJu00",3,0.094,NA,NA,6,0.188,4,15,4,4,12,0.333,NA,NA,NA
"4710","2024_19_PIT_BAL","202501110rav",2024,19,"WC","BAL","PIT","Lamar Jackson","JackLa00",0,0,NA,NA,1,0.053,1,8,3,0,4,0.154,NA,NA,NA
"4711","2024_19_PIT_BAL","202501110rav",2024,19,"WC","PIT","BAL","Russell Wilson","WilsRu00",2,0.077,NA,NA,3,0.115,4,4,3,3,10,0.286,NA,NA,NA
"4712","2024_19_PIT_BAL","202501110rav",2024,19,"WC","PIT","BAL","Justin Fields","FielJu00",0,0,NA,NA,1,1,0,1,0,1,1,1,NA,NA,NA
"4713","2024_19_DEN_BUF","202501120buf",2024,19,"WC","BUF","DEN","Josh Allen","AlleJo02",0,0,NA,NA,4,0.16,2,11,1,2,5,0.156,NA,NA,NA
"4714","2024_19_DEN_BUF","202501120buf",2024,19,"WC","DEN","BUF","Bo Nix","NixxBo00",3,0.136,NA,NA,6,0.273,2,6,1,2,5,0.185,NA,NA,NA
"4715","2024_19_DEN_BUF","202501120buf",2024,19,"WC","DEN","BUF","Riley Dixon","DixoRi00",0,0,NA,NA,0,0,0,1,0,0,0,0,NA,NA,NA
"4716","2024_19_GB_PHI","202501120phi",2024,19,"WC","PHI","GB","Jalen Hurts","HurtJa00",0,0,NA,NA,5,0.263,2,6,4,2,8,0.333,NA,NA,NA
"4717","2024_19_GB_PHI","202501120phi",2024,19,"WC","GB","PHI","Jordan Love","LoveJo03",2,0.061,NA,NA,10,0.303,2,1,2,3,7,0.194,NA,NA,NA
"4718","2024_19_WAS_TB","202501120tam",2024,19,"WC","TB","WAS","Baker Mayfield","MayfBa00",1,0.059,NA,NA,1,0.059,1,2,0,0,1,0.043,NA,NA,NA
"4719","2024_19_WAS_TB","202501120tam",2024,19,"WC","WAS","TB","Jayden Daniels","DaniJa02",1,0.03,NA,NA,5,0.152,1,8,1,3,5,0.125,NA,NA,NA
"4720","2024_19_MIN_LA","202501130ram",2024,19,"WC","LA","MIN","Matthew Stafford","StafMa00",2,0.077,NA,NA,3,0.115,2,18,2,3,7,0.241,NA,NA,NA
"4721","2024_19_MIN_LA","202501130ram",2024,19,"WC","MIN","LA","Sam Darnold","DarnSa00",1,0.025,NA,NA,10,0.25,9,7,1,1,11,0.22,NA,NA,NA
"4722","2024_20_HOU_KC","202501180kan",2024,20,"DIV","KC","HOU","Patrick Mahomes","MahoPa00",1,0.042,NA,NA,4,0.167,3,10,2,5,10,0.323,NA,NA,NA
"4723","2024_20_HOU_KC","202501180kan",2024,20,"DIV","HOU","KC","C.J. Stroud","StroCJ00",0,0,NA,NA,4,0.143,8,15,2,6,16,0.39,NA,NA,NA
"4724","2024_20_WAS_DET","202501180det",2024,20,"DIV","DET","WAS","Jared Goff","GoffJa00",4,0.111,NA,NA,6,0.167,2,7,6,5,13,0.302,NA,NA,NA
"4725","2024_20_WAS_DET","202501180det",2024,20,"DIV","DET","WAS","Teddy Bridgewater","BridTe00",0,0,NA,NA,0,0,0,0,0,0,0,0,NA,NA,NA
"4726","2024_20_WAS_DET","202501180det",2024,20,"DIV","DET","WAS","David Montgomery","MontDa01",0,0,NA,NA,0,0,0,1,0,0,0,0,NA,NA,NA
"4727","2024_20_WAS_DET","202501180det",2024,20,"DIV","DET","WAS","Jameson Williams","WillJa11",0,0,NA,NA,0,0,0,0,0,0,0,0,NA,NA,NA
"4728","2024_20_WAS_DET","202501180det",2024,20,"DIV","WAS","DET","Jayden Daniels","DaniJa02",0,0,NA,NA,5,0.172,0,15,5,2,7,0.194,NA,NA,NA
"4729","2024_20_LA_PHI","202501190phi",2024,20,"DIV","PHI","LA","Jalen Hurts","HurtJa00",2,0.1,NA,NA,2,0.1,7,7,0,0,7,0.233,NA,NA,NA
"4730","2024_20_LA_PHI","202501190phi",2024,20,"DIV","LA","PHI","Matthew Stafford","StafMa00",3,0.068,NA,NA,5,0.114,5,10,1,2,8,0.16,NA,NA,NA
"4731","2024_20_BAL_BUF","202501190buf",2024,20,"DIV","BUF","BAL","Josh Allen","AlleJo02",1,0.048,NA,NA,4,0.19,1,7,0,2,3,0.13,NA,NA,NA
"4732","2024_20_BAL_BUF","202501190buf",2024,20,"DIV","BAL","BUF","Lamar Jackson","JackLa00",2,0.08,NA,NA,4,0.16,2,11,1,3,6,0.194,NA,NA,NA
"4733","2024_21_WAS_PHI","202501260phi",2024,21,"CON","PHI","WAS","Jalen Hurts","HurtJa00",0,0,NA,NA,0,0,2,14,7,1,10,0.323,NA,NA,NA
"4734","2024_21_WAS_PHI","202501260phi",2024,21,"CON","WAS","PHI","Jayden Daniels","DaniJa02",2,0.043,NA,NA,7,0.152,3,6,9,1,13,0.236,NA,NA,NA
"4735","2024_21_WAS_PHI","202501260phi",2024,21,"CON","WAS","PHI","Tress Way","WayxTr00",0,0,NA,NA,0,0,0,1,0,0,0,0,NA,NA,NA
"4736","2024_21_BUF_KC","202501260kan",2024,21,"CON","KC","BUF","Patrick Mahomes","MahoPa00",2,0.08,NA,NA,4,0.16,2,6,0,5,7,0.206,NA,NA,NA
"4737","2024_21_BUF_KC","202501260kan",2024,21,"CON","BUF","KC","Josh Allen","AlleJo02",2,0.065,NA,NA,4,0.129,2,9,1,6,9,0.243,NA,NA,NA
"4738","2024_22_KC_PHI","202502090phi",2024,22,"SB","PHI","KC","Jalen Hurts","HurtJa00",1,0.045,NA,NA,4,0.182,2,6,4,1,7,0.241,NA,NA,NA
"4739","2024_22_KC_PHI","202502090phi",2024,22,"SB","PHI","KC","Kenny Pickett","PickKe00",0,0,NA,NA,1,1,0,0,0,0,0,0,NA,NA,NA
"4740","2024_22_KC_PHI","202502090phi",2024,22,"SB","KC","PHI","Patrick Mahomes","MahoPa00",1,0.031,NA,NA,8,0.25,6,0,5,5,16,0.381,NA,NA,NA
